106:LogShaderCompilers: Display: Compiling shader autogen file: ../../../../Workspace/spear/cpp/unreal_projects/SpearSim/Intermediate/ShaderAutogen/VULKAN_SM6/AutogenShaderHeaders.ush
107:LogShaderCompilers: Display: Failed to delete old shader autogen file: ../../../../Workspace/spear/cpp/unreal_projects/SpearSim/Intermediate/ShaderAutogen/VULKAN_SM6/AutogenShaderHeaders.ush
108:LogShaderCompilers: Display: Shader autogen file written: ../../../../Workspace/spear/cpp/unreal_projects/SpearSim/Intermediate/ShaderAutogen/VULKAN_SM6/AutogenShaderHeaders.ush
317:LogShaderCompilers: Display: Job FTSRRejectShadingCS(permutation 9, format SF_VULKAN_SM6) compile time exceeded threshold (55.838s)
318:LogShaderCompilers: Display: Job FSSDTemporalAccumulationCS(permutation 6, format SF_VULKAN_SM6) compile time exceeded threshold (61.422s)
319:LogShaderCompilers: Display: Job FSSDTemporalAccumulationCS(permutation 16, format SF_VULKAN_SM6) compile time exceeded threshold (68.141s)
320:LogShaderCompilers: Display: Job FSSDTemporalAccumulationCS(permutation 7, format SF_VULKAN_SM6) compile time exceeded threshold (74.390s)
321:LogShaderCompilers: Display: Job FSSDTemporalAccumulationCS(permutation 0, format SF_VULKAN_SM6) compile time exceeded threshold (54.827s)
322:LogShaderCompilers: Display: Job FTSRRejectShadingCS(permutation 2, format SF_VULKAN_SM6) compile time exceeded threshold (37.488s)
323:LogShaderCompilers: Display: Job FTSRRejectShadingCS(permutation 1, format SF_VULKAN_SM6) compile time exceeded threshold (42.261s)
324:LogShaderCompilers: Display: Job FPathTracingRG(permutation 1, format SF_VULKAN_SM6) compile time exceeded threshold (39.841s)
325:LogShaderCompilers: Display: Job FSSDTemporalAccumulationCS(permutation 24, format SF_VULKAN_SM6) compile time exceeded threshold (77.981s)
326:LogShaderCompilers: Display: Job FTSRRejectShadingCS(permutation 51, format SF_VULKAN_SM6) compile time exceeded threshold (55.815s)
327:LogShaderCompilers: Display: Job FTSRRejectShadingCS(permutation 8, format SF_VULKAN_SM6) compile time exceeded threshold (57.244s)
328:LogShaderCompilers: Display: Job FSSDSpatialAccumulationCS(permutation 339, format SF_VULKAN_SM6) compile time exceeded threshold (43.818s)
329:LogShaderCompilers: Display: Job FTSRRejectShadingCS(permutation 59, format SF_VULKAN_SM6) compile time exceeded threshold (69.505s)
330:LogShaderCompilers: Display: Job FTSRRejectShadingCS(permutation 10, format SF_VULKAN_SM6) compile time exceeded threshold (54.465s)
331:LogShaderCompilers: Display: Job FSSDTemporalAccumulationCS(permutation 3, format SF_VULKAN_SM6) compile time exceeded threshold (53.778s)
332:LogShaderCompilers: Display: Job FSSDTemporalAccumulationCS(permutation 2, format SF_VULKAN_SM6) compile time exceeded threshold (66.258s)
333:LogShaderCompilers: Display: Job FTSRRejectShadingCS(permutation 32, format SF_VULKAN_SM6) compile time exceeded threshold (125.571s)
334:LogShaderCompilers: Display: Job FTSRRejectShadingCS(permutation 33, format SF_VULKAN_SM6) compile time exceeded threshold (125.088s)
335:LogShaderCompilers: Display: Job FTSRRejectShadingCS(permutation 34, format SF_VULKAN_SM6) compile time exceeded threshold (117.196s)
336:LogShaderCompilers: Display: Job FSSDTemporalAccumulationCS(permutation 4, format SF_VULKAN_SM6) compile time exceeded threshold (58.233s)
337:LogShaderCompilers: Display: Job FSSDTemporalAccumulationCS(permutation 8, format SF_VULKAN_SM6) compile time exceeded threshold (38.198s)
338:LogShaderCompilers: Display: Job FTSRRejectShadingCS(permutation 41, format SF_VULKAN_SM6) compile time exceeded threshold (158.720s)
339:LogShaderCompilers: Display: Job FTSRRejectShadingCS(permutation 42, format SF_VULKAN_SM6) compile time exceeded threshold (162.126s)
340:LogShaderCompilers: Display: Job FTSRRejectShadingCS(permutation 50, format SF_VULKAN_SM6) compile time exceeded threshold (182.167s)
341:LogShaderCompilers: Display: Job FTSRRejectShadingCS(permutation 0, format SF_VULKAN_SM6) compile time exceeded threshold (41.233s)
342:LogShaderCompilers: Display: Job FTSRRejectShadingCS(permutation 48, format SF_VULKAN_SM6) compile time exceeded threshold (156.124s)
343:LogShaderCompilers: Display: Job FTSRRejectShadingCS(permutation 58, format SF_VULKAN_SM6) compile time exceeded threshold (213.959s)
344:LogShaderCompilers: Display: Job FTSRRejectShadingCS(permutation 57, format SF_VULKAN_SM6) compile time exceeded threshold (226.472s)
345:LogShaderCompilers: Display: Job FTSRRejectShadingCS(permutation 56, format SF_VULKAN_SM6) compile time exceeded threshold (218.425s)
346:LogShaderCompilers: Display: Job FTSRRejectShadingCS(permutation 49, format SF_VULKAN_SM6) compile time exceeded threshold (180.296s)
347:LogShaderCompilers: Display: Job FTSRRejectShadingCS(permutation 40, format SF_VULKAN_SM6) compile time exceeded threshold (64.287s)
443:LogMaterial: Display: Missing cached shadermap for PhAT_NoCollisionMaterial in VULKAN_SM6, Default, SM6, Game (DDC key hash: 4adc9901703eb453761508e827d5ee47d183d10e), compiling.
444:LogMaterial: Display: Missing cached shadermap for PhAT_UnselectedMaterial in VULKAN_SM6, Default, SM6, Game (DDC key hash: 7956ad906fe86f82fa7470958f0834395fe3f53a), compiling.
570:LogMaterial: Display: Missing cached shadermap for M_DynamicMeshComponentVtxColor in VULKAN_SM6, Default, SM6, Game (DDC key hash: b9fb1a6de86005dde99a3224e3b4660ab200140c), compiling.
571:LogMaterial: Display: Missing cached shadermap for ControlRigGizmoMaterial in VULKAN_SM6, Default, SM6, Game (DDC key hash: 9905478464b112d6d847bc89826a4049e8c9449a), compiling.
572:LogMaterial: Display: Missing cached shadermap for GizmoMaterial in VULKAN_SM6, Default, SM6, Game (DDC key hash: 7ceea72a5f007b493d310e19ff938eb1e682110d), compiling.
573:LogMaterial: Display: Missing cached shadermap for DebugMeshMaterial in VULKAN_SM6, Default, SM6, Game (DDC key hash: bf54372602d6c0929b66a04d08273f2cc6d2d4fb), compiling.
574:LogMaterial: Display: Missing cached shadermap for RemoveSurfaceMaterial in VULKAN_SM6, Default, SM6, Game (DDC key hash: b1c80588e87cfeae3518f70c75c3997390588bcf), compiling.
575:LogMaterial: Display: Missing cached shadermap for NaniteHiddenSectionMaterial in VULKAN_SM6, Default, SM6, Game (DDC key hash: 4347b3f50cd489c56a5be49493feaed5f7fff99d), compiling.
668:LogMaterial: Display: Missing cached shadermap for DebugEditorMaterial in VULKAN_SM6, Default, SM6, Game (DDC key hash: 491c12a7a44e85206464f9927e74e58510ff5ba2), compiling.
669:LogMaterial: Display: Missing cached shadermap for MoviePipeline_StencilCutout in VULKAN_SM6, Default, SM6, Game (DDC key hash: dde33b984f69950e9a4332651750edec41204e59), compiling.
670:LogMaterial: Display: Missing cached shadermap for ControlRigXRayMaterial in VULKAN_SM6, Default, SM6, Game (DDC key hash: 12cb92bac192e0da88c6dce465551a77419361fc), compiling.
671:LogMaterial: Display: Missing cached shadermap for HairMeshesDefaultMaterial in VULKAN_SM6, Default, SM6, Game (DDC key hash: 536ef4f1874352b4db5741956f54f276f0b58d8d), compiling.
672:LogMaterial: Display: Missing cached shadermap for HairCardsDefaultMaterial in VULKAN_SM6, Default, SM6, Game (DDC key hash: ce16c927975439f473c6f3b7c148c039dc870a3f), compiling.
695:LogMaterial: Display: Missing cached shadermap for DataflowTwoSidedVertexMaterial in VULKAN_SM6, Default, SM6, Game (DDC key hash: 92d1fb7b03050d9a913c41d42f23fd3eda60bc63), compiling.
696:LogMaterial: Display: Missing cached shadermap for DataflowVertexMaterial in VULKAN_SM6, Default, SM6, Game (DDC key hash: a5a649a69f8da2509a6bc757769021db7c19e8b5), compiling.
697:LogMaterial: Display: Missing cached shadermap for BasicShapeMaterial in VULKAN_SM6, Default, SM6, Game (DDC key hash: 067d1083a2313192b6e8fa15063155c869050c45), compiling.
821:LogMaterial: Display: Missing cached shadermap for SplineEditorMeshMat in VULKAN_SM6, Default, SM6, Game (DDC key hash: 641cd5d9beac1a552e827d1f229f59abfde6dd91), compiling.
822:LogMaterial: Display: Missing cached shadermap for Xray in VULKAN_SM6, Default, SM6, Game (DDC key hash: c5ee657a895cbaa22dc2c52fc520d274670e4f36), compiling.
823:LogMaterial: Display: Missing cached shadermap for Main in VULKAN_SM6, Default, SM6, Game (DDC key hash: 190e2988cd60828561dd1049024a558c0f9077b5), compiling.
824:LogMaterial: Display: Missing cached shadermap for TranslucentTransformGizmoMaterial in VULKAN_SM6, Default, SM6, Game (DDC key hash: 7f366044d2e813f8c5dd55645e606ee4785b7d4d), compiling.
825:LogMaterial: Display: Missing cached shadermap for M_SimpleUnlitTranslucent in VULKAN_SM6, Default, SM6, Game (DDC key hash: 4b362ede7096ba40e799098e2bb1c7a73b9531cd), compiling.
826:LogMaterial: Display: Missing cached shadermap for CineMat in VULKAN_SM6, Default, SM6, Game (DDC key hash: eb6f4cf261f4e2b530960166e4f6de857b81e544), compiling.
827:LogMaterial: Display: Missing cached shadermap for DefaultLightFunctionMaterial in VULKAN_SM6, Default, SM6, Game (DDC key hash: 4e78b735ec92b89e40d54c013c6a87797c4af08f), compiling.
828:LogMaterial: Display: Missing cached shadermap for MovieRenderQueue_MotionVectors in VULKAN_SM6, Default, SM6, Game (DDC key hash: ae05a9cc8263f8aa6cb85e182c7da7c4e920709b), compiling.
829:LogMaterial: Display: Missing cached shadermap for DefaultPostProcessMaterial in VULKAN_SM6, Default, SM6, Game (DDC key hash: 65064c8e974d9991898fcde686237a32e8b250a5), compiling.
830:LogMaterial: Display: Missing cached shadermap for DefaultDeferredDecalMaterial in VULKAN_SM6, Default, SM6, Game (DDC key hash: 5a5f4af103768a072981938f0246dd60ccf9e3d2), compiling.
831:LogMaterial: Display: Missing cached shadermap for DefaultMaterial in VULKAN_SM6, Default, SM6, Game (DDC key hash: cb831d191b49b4fb095a9f20aaa9d6dd969d551a), compiling.
832:LogMaterial: Display: Missing cached shadermap for WorldGridMaterial in VULKAN_SM6, Default, SM6, Game (DDC key hash: 49a02855d550f3f3d78b83c71793f70db16e889a), compiling. Is special engine material.
833:LogMaterial: Display: Missing cached shadermap for FlattenMaterial_WS_Normal_VT in VULKAN_SM6, Default, SM6, Game (DDC key hash: bd6b134b44554c7d424644d1621f6ab730c13ebb), compiling.
834:LogMaterial: Display: Missing cached shadermap for FlattenMaterial_VT in VULKAN_SM6, Default, SM6, Game (DDC key hash: 89935d0b923bc67bfdc3737851d6aecf4540c465), compiling.
835:LogMaterial: Display: Missing cached shadermap for FlattenMaterial in VULKAN_SM6, Default, SM6, Game (DDC key hash: 0e2b73c15d24e19c724f1b82b6613418beea6bfd), compiling.
836:LogMaterial: Display: Missing cached shadermap for M_InvalidLightmapSettings in VULKAN_SM6, Default, SM6, Game (DDC key hash: bc5bbfddd492d0d18d86ae51b1cc39c774366b51), compiling.
837:LogMaterial: Display: Missing cached shadermap for EmissiveMeshMaterial in VULKAN_SM6, Default, SM6, Game (DDC key hash: 4be27bd840eda02cbe7bdaebe3512eef595932df), compiling.
838:LogMaterial: Display: Missing cached shadermap for M_MoviePipelineRenderPreview in VULKAN_SM6, Default, SM6, Game (DDC key hash: c032adeecf9efaae69a05fa1f3f6c71dad7845b7), compiling.
839:LogMaterial: Display: Missing cached shadermap for PhAT_JointLimitMaterial in VULKAN_SM6, Default, SM6, Game (DDC key hash: 0d5bba5628aa4f34c6e2cf7142728ae18bd8d022), compiling.
840:LogMaterial: Display: Missing cached shadermap for M_Manip in VULKAN_SM6, Default, SM6, Game (DDC key hash: b322d811fe9b371270cf03582f72c2c4c35d938e), compiling.
841:LogMaterial: Display: Missing cached shadermap for DefaultSpriteMaterial in VULKAN_SM6, Default, SM6, Game (DDC key hash: ccfc9d11897a613daaf3444ae5ab79f327731b16), compiling.
842:LogMaterial: Display: Missing cached shadermap for M_VolumeRenderSphereTracePP in VULKAN_SM6, Default, SM6, Game (DDC key hash: 3be94eb6ad62fcac5d2d3e5bcb11fad2dd27370f), compiling.
843:LogMaterial: Display: Missing cached shadermap for TransformGizmoMaterial in VULKAN_SM6, Default, SM6, Game (DDC key hash: 280bfc6c4b72a48f9aaedc1d9accd3570f4edfdb), compiling.
844:LogMaterial: Display: Missing cached shadermap for Widget3DPassThrough in VULKAN_SM6, Default, SM6, Game (DDC key hash: 07b68cef6ffc7a3d5eb66015fac9deb72287917a), compiling.
845:LogMaterial: Display: Missing cached shadermap for HairDebugMaterial in VULKAN_SM6, Default, SM6, Game (DDC key hash: 8382309fa7bbe09a2d813370cd39412250a0ce4c), compiling.
846:LogMaterial: Display: Missing cached shadermap for MovieRenderQueue_WorldDepth in VULKAN_SM6, Default, SM6, Game (DDC key hash: bb862348c84e2d762c0ae69149416da9aa11e859), compiling.
847:LogMaterial: Display: Missing cached shadermap for m_SimpleVolumetricCloud in VULKAN_SM6, Default, SM6, Game (DDC key hash: f113bcccf4501646ae47afed8406927876e3b2c4), compiling.
898:LogMaterial: Display: Missing cached shadermap for HairDefaultMaterial in VULKAN_SM6, Default, SM6, Game (DDC key hash: 5f3c909022e22ca4cac65489cf082ac23c459e08), compiling.
964:LogMaterial: Display: Missing cached shadermap for DefaultTextMaterialOpaque in VULKAN_SM6, Default, SM6, Game (DDC key hash: b7f02cdd9f6fb4076e3cca1a78f3c577eec93ce0), compiling.
965:LogMaterial: Display: Missing cached shadermap for PPM_SpecularAsStoredInGBuffer in VULKAN_SM6, Default, SM6, Game (DDC key hash: 0bcf43ed05c104fbf04fd3767f8e3a3f185086a0), compiling.
1025:LogMaterial: Display: Missing cached shadermap for M_LocalPosition in VULKAN_SM6, Default, SM6, Game (DDC key hash: 7d9633715ecef79dd92bbab6dfbd725acca14ad3), compiling.
1026:LogMaterial: Display: Missing cached shadermap for PPM_Velocity in VULKAN_SM6, Default, SM6, Game (DDC key hash: 74205f4301457418b4c0fde52ab2b04a962ee6fc), compiling.
1027:LogMaterial: Display: Missing cached shadermap for PPM_WorldTangent in VULKAN_SM6, Default, SM6, Game (DDC key hash: db7e500aa79c136bb1ab142d12d67d59e86e80bb), compiling.
1028:LogMaterial: Display: Missing cached shadermap for PPM_SpDebugSegmentationVisualizer in VULKAN_SM6, Default, SM6, Game (DDC key hash: c479474acac569a8300d52a4aa1b70352f7020c9), compiling.
1029:LogMaterial: Display: Missing cached shadermap for M_Emissive in VULKAN_SM6, Default, SM6, Game (DDC key hash: af35c2a4a41dd96a0c8ad30ead1e778f3cbe1aed), compiling.
1030:LogMaterial: Display: Missing cached shadermap for PPM_WorldNormal in VULKAN_SM6, Default, SM6, Game (DDC key hash: 15ae1af0fd619158e9eb6439648c8b27d5406e6f), compiling.
1031:LogMaterial: Display: Missing cached shadermap for PPM_SceneDepth in VULKAN_SM6, Default, SM6, Game (DDC key hash: 7ee6d941c4efd6ba35efccf2d3c9301f58607154), compiling.
1032:LogMaterial: Display: Missing cached shadermap for PPM_PostProcessInput2 in VULKAN_SM6, Default, SM6, Game (DDC key hash: b6ee04ba5a16424826a2d3e4340fa1b4d2eee937), compiling.
1033:LogMaterial: Display: Missing cached shadermap for PPM_Opacity in VULKAN_SM6, Default, SM6, Game (DDC key hash: 012a03eaab418ed76bd202c4a1d447dbae2b0603), compiling.
1034:LogMaterial: Display: Missing cached shadermap for PPM_Anisotropy in VULKAN_SM6, Default, SM6, Game (DDC key hash: 8edec0bf3f9c9afa6c1f2c3f117f7319bf3c08cb), compiling.
1035:LogMaterial: Display: Missing cached shadermap for PPM_SpCameraNormalVisualizer in VULKAN_SM6, Default, SM6, Game (DDC key hash: 2b547be6a22d078b3cef0a27c769b238ec25bb63), compiling.
1036:LogMaterial: Display: Missing cached shadermap for PPM_SpCameraNormal in VULKAN_SM6, Default, SM6, Game (DDC key hash: 47855ad45a9e7ab7fa9119789e5ae73beae5a6b4), compiling.
1037:LogMaterial: Display: Missing cached shadermap for PPM_Roughness in VULKAN_SM6, Default, SM6, Game (DDC key hash: b4462dabcd0bf8c471310df0d259481783c7fa6c), compiling.
1038:LogMaterial: Display: Missing cached shadermap for PPM_PostProcessInput6 in VULKAN_SM6, Default, SM6, Game (DDC key hash: 1f80cfd9bde1d561e1d755ebc4a49ea5915c3485), compiling.
1039:LogMaterial: Display: Missing cached shadermap for PPM_PostProcessInput4 in VULKAN_SM6, Default, SM6, Game (DDC key hash: 1721824d3118a0ed0f18cb49c86df158fdd44a0d), compiling.
1040:LogMaterial: Display: Missing cached shadermap for PPM_AmbientOcclusion in VULKAN_SM6, Default, SM6, Game (DDC key hash: 2966f36e326c2c1f99cb1978052bde02dafa6d02), compiling.
1041:LogMaterial: Display: Missing cached shadermap for PPM_PostProcessInput1 in VULKAN_SM6, Default, SM6, Game (DDC key hash: 8c0bbeb354d7b4723e3e85783f8567c00139a61b), compiling.
1042:LogMaterial: Display: Missing cached shadermap for PPM_DiffuseColor in VULKAN_SM6, Default, SM6, Game (DDC key hash: 57c76343247e097ea1ccbd110ea952b4b78fa0fd), compiling.
1043:LogMaterial: Display: Missing cached shadermap for PPM_Metallic in VULKAN_SM6, Default, SM6, Game (DDC key hash: 736552bf78dafa2ec0035261b16e3be3f03926bf), compiling.
1044:LogMaterial: Display: Missing cached shadermap for PPM_BaseColorForLighting in VULKAN_SM6, Default, SM6, Game (DDC key hash: 43a01ffba37ba1c26cda596c6956a10eaaa49e3e), compiling.
1045:LogMaterial: Display: Missing cached shadermap for PPM_SpDebugSegmentation in VULKAN_SM6, Default, SM6, Game (DDC key hash: 3f8eaae5bc9791dc95caffe84725125dafac68d3), compiling.
1046:LogMaterial: Display: Missing cached shadermap for PPM_SpDepthMetersVisualizer in VULKAN_SM6, Default, SM6, Game (DDC key hash: da70f52231401c7fe6b6fc8b79c7a05a9be8ba7c), compiling.
1047:LogMaterial: Display: Missing cached shadermap for PPM_PostProcessInput0 in VULKAN_SM6, Default, SM6, Game (DDC key hash: 762262c8677b58700a5962505ff136f24669f9ec), compiling.
1048:LogMaterial: Display: Missing cached shadermap for PPM_CustomStencil in VULKAN_SM6, Default, SM6, Game (DDC key hash: 102639962baea647c4a896778e51231d22408afb), compiling.
1049:LogMaterial: Display: Missing cached shadermap for PPM_SpWorldPosition in VULKAN_SM6, Default, SM6, Game (DDC key hash: 48cca207f2ff0ef3bb8c79a3a5e8ef6ecda2d1fc), compiling.
1050:LogMaterial: Display: Missing cached shadermap for PPM_SpecularColor in VULKAN_SM6, Default, SM6, Game (DDC key hash: 5265cd05a1b4490ab5ee80e14c8a92e09fa684e4), compiling.
1051:LogMaterial: Display: Missing cached shadermap for PPM_CustomDepth in VULKAN_SM6, Default, SM6, Game (DDC key hash: 69c71ec04867c986c0d04d64b7ad6ce115858f43), compiling.
1052:LogMaterial: Display: Missing cached shadermap for PPM_PostProcessInput3 in VULKAN_SM6, Default, SM6, Game (DDC key hash: 7af3554246fab458d2d7b9df526be18366d941b8), compiling.
1053:LogMaterial: Display: Missing cached shadermap for PPM_SpecularForLighting in VULKAN_SM6, Default, SM6, Game (DDC key hash: 0e386be34b9bd99ad5ab2e206619527f8d6ccf5f), compiling.
1054:LogMaterial: Display: Missing cached shadermap for PPM_ShadingModelID in VULKAN_SM6, Default, SM6, Game (DDC key hash: 7997514b10dc25508509a94dd8a96f9d39741e8c), compiling.
1055:LogMaterial: Display: Missing cached shadermap for PPM_SeparateTranslucency in VULKAN_SM6, Default, SM6, Game (DDC key hash: 76683ccbefb93fd805cdc77f13c2039ff56cf183), compiling.
1058:LogMaterial: Display: Missing cached shadermap for PPM_MaterialAO in VULKAN_SM6, Default, SM6, Game (DDC key hash: 859ddbc463b3e065106272da2e64f926d27bea0e), compiling.
1059:LogMaterial: Display: Missing cached shadermap for PPM_SubsurfaceColor in VULKAN_SM6, Default, SM6, Game (DDC key hash: 6d8993f14c31e4fd17fe3bf4a020a06594d7cdc4), compiling.
1060:LogMaterial: Display: Missing cached shadermap for M_Diffuse in VULKAN_SM6, Default, SM6, Game (DDC key hash: 010fbe972011796569f9e68c7dee3a72d77b627c), compiling.
1061:LogMaterial: Display: Missing cached shadermap for PPM_BaseColorAsStoredInGBuffer in VULKAN_SM6, Default, SM6, Game (DDC key hash: b3d6831c6478b593d2bbc702e8d9e85244676039), compiling.
1062:LogMaterial: Display: Missing cached shadermap for PPM_ShadingModelColor in VULKAN_SM6, Default, SM6, Game (DDC key hash: d131f0f4deec2f359df97c24b8fb61dbbed5aa89), compiling.
1063:LogMaterial: Display: Missing cached shadermap for PPM_SpDepthMeters in VULKAN_SM6, Default, SM6, Game (DDC key hash: bcaff155b8b6cf8bc007078ab152140084c3a1f3), compiling.
1064:LogMaterial: Display: Missing cached shadermap for PPM_PostProcessInput5 in VULKAN_SM6, Default, SM6, Game (DDC key hash: 1ecc2185a84c8b386a9f1ec20c0322aa10f1ff8a), compiling.
1213:LogMaterial: Display: Missing cached shadermap for SpeedTreeBillboardMaster in VULKAN_SM6, Default, SM6, Game (DDC key hash: e52ef15d36fffe2b97ca02cb494d9b78314e16f6), compiling.
1214:LogMaterial: Display: Missing cached shadermap for SpeedTreeMaster in VULKAN_SM6, Default, SM6, Game (DDC key hash: add4a6fc021047cdb84f783b4a5a865fd2d5da05), compiling.
1215:LogMaterial: Display: Missing cached shadermap for M_SportsCar_Lights in VULKAN_SM6, Default, SM6, Game (DDC key hash: 4a664ff25bd2d00f0b5763848e37b4499cf85dc6), compiling.
1216:LogMaterial: Display: Missing cached shadermap for M_AssetPlatform in VULKAN_SM6, Default, SM6, Game (DDC key hash: fcb7abc72658f14997d49c6c5a65d2c1b6950a9f), compiling.
1217:LogMaterial: Display: Missing cached shadermap for M_LightStage_Arrows in VULKAN_SM6, Default, SM6, Game (DDC key hash: a2e634bffb0b13e4903b07c0cb73f330ccf88598), compiling.
1218:LogMaterial: Display: Missing cached shadermap for m_flare_01 in VULKAN_SM6, Default, SM6, Game (DDC key hash: 1374233670a3c5fbcd6b3dfe2948c289777bf504), compiling.
1219:LogMaterial: Display: Missing cached shadermap for M_Glass in VULKAN_SM6, Default, SM6, Game (DDC key hash: d9b0486c607aea5d69ab556c29413dc2fa3169bc), compiling.
1226:LogMaterial: Display: Missing cached shadermap for HDRI_Projection_Sky in VULKAN_SM6, Default, SM6, Game (DDC key hash: f1b62afbe65e3d50ef8b20fd5fd4937367a69b6c), compiling.
1227:LogMaterial: Display: Missing cached shadermap for HDRI_Projection_Floor in VULKAN_SM6, Default, SM6, Game (DDC key hash: 737cdc4486b57f1ce49c7bb846a043875a3a216b), compiling.
1228:LogMaterial: Display: Missing cached shadermap for OpaqueUnlitSpriteMaterial in VULKAN_SM6, Default, SM6, Game (DDC key hash: cb08ab0c966acb2f69f95bf84e869ea0d05c061e), compiling.
1239:LogMaterial: Display: Missing cached shadermap for Widget3DPassThrough_Masked in VULKAN_SM6, Default, SM6, Game (DDC key hash: e9886247771e4bf7d68a48b5e77c616b44b90ee3), compiling.
1240:LogMaterial: Display: Missing cached shadermap for Widget3DPassThrough_Opaque in VULKAN_SM6, Default, SM6, Game (DDC key hash: 64b07af52451420334b2a0b771ac4a0f88390aee), compiling.
1241:LogMaterial: Display: Missing cached shadermap for Widget3DPassThrough_Translucent in VULKAN_SM6, Default, SM6, Game (DDC key hash: 00911b616d62e94f5732d30f02901761d1302967), compiling.
1242:LogMaterial: Display: Missing cached shadermap for SnapGridMaterial in VULKAN_SM6, Default, SM6, Game (DDC key hash: c52f489f5ec1fda6bee95381dd319555d831c972), compiling.
1243:LogMaterial: Display: Missing cached shadermap for M_AudioMaterialMeter in VULKAN_SM6, Default, SM6, Game (DDC key hash: b77919dd3ebf2d26a9c429a9e23ce27cdc46184c), compiling.
1244:LogMaterial: Display: Missing cached shadermap for M_AudioMaterialRoundedSlider in VULKAN_SM6, Default, SM6, Game (DDC key hash: 4588c8b840c4c87d44de0b40e5483a87c9a9b45e), compiling.
1245:LogMaterial: Display: Missing cached shadermap for M_AudioMaterialEnvelope_ADSR in VULKAN_SM6, Default, SM6, Game (DDC key hash: 9f9184b44d346af0458a75f4444b028e9d1800ff), compiling.
1246:LogMaterial: Display: Missing cached shadermap for M_AudioMaterialKnob in VULKAN_SM6, Default, SM6, Game (DDC key hash: 8f74435ae4544e5f222da80def5db2ea1c313641), compiling.
1247:LogMaterial: Display: Missing cached shadermap for M_AudioMaterialToggleButton in VULKAN_SM6, Default, SM6, Game (DDC key hash: 9c86619675976773f8ca506349cabd722db886fa), compiling.
1248:LogMaterial: Display: Missing cached shadermap for MI_HDRI_Sky in VULKAN_SM6, Default, SM6, Game (DDC key hash: 2e9ff2c450ac3f5d70d3b0584c88c163fb47b819), compiling.
1249:LogMaterial: Display: Missing cached shadermap for MI_HDRI_Floor in VULKAN_SM6, Default, SM6, Game (DDC key hash: 5f784b6ae79a52826c8835024955c0a23e95794c), compiling.
1250:LogMaterial: Display: Missing cached shadermap for Widget3DPassThrough_Masked_OneSided in VULKAN_SM6, Default, SM6, Game (DDC key hash: fc8a94a28afa36b4b08d9f7c909cbf7e82ba4df2), compiling.
1251:LogMaterial: Display: Missing cached shadermap for Widget3DPassThrough_Opaque_OneSided in VULKAN_SM6, Default, SM6, Game (DDC key hash: 2b9199354c23badb83fb48deba443f59ef678c7c), compiling.
1311:LogMaterial: Display: Missing cached shadermap for M_Basic_Floor in VULKAN_SM6, Default, SM6, Game (DDC key hash: 7eecc8e38dd0d791201041785c1a9c4685544705), compiling.
1370:LogMaterial: Display: Missing cached shadermap for M_Basic_Wall in VULKAN_SM6, Default, SM6, Game (DDC key hash: c617418b441801fa066fc9c811c3bcd93184852f), compiling.
1672:LogMaterial: Display: Missing cached shadermap for M_Fireplace_Glass_Int in VULKAN_SM6, Default, SM6, Game (DDC key hash: 1b047d0a37ef3d2cb10986e0ffc4d508c8f5f4b7), compiling.
1673:LogMaterial: Display: Missing cached shadermap for M_Glass in VULKAN_SM6, Default, SM6, Game (DDC key hash: e95df58a1800a8bf632a12a101572a99c58f1e7a), compiling.
1674:LogMaterial: Display: Missing cached shadermap for M_Fireplace_Glass_Ext in VULKAN_SM6, Default, SM6, Game (DDC key hash: d59d796494ea63807790d0f5aadd03f65460e280), compiling.
1675:LogMaterial: Display: Missing cached shadermap for M_Glass_Ext in VULKAN_SM6, Default, SM6, Game (DDC key hash: e3b89d602b265b1ef1270370f8d4fcf281299baa), compiling.
1676:LogMaterial: Display: Missing cached shadermap for M_Glass_Int in VULKAN_SM6, Default, SM6, Game (DDC key hash: 59670aa1a6f276f18ed0fbddadb96ea34950b092), compiling.
1677:LogMaterial: Display: Missing cached shadermap for M_Emissive in VULKAN_SM6, Default, SM6, Game (DDC key hash: d36ab993b68327d1363968ce7b9c6cdd9476d70e), compiling.
5550:LogMaterial: Display: Missing cached shadermap for M_Solid in VULKAN_SM6, Default, SM6, Game (DDC key hash: f4b61d24460b804934184b430774ce9f8fd17f63), compiling.
5551:LogMaterial: Display: Missing cached shadermap for PPM_Debug in VULKAN_SM6, Default, SM6, Game (DDC key hash: 84fe5b6265e611cf023a2e63ed649ec212968644), compiling.
5552:LogMaterial: Display: Missing cached shadermap for M_LightTest in VULKAN_SM6, Default, SM6, Game (DDC key hash: 992efa2f7f00724f70858d5a9dec718c7edf4a58), compiling.
5553:LogMaterial: Display: Missing cached shadermap for M_BasicShapeMaterial in VULKAN_SM6, Default, SM6, Game (DDC key hash: f695f1b8e52b7e15ede81a413c236bb0c3e874df), compiling.
5554:LogMaterial: Display: Missing cached shadermap for M_BasicShapeMaterial_Transparent in VULKAN_SM6, Default, SM6, Game (DDC key hash: 184b584ce35605ad47a00fad56453beeccfb76eb), compiling.
5662:LogMaterial: Display: Missing cached shadermap for Mt_SecurityCamera_Glass in VULKAN_SM6, Default, SM6, Game (DDC key hash: 0d03e7b0c3dbf182d7afe52c06a58529e36102ae), compiling.
5663:LogMaterial: Display: Missing cached shadermap for Mt_EvHall in VULKAN_SM6, Default, SM6, Game (DDC key hash: e863617bed86f3b0f21ee23b8feb424cff772458), compiling.
5758:LogMaterial: Display: Missing cached shadermap for Mt_PictureFrame_Glass in VULKAN_SM6, Default, SM6, Game (DDC key hash: cb384363594743ce88301e96e5250214fa214157), compiling.
6011:LogMaterial: Display: Missing cached shadermap for Mt_PendantLight_emm in VULKAN_SM6, Default, SM6, Game (DDC key hash: f4e641d4a2cf7d218aaf6b079bdf0b1da7cee3e3), compiling.
6012:LogMaterial: Display: Missing cached shadermap for Mt_Toilet_Mirror in VULKAN_SM6, Default, SM6, Game (DDC key hash: b9c76196e6400853cd18bbed2e4c9adf1d58c215), compiling.
6145:LogMaterial: Display: Missing cached shadermap for Mt_Ev_btn_Emm in VULKAN_SM6, Default, SM6, Game (DDC key hash: 92d285d39938de76096f8a8ecef24976f815ec96), compiling.
6182:LogMaterial: Display: Missing cached shadermap for Mt_SecurityCamera_emm in VULKAN_SM6, Default, SM6, Game (DDC key hash: 59d529247acddcab1ece4494dfb7d79ff90ed51f), compiling.
6183:LogMaterial: Display: Missing cached shadermap for Mt_Toilet_emm in VULKAN_SM6, Default, SM6, Game (DDC key hash: 76948a19d417a1315e1b0b978294172f46ef3ca2), compiling.
6735:LogMaterial: Display: Missing cached shadermap for M_ClearCoatBlack in VULKAN_SM6, Default, SM6, Game (DDC key hash: 147682b01b54ccbbe3e4da3cdbf143936bc31476), compiling.
6736:LogMaterial: Display: Missing cached shadermap for M_ChromeBall in VULKAN_SM6, Default, SM6, Game (DDC key hash: 15486adea15347a48546406560d1ae2f70d64d41), compiling.
6737:LogMaterial: Display: Missing cached shadermap for M_ClearCoat in VULKAN_SM6, Default, SM6, Game (DDC key hash: 0487ab55ad9d6dbd18d9dd1dfcfabafc82cd26dd), compiling.
6738:LogMaterial: Display: Missing cached shadermap for M_GreyBall in VULKAN_SM6, Default, SM6, Game (DDC key hash: bc5ee4e572609b4fee1662ec6dadda6f92abd709), compiling.
6787:LogMaterial: Display: Missing cached shadermap for M_SimpleSkyDome in VULKAN_SM6, Default, SM6, Game (DDC key hash: b8eae582c94f8465f7f2624088fa80675e70c8e4), compiling.
6788:LogMaterial: Display: Missing cached shadermap for CheckerMaterial in VULKAN_SM6, Default, SM6, Game (DDC key hash: 79c7d7ea7f8ebe1c5d12f733450b010dd2c6ddb8), compiling.
6789:LogMaterial: Display: Missing cached shadermap for M_SportsCar in VULKAN_SM6, Default, SM6, Game (DDC key hash: e3a0fed56a657cb797e921c2ac112d1a4a5331cf), compiling.
6820:LogMaterial: Display: Missing cached shadermap for M_SportsCar_Wheel in VULKAN_SM6, Default, SM6, Game (DDC key hash: 9c891cf2225f3eb4e12b94856e846b17e9752ff9), compiling.
6865:LogMaterial: Display: Missing cached shadermap for M_OffroadCar_Wheel in VULKAN_SM6, Default, SM6, Game (DDC key hash: 1e60d1ee61c04eec26728ec1a766e938d0303c60), compiling.
6866:LogMaterial: Display: Missing cached shadermap for M_Fire_SubUV in VULKAN_SM6, Default, SM6, Game (DDC key hash: 95c387ddd22708643e7cb94d4de39f5f40ee156c), compiling.
6867:LogMaterial: Display: Missing cached shadermap for M_Heat_Distortion in VULKAN_SM6, Default, SM6, Game (DDC key hash: f4df2c2d5bfef52845297ed752fdbbfafafe8d27), compiling.
6868:LogMaterial: Display: Missing cached shadermap for M_Chair in VULKAN_SM6, Default, SM6, Game (DDC key hash: 6095296926fbe01da76c05c7923c7ca3e94bf2e1), compiling.
6869:LogMaterial: Display: Missing cached shadermap for M_Bush in VULKAN_SM6, Default, SM6, Game (DDC key hash: 4bd33a912b8215fd0085d41e0ea9925c55ac07e3), compiling.
6870:LogMaterial: Display: Missing cached shadermap for M_CobbleStone_Rough in VULKAN_SM6, Default, SM6, Game (DDC key hash: 21e7face8be5c6924333ddc579e01c47b6989f8c), compiling.
6871:LogMaterial: Display: Missing cached shadermap for M_Shelf in VULKAN_SM6, Default, SM6, Game (DDC key hash: 86279c4a1be3470f07f5cbf357ccb8f938e783ab), compiling.
6872:LogMaterial: Display: Missing cached shadermap for M_Tech_Checker_Dot in VULKAN_SM6, Default, SM6, Game (DDC key hash: 4c6f227ad214651cfe8495d6c996952cfd72db43), compiling.
6873:LogMaterial: Display: Missing cached shadermap for M_Door in VULKAN_SM6, Default, SM6, Game (DDC key hash: d15b37801b5c41c51185570ab0ea67b307243613), compiling.
6874:LogMaterial: Display: Missing cached shadermap for M_TableRound in VULKAN_SM6, Default, SM6, Game (DDC key hash: b22d2a327ab7e6ecec9ca51a346cab41f9b0ec64), compiling.
6875:LogMaterial: Display: Missing cached shadermap for M_Spark in VULKAN_SM6, Default, SM6, Game (DDC key hash: 693685a30b943c61cf81f001877843c255cb9195), compiling.
6876:LogMaterial: Display: Missing cached shadermap for M_Statue in VULKAN_SM6, Default, SM6, Game (DDC key hash: 5569445f294f37255aa3b0e54f8b127a3e0480a8), compiling.
6877:LogMaterial: Display: Missing cached shadermap for M_StatueGlass in VULKAN_SM6, Default, SM6, Game (DDC key hash: 009539afeb9da63cd382f05c88b883198f74ca83), compiling.
6878:LogMaterial: Display: Missing cached shadermap for M_Dust_Particle in VULKAN_SM6, Default, SM6, Game (DDC key hash: 34e79c3fa448171f506d3736d817bf1c1388f77c), compiling.
6879:LogMaterial: Display: Missing cached shadermap for M_explosion_subUV in VULKAN_SM6, Default, SM6, Game (DDC key hash: 7200a503db0087ab0111a6ed89580a76186bf415), compiling.
6880:LogMaterial: Display: Missing cached shadermap for M_Rock_Sandstone in VULKAN_SM6, Default, SM6, Game (DDC key hash: 288ce98d6f83cd087660fe1e63d82f0fcda6c982), compiling.
6881:LogMaterial: Display: Missing cached shadermap for M_Metal_Burnished_Steel in VULKAN_SM6, Default, SM6, Game (DDC key hash: 3de764f7f95cdc5c072abd1b42cf7d6b2ff12aa6), compiling.
6882:LogMaterial: Display: Missing cached shadermap for M_Brick_Cut_Stone in VULKAN_SM6, Default, SM6, Game (DDC key hash: 8407518932ee5532cf36d01d66c665e9309c7567), compiling.
6883:LogMaterial: Display: Missing cached shadermap for M_Lamp in VULKAN_SM6, Default, SM6, Game (DDC key hash: 8ad758ec419c27ec4c20ed4cfcff413b29220f42), compiling.
6884:LogMaterial: Display: Missing cached shadermap for M_Burst in VULKAN_SM6, Default, SM6, Game (DDC key hash: 160e3062345db5598dd47c37882663b65f058ab6), compiling.
6885:LogMaterial: Display: Missing cached shadermap for M_Water_Lake in VULKAN_SM6, Default, SM6, Game (DDC key hash: c010edc3694383e648afc41c2ae2642869be7778), compiling.
6886:LogMaterial: Display: Missing cached shadermap for M_Rock_Marble_Polished in VULKAN_SM6, Default, SM6, Game (DDC key hash: 4a4dd12e0581e811366b00e39c868a79977160f6), compiling.
6887:LogMaterial: Display: Missing cached shadermap for M_Rock_Basalt in VULKAN_SM6, Default, SM6, Game (DDC key hash: b629776b8813ac16c138d3589b7eddfa2b8f94c4), compiling.
6909:LogMaterial: Display: Missing cached shadermap for M_Ground_Gravel in VULKAN_SM6, Default, SM6, Game (DDC key hash: 6497d29065805701678c5c569c8cfcbadb488682), compiling.
6910:LogMaterial: Display: Missing cached shadermap for M_Concrete_Panels in VULKAN_SM6, Default, SM6, Game (DDC key hash: 73827b25b122de86f1b638d4684e6b46a292ea33), compiling.
6911:LogMaterial: Display: Missing cached shadermap for M_Tech_Hex_Tile_Pulse in VULKAN_SM6, Default, SM6, Game (DDC key hash: bc10eee7912d7122c71a514f51a1e482e9a6ec79), compiling.
6912:LogMaterial: Display: Missing cached shadermap for M_CobbleStone_Pebble in VULKAN_SM6, Default, SM6, Game (DDC key hash: 1ad1984e4874dc86cd2b5c5aafdb78222729ad8c), compiling.
6913:LogMaterial: Display: Missing cached shadermap for M_Concrete_Tiles in VULKAN_SM6, Default, SM6, Game (DDC key hash: ec1f024646a0622192f181cc28e52c5dbbc7336c), compiling.
6914:LogMaterial: Display: Missing cached shadermap for M_Metal_Gold in VULKAN_SM6, Default, SM6, Game (DDC key hash: 1b4ac97d9f2ffd814f9411229fa438e5d89c4896), compiling.
6915:LogMaterial: Display: Missing cached shadermap for M_Ground_Moss in VULKAN_SM6, Default, SM6, Game (DDC key hash: 85b66ddbf7ca94c33c309bffe36a69ba48b16ba6), compiling.
6916:LogMaterial: Display: Missing cached shadermap for M_Wood_Oak in VULKAN_SM6, Default, SM6, Game (DDC key hash: f27f55ed74d96b386687e89b6b6f9e01be667d5f), compiling.
6917:LogMaterial: Display: Missing cached shadermap for M_Metal_Chrome in VULKAN_SM6, Default, SM6, Game (DDC key hash: 20922a39e2620092bd0b151baf493756b1b3ff7d), compiling.
6918:LogMaterial: Display: Missing cached shadermap for M_Concrete_Grime in VULKAN_SM6, Default, SM6, Game (DDC key hash: 70eb8016e186dfcc4df354474616e9c38946dfa6), compiling.
6919:LogMaterial: Display: Missing cached shadermap for M_Ceramic_Tile_Checker in VULKAN_SM6, Default, SM6, Game (DDC key hash: 19acd6b208567fded00832f96c598b14ac1826b4), compiling.
6920:LogMaterial: Display: Missing cached shadermap for M_Wood_Floor_Walnut_Polished in VULKAN_SM6, Default, SM6, Game (DDC key hash: fcc58187bf87e2eaba691c6d8adb5304c329ace5), compiling.
6921:LogMaterial: Display: Missing cached shadermap for M_Oven in VULKAN_SM6, Default, SM6, Game (DDC key hash: bfd464fef25d3e532325372dbe1a6de40b65f32a), compiling.
6922:LogMaterial: Display: Missing cached shadermap for M_Wood_Walnut in VULKAN_SM6, Default, SM6, Game (DDC key hash: 65cc7f8004586cf9dfc9751baf2ae80fd43e6969), compiling.
6923:LogMaterial: Display: Missing cached shadermap for M_Brick_Clay_Old in VULKAN_SM6, Default, SM6, Game (DDC key hash: b06a7ffca9c5c51a2b7554420fdbdc650767bf1a), compiling.
6924:LogMaterial: Display: Missing cached shadermap for M_smoke_subUV in VULKAN_SM6, Default, SM6, Game (DDC key hash: 79e82f18868c307e9fd0553775068b6ebf645966), compiling.
6925:LogMaterial: Display: Missing cached shadermap for M_Metal_Steel in VULKAN_SM6, Default, SM6, Game (DDC key hash: 81e4d959144ad2a0f89d70a2b277dcb99f7a1279), compiling.
6926:LogMaterial: Display: Missing cached shadermap for M_Tech_Panel in VULKAN_SM6, Default, SM6, Game (DDC key hash: 3cc710042a29b2f96dd24f82ce2c7f27dc6dfabe), compiling.
6927:LogMaterial: Display: Missing cached shadermap for M_Frame in VULKAN_SM6, Default, SM6, Game (DDC key hash: 93287c3b73eade8de2dba489c83e239d2ac99162), compiling.
6928:LogMaterial: Display: Missing cached shadermap for M_Concrete_Poured in VULKAN_SM6, Default, SM6, Game (DDC key hash: 9245dffe663cb5c5f7a64b1bcdd55a33cc6c72ed), compiling.
6929:LogMaterial: Display: Missing cached shadermap for M_Rock_Slate in VULKAN_SM6, Default, SM6, Game (DDC key hash: 3881d62e9987c74436383c201946a1bffa4c472c), compiling.
6930:LogMaterial: Display: Missing cached shadermap for M_Brick_Hewn_Stone in VULKAN_SM6, Default, SM6, Game (DDC key hash: 617cb3f7bd13a7e0b3a955154ee91318e84e22a9), compiling.
6931:LogMaterial: Display: Missing cached shadermap for M_Brick_Clay_Beveled in VULKAN_SM6, Default, SM6, Game (DDC key hash: 8bed8459f4c454e3afccda1d46d6e7000849eb49), compiling.
6932:LogMaterial: Display: Missing cached shadermap for M_Wood_Pine in VULKAN_SM6, Default, SM6, Game (DDC key hash: 9fec9ea8ac7d1ec206b395fec3ce4fd4b6846792), compiling.
6933:LogMaterial: Display: Missing cached shadermap for M_Metal_Brushed_Nickel in VULKAN_SM6, Default, SM6, Game (DDC key hash: 86c7c7d930b2ca50918843407d059a69b7fda002), compiling.
6934:LogMaterial: Display: Missing cached shadermap for M_Ground_Grass in VULKAN_SM6, Default, SM6, Game (DDC key hash: 621019197f382768fbb7637f096b5c0714547575), compiling.
6935:LogMaterial: Display: Missing cached shadermap for M_CobbleStone_Smooth in VULKAN_SM6, Default, SM6, Game (DDC key hash: 5215c491800de93125207c072df6062701ecc780), compiling.
6936:LogMaterial: Display: Missing cached shadermap for M_Brick_Clay_New in VULKAN_SM6, Default, SM6, Game (DDC key hash: 717b99ef99c697240e3127b17b1f035b5a72e974), compiling.
6937:LogMaterial: Display: Missing cached shadermap for Mt_Ceiling_Acc02 in VULKAN_SM6, Default, SM6, Game (DDC key hash: 2372aae6223b414083afdece9e86598af8bbda14), compiling.
6938:LogMaterial: Display: Missing cached shadermap for Mt_FireExtinguisher_Glass in VULKAN_SM6, Default, SM6, Game (DDC key hash: 852c8bb24eef3cc7d8d1792de77e11c2288b6337), compiling.
6939:LogMaterial: Display: Missing cached shadermap for Mt_Office_Wall_Glass in VULKAN_SM6, Default, SM6, Game (DDC key hash: e76b394e7dcb8c6fa078acd609217af3f86df3ab), compiling.
6940:LogMaterial: Display: Missing cached shadermap for Mt_Ev_Room_ButtonNumber in VULKAN_SM6, Default, SM6, Game (DDC key hash: 715aaf7110872a99e079ca25a457142606d2bb42), compiling.
6941:LogMaterial: Display: Missing cached shadermap for Mt_FakeGreen in VULKAN_SM6, Default, SM6, Game (DDC key hash: 122992b826996f4e056b9861ca280f78957a972f), compiling.
6942:LogMaterial: Display: Missing cached shadermap for Mt_CoffeeMaker_Wateer_Glass in VULKAN_SM6, Default, SM6, Game (DDC key hash: c42b89e7ee35db412a918a419d79a91cb5533557), compiling.
6943:LogMaterial: Display: Missing cached shadermap for Mt_houseplants_Tree in VULKAN_SM6, Default, SM6, Game (DDC key hash: 0ca285e65a683bc3892bdca9c5d42dbdce089705), compiling.
6944:LogMaterial: Display: Missing cached shadermap for Mt_DustBox in VULKAN_SM6, Default, SM6, Game (DDC key hash: 27a2aef239250990b5c6d56d05cf0a16c1ffcf11), compiling.
6945:LogMaterial: Display: Missing cached shadermap for Mt_StickyNote in VULKAN_SM6, Default, SM6, Game (DDC key hash: bad3440092290496d295ff572ed8f9bb47d11b6a), compiling.
6986:LogMaterial: Display: Missing cached shadermap for M_Metal_Copper in VULKAN_SM6, Default, SM6, Game (DDC key hash: 3cfb83c1a5de6206dfcd2d533fb40327a7398dd0), compiling.
6988:LogMaterial: Display: Missing cached shadermap for satin_brushed_stainless_steel_deepcopy_039 in VULKAN_SM6, Default, SM6, Game (DDC key hash: 1fec32febe0a0615e3bd318312ce83cdd8355a10), compiling.
6989:LogMaterial: Display: Missing cached shadermap for M_Master_TwoSided in VULKAN_SM6, Default, SM6, Game (DDC key hash: 40a4c88b9e95ea8d66ed0447e3551cf1ca056a45), compiling.
6990:LogMaterial: Display: Missing cached shadermap for M_Master_Opacity in VULKAN_SM6, Default, SM6, Game (DDC key hash: d516b4c4bcd782391a5d2b14768cdba5e3c2d5be), compiling.
6991:LogMaterial: Display: Missing cached shadermap for M_Master in VULKAN_SM6, Default, SM6, Game (DDC key hash: 2811e8c292060f8390fad61716b99e197bfaab1f), compiling.
6992:LogMaterial: Display: Missing cached shadermap for M_Carpet in VULKAN_SM6, Default, SM6, Game (DDC key hash: d4960479ab944f8c958d2439889a01d01ea2902c), compiling.
6993:LogMaterial: Display: Missing cached shadermap for M_Fabric in VULKAN_SM6, Default, SM6, Game (DDC key hash: 51e7ed150d312580443504498803d4861b60eaba), compiling.
6994:LogMaterial: Display: Missing cached shadermap for M_ColorGrid_LowSpec in VULKAN_SM6, Default, SM6, Game (DDC key hash: eb27b6f5ff77936f1142acc1b67808babdbc4033), compiling.
6995:LogMaterial: Display: Missing cached shadermap for M_Wood_Floor_Walnut_Worn in VULKAN_SM6, Default, SM6, Game (DDC key hash: acd0cc934d88734d73505c1bce11f5e90264f9be), compiling.
6996:LogMaterial: Display: Missing cached shadermap for M_Metal_Rust in VULKAN_SM6, Default, SM6, Game (DDC key hash: c5b1856172c5f7da154d113a8fe707bcd4021f6b), compiling.
6997:LogMaterial: Display: Missing cached shadermap for M_Water_Ocean in VULKAN_SM6, Default, SM6, Game (DDC key hash: c6948b0311de7fd7c34701436cfaf4ef854a44b8), compiling.
6998:LogMaterial: Display: Missing cached shadermap for M_Tech_Hex_Tile in VULKAN_SM6, Default, SM6, Game (DDC key hash: 16d3711ef57a570f5cf10247c12c91668214a42e), compiling.
6999:LogMaterial: Display: Missing cached shadermap for M_Rock in VULKAN_SM6, Default, SM6, Game (DDC key hash: bba72453dfd3e7a4b41528e32574631a3db20ff3), compiling.
7000:LogMaterial: Display: Missing cached shadermap for M_LightStage_Skybox_Master in VULKAN_SM6, Default, SM6, Game (DDC key hash: 76459590db4bb894e5cd751abd5aff2f272ac64b), compiling.
7001:LogMaterial: Display: Missing cached shadermap for M_radial_ramp in VULKAN_SM6, Default, SM6, Game (DDC key hash: 1fe93b1a21771a3ddc1bb9a5a63ad14b0f07415d), compiling.
7002:LogMaterial: Display: Missing cached shadermap for M_Radial_Gradient in VULKAN_SM6, Default, SM6, Game (DDC key hash: 84a6092fa3e4bddb7ed8b42a9141546b7503a070), compiling.
7003:LogMaterial: Display: Missing cached shadermap for PreviewShadowIndicatorMaterial in VULKAN_SM6, Default, SM6, Game (DDC key hash: a15d416f89c9251a670b0aca327ea22807dfea53), compiling.
7008:LogMaterial: Display: Missing cached shadermap for satin_brushed_stainless_steel_deepcopy_006 in VULKAN_SM6, Default, SM6, Game (DDC key hash: 8a0f6b1a555d0926efdbf7526255beda154d82e3), compiling.
7009:LogMaterial: Display: Missing cached shadermap for subtle_dark_grout_lines_deepcopy_004 in VULKAN_SM6, Default, SM6, Game (DDC key hash: 6822c5f94e35c8528a6cc76378bb458052cbd385), compiling.
7010:LogMaterial: Display: Missing cached shadermap for soft_white_painted_drywall_deepcopy_008 in VULKAN_SM6, Default, SM6, Game (DDC key hash: 1633ce34d4606c0d918082179a5c4de032a75b16), compiling.
7011:LogMaterial: Display: Missing cached shadermap for off_white_paper_deepcopy_005 in VULKAN_SM6, Default, SM6, Game (DDC key hash: da1f1ef87a9bfbfd49922b4749d4c2295e907737), compiling.
7012:LogMaterial: Display: Missing cached shadermap for satin_brushed_stainless_steel_deepcopy_016 in VULKAN_SM6, Default, SM6, Game (DDC key hash: a594ee4ff916ef5d7b547595c8f429aa584a2f6f), compiling.
7013:LogMaterial: Display: Missing cached shadermap for satin_brushed_stainless_steel_deepcopy_045 in VULKAN_SM6, Default, SM6, Game (DDC key hash: 757fcf7adc74a8781b5d0972be13aede069a4ec1), compiling.
7014:LogMaterial: Display: Missing cached shadermap for warm_white_paper_cup_deepcopy_005 in VULKAN_SM6, Default, SM6, Game (DDC key hash: 34c21c667a34597a2f98ade88873f727f7655bbf), compiling.
7015:LogMaterial: Display: Missing cached shadermap for off_white_paper_deepcopy_001 in VULKAN_SM6, Default, SM6, Game (DDC key hash: b81b689754d318c7bda5fbae6d42634e6020de97), compiling.
7016:LogMaterial: Display: Missing cached shadermap for satin_brushed_stainless_steel_deepcopy_082 in VULKAN_SM6, Default, SM6, Game (DDC key hash: cc29bf2a3619395d850852f6b1ef2c5d75d4feda), compiling.
7017:LogMaterial: Display: Missing cached shadermap for muted_red_soda_can_deepcopy_002 in VULKAN_SM6, Default, SM6, Game (DDC key hash: 5d20af2b4a9ef435941dee24a09e340590ab4f15), compiling.
7018:LogMaterial: Display: Missing cached shadermap for dark_gray_menu_board_deepcopy_001 in VULKAN_SM6, Default, SM6, Game (DDC key hash: f63a406a41e37b498c9218d7875e1756f94103de), compiling.
7019:LogMaterial: Display: Missing cached shadermap for desaturated_sage_polypropylene_chair_deepcopy_003 in VULKAN_SM6, Default, SM6, Game (DDC key hash: dc652b50c33f50f69f461a4ceb3135a4ff397d60), compiling.
7020:LogMaterial: Display: Missing cached shadermap for charcoal_polypropylene_chair_deepcopy_006 in VULKAN_SM6, Default, SM6, Game (DDC key hash: 5dfcff4b8163fb7c463389dd364fd435066bb016), compiling.
7021:LogMaterial: Display: Missing cached shadermap for satin_brushed_stainless_steel_deepcopy_060 in VULKAN_SM6, Default, SM6, Game (DDC key hash: 2fdd7e06a423f6db40f59ac5cd2030cc32d7481e), compiling.
7022:LogMaterial: Display: Missing cached shadermap for dark_gray_menu_board_deepcopy in VULKAN_SM6, Default, SM6, Game (DDC key hash: 5bc5d8d22fa506f4a85379208f085bd745b4cb94), compiling.
7023:LogMaterial: Display: Missing cached shadermap for clear_slightly_green_window_glass_deepcopy_003 in VULKAN_SM6, Default, SM6, Game (DDC key hash: 187679dcc6610be21f1a90766c724194f15e28c8), compiling.
7028:LogMaterial: Display: Missing cached shadermap for charcoal_polypropylene_chair_deepcopy_002 in VULKAN_SM6, Default, SM6, Game (DDC key hash: 250a1c1268f2e509b1c9e11e3d27f8579b934f0f), compiling.
7029:LogMaterial: Display: Missing cached shadermap for PPM_DefaultCalibrationColor in VULKAN_SM6, Default, SM6, Game (DDC key hash: 10c20817a71f9e751e0a8ed51b13d65d8f611866), compiling.
7030:LogMaterial: Display: Missing cached shadermap for PPM_DefaultCalibrationGrayscale in VULKAN_SM6, Default, SM6, Game (DDC key hash: 85a0c6af4b9599bc425539a0159dba11528b152a), compiling.
7031:LogMaterial: Display: Missing cached shadermap for Mt_Chair_Blue in VULKAN_SM6, Default, SM6, Game (DDC key hash: 6f9a46ebb489a9195db63f212dfa2e3255393cc9), compiling.
7032:LogMaterial: Display: Missing cached shadermap for Mt_Chair_Green in VULKAN_SM6, Default, SM6, Game (DDC key hash: 82bbad1b04acb27b8394dc3821b50e3948c4a312), compiling.
7033:LogMaterial: Display: Missing cached shadermap for Mt_EvHall_Lamp in VULKAN_SM6, Default, SM6, Game (DDC key hash: 17618220e67771ccbde87ce8476c5f057163c8b8), compiling.
7034:LogMaterial: Display: Missing cached shadermap for Mt_Ceiling_Acc01 in VULKAN_SM6, Default, SM6, Game (DDC key hash: 0d61f9f8c17269dd65faba58eecb082edaa97efb), compiling.
7035:LogMaterial: Display: Missing cached shadermap for Mt_Ceiling_Acc04 in VULKAN_SM6, Default, SM6, Game (DDC key hash: 00e10ad0befc08492c4869fa8d027686e763469e), compiling.
7036:LogMaterial: Display: Missing cached shadermap for Mt_Ceiling_Acc03 in VULKAN_SM6, Default, SM6, Game (DDC key hash: 18336c05e83d8cff1c83e7f7088ccd312944766f), compiling.
7037:LogMaterial: Display: Missing cached shadermap for Mt_Door_Glass in VULKAN_SM6, Default, SM6, Game (DDC key hash: eb97fbc84b914317df1b03b3b0d7a185ee581309), compiling.
7038:LogMaterial: Display: Missing cached shadermap for dark_coffee_liquid_deepcopy in VULKAN_SM6, Default, SM6, Game (DDC key hash: eb02dd17d41fa9a7aba4c089d7c99ebef9788ce9), compiling.
7039:LogMaterial: Display: Missing cached shadermap for warm_white_paper_cup_deepcopy_003 in VULKAN_SM6, Default, SM6, Game (DDC key hash: 45c813dc655cd454d1f8715eab00fd51029e558b), compiling.
7040:LogMaterial: Display: Missing cached shadermap for warm_white_paper_cup_deepcopy_006 in VULKAN_SM6, Default, SM6, Game (DDC key hash: 6511e310dff2e78e851540f179354658d82d7e8d), compiling.
7041:LogMaterial: Display: Missing cached shadermap for desaturated_sage_polypropylene_chair_deepcopy_006 in VULKAN_SM6, Default, SM6, Game (DDC key hash: 57fde6e7ed8b6da3a9b5dc1ab06b98368cb35f33), compiling.
7042:LogMaterial: Display: Missing cached shadermap for satin_brushed_stainless_steel_deepcopy_030 in VULKAN_SM6, Default, SM6, Game (DDC key hash: 379c4083f942168492c4968e22c3718f3f12b76e), compiling.
7043:LogMaterial: Display: Missing cached shadermap for clear_slightly_green_window_glass_deepcopy_006 in VULKAN_SM6, Default, SM6, Game (DDC key hash: 0d3d039c6c9d7034c7bc0c35112c7694a8de1736), compiling.
7044:LogMaterial: Display: Missing cached shadermap for satin_brushed_stainless_steel_deepcopy_029 in VULKAN_SM6, Default, SM6, Game (DDC key hash: 61858ce6ea03116c59d643e14ba6a1276b6ef584), compiling.
7045:LogMaterial: Display: Missing cached shadermap for off_white_acoustic_ceiling_deepcopy in VULKAN_SM6, Default, SM6, Game (DDC key hash: f578ed4f701fab7b5299dacd239fee273ebb4f24), compiling.
7046:LogMaterial: Display: Missing cached shadermap for soft_white_painted_drywall_deepcopy_003 in VULKAN_SM6, Default, SM6, Game (DDC key hash: 40589cb29eb00cde3273242864cc2df0c070f52d), compiling.
7047:LogMaterial: Display: Missing cached shadermap for gray_green_serving_tray_deepcopy in VULKAN_SM6, Default, SM6, Game (DDC key hash: dc0c7c9731498d7f39f967c868f7e207c0cf2994), compiling.
7048:LogMaterial: Display: Missing cached shadermap for gray_green_serving_tray_deepcopy_005 in VULKAN_SM6, Default, SM6, Game (DDC key hash: 6ade95eee87f10581e53797805f782c41173ee40), compiling.
7049:LogMaterial: Display: Missing cached shadermap for satin_brushed_stainless_steel_deepcopy_087 in VULKAN_SM6, Default, SM6, Game (DDC key hash: 95ab84ab95e54c403969bca7a2e9ebd421998166), compiling.
7050:LogMaterial: Display: Missing cached shadermap for sealed_natural_oak_tabletop_deepcopy in VULKAN_SM6, Default, SM6, Game (DDC key hash: 1fc59c7ec8a9ef0ce88825d81656f8909ac1fd33), compiling.
7051:LogMaterial: Display: Missing cached shadermap for charcoal_polypropylene_chair_deepcopy_003 in VULKAN_SM6, Default, SM6, Game (DDC key hash: 0343a590a126e0487d6c9f77e100df466c3b3411), compiling.
7052:LogMaterial: Display: Missing cached shadermap for satin_brushed_stainless_steel_deepcopy_051 in VULKAN_SM6, Default, SM6, Game (DDC key hash: 9cbd84725370b1fcb7ec293d9d28bd0c7ae9ee85), compiling.
7053:LogMaterial: Display: Missing cached shadermap for clear_slightly_green_window_glass_deepcopy_001 in VULKAN_SM6, Default, SM6, Game (DDC key hash: 0f898c7d8ec1a934925d88c18891568facfff673), compiling.
7054:LogMaterial: Display: Missing cached shadermap for desaturated_sage_polypropylene_chair_deepcopy_011 in VULKAN_SM6, Default, SM6, Game (DDC key hash: 320d50ed744c020835ed95be1bc2d5d23b033b52), compiling.
7055:LogMaterial: Display: Missing cached shadermap for desaturated_sage_polypropylene_chair_deepcopy_012 in VULKAN_SM6, Default, SM6, Game (DDC key hash: 530461294be2a1e891343d547401f37617f1c7de), compiling.
7056:LogMaterial: Display: Missing cached shadermap for muted_apple_red_deepcopy_001 in VULKAN_SM6, Default, SM6, Game (DDC key hash: a6a138ac03ed5dd04c57f7033d79d73a6c50a3c2), compiling.
7057:LogMaterial: Display: Missing cached shadermap for satin_brushed_stainless_steel_deepcopy_040 in VULKAN_SM6, Default, SM6, Game (DDC key hash: a2edfe5440c231b4199aea7ade3711efbc63f07a), compiling.
7058:LogMaterial: Display: Missing cached shadermap for warm_diffused_led_lens_deepcopy in VULKAN_SM6, Default, SM6, Game (DDC key hash: 62d7009cb578e68cfe4db71777b99e2a6c1bc16a), compiling.
7059:LogMaterial: Display: Missing cached shadermap for satin_brushed_stainless_steel_deepcopy_036 in VULKAN_SM6, Default, SM6, Game (DDC key hash: 2f66e52c1c1d92decdef1dcfb4984e04703f0c81), compiling.
7060:LogMaterial: Display: Missing cached shadermap for satin_brushed_stainless_steel_deepcopy_066 in VULKAN_SM6, Default, SM6, Game (DDC key hash: 28c7699f87742b5f7e2d28abe712f1fbbb55c6b0), compiling.
7061:LogMaterial: Display: Missing cached shadermap for desaturated_sage_polypropylene_chair_deepcopy_002 in VULKAN_SM6, Default, SM6, Game (DDC key hash: 109c3ceda43e91903440708b9cb097b05015ae60), compiling.
7062:LogMaterial: Display: Missing cached shadermap for satin_brushed_stainless_steel_deepcopy_080 in VULKAN_SM6, Default, SM6, Game (DDC key hash: 43b1e9cf6ac6b7cfa4babf53ded4365c34098c81), compiling.
7063:LogMaterial: Display: Missing cached shadermap for satin_brushed_stainless_steel_deepcopy_049 in VULKAN_SM6, Default, SM6, Game (DDC key hash: 8744eb58de51d1b80307a53ad3160c143b6b39f2), compiling.
7064:LogMaterial: Display: Missing cached shadermap for satin_brushed_stainless_steel_deepcopy_019 in VULKAN_SM6, Default, SM6, Game (DDC key hash: 90d1c556e13b549d2405b020034022de11903202), compiling.
7065:LogMaterial: Display: Missing cached shadermap for muted_exterior_planting_deepcopy_001 in VULKAN_SM6, Default, SM6, Game (DDC key hash: 425777164049771853b0d558038cf12457a38dde), compiling.
7066:LogMaterial: Display: Missing cached shadermap for off_white_paper_deepcopy_004 in VULKAN_SM6, Default, SM6, Game (DDC key hash: 08f68ebf9071dae56522225a101b6b93dbbc692d), compiling.
7067:LogMaterial: Display: Missing cached shadermap for satin_brushed_stainless_steel_deepcopy_058 in VULKAN_SM6, Default, SM6, Game (DDC key hash: eca20bc73c82589cffc565d876d6303ac3b1283a), compiling.
7068:LogMaterial: Display: Missing cached shadermap for satin_brushed_stainless_steel_deepcopy_025 in VULKAN_SM6, Default, SM6, Game (DDC key hash: d75f2875de8288fc814587860a495d52f3554187), compiling.
7069:LogMaterial: Display: Missing cached shadermap for satin_brushed_stainless_steel_deepcopy_084 in VULKAN_SM6, Default, SM6, Game (DDC key hash: f2f660f83d9d1219556c00a3d1e52c169e59c8a7), compiling.
7081:LogMaterial: Display: Missing cached shadermap for distant_brick_building_seen_through_windows_deepcopy in VULKAN_SM6, Default, SM6, Game (DDC key hash: 3763d83c4f715f3643b64987135cba0f875e16b9), compiling.
7082:LogMaterial: Display: Missing cached shadermap for satin_brushed_stainless_steel_deepcopy_037 in VULKAN_SM6, Default, SM6, Game (DDC key hash: cc001ef4b64e598d093c26eaa587d268bd91d995), compiling.
7083:LogMaterial: Display: Missing cached shadermap for clear_slightly_green_window_glass_deepcopy_005 in VULKAN_SM6, Default, SM6, Game (DDC key hash: 7ead0cc10babab13d30b62cc23866c5c0d43955c), compiling.
7084:LogMaterial: Display: Missing cached shadermap for subtle_dark_grout_lines_deepcopy_002 in VULKAN_SM6, Default, SM6, Game (DDC key hash: 4d10177a974fbaafe3d24e9315fd9c2180681102), compiling.
7085:LogMaterial: Display: Missing cached shadermap for satin_brushed_stainless_steel_deepcopy_069 in VULKAN_SM6, Default, SM6, Game (DDC key hash: 6d8da150ebe45b6d113cc32d7ffabe87c62df983), compiling.
7086:LogMaterial: Display: Missing cached shadermap for muted_blue_soda_can_deepcopy_002 in VULKAN_SM6, Default, SM6, Game (DDC key hash: d31e6926efb162605d89cf3f81acd3b883ed7559), compiling.
7087:LogMaterial: Display: Missing cached shadermap for satin_brushed_stainless_steel_deepcopy_042 in VULKAN_SM6, Default, SM6, Game (DDC key hash: 0ad56a743fc6976935c024dee9463830051f7eea), compiling.
7088:LogMaterial: Display: Missing cached shadermap for exterior_concrete_walk_and_planter_deepcopy_003 in VULKAN_SM6, Default, SM6, Game (DDC key hash: 9dd08fff46905b69463b6c0b7b31085631b0541f), compiling.
7089:LogMaterial: Display: Missing cached shadermap for charcoal_polypropylene_chair_deepcopy_008 in VULKAN_SM6, Default, SM6, Game (DDC key hash: ea7ae1809ad8fd0f30c4622bf0071b66825c22b4), compiling.
7090:LogMaterial: Display: Missing cached shadermap for subtle_dark_grout_lines_deepcopy in VULKAN_SM6, Default, SM6, Game (DDC key hash: b9a59c17e74e16a2472524b497bc03918395483d), compiling.
7091:LogMaterial: Display: Missing cached shadermap for satin_brushed_stainless_steel_deepcopy_010 in VULKAN_SM6, Default, SM6, Game (DDC key hash: 65dabccf7581cfd9c9b379b72d3166a8fff04f6c), compiling.
7092:LogMaterial: Display: Missing cached shadermap for desaturated_sage_polypropylene_chair_deepcopy_001 in VULKAN_SM6, Default, SM6, Game (DDC key hash: e1d6c9d993a3d38f2f3bbfe53c1e80a0b315f550), compiling.
7093:LogMaterial: Display: Missing cached shadermap for satin_brushed_stainless_steel_deepcopy_041 in VULKAN_SM6, Default, SM6, Game (DDC key hash: 9d7ae88bfecf30ced6d248bdf1a611256cf9e922), compiling.
7094:LogMaterial: Display: Missing cached shadermap for muted_orange_peel_deepcopy in VULKAN_SM6, Default, SM6, Game (DDC key hash: 0525c1ec01028267319e6fa7d615d9e9796ab8f0), compiling.
7095:LogMaterial: Display: Missing cached shadermap for muted_exterior_planting_deepcopy_002 in VULKAN_SM6, Default, SM6, Game (DDC key hash: da2dbc7746d9efb92a744b17a842da8da4495097), compiling.
7096:LogMaterial: Display: Missing cached shadermap for walnut_counter_front_deepcopy_001 in VULKAN_SM6, Default, SM6, Game (DDC key hash: 47a35120b2eb23fd7f127e72c8ac4bdb2a06a4f3), compiling.
7097:LogMaterial: Display: Missing cached shadermap for warm_white_paper_cup_deepcopy_004 in VULKAN_SM6, Default, SM6, Game (DDC key hash: d87878a358492ded596add7d6fb894a0f4e4ad8a), compiling.
7098:LogMaterial: Display: Missing cached shadermap for brushed_stainless_steel_deepcopy_087 in VULKAN_SM6, Default, SM6, Game (DDC key hash: 295500742f2ee3e67702cac8bf4043c89164050e), compiling.
7099:LogMaterial: Display: Missing cached shadermap for brushed_stainless_steel_deepcopy_077 in VULKAN_SM6, Default, SM6, Game (DDC key hash: 587c4925e39d58e357ec17755e5fe8b9fa4140b6), compiling.
7100:LogMaterial: Display: Missing cached shadermap for wheat_bread_deepcopy_001 in VULKAN_SM6, Default, SM6, Game (DDC key hash: b88719ed7142082ae263597016e4cbe1d85bc390), compiling.
7101:LogMaterial: Display: Missing cached shadermap for off_white_paper_deepcopy_008 in VULKAN_SM6, Default, SM6, Game (DDC key hash: cdfb2fb9f85d50c3239b09a1df2b25933b621e0c), compiling.
7102:LogMaterial: Display: Missing cached shadermap for sealed_light_oak_tabletop_deepcopy in VULKAN_SM6, Default, SM6, Game (DDC key hash: 3f948e3f19bcb285502cfa01168b0051be5fe3e7), compiling.
7103:LogMaterial: Display: Missing cached shadermap for pale_daylight_sky_backdrop_deepcopy in VULKAN_SM6, Default, SM6, Game (DDC key hash: 92394676af39fb9ece89c5399a76b15bea2bb3ef), compiling.
7104:LogMaterial: Display: Missing cached shadermap for dark_stained_counter_front_deepcopy_002 in VULKAN_SM6, Default, SM6, Game (DDC key hash: 96a6893e5f3f2c5a5137cc33ed018d3c2d7eefc9), compiling.
7105:LogMaterial: Display: Missing cached shadermap for brushed_stainless_steel_deepcopy_040 in VULKAN_SM6, Default, SM6, Game (DDC key hash: be710b36e94e70bb706aa04280e61422da847ce8), compiling.
7106:LogMaterial: Display: Missing cached shadermap for brushed_stainless_steel_deepcopy_012 in VULKAN_SM6, Default, SM6, Game (DDC key hash: c95edad6170ef7d9da54799af5787acce807d7ad), compiling.
7107:LogMaterial: Display: Missing cached shadermap for satin_brushed_stainless_steel_deepcopy_095 in VULKAN_SM6, Default, SM6, Game (DDC key hash: 6030f46bd47621ac6cd0d28e1f94f71f1ad3675b), compiling.
7108:LogMaterial: Display: Missing cached shadermap for subtle_dark_grout_lines_deepcopy_006 in VULKAN_SM6, Default, SM6, Game (DDC key hash: e49e6c666be47eaee72f9b13dfcfda98d3dc5a4d), compiling.
7109:LogMaterial: Display: Missing cached shadermap for muted_exterior_planting_deepcopy in VULKAN_SM6, Default, SM6, Game (DDC key hash: 8c36b69504ddfe606abf5fede9b88b2b83d93745), compiling.
7110:LogMaterial: Display: Missing cached shadermap for warm_diffused_led_lens_deepcopy_005 in VULKAN_SM6, Default, SM6, Game (DDC key hash: cdf760b66f729416ec6841b04ad923fb3615f692), compiling.
7111:LogMaterial: Display: Missing cached shadermap for satin_brushed_stainless_steel_deepcopy_062 in VULKAN_SM6, Default, SM6, Game (DDC key hash: b3ac1e7d83efbb832bbedc8917798c06ec8a75ce), compiling.
7112:LogMaterial: Display: Missing cached shadermap for satin_brushed_stainless_steel_deepcopy_009 in VULKAN_SM6, Default, SM6, Game (DDC key hash: 891b5a46a75175caee1c2f796927109729a82e00), compiling.
7113:LogMaterial: Display: Missing cached shadermap for satin_brushed_stainless_steel_deepcopy_093 in VULKAN_SM6, Default, SM6, Game (DDC key hash: 3e7eecaa8b1175f983e018bb6d692e719f7fbbde), compiling.
7114:LogMaterial: Display: Missing cached shadermap for satin_brushed_stainless_steel_deepcopy_028 in VULKAN_SM6, Default, SM6, Game (DDC key hash: 4e87984e7af115a64c5e932ca9b7820c94ac8b30), compiling.
7115:LogMaterial: Display: Missing cached shadermap for desaturated_sage_polypropylene_chair_deepcopy_007 in VULKAN_SM6, Default, SM6, Game (DDC key hash: dd75c39c0a35f45c4d5932cccb228a67be2f0c95), compiling.
7116:LogMaterial: Display: Missing cached shadermap for gray_green_serving_tray_deepcopy_003 in VULKAN_SM6, Default, SM6, Game (DDC key hash: c0033bd2634a89e52f3ee70ab2cb2cdf5692ec2d), compiling.
7117:LogMaterial: Display: Missing cached shadermap for subtle_dark_grout_lines_deepcopy_008 in VULKAN_SM6, Default, SM6, Game (DDC key hash: a2910698cc64981bf337384ff7ea653a1f5631d1), compiling.
7118:LogMaterial: Display: Missing cached shadermap for matte_light_solid_surface_countertop_deepcopy_001 in VULKAN_SM6, Default, SM6, Game (DDC key hash: 0a41f5554dbc71c63af7a3bb6e9f8efc879300a3), compiling.
7119:LogMaterial: Display: Missing cached shadermap for satin_brushed_stainless_steel_deepcopy_067 in VULKAN_SM6, Default, SM6, Game (DDC key hash: 3a1b84d2e91543dcfbd6d1a923291ee4e9a87634), compiling.
7120:LogMaterial: Display: Missing cached shadermap for muted_blue_soda_can_deepcopy_005 in VULKAN_SM6, Default, SM6, Game (DDC key hash: 4a8adfba4c5fec65fea70e2d603a5bc400739868), compiling.
7121:LogMaterial: Display: Missing cached shadermap for desaturated_sage_polypropylene_chair_deepcopy_008 in VULKAN_SM6, Default, SM6, Game (DDC key hash: 4ca5ae6e05c3118af95eeb864cc3fe83c563d475), compiling.
7122:LogMaterial: Display: Missing cached shadermap for satin_brushed_stainless_steel_deepcopy_063 in VULKAN_SM6, Default, SM6, Game (DDC key hash: fff5f949053ede028cd6d8066017db3ff0ae6fd5), compiling.
7123:LogMaterial: Display: Missing cached shadermap for exterior_concrete_walk_and_planter_deepcopy in VULKAN_SM6, Default, SM6, Game (DDC key hash: 70dd0e3490b345a5af4fd317c9fb006824fcb0f8), compiling.
7124:LogMaterial: Display: Missing cached shadermap for sealed_natural_oak_tabletop_deepcopy_004 in VULKAN_SM6, Default, SM6, Game (DDC key hash: aabaab825732545ea41c39f8115b591a4fabd0d9), compiling.
7125:LogMaterial: Display: Missing cached shadermap for charcoal_polypropylene_chair_deepcopy_004 in VULKAN_SM6, Default, SM6, Game (DDC key hash: 52d572d08f0c7149e966a25b8945d3a96f136255), compiling.
7126:LogMaterial: Display: Missing cached shadermap for matte_large_format_gray_tile_deepcopy in VULKAN_SM6, Default, SM6, Game (DDC key hash: 21fb43c8133c5590f8af53a605893918d6c88376), compiling.
7127:LogMaterial: Display: Missing cached shadermap for muted_terracotta_polypropylene_chair_deepcopy_004 in VULKAN_SM6, Default, SM6, Game (DDC key hash: b806f61386f14125ef7b1feccfba1c2c3cd65725), compiling.
7128:LogMaterial: Display: Missing cached shadermap for warm_diffused_led_lens_deepcopy_003 in VULKAN_SM6, Default, SM6, Game (DDC key hash: ee448046a562fb06ed201c7ca7b12292f9775549), compiling.
7129:LogMaterial: Display: Missing cached shadermap for sealed_light_oak_tabletop_deepcopy_001 in VULKAN_SM6, Default, SM6, Game (DDC key hash: c3b59a0bb390d4cbfe322ff935ac26b712883993), compiling.
7130:LogMaterial: Display: Missing cached shadermap for brushed_stainless_steel_deepcopy_052 in VULKAN_SM6, Default, SM6, Game (DDC key hash: a71c52ed8ede24723dfc9a31c2cbe7381db2d9ef), compiling.
7131:LogMaterial: Display: Missing cached shadermap for red_molded_cafeteria_chair_deepcopy_001 in VULKAN_SM6, Default, SM6, Game (DDC key hash: f329a5dd3b12a93a7ad46e4814b6acedbd1bcc01), compiling.
7132:LogMaterial: Display: Missing cached shadermap for yellow_molded_cafeteria_chair_deepcopy_008 in VULKAN_SM6, Default, SM6, Game (DDC key hash: 4e85caa41448345a8bb96b498d52617c1934a463), compiling.
7133:LogMaterial: Display: Missing cached shadermap for satin_brushed_stainless_steel_deepcopy_048 in VULKAN_SM6, Default, SM6, Game (DDC key hash: 1f66ae9cdc939314c78770ac84c82fc55353ec3f), compiling.
7134:LogMaterial: Display: Missing cached shadermap for subtle_dark_grout_lines_deepcopy_009 in VULKAN_SM6, Default, SM6, Game (DDC key hash: 250c987dca30d10d7c78f016f9d24d5bb8f52832), compiling.
7135:LogMaterial: Display: Missing cached shadermap for desaturated_sage_polypropylene_chair_deepcopy_009 in VULKAN_SM6, Default, SM6, Game (DDC key hash: e7d4b529e6d3c5e8e30ca8fcf8cea4c359fbf3a3), compiling.
7136:LogMaterial: Display: Missing cached shadermap for muted_terracotta_polypropylene_chair_deepcopy_005 in VULKAN_SM6, Default, SM6, Game (DDC key hash: c400671b529ffc1b05b48435b452fc7bead07eda), compiling.
7137:LogMaterial: Display: Missing cached shadermap for soft_white_painted_drywall_deepcopy_004 in VULKAN_SM6, Default, SM6, Game (DDC key hash: f683c2ef4a6e9c049c773c77d8a271ee66232d6a), compiling.
7138:LogMaterial: Display: Missing cached shadermap for slightly_green_refrigerator_glass_deepcopy_002 in VULKAN_SM6, Default, SM6, Game (DDC key hash: 6ff5d780be481a8263e2b5400058c8aee2c5abf1), compiling.
7139:LogMaterial: Display: Missing cached shadermap for yellow_molded_cafeteria_chair_deepcopy_004 in VULKAN_SM6, Default, SM6, Game (DDC key hash: 33a0bf074212d77d474f71b2a73d3d300962b903), compiling.
7140:LogMaterial: Display: Missing cached shadermap for slightly_green_refrigerator_glass_deepcopy in VULKAN_SM6, Default, SM6, Game (DDC key hash: 13c7150fb2cc7e8ea8df0e7c2f613646e6830b0f), compiling.
7141:LogMaterial: Display: Missing cached shadermap for satin_brushed_stainless_steel_deepcopy_014 in VULKAN_SM6, Default, SM6, Game (DDC key hash: 2d2467bb50702d5347f0c40bf4dc7d67d0b9885b), compiling.
7142:LogMaterial: Display: Missing cached shadermap for white_paper_cup_deepcopy_004 in VULKAN_SM6, Default, SM6, Game (DDC key hash: 5ac0b974e8fcdfdcd76d4c5b7d213acf3ec767bb), compiling.
7143:LogMaterial: Display: Missing cached shadermap for blue_molded_cafeteria_chair_deepcopy_006 in VULKAN_SM6, Default, SM6, Game (DDC key hash: a27a8b2a6d5992f24a6bf9587a0ba430ba5110f7), compiling.
7144:LogMaterial: Display: Missing cached shadermap for red_molded_cafeteria_chair_deepcopy_006 in VULKAN_SM6, Default, SM6, Game (DDC key hash: 5f7b4c54a181b09f6761556bb90a68cfa187a480), compiling.
7145:LogMaterial: Display: Missing cached shadermap for red_molded_cafeteria_chair_deepcopy_008 in VULKAN_SM6, Default, SM6, Game (DDC key hash: 75b00f10afdb70f8a283de0162e32d163ffe35d4), compiling.
7146:LogMaterial: Display: Missing cached shadermap for dark_quarry_tile_insets_deepcopy_007 in VULKAN_SM6, Default, SM6, Game (DDC key hash: ecd98daa9e28f3845e0d0554a2bbae1d3c71626d), compiling.
7147:LogMaterial: Display: Missing cached shadermap for gray_green_serving_tray_deepcopy_002 in VULKAN_SM6, Default, SM6, Game (DDC key hash: c0181ef5b392854ad9bb45f084c2a222490ea511), compiling.
7148:LogMaterial: Display: Missing cached shadermap for pale_solid_surface_countertop_deepcopy_001 in VULKAN_SM6, Default, SM6, Game (DDC key hash: 1fee5c1c86bfe6389a0b4e43ac5b52c38802323b), compiling.
7149:LogMaterial: Display: Missing cached shadermap for gray_green_serving_tray_deepcopy_004 in VULKAN_SM6, Default, SM6, Game (DDC key hash: 4ea33436795f8b711ba8d26f3bcfe77e37c4595a), compiling.
7150:LogMaterial: Display: Missing cached shadermap for satin_brushed_stainless_steel_deepcopy_059 in VULKAN_SM6, Default, SM6, Game (DDC key hash: 76c3c5f8747f4898f4769c2759afd864572f0ae6), compiling.
7151:LogMaterial: Display: Missing cached shadermap for brushed_stainless_steel_deepcopy_073 in VULKAN_SM6, Default, SM6, Game (DDC key hash: d8741a9e705df71f44a59fc214709425f4f07427), compiling.
7152:LogMaterial: Display: Missing cached shadermap for green_serving_tray_deepcopy_003 in VULKAN_SM6, Default, SM6, Game (DDC key hash: 2693dc1b3d4f48c8d3096ab44fdf008d77aca6ec), compiling.
7153:LogMaterial: Display: Missing cached shadermap for satin_brushed_stainless_steel_deepcopy_053 in VULKAN_SM6, Default, SM6, Game (DDC key hash: 5c40ee41082f8ee94ea2347176697c0f0e5476aa), compiling.
7154:LogMaterial: Display: Missing cached shadermap for brushed_stainless_steel_deepcopy_069 in VULKAN_SM6, Default, SM6, Game (DDC key hash: f5133efc4e66730639e849d626dddfe698469f56), compiling.
7155:LogMaterial: Display: Missing cached shadermap for brushed_stainless_steel_deepcopy_067 in VULKAN_SM6, Default, SM6, Game (DDC key hash: 5cab3914e50a87a5f0902efe022755c673cb9e01), compiling.
7156:LogMaterial: Display: Missing cached shadermap for gray_green_serving_tray_deepcopy_006 in VULKAN_SM6, Default, SM6, Game (DDC key hash: d4d8ee466823802e637fdbdf03e8aea0a079f70f), compiling.
7157:LogMaterial: Display: Missing cached shadermap for clear_slightly_green_window_glass_deepcopy_002 in VULKAN_SM6, Default, SM6, Game (DDC key hash: 2e2e14bba2770ad6fb896df946c78e7e3570d097), compiling.
7158:LogMaterial: Display: Missing cached shadermap for satin_brushed_stainless_steel_deepcopy_073 in VULKAN_SM6, Default, SM6, Game (DDC key hash: 4fa7a26390e445da6e9c2edab77628207ffc5a72), compiling.
7159:LogMaterial: Display: Missing cached shadermap for warm_diffused_led_lens_deepcopy_002 in VULKAN_SM6, Default, SM6, Game (DDC key hash: a30abfa68f534249c38d17ed4c1933ed7870d2a3), compiling.
7160:LogMaterial: Display: Missing cached shadermap for satin_brushed_stainless_steel_deepcopy_052 in VULKAN_SM6, Default, SM6, Game (DDC key hash: 2cc513d5ae0ca5b43cec08a7b2eb2e3cae93e4f1), compiling.
7161:LogMaterial: Display: Missing cached shadermap for satin_brushed_stainless_steel_deepcopy_007 in VULKAN_SM6, Default, SM6, Game (DDC key hash: 5035eb3fc220715935a98da1492c15bebc131a0e), compiling.
7162:LogMaterial: Display: Missing cached shadermap for warm_white_paper_cup_deepcopy_002 in VULKAN_SM6, Default, SM6, Game (DDC key hash: bbd642e61149de74eab1cc602879335d3c3156b2), compiling.
10473:LogMaterial: Display: Missing cached shadermap for WallPaint01 in VULKAN_SM6, Default, SM6, Game (DDC key hash: def06e33a03c45424e43c0ea4fc65dc6249f13ad), compiling.
10474:LogMaterial: Display: Missing cached shadermap for MI_ClearCoat_Opaque_DS in VULKAN_SM6, Default, SM6, Game (DDC key hash: 08df76d67d453d14510bc93620f7b1a20741ed25), compiling.
10475:LogMaterial: Display: Missing cached shadermap for MI_SpecularGlossiness_Blend_DS in VULKAN_SM6, Default, SM6, Game (DDC key hash: d97e2e2853f16a1ec7357e700f499f62521c650b), compiling.
10476:LogMaterial: Display: Missing cached shadermap for MI_PrototypeGrid_TopDark in VULKAN_SM6, Default, SM6, Game (DDC key hash: e73126c15f414894c5942a8782d240275673acfe), compiling.
10477:LogMaterial: Display: Missing cached shadermap for MI_Unlit_Blend_DS in VULKAN_SM6, Default, SM6, Game (DDC key hash: c7fffd8614afa7ba5c8b745e60670d8f6aefdb8d), compiling.
10478:LogMaterial: Display: Missing cached shadermap for MI_Unlit_Mask_DS in VULKAN_SM6, Default, SM6, Game (DDC key hash: cf0dee9d8c0453ac889832c4cd3492cbe09ebc4f), compiling.
10479:LogMaterial: Display: Missing cached shadermap for M_PrototypeGrid in VULKAN_SM6, Default, SM6, Game (DDC key hash: b3588d4e881e87ec2b3c11ce316c27f2500b448d), compiling.
10480:LogMaterial: Display: Missing cached shadermap for M_Unlit in VULKAN_SM6, Default, SM6, Game (DDC key hash: 9e8ad5e31ed929c822732b5113360044021839fb), compiling.
10481:LogMaterial: Display: Missing cached shadermap for M_Mannequin in VULKAN_SM6, Default, SM6, Game (DDC key hash: 8b6138778e523f4f1aacdba92c59ba0a9ed2d932), compiling.
10482:LogMaterial: Display: Missing cached shadermap for MI_OffroadCar_Main in VULKAN_SM6, Default, SM6, Game (DDC key hash: 582c5f142cfc1c22bffacdb333a2fd4712d01845), compiling.
10483:LogMaterial: Display: Missing cached shadermap for M_ColorGrid in VULKAN_SM6, Default, SM6, Game (DDC key hash: 824b071ae06754794f48e4994c07c4f3099552ce), compiling.
10484:LogMaterial: Display: Missing cached shadermap for M_Sky_Panning_Clouds2 in VULKAN_SM6, Default, SM6, Game (DDC key hash: 6acd56b7b8487b6cbdc92929173665f16e49e3db), compiling.
10485:LogMaterial: Display: Missing cached shadermap for AntiAliasedTextMaterialTranslucent in VULKAN_SM6, Default, SM6, Game (DDC key hash: d182b4b4d167269268ab34eceb81658f1443f265), compiling.
10486:LogMaterial: Display: Missing cached shadermap for M_LocalPositionMultipliedByObjectScale in VULKAN_SM6, Default, SM6, Game (DDC key hash: c2e52abee68639675d292405a36b5cdffb98bdaf), compiling.
10487:LogMaterial: Display: Missing cached shadermap for M_HDRI_Projection in VULKAN_SM6, Default, SM6, Game (DDC key hash: c5a521d3ece6ccf012f337f1adc0f48e2ba8b9bb), compiling.
10488:LogMaterial: Display: Missing cached shadermap for brushed_stainless_steel_deepcopy_055 in VULKAN_SM6, Default, SM6, Game (DDC key hash: f8c0d4a50feacf9163bfc7bfd48e284d9b67ed2d), compiling.
10489:LogMaterial: Display: Missing cached shadermap for slightly_green_refrigerator_glass_deepcopy_005 in VULKAN_SM6, Default, SM6, Game (DDC key hash: fc97ad8ea0fde2444dfce62b3ecae671ba23b221), compiling.
10490:LogMaterial: Display: Missing cached shadermap for white_paper_cup_deepcopy_001 in VULKAN_SM6, Default, SM6, Game (DDC key hash: 5fb5e43690c49995b4f2d548ef4f5d0401ab8a29), compiling.
10491:LogMaterial: Display: Missing cached shadermap for blue_molded_cafeteria_chair_deepcopy_010 in VULKAN_SM6, Default, SM6, Game (DDC key hash: e1434da42526f825af5972e3bb94c9392214d29b), compiling.
10492:LogMaterial: Display: Missing cached shadermap for shader_wood_253_deepcopy in VULKAN_SM6, Default, SM6, Game (DDC key hash: f870321dd88887696fd4dacb7d9ea19aea1466e9), compiling.
10493:LogMaterial: Display: Missing cached shadermap for satin_brushed_stainless_steel_deepcopy_008 in VULKAN_SM6, Default, SM6, Game (DDC key hash: 32f6fa214cf019de7b51ed9dc52c734b28315c16), compiling.
10494:LogMaterial: Display: Missing cached shadermap for shader_invisible_001_deepcopy in VULKAN_SM6, Default, SM6, Game (DDC key hash: 6bb792b23d84966cc6e77f610720433c96cd740a), compiling.
10495:LogMaterial: Display: Missing cached shadermap for shader_plaster_014_deepcopy in VULKAN_SM6, Default, SM6, Game (DDC key hash: e6447ca7abe5b51b3231eda0d05aec5253748ae4), compiling.
10496:LogMaterial: Display: Missing cached shadermap for charcoal_polypropylene_chair_deepcopy_010 in VULKAN_SM6, Default, SM6, Game (DDC key hash: b9026a6420ce839f38089127e9ed6e4036346f31), compiling.
10849:LogMaterial: Display: Missing cached shadermap for shader_glass_volume_002_deepcopy in VULKAN_SM6, Default, SM6, Game (DDC key hash: 4528fcc6409f951641ba2e7e77ec02f6d1dd8291), compiling.
10901:LogMaterial: Display: Missing cached shadermap for muted_red_soda_can_deepcopy_003 in VULKAN_SM6, Default, SM6, Game (DDC key hash: d05f267d0b8d971184facfc8aade9c2b298ef63f), compiling.
10902:LogMaterial: Display: Missing cached shadermap for brushed_stainless_steel_deepcopy_043 in VULKAN_SM6, Default, SM6, Game (DDC key hash: f71d77664953109cdff98ad2246bd0718e7eff09), compiling.
10903:LogMaterial: Display: Missing cached shadermap for shader_spots_sparse_attr_002_deepcopy in VULKAN_SM6, Default, SM6, Game (DDC key hash: 58b3d5ce37ad77d39fbda38361d46a12882b9d12), compiling.
10904:LogMaterial: Display: Missing cached shadermap for dark_stained_counter_front_deepcopy_001 in VULKAN_SM6, Default, SM6, Game (DDC key hash: 2b2b14271e6121ca823fee8483028e40eca92713), compiling.
10905:LogMaterial: Display: Missing cached shadermap for shader_plaster_032_deepcopy in VULKAN_SM6, Default, SM6, Game (DDC key hash: ee0d00384e114ad9c13cb1049555f29822adc8a0), compiling.
10906:LogMaterial: Display: Missing cached shadermap for off_white_paper_label_deepcopy_006 in VULKAN_SM6, Default, SM6, Game (DDC key hash: 1e18e408b65c8535e9fbc1e31c13f42cfd27f007), compiling.
10907:LogMaterial: Display: Missing cached shadermap for muted_red_soda_can_deepcopy_001 in VULKAN_SM6, Default, SM6, Game (DDC key hash: 6575481a290dd9b64230f05cf1539945229592cd), compiling.
10908:LogMaterial: Display: Missing cached shadermap for brushed_stainless_steel_deepcopy_002 in VULKAN_SM6, Default, SM6, Game (DDC key hash: 0764169a0c3bddf4aed51a83e5ac2a3857fb9c06), compiling.
10909:LogMaterial: Display: Missing cached shadermap for shader_plaster_047_deepcopy in VULKAN_SM6, Default, SM6, Game (DDC key hash: e269c0023009aa81a8f04361f40378e586542b3c), compiling.
10910:LogMaterial: Display: Missing cached shadermap for shader_brushed_black_metal_023_deepcopy_001 in VULKAN_SM6, Default, SM6, Game (DDC key hash: 389ff974242c8870ee49bdfa4e65103c41271b3b), compiling.
10911:LogMaterial: Display: Missing cached shadermap for shader_text_070_deepcopy in VULKAN_SM6, Default, SM6, Game (DDC key hash: f38d3b877a6bb69e91d1e51d7dca985972c607e9), compiling.
10912:LogMaterial: Display: Missing cached shadermap for shader_tongue_deepcopy in VULKAN_SM6, Default, SM6, Game (DDC key hash: cf75928ec6964b5a41dc993285ef84229f48ff2e), compiling.
10913:LogMaterial: Display: Missing cached shadermap for shader_plaster_038_deepcopy in VULKAN_SM6, Default, SM6, Game (DDC key hash: 0b3c1967f113889b49cddc6eebde75f6afd436dc), compiling.
10914:LogMaterial: Display: Missing cached shadermap for shader_rough_plastic_107_deepcopy in VULKAN_SM6, Default, SM6, Game (DDC key hash: e18ce6038b15e21a3806e01884fd2de18ddf0251), compiling.
10915:LogMaterial: Display: Missing cached shadermap for shader_plaster_029_deepcopy in VULKAN_SM6, Default, SM6, Game (DDC key hash: 45970785e74a097b5450e35a0a8d16aaefcb8899), compiling.
10916:LogMaterial: Display: Missing cached shadermap for brushed_stainless_steel_deepcopy_029 in VULKAN_SM6, Default, SM6, Game (DDC key hash: c1169e46aba61ce4673a8b5c9dee859234dc0031), compiling.
10917:LogMaterial: Display: Missing cached shadermap for blue_molded_cafeteria_chair_deepcopy_007 in VULKAN_SM6, Default, SM6, Game (DDC key hash: 4514e034bd1bed3712fa3ff0c2b47eb342bceed9), compiling.
10918:LogMaterial: Display: Missing cached shadermap for dark_quarry_tile_insets_deepcopy_012 in VULKAN_SM6, Default, SM6, Game (DDC key hash: ea8d9dedc68b6863034fc90e4a62e400ffb2bc63), compiling.
10919:LogMaterial: Display: Missing cached shadermap for shader_plaster_025_deepcopy in VULKAN_SM6, Default, SM6, Game (DDC key hash: 470af94290d29b8140d637ad4d58b82937ba1cd6), compiling.
10920:LogMaterial: Display: Missing cached shadermap for shader_shelves_white_078_deepcopy in VULKAN_SM6, Default, SM6, Game (DDC key hash: 40984faa30896f4353503e8aa0e964e08b1df9d4), compiling.
10921:LogMaterial: Display: Missing cached shadermap for shader_shelves_wood_z_012_deepcopy in VULKAN_SM6, Default, SM6, Game (DDC key hash: 794cc5612f95de01d8030e342d466646bdc5013f), compiling.
10922:LogMaterial: Display: Missing cached shadermap for brushed_stainless_steel_deepcopy_046 in VULKAN_SM6, Default, SM6, Game (DDC key hash: 26d5ea1261298661e806fd81a40888651b957a84), compiling.
10923:LogMaterial: Display: Missing cached shadermap for desaturated_sage_polypropylene_chair_deepcopy_010 in VULKAN_SM6, Default, SM6, Game (DDC key hash: 25112d9db0fced7ac9ee7a975a126bf90de5f90e), compiling.
10924:LogMaterial: Display: Missing cached shadermap for red_molded_cafeteria_chair_deepcopy_003 in VULKAN_SM6, Default, SM6, Game (DDC key hash: 51e49600daa4d3b7b36a56366c95cc1e4009fd08), compiling.
10925:LogMaterial: Display: Missing cached shadermap for brushed_stainless_steel_deepcopy_009 in VULKAN_SM6, Default, SM6, Game (DDC key hash: 836adcd57af1aa2d4fb0130aca06ea67b1103de8), compiling.
10926:LogMaterial: Display: Missing cached shadermap for off_white_paper in VULKAN_SM6, Default, SM6, Game (DDC key hash: 9c2fac00a324ca0dff5c2f9bfadc60ff57520f68), compiling.
10927:LogMaterial: Display: Missing cached shadermap for charcoal_polypropylene_chair_deepcopy in VULKAN_SM6, Default, SM6, Game (DDC key hash: b7106622ae83d087cc6bc4e072382c890e9ecf08), compiling.
10928:LogMaterial: Display: Missing cached shadermap for muted_red_soda_can_deepcopy_004 in VULKAN_SM6, Default, SM6, Game (DDC key hash: dc6a519dcdac3ac388af3e3c45dfedc159055d5b), compiling.
10929:LogMaterial: Display: Missing cached shadermap for muted_blue_soda_can_deepcopy_003 in VULKAN_SM6, Default, SM6, Game (DDC key hash: e0a73e74f5b08d2a2d21030dc37f1fe4714f26b3), compiling.
10930:LogMaterial: Display: Missing cached shadermap for matte_light_solid_surface_countertop_deepcopy in VULKAN_SM6, Default, SM6, Game (DDC key hash: b74bcf0fbec26ea3de178c79062198122a5f43a0), compiling.
10931:LogMaterial: Display: Missing cached shadermap for clear_slightly_green_window_glass_deepcopy in VULKAN_SM6, Default, SM6, Game (DDC key hash: 9b2bfdcffb3bf9c0981d27aff23be9142da557f2), compiling.
10932:LogMaterial: Display: Missing cached shadermap for subtle_dark_grout_lines_deepcopy_003 in VULKAN_SM6, Default, SM6, Game (DDC key hash: b7e998ad9c968fed45e48096a56bd5a4aaf2254b), compiling.
10933:LogMaterial: Display: Missing cached shadermap for muted_terracotta_polypropylene_chair_deepcopy_006 in VULKAN_SM6, Default, SM6, Game (DDC key hash: 63821f39254d744e5aae235ddb6e3e6c426460a6), compiling.
10934:LogMaterial: Display: Missing cached shadermap for charcoal_polypropylene_chair_deepcopy_001 in VULKAN_SM6, Default, SM6, Game (DDC key hash: 05dfb345a897cfe3b1dabd16ff75a55af08a07d6), compiling.
10935:LogMaterial: Display: Missing cached shadermap for brushed_stainless_steel_deepcopy_031 in VULKAN_SM6, Default, SM6, Game (DDC key hash: 6cde64e0d511b97d25224cd25a980d7e6ab6ef5e), compiling.
10936:LogMaterial: Display: Missing cached shadermap for satin_brushed_stainless_steel_deepcopy_070 in VULKAN_SM6, Default, SM6, Game (DDC key hash: c581f6d960a2044ace3ea39e1c9df7b3b92f4c3c), compiling.
10937:LogMaterial: Display: Missing cached shadermap for muted_red_soda_can_deepcopy_005 in VULKAN_SM6, Default, SM6, Game (DDC key hash: 6db42be0dd7624922375935e092633ca16af3fa1), compiling.
10938:LogMaterial: Display: Missing cached shadermap for brushed_stainless_steel_deepcopy_008 in VULKAN_SM6, Default, SM6, Game (DDC key hash: 4d5237f52afda287fd5e755c44acdb3472540695), compiling.
10939:LogMaterial: Display: Missing cached shadermap for muted_blue_soda_can_deepcopy_004 in VULKAN_SM6, Default, SM6, Game (DDC key hash: c3f2e34d7f733496474dac41dceb8712ef39674e), compiling.
10940:LogMaterial: Display: Missing cached shadermap for satin_brushed_stainless_steel_deepcopy_057 in VULKAN_SM6, Default, SM6, Game (DDC key hash: 11b76408c757fa8cf5b3c57565f8a38f6d809c67), compiling.
10941:LogMaterial: Display: Missing cached shadermap for satin_brushed_stainless_steel_deepcopy_088 in VULKAN_SM6, Default, SM6, Game (DDC key hash: b09b6b85de91bad73e5770afb4611c6929e0c8ac), compiling.
10942:LogMaterial: Display: Missing cached shadermap for sealed_natural_oak_tabletop_deepcopy_002 in VULKAN_SM6, Default, SM6, Game (DDC key hash: 30a82ea8546e1f80745dbc22153b95a71284657f), compiling.
10943:LogMaterial: Display: Missing cached shadermap for wheat_bread_deepcopy_003 in VULKAN_SM6, Default, SM6, Game (DDC key hash: 9cdd22edb2fdaaabf4e3aff74cfd2f19824c48fb), compiling.
10944:LogMaterial: Display: Missing cached shadermap for brushed_stainless_steel_deepcopy_068 in VULKAN_SM6, Default, SM6, Game (DDC key hash: 5746350a872fa4dc7494c65d50954041ba5cff12), compiling.
10945:LogMaterial: Display: Missing cached shadermap for apple_red_deepcopy_001 in VULKAN_SM6, Default, SM6, Game (DDC key hash: d9b06808768dfea84f42af37287ec02a2bc58646), compiling.
10946:LogMaterial: Display: Missing cached shadermap for satin_brushed_stainless_steel_deepcopy_046 in VULKAN_SM6, Default, SM6, Game (DDC key hash: 5879e529026541ab9b9f0aa4dccddc3bd1797a06), compiling.
10947:LogMaterial: Display: Missing cached shadermap for pale_solid_surface_countertop_deepcopy in VULKAN_SM6, Default, SM6, Game (DDC key hash: 484b29c52c22b5fafd122971f6386aeb1331bdab), compiling.
10948:LogMaterial: Display: Missing cached shadermap for slightly_green_refrigerator_glass_deepcopy_003 in VULKAN_SM6, Default, SM6, Game (DDC key hash: 94ecfa1e0b67b4bae9c1e70410fa99e8b64efd2b), compiling.
10949:LogMaterial: Display: Missing cached shadermap for satin_brushed_stainless_steel_deepcopy_002 in VULKAN_SM6, Default, SM6, Game (DDC key hash: c371faffeab634045e9d6af217d50c7945866d2c), compiling.
10950:LogMaterial: Display: Missing cached shadermap for sealed_light_oak_tabletop_deepcopy_004 in VULKAN_SM6, Default, SM6, Game (DDC key hash: d1e26887a52c72171153863e650d4e75a5ee745f), compiling.
10951:LogMaterial: Display: Missing cached shadermap for red_soda_can_deepcopy_005 in VULKAN_SM6, Default, SM6, Game (DDC key hash: ac94cd85bd433ce359ee13c8cde309ef0bfefe0d), compiling.
10952:LogMaterial: Display: Missing cached shadermap for satin_brushed_stainless_steel_deepcopy_094 in VULKAN_SM6, Default, SM6, Game (DDC key hash: c81dcb024e82bf993cf24c27624ce91774248efb), compiling.
10953:LogMaterial: Display: Missing cached shadermap for gray_green_serving_tray_deepcopy_001 in VULKAN_SM6, Default, SM6, Game (DDC key hash: c3743fbc3201bde51f880ede8258bc6425b76433), compiling.
10954:LogMaterial: Display: Missing cached shadermap for satin_brushed_stainless_steel_deepcopy_005 in VULKAN_SM6, Default, SM6, Game (DDC key hash: 7e8562c9dead9c1a2c34c475f16a759d28f71647), compiling.
10955:LogMaterial: Display: Missing cached shadermap for blue_soda_can_deepcopy in VULKAN_SM6, Default, SM6, Game (DDC key hash: 052c992a2dd02caca5a373dfb15558623b219e91), compiling.
10956:LogMaterial: Display: Missing cached shadermap for satin_brushed_stainless_steel_deepcopy_015 in VULKAN_SM6, Default, SM6, Game (DDC key hash: 57ee40814614e72ef7dc4bde7f2fbaf6fbbc754d), compiling.
10957:LogMaterial: Display: Missing cached shadermap for satin_brushed_stainless_steel_deepcopy_078 in VULKAN_SM6, Default, SM6, Game (DDC key hash: 84785c71da81f9f406223c39cff98d2ae95a388a), compiling.
10958:LogMaterial: Display: Missing cached shadermap for green_serving_tray_deepcopy_005 in VULKAN_SM6, Default, SM6, Game (DDC key hash: 7b4b6b48b875bedc310d3c9ead67eab6e0076092), compiling.
10959:LogMaterial: Display: Missing cached shadermap for muted_red_soda_can_deepcopy in VULKAN_SM6, Default, SM6, Game (DDC key hash: fd454174696b38e9571542dc6855c302edf34f20), compiling.
10960:LogMaterial: Display: Missing cached shadermap for brushed_stainless_steel_deepcopy_013 in VULKAN_SM6, Default, SM6, Game (DDC key hash: c6a913d1a9fe36077b169ae59d0eedc9722cbe21), compiling.
10961:LogMaterial: Display: Missing cached shadermap for brushed_stainless_steel_deepcopy_061 in VULKAN_SM6, Default, SM6, Game (DDC key hash: d214b82747a1c11010092a77c4985abb99d34d47), compiling.
10962:LogMaterial: Display: Missing cached shadermap for sandwich_bread_deepcopy_001 in VULKAN_SM6, Default, SM6, Game (DDC key hash: 705a09bd0645e640d4eb59ad70784149899be5dc), compiling.
10963:LogMaterial: Display: Missing cached shadermap for green_serving_tray_deepcopy_002 in VULKAN_SM6, Default, SM6, Game (DDC key hash: 866c6a11a2fccb344e900b5965b4907a54995ba1), compiling.
10964:LogMaterial: Display: Missing cached shadermap for yellow_molded_cafeteria_chair_deepcopy_001 in VULKAN_SM6, Default, SM6, Game (DDC key hash: 4a6251cda5a34436323337f8c9af128c48d74c58), compiling.
10965:LogMaterial: Display: Missing cached shadermap for brushed_stainless_steel_deepcopy_086 in VULKAN_SM6, Default, SM6, Game (DDC key hash: ac2a2d7398de2afc2536cf289db0077fd9724394), compiling.
10966:LogMaterial: Display: Missing cached shadermap for apple_red_deepcopy in VULKAN_SM6, Default, SM6, Game (DDC key hash: 014b9e4a48fc937329128c185fcd7c2a6211becc), compiling.
10967:LogMaterial: Display: Missing cached shadermap for brushed_stainless_steel_deepcopy_072 in VULKAN_SM6, Default, SM6, Game (DDC key hash: 6512f55041481a74ca4c189b579e9a2e23b59f55), compiling.
10968:LogMaterial: Display: Missing cached shadermap for brushed_stainless_steel_deepcopy_006 in VULKAN_SM6, Default, SM6, Game (DDC key hash: 103ab47ac6427da24d068370d6c4f1ae18b6cc4e), compiling.
10969:LogMaterial: Display: Missing cached shadermap for blue_molded_cafeteria_chair_deepcopy_004 in VULKAN_SM6, Default, SM6, Game (DDC key hash: 5d9f3c4210f682c1752022e30ca1396a953bf0c2), compiling.
10970:LogMaterial: Display: Missing cached shadermap for blue_molded_cafeteria_chair_deepcopy in VULKAN_SM6, Default, SM6, Game (DDC key hash: eea1ea4d99717ec7def98a5f972e631e60136aee), compiling.
10971:LogMaterial: Display: Missing cached shadermap for brushed_stainless_steel_deepcopy_084 in VULKAN_SM6, Default, SM6, Game (DDC key hash: 0e7309909f6bc82cb2a8141fe5995d98452dd495), compiling.
10972:LogMaterial: Display: Missing cached shadermap for satin_brushed_stainless_steel_deepcopy_071 in VULKAN_SM6, Default, SM6, Game (DDC key hash: 6449390bb75f29937443c69dac5917aa0f0a381f), compiling.
10973:LogMaterial: Display: Missing cached shadermap for brushed_stainless_steel_deepcopy_056 in VULKAN_SM6, Default, SM6, Game (DDC key hash: c79ba6f2145c1b8ddf9d8443ded9bdb3f3bef1ab), compiling.
10974:LogMaterial: Display: Missing cached shadermap for satin_brushed_stainless_steel_deepcopy_017 in VULKAN_SM6, Default, SM6, Game (DDC key hash: 56e98cbd5629d1d9068c2edb1540664b60e95d8b), compiling.
10975:LogMaterial: Display: Missing cached shadermap for satin_brushed_stainless_steel_deepcopy_054 in VULKAN_SM6, Default, SM6, Game (DDC key hash: b9d6ae6369b01e453b0ee9af0bb780a7cff2a298), compiling.
10976:LogMaterial: Display: Missing cached shadermap for warm_led_panel_glow_1_deepcopy in VULKAN_SM6, Default, SM6, Game (DDC key hash: d7d480c78b015e74f9343e81b8418325c2b5306f), compiling.
10977:LogMaterial: Display: Missing cached shadermap for white_paper_cup_deepcopy_007 in VULKAN_SM6, Default, SM6, Game (DDC key hash: 1d85530e28bf896f370d9c13fcc86f56254ac7f6), compiling.
10978:LogMaterial: Display: Missing cached shadermap for red_molded_cafeteria_chair_deepcopy in VULKAN_SM6, Default, SM6, Game (DDC key hash: ff1425a14cb7e4daafed4946d57888812fae8893), compiling.
10979:LogMaterial: Display: Missing cached shadermap for dark_quarry_tile_insets_deepcopy_010 in VULKAN_SM6, Default, SM6, Game (DDC key hash: 598072271da2fd7128cee047236f2b6ca906e81e), compiling.
10980:LogMaterial: Display: Missing cached shadermap for brushed_stainless_steel_deepcopy_060 in VULKAN_SM6, Default, SM6, Game (DDC key hash: bd0f84540dc66cf446224aa8ed9d05a66c4b82e2), compiling.
10981:LogMaterial: Display: Missing cached shadermap for dark_quarry_tile_insets_deepcopy_004 in VULKAN_SM6, Default, SM6, Game (DDC key hash: 1f27a0ae39ef6073c6ef88478658334a91a05ed6), compiling.
10982:LogMaterial: Display: Missing cached shadermap for dark_quarry_tile_insets_deepcopy_006 in VULKAN_SM6, Default, SM6, Game (DDC key hash: 7d31a2fb7a606158b9f9b108e122e2dab110dc53), compiling.
10983:LogMaterial: Display: Missing cached shadermap for satin_brushed_stainless_steel_deepcopy_089 in VULKAN_SM6, Default, SM6, Game (DDC key hash: 9ea0ccd7d10d91080ce9de4ac6056c1e15d6c88b), compiling.
10984:LogMaterial: Display: Missing cached shadermap for brushed_stainless_steel_deepcopy_085 in VULKAN_SM6, Default, SM6, Game (DDC key hash: 6ea600224e723e83f3fb3020f3db73d8da299c17), compiling.
10985:LogMaterial: Display: Missing cached shadermap for brushed_stainless_steel_deepcopy_081 in VULKAN_SM6, Default, SM6, Game (DDC key hash: 4b90bae7163f1b0cd124a1beac38fd34dfbe344f), compiling.
10986:LogMaterial: Display: Missing cached shadermap for satin_brushed_stainless_steel_deepcopy_074 in VULKAN_SM6, Default, SM6, Game (DDC key hash: 93ef0d69790e9d62763e37d46ad12bcbead1d0ac), compiling.
10987:LogMaterial: Display: Missing cached shadermap for dark_quarry_tile_insets_deepcopy_005 in VULKAN_SM6, Default, SM6, Game (DDC key hash: a0174ea2c2a4a971841c21336b48877bb376e587), compiling.
10988:LogMaterial: Display: Missing cached shadermap for satin_brushed_stainless_steel_deepcopy_044 in VULKAN_SM6, Default, SM6, Game (DDC key hash: 9bb518829e1bc18739344ef14d3a885d6fcffc1b), compiling.
10989:LogMaterial: Display: Missing cached shadermap for off_white_paper_deepcopy_006 in VULKAN_SM6, Default, SM6, Game (DDC key hash: 9028cd607ddb4371254485b5d429b7ffd8b5f33d), compiling.
10990:LogMaterial: Display: Missing cached shadermap for shader_plaster_045_deepcopy in VULKAN_SM6, Default, SM6, Game (DDC key hash: 696a8092fb9da7667f40e6dd066358a4d9129ff2), compiling.
10991:LogMaterial: Display: Missing cached shadermap for shader_tongue_002_deepcopy in VULKAN_SM6, Default, SM6, Game (DDC key hash: 151f5452e9c089b4126a36db6ddb68d21c8ed275), compiling.
10992:LogMaterial: Display: Missing cached shadermap for brushed_stainless_steel_deepcopy_007 in VULKAN_SM6, Default, SM6, Game (DDC key hash: 063fa84062bd2bf444a017fb7c70e60650dc7af4), compiling.
10993:LogMaterial: Display: Missing cached shadermap for brushed_stainless_steel_deepcopy_033 in VULKAN_SM6, Default, SM6, Game (DDC key hash: 730c3ffb7f3de2ac32da47a0204f2919259c84d6), compiling.
10994:LogMaterial: Display: Missing cached shadermap for brushed_stainless_steel_deepcopy_041 in VULKAN_SM6, Default, SM6, Game (DDC key hash: 1f6a4ea781ef303bc9e4d95533bcc38c1ecaec64), compiling.
10995:LogMaterial: Display: Missing cached shadermap for slightly_green_refrigerator_glass_deepcopy_006 in VULKAN_SM6, Default, SM6, Game (DDC key hash: b4463ea48ed1ef9c548b16e81c88d64b2cc2bff9), compiling.
10996:LogMaterial: Display: Missing cached shadermap for red_molded_cafeteria_chair_deepcopy_011 in VULKAN_SM6, Default, SM6, Game (DDC key hash: 71df4068d9df015f0727e4973bad781d02ba9581), compiling.
10997:LogMaterial: Display: Missing cached shadermap for brushed_stainless_steel_deepcopy_048 in VULKAN_SM6, Default, SM6, Game (DDC key hash: 1c82088133942d5adf88693d8bf3f3538805449e), compiling.
10998:LogMaterial: Display: Missing cached shadermap for shader_rough_plastic_107_deepcopy_001 in VULKAN_SM6, Default, SM6, Game (DDC key hash: ad731368ace56b12cde198d6567eabcd88f46f36), compiling.
10999:LogMaterial: Display: Missing cached shadermap for brushed_stainless_steel_deepcopy_026 in VULKAN_SM6, Default, SM6, Game (DDC key hash: 0c8e90e805f5c1d09cf26e8227a6643f0788c37b), compiling.
11000:LogMaterial: Display: Missing cached shadermap for brushed_stainless_steel_deepcopy_036 in VULKAN_SM6, Default, SM6, Game (DDC key hash: 3c6c5d2ac0cf87e166973448c2227a8db281724a), compiling.
11001:LogMaterial: Display: Missing cached shadermap for brushed_stainless_steel_deepcopy_076 in VULKAN_SM6, Default, SM6, Game (DDC key hash: ca71b9bf9cf772d518f4b2573315b08938ea9317), compiling.
11002:LogMaterial: Display: Missing cached shadermap for green_serving_tray_deepcopy in VULKAN_SM6, Default, SM6, Game (DDC key hash: 0ab53995a8ba3d5352a54119be952c68b0817bce), compiling.
11003:LogMaterial: Display: Missing cached shadermap for shader_wood_251_deepcopy in VULKAN_SM6, Default, SM6, Game (DDC key hash: 8b0210384fb8124492e752848f5f4a85667d046a), compiling.
11004:LogMaterial: Display: Missing cached shadermap for warm_led_panel_glow_2_deepcopy in VULKAN_SM6, Default, SM6, Game (DDC key hash: bb8091d9f4e19ac668ee8c3590e068eac74a24fd), compiling.
11005:LogMaterial: Display: Missing cached shadermap for walnut_counter_front_deepcopy in VULKAN_SM6, Default, SM6, Game (DDC key hash: f89f8a53585268490030601833018a8d1e19ae9c), compiling.
11006:LogMaterial: Display: Missing cached shadermap for brushed_stainless_steel_deepcopy_092 in VULKAN_SM6, Default, SM6, Game (DDC key hash: 97a5decda244d2d5b852eaae7168c33f1d19e642), compiling.
11007:LogMaterial: Display: Missing cached shadermap for shader_text_096_deepcopy in VULKAN_SM6, Default, SM6, Game (DDC key hash: 38f754a315de33d09ad291fa53f95ed99f889035), compiling.
11008:LogMaterial: Display: Missing cached shadermap for shader_brushed_black_metal_021_deepcopy_001 in VULKAN_SM6, Default, SM6, Game (DDC key hash: e3ee387bd6c0ea5df5f42af393facf7d4b2c866a), compiling.
11009:LogMaterial: Display: Missing cached shadermap for shader_window_glass_004_deepcopy in VULKAN_SM6, Default, SM6, Game (DDC key hash: 3810c5afc6391041ab5b4880afa2c306eccb3a0d), compiling.
11010:LogMaterial: Display: Missing cached shadermap for shader_invisible_001_deepcopy_002 in VULKAN_SM6, Default, SM6, Game (DDC key hash: ea4f0a2fc7f5ab4074115dde9f3ee49b58afe792), compiling.
11011:LogMaterial: Display: Missing cached shadermap for shader_bone_shader_rectangle_tile_tile_deepcopy in VULKAN_SM6, Default, SM6, Game (DDC key hash: 7e6ff3810c5b318529eb3efa8674290aff534407), compiling.
11012:LogMaterial: Display: Missing cached shadermap for shader_plaster_016_deepcopy in VULKAN_SM6, Default, SM6, Game (DDC key hash: 5373515896f0395063dadc3cfbd4576d08f4edd5), compiling.
11013:LogMaterial: Display: Missing cached shadermap for shader_window_glass_012_deepcopy in VULKAN_SM6, Default, SM6, Game (DDC key hash: daeeeaa6fab6ce7694d2dc30260bbc1818d02829), compiling.
11014:LogMaterial: Display: Missing cached shadermap for shader_rough_plastic_108_deepcopy_001 in VULKAN_SM6, Default, SM6, Game (DDC key hash: 4898771b183dfaaded0b84c8d077f1707ee3d5bb), compiling.
11015:LogMaterial: Display: Missing cached shadermap for brushed_stainless_steel_deepcopy_037 in VULKAN_SM6, Default, SM6, Game (DDC key hash: 48c8865730ae8617b41c0c993d3ad531b2da2336), compiling.
11016:LogMaterial: Display: Missing cached shadermap for orange_peel_deepcopy in VULKAN_SM6, Default, SM6, Game (DDC key hash: 06bd35ae358431ba711f8087e74e36ae89bd1c6c), compiling.
11017:LogMaterial: Display: Missing cached shadermap for brushed_stainless_steel_deepcopy_004 in VULKAN_SM6, Default, SM6, Game (DDC key hash: 62fb9be0c8d2060a66f80546e8f3e131f6f8d43a), compiling.
11018:LogMaterial: Display: Missing cached shadermap for shader_brushed_black_metal_deepcopy in VULKAN_SM6, Default, SM6, Game (DDC key hash: eecc104f07a0ea7dcf00a8c792d797782b813bde), compiling.
11019:LogMaterial: Display: Missing cached shadermap for shader_mollusk_001_deepcopy in VULKAN_SM6, Default, SM6, Game (DDC key hash: 839f8b752bbddd63732b86e97f44045a8c0a173f), compiling.
11020:LogMaterial: Display: Missing cached shadermap for shader_text_068_deepcopy in VULKAN_SM6, Default, SM6, Game (DDC key hash: ce2478be2734347af5c21e890153e9a2141c9617), compiling.
11021:LogMaterial: Display: Missing cached shadermap for brushed_stainless_steel_deepcopy_057 in VULKAN_SM6, Default, SM6, Game (DDC key hash: 4c1ebd4198bca166d122f629afeacef25ee64e2e), compiling.
11022:LogMaterial: Display: Missing cached shadermap for dark_coffee_liquid_deepcopy in VULKAN_SM6, Default, SM6, Game (DDC key hash: e41ad73783e6804e090caf87b918e55445ce4d11), compiling.
11023:LogMaterial: Display: Missing cached shadermap for brushed_stainless_steel_deepcopy_010 in VULKAN_SM6, Default, SM6, Game (DDC key hash: c4ee9f2b4ad8c4c0edaafee802afb61a979e0d56), compiling.
11024:LogMaterial: Display: Missing cached shadermap for shader_wood_shader_crossed_tile_tile_deepcopy in VULKAN_SM6, Default, SM6, Game (DDC key hash: e69b248ee52005e9a1917ae20a71f807d867d270), compiling.
11025:LogMaterial: Display: Missing cached shadermap for shader_text_130_deepcopy in VULKAN_SM6, Default, SM6, Game (DDC key hash: a9fdc5dcfbdf80ff6c66618ae5cb7a8e59c1c219), compiling.
11026:LogMaterial: Display: Missing cached shadermap for dark_quarry_tile_insets_deepcopy_013 in VULKAN_SM6, Default, SM6, Game (DDC key hash: c90274bdac2923ff4f33a9850f8b6874cc024808), compiling.
11027:LogMaterial: Display: Missing cached shadermap for shader_plaster_037_deepcopy in VULKAN_SM6, Default, SM6, Game (DDC key hash: 2a79563e4f100b30bd3e0b5983df2e95315807a1), compiling.
11028:LogMaterial: Display: Missing cached shadermap for blue_molded_cafeteria_chair_deepcopy_009 in VULKAN_SM6, Default, SM6, Game (DDC key hash: 2b7342b97891f4b254ed681b7c08f285b63933e4), compiling.
11029:LogMaterial: Display: Missing cached shadermap for brushed_stainless_steel_deepcopy_005 in VULKAN_SM6, Default, SM6, Game (DDC key hash: 5b4080c08cdfead268a8aacdaa41debe559f5ae3), compiling.
11030:LogMaterial: Display: Missing cached shadermap for shader_brushed_metal_032_deepcopy in VULKAN_SM6, Default, SM6, Game (DDC key hash: 6216ccc065c97259bc62ab392d605cd478f3d1aa), compiling.
11031:LogMaterial: Display: Missing cached shadermap for shader_plaster_020_deepcopy in VULKAN_SM6, Default, SM6, Game (DDC key hash: ce467f76924ad4f12f7a3b5b175219a0ebfa8633), compiling.
11032:LogMaterial: Display: Missing cached shadermap for shader_shelves_white_085_deepcopy in VULKAN_SM6, Default, SM6, Game (DDC key hash: fef29d46919cb16c7753a57d54e4136b4b216e0a), compiling.
11033:LogMaterial: Display: Missing cached shadermap for shader_plaster_043_deepcopy in VULKAN_SM6, Default, SM6, Game (DDC key hash: 93e76d28709202a38308e01e3d7862a974000d7a), compiling.
11034:LogMaterial: Display: Missing cached shadermap for shader_plaster_012_deepcopy in VULKAN_SM6, Default, SM6, Game (DDC key hash: 12ad7fe0f536ad0ffd0e76a082d442e711351138), compiling.
11035:LogMaterial: Display: Missing cached shadermap for brushed_stainless_steel_deepcopy_034 in VULKAN_SM6, Default, SM6, Game (DDC key hash: a60d2ad786a148dca4ec02d04df3278509c491da), compiling.
11036:LogMaterial: Display: Missing cached shadermap for off_white_paper_label_deepcopy_004 in VULKAN_SM6, Default, SM6, Game (DDC key hash: e9af38022ac9c2755b1d8fcecf96b7214eb6105f), compiling.
11037:LogMaterial: Display: Missing cached shadermap for dark_quarry_tile_insets_deepcopy_002 in VULKAN_SM6, Default, SM6, Game (DDC key hash: f700e3f27869f7a9998686577172954a2ebe4197), compiling.
11038:LogMaterial: Display: Missing cached shadermap for green_serving_tray_deepcopy_006 in VULKAN_SM6, Default, SM6, Game (DDC key hash: 2ff2128f7276a232801439222bdec5a1b31304b8), compiling.
11039:LogMaterial: Display: Missing cached shadermap for sandwich_bread_deepcopy in VULKAN_SM6, Default, SM6, Game (DDC key hash: d404be27fb7ed18472a5289dd99d8ea7af4cc634), compiling.
11040:LogMaterial: Display: Missing cached shadermap for sealed_light_oak_tabletop_deepcopy_003 in VULKAN_SM6, Default, SM6, Game (DDC key hash: 30bc0c505e8912b3803bdc8839b704807a22c2ad), compiling.
11041:LogMaterial: Display: Missing cached shadermap for shader_brushed_metal_033_deepcopy in VULKAN_SM6, Default, SM6, Game (DDC key hash: a6afeae823131e82ac261038ecdc4040c416b7d1), compiling.
11042:LogMaterial: Display: Missing cached shadermap for shader_plaster_004_deepcopy in VULKAN_SM6, Default, SM6, Game (DDC key hash: ede6555f9db316bafa815901d679197e31ea31d0), compiling.
11043:LogMaterial: Display: Missing cached shadermap for shader_wood_241_deepcopy in VULKAN_SM6, Default, SM6, Game (DDC key hash: 160850b614664ce9272eb0f61bb65afbfb200d19), compiling.
11044:LogMaterial: Display: Missing cached shadermap for shader_plaster_034_deepcopy in VULKAN_SM6, Default, SM6, Game (DDC key hash: 3a613145ac5fa9332fb16ccc8e89866c01bbf8d1), compiling.
11045:LogMaterial: Display: Missing cached shadermap for brushed_stainless_steel_deepcopy_019 in VULKAN_SM6, Default, SM6, Game (DDC key hash: 87b4d011772e0a27c0b063121e1a9fb9cf4cb29b), compiling.
11046:LogMaterial: Display: Missing cached shadermap for shader_glass_091_deepcopy_001 in VULKAN_SM6, Default, SM6, Game (DDC key hash: 2de738f09715e63820f9cd2b817e6a8fd3228956), compiling.
11047:LogMaterial: Display: Missing cached shadermap for yellow_molded_cafeteria_chair_deepcopy_002 in VULKAN_SM6, Default, SM6, Game (DDC key hash: cfb42267f5d9addd3a8a7fabb53b8fd56ce26d59), compiling.
11048:LogMaterial: Display: Missing cached shadermap for shader_window_glass_007_deepcopy in VULKAN_SM6, Default, SM6, Game (DDC key hash: 9b6053b6d4cbbfb61ccb59e9b09b4f91225abb56), compiling.
11049:LogMaterial: Display: Missing cached shadermap for brushed_stainless_steel_deepcopy in VULKAN_SM6, Default, SM6, Game (DDC key hash: 84c1ec0b19f06f0fb71a7cc5b4543c69a1cd27b7), compiling.
11050:LogMaterial: Display: Missing cached shadermap for brushed_stainless_steel_deepcopy_023 in VULKAN_SM6, Default, SM6, Game (DDC key hash: 1cb1566b0b8fdddd66138ec9099aa93966c3c12c), compiling.
11051:LogMaterial: Display: Missing cached shadermap for off_white_paper_label in VULKAN_SM6, Default, SM6, Game (DDC key hash: 63036fd6f31356c297e614e3b6c60dcacb29f628), compiling.
11052:LogMaterial: Display: Missing cached shadermap for yellow_molded_cafeteria_chair_deepcopy_003 in VULKAN_SM6, Default, SM6, Game (DDC key hash: e28eaf1ee45d4f0af1606ce8e5bff43d45332b26), compiling.
11053:LogMaterial: Display: Missing cached shadermap for brushed_stainless_steel_deepcopy_045 in VULKAN_SM6, Default, SM6, Game (DDC key hash: b104668d62b6078cfc0adb9bee6bb3520cd08b17), compiling.
11054:LogMaterial: Display: Missing cached shadermap for warm_white_painted_wall_deepcopy in VULKAN_SM6, Default, SM6, Game (DDC key hash: d758013804158c0c01c90cdf0c02b0339b952843), compiling.
11055:LogMaterial: Display: Missing cached shadermap for brushed_stainless_steel_deepcopy_059 in VULKAN_SM6, Default, SM6, Game (DDC key hash: 943941d46e75ab9974ece7f3a1a1d8b9c946e3fe), compiling.
11056:LogMaterial: Display: Missing cached shadermap for shader_galvanized_metal_049_deepcopy in VULKAN_SM6, Default, SM6, Game (DDC key hash: a427b65dae96648b4a992bd555e96b66e9d4b4e8), compiling.
11057:LogMaterial: Display: Missing cached shadermap for blue_molded_cafeteria_chair_deepcopy_003 in VULKAN_SM6, Default, SM6, Game (DDC key hash: f2e131b24c17a0c87276c62f50072c4bc5d01412), compiling.
11058:LogMaterial: Display: Missing cached shadermap for brushed_stainless_steel_deepcopy_020 in VULKAN_SM6, Default, SM6, Game (DDC key hash: 5986fd2262f37386be8ef01a82b95d253ff4444d), compiling.
11059:LogMaterial: Display: Missing cached shadermap for red_molded_cafeteria_chair_deepcopy_002 in VULKAN_SM6, Default, SM6, Game (DDC key hash: 52cc73acbbdc6eb397ce11fd6ec86c5af789fba3), compiling.
11060:LogMaterial: Display: Missing cached shadermap for brushed_stainless_steel_deepcopy_027 in VULKAN_SM6, Default, SM6, Game (DDC key hash: 57de88697742665bcdb43109a9a5007eafe8c25f), compiling.
11061:LogMaterial: Display: Missing cached shadermap for shader_text_129_deepcopy in VULKAN_SM6, Default, SM6, Game (DDC key hash: ea00497389fa7686a38dc1410a5eabee995016bd), compiling.
11062:LogMaterial: Display: Missing cached shadermap for muted_terracotta_polypropylene_chair_deepcopy in VULKAN_SM6, Default, SM6, Game (DDC key hash: fb5ec096a4849282b2285cfc1b24cdb7b3525308), compiling.
11063:LogMaterial: Display: Missing cached shadermap for white_paper_cup_deepcopy in VULKAN_SM6, Default, SM6, Game (DDC key hash: 39351c7657a21af68f24d3a6df91eecb371b8804), compiling.
11064:LogMaterial: Display: Missing cached shadermap for brushed_stainless_steel_deepcopy_063 in VULKAN_SM6, Default, SM6, Game (DDC key hash: d9dbb5d91667fb40fe5cb29b420ae49a48b25081), compiling.
11065:LogMaterial: Display: Missing cached shadermap for slightly_green_refrigerator_glass_deepcopy_001 in VULKAN_SM6, Default, SM6, Game (DDC key hash: 9a5b38f664f0bcd122371a24450a1132d0f7c34d), compiling.
11066:LogMaterial: Display: Missing cached shadermap for dark_quarry_tile_insets_deepcopy_008 in VULKAN_SM6, Default, SM6, Game (DDC key hash: 1fe19ec9af7827e4002565ffb1391155e5054fea), compiling.
11067:LogMaterial: Display: Missing cached shadermap for satin_brushed_stainless_steel_deepcopy_055 in VULKAN_SM6, Default, SM6, Game (DDC key hash: cf42106faa79cdedbaaf19a25a1d0c7142a6e99b), compiling.
11068:LogMaterial: Display: Missing cached shadermap for satin_brushed_stainless_steel_deepcopy_034 in VULKAN_SM6, Default, SM6, Game (DDC key hash: 990d8358914db6bb8189971e24edb3a49941ae41), compiling.
11069:LogMaterial: Display: Missing cached shadermap for shader_window_glass_006_deepcopy in VULKAN_SM6, Default, SM6, Game (DDC key hash: 52a2f1f4849c2245334cdd778b01405cdd6c3d0e), compiling.
11070:LogMaterial: Display: Missing cached shadermap for subtle_dark_grout_lines_deepcopy_007 in VULKAN_SM6, Default, SM6, Game (DDC key hash: ec17dff60c40570f0ef652bab6139702ca9c5c9f), compiling.
11071:LogMaterial: Display: Missing cached shadermap for brushed_stainless_steel_deepcopy_078 in VULKAN_SM6, Default, SM6, Game (DDC key hash: 29387f5988033c140a7d9a54a27bf2b1a6683d3d), compiling.
11072:LogMaterial: Display: Missing cached shadermap for off_white_paper_label_deepcopy_003 in VULKAN_SM6, Default, SM6, Game (DDC key hash: 887bee09243a8ee7431fe71b432c16266d1691ef), compiling.
11073:LogMaterial: Display: Missing cached shadermap for brushed_stainless_steel_deepcopy_035 in VULKAN_SM6, Default, SM6, Game (DDC key hash: 407a5e8e24579501b7a9cde351b2efeee390eaa7), compiling.
11074:LogMaterial: Display: Missing cached shadermap for white_paper_cup_deepcopy_003 in VULKAN_SM6, Default, SM6, Game (DDC key hash: 1f4a942bb08d7b8056b917aff9cd603c0bbcd205), compiling.
11075:LogMaterial: Display: Missing cached shadermap for shader_rough_plastic_085_deepcopy in VULKAN_SM6, Default, SM6, Game (DDC key hash: 25c211e7145189dd3e33db56e32214a1c2d972e2), compiling.
11076:LogMaterial: Display: Missing cached shadermap for warm_led_panel_glow_0_deepcopy in VULKAN_SM6, Default, SM6, Game (DDC key hash: ce03af6fd532069ddb160a7fd1fb4b4078a4fa44), compiling.
11077:LogMaterial: Display: Missing cached shadermap for shader_marble_073_deepcopy_001 in VULKAN_SM6, Default, SM6, Game (DDC key hash: 86ae616208bdabb919e6764efa0d459d291b0941), compiling.
11078:LogMaterial: Display: Missing cached shadermap for white_paper_cup_deepcopy_005 in VULKAN_SM6, Default, SM6, Game (DDC key hash: cb04b4f58525bedeefe76dac5bb2011ad2d509b1), compiling.
11079:LogMaterial: Display: Missing cached shadermap for shader_window_glass_008_deepcopy in VULKAN_SM6, Default, SM6, Game (DDC key hash: f60270e3e6fcadbc69b07d94d5379d89ef0baabc), compiling.
11080:LogMaterial: Display: Missing cached shadermap for yellow_molded_cafeteria_chair_deepcopy in VULKAN_SM6, Default, SM6, Game (DDC key hash: cfc5923bfbc7a7d6a5310913ce7fd1aaafdbcc08), compiling.
11081:LogMaterial: Display: Missing cached shadermap for warm_diffused_led_lens_deepcopy_004 in VULKAN_SM6, Default, SM6, Game (DDC key hash: 2c5370e6a130b3b0ab9f9975d0a03a7b4c7b9574), compiling.
11082:LogMaterial: Display: Missing cached shadermap for shader_nose_deepcopy in VULKAN_SM6, Default, SM6, Game (DDC key hash: d725508963d21a5a20f3981fb8cd6c001ca4ddd5), compiling.
11083:LogMaterial: Display: Missing cached shadermap for black_chalk_menu_board_deepcopy in VULKAN_SM6, Default, SM6, Game (DDC key hash: 6923313467b987d1d6f8c8b64093272c875f43be), compiling.
11084:LogMaterial: Display: Missing cached shadermap for shader_shelves_white_073_deepcopy in VULKAN_SM6, Default, SM6, Game (DDC key hash: 52f902811fbcffc0cd6d123caed17b9c79da57b6), compiling.
11085:LogMaterial: Display: Missing cached shadermap for shader_invisible_001_deepcopy_003 in VULKAN_SM6, Default, SM6, Game (DDC key hash: db8179be01f556fbc7823923aa8aaf059e242544), compiling.
11086:LogMaterial: Display: Missing cached shadermap for brushed_stainless_steel_deepcopy_064 in VULKAN_SM6, Default, SM6, Game (DDC key hash: 55b7390d3f003efb4ca07b3f5f65f5b469261273), compiling.
11087:LogMaterial: Display: Missing cached shadermap for shader_sofa_fabric_001_deepcopy in VULKAN_SM6, Default, SM6, Game (DDC key hash: 35bce952221a7c9e825f11a18c8b09f90e01c47c), compiling.
11088:LogMaterial: Display: Missing cached shadermap for red_molded_cafeteria_chair_deepcopy_010 in VULKAN_SM6, Default, SM6, Game (DDC key hash: 19ef62e852e98a78dd9ab848708a4cc7429b837c), compiling.
11089:LogMaterial: Display: Missing cached shadermap for warm_white_paper_cup_deepcopy in VULKAN_SM6, Default, SM6, Game (DDC key hash: dafe3501d9e5a43290fbd0a91bcaa9dc689e98c4), compiling.
11090:LogMaterial: Display: Missing cached shadermap for MI_Unlit_Opaque_DS in VULKAN_SM6, Default, SM6, Game (DDC key hash: e3c964d62d7f86a4b6090c2d5ffd0052a2b08ea8), compiling.
11091:LogMaterial: Display: Missing cached shadermap for M_Sheen in VULKAN_SM6, Default, SM6, Game (DDC key hash: 408a5651368522cecce8fddbb950e50692b7e20c), compiling.
11092:LogMaterial: Display: Missing cached shadermap for M_Transmission in VULKAN_SM6, Default, SM6, Game (DDC key hash: 4da580b37677ffba89f0e545c6b4876f3dd72b0b), compiling.
11093:LogMaterial: Display: Missing cached shadermap for M_SpecularGlossiness in VULKAN_SM6, Default, SM6, Game (DDC key hash: 0a20a86caa28c7997a359efa34f675237d3b2a47), compiling.
11094:LogMaterial: Display: Missing cached shadermap for MI_PrototypeGrid_Gray in VULKAN_SM6, Default, SM6, Game (DDC key hash: 5afdec796301d9632f896e3a5c2c29b87d13b4d0), compiling.
11095:LogMaterial: Display: Missing cached shadermap for MI_Quinn_02 in VULKAN_SM6, Default, SM6, Game (DDC key hash: 2c8e0d1dde6a906bf59ac41916f7d96bd4740a21), compiling.
11096:LogMaterial: Display: Missing cached shadermap for M_Default in VULKAN_SM6, Default, SM6, Game (DDC key hash: 4b9d39d23ca86351d85c2a9c7d812408ad63d484), compiling.
11097:LogMaterial: Display: Missing cached shadermap for M_ClearCoat in VULKAN_SM6, Default, SM6, Game (DDC key hash: 2c9289423593657d8d4e9d3d650882c530c031a6), compiling.
11098:LogMaterial: Display: Missing cached shadermap for MI_SpecularGlossiness_Mask in VULKAN_SM6, Default, SM6, Game (DDC key hash: 744f6a033d8ee8edcd71da710d9d4d74104f4118), compiling.
11099:LogMaterial: Display: Missing cached shadermap for MI_SpecularGlossiness_Blend in VULKAN_SM6, Default, SM6, Game (DDC key hash: a49126c07e6428d13729a8cae576e57276fa6aad), compiling.
11100:LogMaterial: Display: Missing cached shadermap for MI_SpecularGlossiness_Opaque_DS in VULKAN_SM6, Default, SM6, Game (DDC key hash: e00659651bf96a6fd0fc1e04c1d95cae3b5b30c3), compiling.
11101:LogMaterial: Display: Missing cached shadermap for Black in VULKAN_SM6, Default, SM6, Game (DDC key hash: 845bb0c279d0e592c1639402d5bfff877185a5fa), compiling.
11102:LogMaterial: Display: Missing cached shadermap for shader_window_glass_009_deepcopy in VULKAN_SM6, Default, SM6, Game (DDC key hash: 136de7a748307444e50b1c413a82f553dd6ef324), compiling.
11103:LogMaterial: Display: Missing cached shadermap for shader_shelves_white_082_deepcopy in VULKAN_SM6, Default, SM6, Game (DDC key hash: e95197e8e7f875de0b7e12fa4eecd790a434be1c), compiling.
11104:LogMaterial: Display: Missing cached shadermap for shader_glass_091_deepcopy in VULKAN_SM6, Default, SM6, Game (DDC key hash: f703bffcd4c81fcca3f679156cf4637c13b95f17), compiling.
11105:LogMaterial: Display: Missing cached shadermap for yellow_molded_cafeteria_chair_deepcopy_006 in VULKAN_SM6, Default, SM6, Game (DDC key hash: 1bf6a485ad73c7a5d4e7cb2ed03f93b53c417de5), compiling.
11106:LogMaterial: Display: Missing cached shadermap for brushed_stainless_steel_deepcopy_042 in VULKAN_SM6, Default, SM6, Game (DDC key hash: 48166f9a0ea64fcb61059f7251da96629d33f0b8), compiling.
11107:LogMaterial: Display: Missing cached shadermap for shader_metal_090_deepcopy in VULKAN_SM6, Default, SM6, Game (DDC key hash: a410181b07c44a75ce5ce3e327ca42d8a4b91b6e), compiling.
11108:LogMaterial: Display: Missing cached shadermap for shader_invisible_001_deepcopy_001 in VULKAN_SM6, Default, SM6, Game (DDC key hash: ce69753cddfac66f77fdd1f3f511f9bf3db08f70), compiling.
11109:LogMaterial: Display: Missing cached shadermap for brushed_stainless_steel_deepcopy_065 in VULKAN_SM6, Default, SM6, Game (DDC key hash: 3c08cb1f3bc2de60eb727fc89ac0a966ca181c66), compiling.
11110:LogMaterial: Display: Missing cached shadermap for blue_molded_cafeteria_chair_deepcopy_008 in VULKAN_SM6, Default, SM6, Game (DDC key hash: 9a964b905e4abcaf6321c998dad032d8f6bc9355), compiling.
11111:LogMaterial: Display: Missing cached shadermap for matte_black_plastic_deepcopy in VULKAN_SM6, Default, SM6, Game (DDC key hash: 36967c2303099339752f14ce8de37940b876805f), compiling.
11112:LogMaterial: Display: Missing cached shadermap for brushed_stainless_steel_deepcopy_049 in VULKAN_SM6, Default, SM6, Game (DDC key hash: d6598efcd417708f44fec9a311367545ee4fe415), compiling.
11113:LogMaterial: Display: Missing cached shadermap for satin_brushed_stainless_steel_deepcopy_026 in VULKAN_SM6, Default, SM6, Game (DDC key hash: f8eb09f24e3e590e28524562319299593060ad5b), compiling.
11114:LogMaterial: Display: Missing cached shadermap for shader_shelves_white_083_deepcopy in VULKAN_SM6, Default, SM6, Game (DDC key hash: 4c04d94971d5d5c66d52adfc955f652d2b9d3854), compiling.
11115:LogMaterial: Display: Missing cached shadermap for shader_spots_sparse_attr_005_deepcopy in VULKAN_SM6, Default, SM6, Game (DDC key hash: 10bb5ab06fb3ee06b8ce6fb8d1767c81fbe86d55), compiling.
11116:LogMaterial: Display: Missing cached shadermap for satin_brushed_stainless_steel_deepcopy_092 in VULKAN_SM6, Default, SM6, Game (DDC key hash: c89fc0d21c0fdd38c3b1941b364c0e1e07709464), compiling.
11117:LogMaterial: Display: Missing cached shadermap for brushed_stainless_steel_deepcopy_039 in VULKAN_SM6, Default, SM6, Game (DDC key hash: 925c07e92e99911aa28b0f07e483a4fca988ae83), compiling.
11118:LogMaterial: Display: Missing cached shadermap for blue_soda_can_deepcopy_005 in VULKAN_SM6, Default, SM6, Game (DDC key hash: 61face49a9e9bbbd9fb03d57f2a4a4bcf066cea2), compiling.
11119:LogMaterial: Display: Missing cached shadermap for shader_shelves_black_wood_066_deepcopy in VULKAN_SM6, Default, SM6, Game (DDC key hash: b2911b711b8a7401024c31d480f4cad7fecefc88), compiling.
11120:LogMaterial: Display: Missing cached shadermap for green_serving_tray_deepcopy_007 in VULKAN_SM6, Default, SM6, Game (DDC key hash: d505ac9e2e45e1d9e302445b350d173459a0c93c), compiling.
11121:LogMaterial: Display: Missing cached shadermap for brushed_stainless_steel_deepcopy_003 in VULKAN_SM6, Default, SM6, Game (DDC key hash: 8b2263b91332e64767755de047e9b70055fc9d07), compiling.
11122:LogMaterial: Display: Missing cached shadermap for shader_brushed_black_metal_022_deepcopy_002 in VULKAN_SM6, Default, SM6, Game (DDC key hash: 36d4b85f91ccb235f099b08beb2392858731d56b), compiling.
11123:LogMaterial: Display: Missing cached shadermap for satin_brushed_stainless_steel_deepcopy_076 in VULKAN_SM6, Default, SM6, Game (DDC key hash: d85c92cbc1be757037dd1990a4004efc8e549d4d), compiling.
11124:LogMaterial: Display: Missing cached shadermap for wheat_bread_deepcopy_002 in VULKAN_SM6, Default, SM6, Game (DDC key hash: 39c80874de62ca9713d1493299b4608cb438278c), compiling.
11125:LogMaterial: Display: Missing cached shadermap for shader_glass_090_deepcopy in VULKAN_SM6, Default, SM6, Game (DDC key hash: 7863c8708a4b977cfd9e01d9c3f4f3cddeab0ca1), compiling.
11126:LogMaterial: Display: Missing cached shadermap for shader_window_glass_005_deepcopy in VULKAN_SM6, Default, SM6, Game (DDC key hash: 1c2cbd776a6997282497cc9ea9da2bdd9bb584e8), compiling.
11127:LogMaterial: Display: Missing cached shadermap for shader_wood_shader_crossed_tile_tile_001_deepcopy in VULKAN_SM6, Default, SM6, Game (DDC key hash: 0853938477600f44e5c448b7bccfd36571b2963a), compiling.
11128:LogMaterial: Display: Missing cached shadermap for shader_marble_073_deepcopy in VULKAN_SM6, Default, SM6, Game (DDC key hash: 9f5df3ce6030ddfa20792dcc6db351d4968d6ff7), compiling.
11129:LogMaterial: Display: Missing cached shadermap for satin_brushed_stainless_steel_deepcopy_001 in VULKAN_SM6, Default, SM6, Game (DDC key hash: 621732253aff6718cf8fa463ce55ea9743d9addc), compiling.
11130:LogMaterial: Display: Missing cached shadermap for slightly_green_refrigerator_glass_deepcopy_004 in VULKAN_SM6, Default, SM6, Game (DDC key hash: 58a967a54cc240788b8692e928d73f2c0e293eed), compiling.
11131:LogMaterial: Display: Missing cached shadermap for off_white_paper_deepcopy_007 in VULKAN_SM6, Default, SM6, Game (DDC key hash: b4e5e50537f5c25d1217626fa0b2f92a94b2c4a9), compiling.
11132:LogMaterial: Display: Missing cached shadermap for satin_brushed_stainless_steel_deepcopy_027 in VULKAN_SM6, Default, SM6, Game (DDC key hash: 761b9272efa71cad12f5e8d87e0f520b61d7123c), compiling.
11133:LogMaterial: Display: Missing cached shadermap for brushed_stainless_steel_deepcopy_018 in VULKAN_SM6, Default, SM6, Game (DDC key hash: c36866e54af26967152870eb4c400c2cce5a63a5), compiling.
11134:LogMaterial: Display: Missing cached shadermap for desaturated_sage_polypropylene_chair_deepcopy_004 in VULKAN_SM6, Default, SM6, Game (DDC key hash: fb836bc0b7a63afb2b083b278276bcf6b0ac4055), compiling.
11135:LogMaterial: Display: Missing cached shadermap for satin_brushed_stainless_steel_deepcopy_081 in VULKAN_SM6, Default, SM6, Game (DDC key hash: a851f8379c6ec74259ec7fc2588d098364c478bc), compiling.
11136:LogMaterial: Display: Missing cached shadermap for soft_white_painted_drywall_deepcopy in VULKAN_SM6, Default, SM6, Game (DDC key hash: df756182e6bfe9a98da2b498d7a8aa382b2462c0), compiling.
11137:LogMaterial: Display: Missing cached shadermap for satin_brushed_stainless_steel_deepcopy_004 in VULKAN_SM6, Default, SM6, Game (DDC key hash: 6fbbf4ad9c534dcc1a8dc57f4451117e2d7939bb), compiling.
11138:LogMaterial: Display: Missing cached shadermap for shader_metal_089_deepcopy in VULKAN_SM6, Default, SM6, Game (DDC key hash: 37c79c51e63ae44e18303ee42837671a8a374de1), compiling.
11139:LogMaterial: Display: Missing cached shadermap for shader_wood_194_deepcopy in VULKAN_SM6, Default, SM6, Game (DDC key hash: c44e9ecfe0aceb69a3ad67041f56ee71bcbbd560), compiling.
11140:LogMaterial: Display: Missing cached shadermap for shader_ceramic_shader_hexagon_tile_tile_deepcopy in VULKAN_SM6, Default, SM6, Game (DDC key hash: 5bc88e83387ad119b0bc6a3ebb9beb07d3e5c644), compiling.
11141:LogMaterial: Display: Missing cached shadermap for muted_terracotta_polypropylene_chair_deepcopy_008 in VULKAN_SM6, Default, SM6, Game (DDC key hash: 90992ed21a5d113e44de16a6fca4348976765055), compiling.
11142:LogMaterial: Display: Missing cached shadermap for shader_galvanized_metal_024_deepcopy in VULKAN_SM6, Default, SM6, Game (DDC key hash: 7dc02810e2de26020b3d68692931b475c7065919), compiling.
11143:LogMaterial: Display: Missing cached shadermap for shader_plaster_021_deepcopy in VULKAN_SM6, Default, SM6, Game (DDC key hash: bfdb0f4015b75e67fa516f1fff60e9e3fceaa672), compiling.
11144:LogMaterial: Display: Missing cached shadermap for shader_plaster_011_deepcopy in VULKAN_SM6, Default, SM6, Game (DDC key hash: 772ee1282eb2c88c9c985ef4335d6ca0f13183ae), compiling.
11145:LogMaterial: Display: Missing cached shadermap for subtle_dark_grout_lines_deepcopy_001 in VULKAN_SM6, Default, SM6, Game (DDC key hash: 7e88bde8b7c90c07a946f34e550bc357471da08e), compiling.
11146:LogMaterial: Display: Missing cached shadermap for shader_wood_250_deepcopy in VULKAN_SM6, Default, SM6, Game (DDC key hash: 096b9b4e532cd66fc3477339e048c324f7a6ad89), compiling.
11147:LogMaterial: Display: Missing cached shadermap for shader_wood_249_deepcopy in VULKAN_SM6, Default, SM6, Game (DDC key hash: caa54971409e64729fc7b9ef44b108905801b402), compiling.
11148:LogMaterial: Display: Missing cached shadermap for shader_spots_sparse_attr_004_deepcopy in VULKAN_SM6, Default, SM6, Game (DDC key hash: 1e763c5c43b50dba7b73a99fe58ac102226108bc), compiling.
11149:LogMaterial: Display: Missing cached shadermap for shader_plaster_003_deepcopy in VULKAN_SM6, Default, SM6, Game (DDC key hash: 8ee0c23273d5df4e466a45867969dd7d1bf428a6), compiling.
11150:LogMaterial: Display: Missing cached shadermap for shader_brushed_black_metal_023_deepcopy_002 in VULKAN_SM6, Default, SM6, Game (DDC key hash: 9aa32df8c790097b6c2986aaea3f3178302e82b9), compiling.
11151:LogMaterial: Display: Missing cached shadermap for shader_rough_plastic_110_deepcopy in VULKAN_SM6, Default, SM6, Game (DDC key hash: e83902c94dcf625d3c8e184bf4e2944ddb1ea2a1), compiling.
11152:LogMaterial: Display: Missing cached shadermap for shader_wood_shader_square_tile_tile_deepcopy in VULKAN_SM6, Default, SM6, Game (DDC key hash: 4cc4197a954a97a8e23fa702dd3fca2cad355a1e), compiling.
11153:LogMaterial: Display: Missing cached shadermap for shader_glass_086_deepcopy in VULKAN_SM6, Default, SM6, Game (DDC key hash: f1bc0edc0ad2d285a1a8cdb595de94ebb39485ef), compiling.
11154:LogMaterial: Display: Missing cached shadermap for shader_shelves_wood_047_deepcopy in VULKAN_SM6, Default, SM6, Game (DDC key hash: 66b911ba998ac50faafcfe2c0d8e85bb40364753), compiling.
11155:LogMaterial: Display: Missing cached shadermap for shader_tongue_001_deepcopy in VULKAN_SM6, Default, SM6, Game (DDC key hash: c68adb50e91da4bfe1c9d4ede7556e2ac6ecbc06), compiling.
11156:LogMaterial: Display: Missing cached shadermap for shader_plaster_006_deepcopy in VULKAN_SM6, Default, SM6, Game (DDC key hash: c8c76ebf983482b8136cbce1abe2a6dd05fd72db), compiling.
11157:LogMaterial: Display: Missing cached shadermap for shader_spots_sparse_attr_deepcopy in VULKAN_SM6, Default, SM6, Game (DDC key hash: dcad17d0b71aeb64c3eec033b4705460a9cb967f), compiling.
11158:LogMaterial: Display: Missing cached shadermap for satin_brushed_stainless_steel_deepcopy_083 in VULKAN_SM6, Default, SM6, Game (DDC key hash: 6278ba91fec200f89f09c1ca94fa4233c606ade6), compiling.
11159:LogMaterial: Display: Missing cached shadermap for shader_wood_236_deepcopy in VULKAN_SM6, Default, SM6, Game (DDC key hash: 6f93c7c520bd0fff6152d5a5177f0fabc4a2d4f8), compiling.
11160:LogMaterial: Display: Missing cached shadermap for shader_plaster_deepcopy in VULKAN_SM6, Default, SM6, Game (DDC key hash: ef86a49778dace99a7a1b04a4c01b39f7b581472), compiling.
11161:LogMaterial: Display: Missing cached shadermap for shader_shelves_black_wood_068_deepcopy_001 in VULKAN_SM6, Default, SM6, Game (DDC key hash: 76bed0f7187def18dec1684b8e9ea2f68ab683ba), compiling.
11162:LogMaterial: Display: Missing cached shadermap for shader_colored_glass_037_deepcopy in VULKAN_SM6, Default, SM6, Game (DDC key hash: 7ab90fc9a75c28b09d14d1b79258f1e6d336a8a4), compiling.
11163:LogMaterial: Display: Missing cached shadermap for desaturated_sage_polypropylene_chair_deepcopy in VULKAN_SM6, Default, SM6, Game (DDC key hash: 0b3a1faf1f6898805df84d40545f71638b1dcee0), compiling.
11164:LogMaterial: Display: Missing cached shadermap for shader_plaster_001_deepcopy in VULKAN_SM6, Default, SM6, Game (DDC key hash: 39ee414fe0b312b7e6cb7ebe8bc9c4cb6f3bf68f), compiling.
11165:LogMaterial: Display: Missing cached shadermap for satin_brushed_stainless_steel_deepcopy_024 in VULKAN_SM6, Default, SM6, Game (DDC key hash: 23dda90853aa4b314ca57b417cfe7c21b6035df0), compiling.
11166:LogMaterial: Display: Missing cached shadermap for soft_black_plastic_deepcopy in VULKAN_SM6, Default, SM6, Game (DDC key hash: ac659deeef7351bbf9d31bcb1026316b381623f5), compiling.
11167:LogMaterial: Display: Missing cached shadermap for shader_shelves_wood_040_deepcopy in VULKAN_SM6, Default, SM6, Game (DDC key hash: 712bf9d3e3ab1a23f8328d7e8e7eef313cefef9e), compiling.
11168:LogMaterial: Display: Missing cached shadermap for shader_plaster_041_deepcopy in VULKAN_SM6, Default, SM6, Game (DDC key hash: 732fcfd780753990219a16b4ff63f788f5cb196e), compiling.
11169:LogMaterial: Display: Missing cached shadermap for shader_plaster_026_deepcopy in VULKAN_SM6, Default, SM6, Game (DDC key hash: 291c76df47dce21ec3a0c4b946d9d90c0ecaf2a9), compiling.
11170:LogMaterial: Display: Missing cached shadermap for soft_white_painted_drywall_deepcopy_006 in VULKAN_SM6, Default, SM6, Game (DDC key hash: 1b4c29e9556d6027169029e3baf03c6681d3236a), compiling.
11171:LogMaterial: Display: Missing cached shadermap for shader_plaster_024_deepcopy in VULKAN_SM6, Default, SM6, Game (DDC key hash: 23283c7cc84e469a0c288145062c775ebade3830), compiling.
11172:LogMaterial: Display: Missing cached shadermap for muted_terracotta_polypropylene_chair_deepcopy_003 in VULKAN_SM6, Default, SM6, Game (DDC key hash: 20ad479479b2fbda0dba1aee99eaf62e5872af49), compiling.
11173:LogMaterial: Display: Missing cached shadermap for shader_lampshade_037_deepcopy in VULKAN_SM6, Default, SM6, Game (DDC key hash: ac2a9738c18219af796926f67bf2546c652ed92c), compiling.
11174:LogMaterial: Display: Missing cached shadermap for shader_wood_252_deepcopy in VULKAN_SM6, Default, SM6, Game (DDC key hash: ee9378b958d3fd14105b44fb78e1fcffd756ea5c), compiling.
11175:LogMaterial: Display: Missing cached shadermap for satin_brushed_stainless_steel_deepcopy_043 in VULKAN_SM6, Default, SM6, Game (DDC key hash: c220d8dd189a5aaf6a566ff239aca3ff65e1cf3c), compiling.
11176:LogMaterial: Display: Missing cached shadermap for shader_plaster_035_deepcopy in VULKAN_SM6, Default, SM6, Game (DDC key hash: 480a969e65cdca862f4697541e97452c56b19a3e), compiling.
11177:LogMaterial: Display: Missing cached shadermap for shader_glass_088_deepcopy in VULKAN_SM6, Default, SM6, Game (DDC key hash: ec72ace51c994e90ca1afaeccb377c617e41e776), compiling.
11178:LogMaterial: Display: Missing cached shadermap for soft_white_painted_drywall_deepcopy_002 in VULKAN_SM6, Default, SM6, Game (DDC key hash: 65bbb78f026b68b92317c98765aecf93e3b3a994), compiling.
11179:LogMaterial: Display: Missing cached shadermap for shader_shelves_white_077_deepcopy in VULKAN_SM6, Default, SM6, Game (DDC key hash: 37e13574f4a411a42cd496cc4f4cfe64266a8e3a), compiling.
11180:LogMaterial: Display: Missing cached shadermap for shader_shelves_black_wood_067_deepcopy in VULKAN_SM6, Default, SM6, Game (DDC key hash: 7cebedf48b189e8c9b598de2ee6eb4e7e3b528a8), compiling.
11181:LogMaterial: Display: Missing cached shadermap for shader_shelves_white_080_deepcopy in VULKAN_SM6, Default, SM6, Game (DDC key hash: ee3fb4bdefb594c7739b3bb1c73fc39236b76c7c), compiling.
11182:LogMaterial: Display: Missing cached shadermap for muted_terracotta_polypropylene_chair_deepcopy_002 in VULKAN_SM6, Default, SM6, Game (DDC key hash: e3e955269a5ba8f95098e90aafba0f391c3be8ff), compiling.
11183:LogMaterial: Display: Missing cached shadermap for satin_brushed_stainless_steel_deepcopy_075 in VULKAN_SM6, Default, SM6, Game (DDC key hash: 2a45deabe7a35afbbfdb3c4aac498cae249a46f8), compiling.
11184:LogMaterial: Display: Missing cached shadermap for charcoal_polypropylene_chair_deepcopy_009 in VULKAN_SM6, Default, SM6, Game (DDC key hash: 62c8f61a2786f25fae6d928cd5573379eb927083), compiling.
11185:LogMaterial: Display: Missing cached shadermap for shader_invisible_deepcopy_001 in VULKAN_SM6, Default, SM6, Game (DDC key hash: 2b73b0a266333aa202d125fc76e52a34efcab295), compiling.
11186:LogMaterial: Display: Missing cached shadermap for shader_window_glass_002_deepcopy in VULKAN_SM6, Default, SM6, Game (DDC key hash: 80327b56ac4a4c894940db0a432d7961246e7d5b), compiling.
11187:LogMaterial: Display: Missing cached shadermap for charcoal_polypropylene_chair_deepcopy_005 in VULKAN_SM6, Default, SM6, Game (DDC key hash: d192efaf56a82c838997a6bce19c9aa6ebaba70a), compiling.
11188:LogMaterial: Display: Missing cached shadermap for shader_monocot_008_deepcopy in VULKAN_SM6, Default, SM6, Game (DDC key hash: 8497b39bdb050e68ea18e970bec94dc973fad72d), compiling.
11189:LogMaterial: Display: Missing cached shadermap for shader_hardwood_floor_001_deepcopy in VULKAN_SM6, Default, SM6, Game (DDC key hash: ded04eb745374fd8faa1aaafe4a41078628c04c7), compiling.
11190:LogMaterial: Display: Missing cached shadermap for shader_bone_002_deepcopy in VULKAN_SM6, Default, SM6, Game (DDC key hash: b7e95ee2859d38417d6632a88976dcb9f44b300c), compiling.
11191:LogMaterial: Display: Missing cached shadermap for warm_white_paper_cup_deepcopy_001 in VULKAN_SM6, Default, SM6, Game (DDC key hash: b12a822cb1971eadce614f3e150418c0d0ce58b1), compiling.
11192:LogMaterial: Display: Missing cached shadermap for shader_wood_247_deepcopy in VULKAN_SM6, Default, SM6, Game (DDC key hash: 852d47aac7c7cc834b49310563457691814464cc), compiling.
11193:LogMaterial: Display: Missing cached shadermap for shader_nose_002_deepcopy in VULKAN_SM6, Default, SM6, Game (DDC key hash: 11be9b7ff1f81d2e0cc1d7641e207e8a2c07d511), compiling.
11194:LogMaterial: Display: Missing cached shadermap for shader_invisible_deepcopy in VULKAN_SM6, Default, SM6, Game (DDC key hash: 2e4f08d011d1b69db7e6ae99330ba7e83677b1c0), compiling.
11195:LogMaterial: Display: Missing cached shadermap for satin_brushed_stainless_steel_deepcopy_090 in VULKAN_SM6, Default, SM6, Game (DDC key hash: 9da61f586868c33cd187588d1fc9d488b04e9b3a), compiling.
11196:LogMaterial: Display: Missing cached shadermap for shader_plaster_040_deepcopy in VULKAN_SM6, Default, SM6, Game (DDC key hash: d8eb17655cda3dfd9ca87812399dbe39b0479269), compiling.
11197:LogMaterial: Display: Missing cached shadermap for desaturated_sage_polypropylene_chair_deepcopy_005 in VULKAN_SM6, Default, SM6, Game (DDC key hash: c5232cec71c7c824b4ae03120195d0174ea6d7e3), compiling.
11198:LogMaterial: Display: Missing cached shadermap for shader_dirt_deepcopy in VULKAN_SM6, Default, SM6, Game (DDC key hash: 5fd00ec1621c79625b940359a826eee24662fc1c), compiling.
11199:LogMaterial: Display: Missing cached shadermap for shader_wood_243_deepcopy in VULKAN_SM6, Default, SM6, Game (DDC key hash: 3015b7f485e412821972d99318d0f71952dad5a0), compiling.
11200:LogMaterial: Display: Missing cached shadermap for matte_black_plastic_deepcopy_001 in VULKAN_SM6, Default, SM6, Game (DDC key hash: 202470685688c6a0a5b12cc9aeb87af490f740f4), compiling.
11201:LogMaterial: Display: Missing cached shadermap for shader_rough_plastic_084_deepcopy in VULKAN_SM6, Default, SM6, Game (DDC key hash: 6ea5e500569694f363c079c560501856a40e0124), compiling.
11202:LogMaterial: Display: Missing cached shadermap for sealed_natural_oak_tabletop_deepcopy_001 in VULKAN_SM6, Default, SM6, Game (DDC key hash: ebe31b387004f81109767a0817050b6da6bc9329), compiling.
11203:LogMaterial: Display: Missing cached shadermap for shader_shelves_white_090_deepcopy in VULKAN_SM6, Default, SM6, Game (DDC key hash: cf4043bf40cae9f6db3e3ab3e135b44818afae13), compiling.
11204:LogMaterial: Display: Missing cached shadermap for shader_plaster_009_deepcopy in VULKAN_SM6, Default, SM6, Game (DDC key hash: d1d7a780aaf4610932585da54cf8aedb30b5fe66), compiling.
11205:LogMaterial: Display: Missing cached shadermap for satin_brushed_stainless_steel_deepcopy_056 in VULKAN_SM6, Default, SM6, Game (DDC key hash: 5561f9f3343085d83552a90ea1e59f6c7b41d096), compiling.
11206:LogMaterial: Display: Missing cached shadermap for shader_wood_194_deepcopy_001 in VULKAN_SM6, Default, SM6, Game (DDC key hash: a4b12ba6ead0cdb51359bf968779aed7c5eb907b), compiling.
11207:LogMaterial: Display: Missing cached shadermap for shader_brushed_black_metal_021_deepcopy_002 in VULKAN_SM6, Default, SM6, Game (DDC key hash: 424c826834aa634de1f12bc9219ca9e79522822b), compiling.
11208:LogMaterial: Display: Missing cached shadermap for shader_tiger_attr_001_deepcopy in VULKAN_SM6, Default, SM6, Game (DDC key hash: 8bf99075276c87e34789a2c149dd88a200edc3fc), compiling.
11209:LogMaterial: Display: Missing cached shadermap for shader_plaster_028_deepcopy in VULKAN_SM6, Default, SM6, Game (DDC key hash: cb87836fe08b168011a1af28ab554dde6f9b0673), compiling.
11210:LogMaterial: Display: Missing cached shadermap for shader_wood_248_deepcopy in VULKAN_SM6, Default, SM6, Game (DDC key hash: 5418c4703623a09f793b528d70f4fdc08984e0d6), compiling.
11211:LogMaterial: Display: Missing cached shadermap for brushed_stainless_steel_deepcopy_083 in VULKAN_SM6, Default, SM6, Game (DDC key hash: 69e56640ab259c4018227ffee7aa3cc59096ddc7), compiling.
11212:LogMaterial: Display: Missing cached shadermap for charcoal_polypropylene_chair_deepcopy_011 in VULKAN_SM6, Default, SM6, Game (DDC key hash: 70a4f3995905345f6cc8286b0d9ba8307a2dc337), compiling.
11213:LogMaterial: Display: Missing cached shadermap for brushed_stainless_steel_deepcopy_021 in VULKAN_SM6, Default, SM6, Game (DDC key hash: 233935d2f1756acc2dc30085015356ad68d75838), compiling.
11214:LogMaterial: Display: Missing cached shadermap for dark_quarry_tile_insets_deepcopy_009 in VULKAN_SM6, Default, SM6, Game (DDC key hash: 7ac71ad13a8bbe1a23c5853f191bd7c2511e1c9a), compiling.
11215:LogMaterial: Display: Missing cached shadermap for blue_molded_cafeteria_chair_deepcopy_005 in VULKAN_SM6, Default, SM6, Game (DDC key hash: fdf3dd0bfcd29142f6c29d91891c226f7701c9ba), compiling.
11216:LogMaterial: Display: Missing cached shadermap for red_soda_can_deepcopy_003 in VULKAN_SM6, Default, SM6, Game (DDC key hash: 17bf79b9923d80ddaf47019adbd7a553a275b5b7), compiling.
11217:LogMaterial: Display: Missing cached shadermap for shader_metal_080_deepcopy in VULKAN_SM6, Default, SM6, Game (DDC key hash: 862e437e6dc22ac78f990961bb91516bc0221ed2), compiling.
11218:LogMaterial: Display: Missing cached shadermap for red_molded_cafeteria_chair_deepcopy_009 in VULKAN_SM6, Default, SM6, Game (DDC key hash: c1c575926bb2e107cc25a291ae455e4943d382c4), compiling.
11219:LogMaterial: Display: Missing cached shadermap for shader_grained_metal_029_deepcopy in VULKAN_SM6, Default, SM6, Game (DDC key hash: eaa1ae7351577d8e08b73e7866454022b40e1b70), compiling.
11220:LogMaterial: Display: Missing cached shadermap for satin_brushed_stainless_steel_deepcopy in VULKAN_SM6, Default, SM6, Game (DDC key hash: 3de798785e9a2eef9dcf1576077e31363b44a9b1), compiling.
11221:LogMaterial: Display: Missing cached shadermap for blue_molded_cafeteria_chair_deepcopy_001 in VULKAN_SM6, Default, SM6, Game (DDC key hash: 7205153f4257d0a9d0212b96be856f66dfbd5913), compiling.
11222:LogMaterial: Display: Missing cached shadermap for satin_brushed_stainless_steel_deepcopy_003 in VULKAN_SM6, Default, SM6, Game (DDC key hash: 4d2539a6a41c48d37b11c31225eb914d6bc69a9e), compiling.
11223:LogMaterial: Display: Missing cached shadermap for shader_galvanized_metal_050_deepcopy in VULKAN_SM6, Default, SM6, Game (DDC key hash: 7344c21cfef5e9582c6c5d095ac82395e78f62a3), compiling.
11224:LogMaterial: Display: Missing cached shadermap for matte_warm_gray_service_wall_deepcopy in VULKAN_SM6, Default, SM6, Game (DDC key hash: 4d25c9b4ffee0887cbb6669532aaedcd83c565d4), compiling.
11225:LogMaterial: Display: Missing cached shadermap for shader_brushed_black_metal_023_deepcopy in VULKAN_SM6, Default, SM6, Game (DDC key hash: 170be99c3cfdeb54322f46bac5943c4c97b12823), compiling.
11226:LogMaterial: Display: Missing cached shadermap for satin_brushed_stainless_steel_deepcopy_085 in VULKAN_SM6, Default, SM6, Game (DDC key hash: 2c51e7713c96303c5ef4ba5c300f1561e9fa08a2), compiling.
11227:LogMaterial: Display: Missing cached shadermap for brushed_stainless_steel_deepcopy_080 in VULKAN_SM6, Default, SM6, Game (DDC key hash: 7322bff5540cab64aa20a4b38663ce00ed6847f1), compiling.
11228:LogMaterial: Display: Missing cached shadermap for shader_mollusk_002_deepcopy in VULKAN_SM6, Default, SM6, Game (DDC key hash: 0e43c0536d414ea0ff6c87a7da7b583e058739a0), compiling.
11229:LogMaterial: Display: Missing cached shadermap for dark_quarry_tile_insets_deepcopy in VULKAN_SM6, Default, SM6, Game (DDC key hash: a1d1a0f67d5e19a43c9104e86b977d0180a59b33), compiling.
11230:LogMaterial: Display: Missing cached shadermap for brushed_stainless_steel_deepcopy_022 in VULKAN_SM6, Default, SM6, Game (DDC key hash: 99bc56faf1931fa017c83fa1086f2c1d55cb04f9), compiling.
11231:LogMaterial: Display: Missing cached shadermap for brushed_stainless_steel_deepcopy_024 in VULKAN_SM6, Default, SM6, Game (DDC key hash: 059c0fe8aa24de54cc9009ea345a3e58b22a043e), compiling.
11232:LogMaterial: Display: Missing cached shadermap for gray_green_serving_tray_deepcopy_007 in VULKAN_SM6, Default, SM6, Game (DDC key hash: 84d0c02ce0931424f9b8898207e6c1d80f8e817d), compiling.
11233:LogMaterial: Display: Missing cached shadermap for shader_metal_019_deepcopy in VULKAN_SM6, Default, SM6, Game (DDC key hash: f5cefa40c2c4b5cb2882716d4fe893373882ef50), compiling.
11234:LogMaterial: Display: Missing cached shadermap for shader_plaster_008_deepcopy in VULKAN_SM6, Default, SM6, Game (DDC key hash: e76be5c851a326b49988f019d7928ef598251b45), compiling.
11235:LogMaterial: Display: Missing cached shadermap for shader_wood_245_deepcopy in VULKAN_SM6, Default, SM6, Game (DDC key hash: 9c1b124d0788a135ad1d705d2d5154320b5093a8), compiling.
11236:LogMaterial: Display: Missing cached shadermap for shader_plaster_036_deepcopy in VULKAN_SM6, Default, SM6, Game (DDC key hash: 2697c2670b3badc46ef32cc94840f62058d17f10), compiling.
11237:LogMaterial: Display: Missing cached shadermap for satin_brushed_stainless_steel_deepcopy_020 in VULKAN_SM6, Default, SM6, Game (DDC key hash: e9248514a4d5e9a9339a2e6ad51a3987047cd826), compiling.
11238:LogMaterial: Display: Missing cached shadermap for satin_brushed_stainless_steel_deepcopy_033 in VULKAN_SM6, Default, SM6, Game (DDC key hash: 5553f3132f87791844cd8dece6ee732c75bbdd08), compiling.
11239:LogMaterial: Display: Missing cached shadermap for red_molded_cafeteria_chair_deepcopy_007 in VULKAN_SM6, Default, SM6, Game (DDC key hash: 25d97aaa6b8a1bac0f2436a4380b2e35db2569b8), compiling.
11240:LogMaterial: Display: Missing cached shadermap for shader_invisible_deepcopy_003 in VULKAN_SM6, Default, SM6, Game (DDC key hash: b22240e7b3fe34874f92d0aa4ad351aa874944d9), compiling.
11241:LogMaterial: Display: Missing cached shadermap for satin_brushed_stainless_steel_deepcopy_050 in VULKAN_SM6, Default, SM6, Game (DDC key hash: 3b4870b9690a7ab6319596b4dda5e3a82fd425f8), compiling.
11242:LogMaterial: Display: Missing cached shadermap for shader_invisible_deepcopy_002 in VULKAN_SM6, Default, SM6, Game (DDC key hash: 5b60fd2751d7582676e3e39bac1369ddc85d86b7), compiling.
11243:LogMaterial: Display: Missing cached shadermap for brushed_stainless_steel_deepcopy_053 in VULKAN_SM6, Default, SM6, Game (DDC key hash: 72650c405e771bd4fdfe633ec2108123010e5c67), compiling.
11244:LogMaterial: Display: Missing cached shadermap for soft_white_painted_drywall_deepcopy_001 in VULKAN_SM6, Default, SM6, Game (DDC key hash: 303e3c6f3441dc48e23057749be63a2c0c079043), compiling.
11245:LogMaterial: Display: Missing cached shadermap for shader_brushed_black_metal_022_deepcopy_001 in VULKAN_SM6, Default, SM6, Game (DDC key hash: e375ab76cae89a13db0739e59945fb3ac0e2d0f3), compiling.
11246:LogMaterial: Display: Missing cached shadermap for satin_brushed_stainless_steel_deepcopy_064 in VULKAN_SM6, Default, SM6, Game (DDC key hash: 5370adca964e6e1e821030be3e4211c6539fe717), compiling.
11247:LogMaterial: Display: Missing cached shadermap for blue_soda_can_deepcopy_001 in VULKAN_SM6, Default, SM6, Game (DDC key hash: bbe002b01cae55ffe6ac6a8f2749951231d16fbe), compiling.
11248:LogMaterial: Display: Missing cached shadermap for shader_spots_sparse_attr_003_deepcopy in VULKAN_SM6, Default, SM6, Game (DDC key hash: b63afe63e4603c3ccc8b901cfdc2d34a6dd69dd0), compiling.
11249:LogMaterial: Display: Missing cached shadermap for blue_molded_cafeteria_chair_deepcopy_002 in VULKAN_SM6, Default, SM6, Game (DDC key hash: 1e358a405fef2c2047a4358dabb9992cf82a8997), compiling.
11250:LogMaterial: Display: Missing cached shadermap for off_white_paper_label_deepcopy_007 in VULKAN_SM6, Default, SM6, Game (DDC key hash: 47a8e63e740e69adca98aac5a8d836975621a1b0), compiling.
11251:LogMaterial: Display: Missing cached shadermap for brushed_stainless_steel_deepcopy_017 in VULKAN_SM6, Default, SM6, Game (DDC key hash: e3b86d2fe3ad859000f4497120839a40f4815a7d), compiling.
11252:LogMaterial: Display: Missing cached shadermap for red_molded_cafeteria_chair_deepcopy_012 in VULKAN_SM6, Default, SM6, Game (DDC key hash: 42f3efe7fe56df253c20a3c08cd72612caeb7d59), compiling.
11253:LogMaterial: Display: Missing cached shadermap for exterior_concrete_walk_and_planter_deepcopy_001 in VULKAN_SM6, Default, SM6, Game (DDC key hash: d2e6a0bd02ccf9b536348f56e745a237db2c608a), compiling.
11254:LogMaterial: Display: Missing cached shadermap for shader_plaster_031_deepcopy in VULKAN_SM6, Default, SM6, Game (DDC key hash: f84b3525436e473f4ebfedc44acc2cfbbb9a70fa), compiling.
11255:LogMaterial: Display: Missing cached shadermap for satin_brushed_stainless_steel_deepcopy_079 in VULKAN_SM6, Default, SM6, Game (DDC key hash: 6b4d3cc637ab5e057bd7732180e0289813a437d8), compiling.
11256:LogMaterial: Display: Missing cached shadermap for shader_plaster_017_deepcopy in VULKAN_SM6, Default, SM6, Game (DDC key hash: d0c7c5ad802922713f18afa78dec9cad32ca5a96), compiling.
11257:LogMaterial: Display: Missing cached shadermap for shader_galvanized_metal_025_deepcopy in VULKAN_SM6, Default, SM6, Game (DDC key hash: 72733ab2187dbb5605d45bb44ca00b460372627a), compiling.
11258:LogMaterial: Display: Missing cached shadermap for shader_wood_246_deepcopy in VULKAN_SM6, Default, SM6, Game (DDC key hash: 8195fdd11ac4f0e1751ebe88c890033063660c11), compiling.
11259:LogMaterial: Display: Missing cached shadermap for shader_invisible_deepcopy_004 in VULKAN_SM6, Default, SM6, Game (DDC key hash: f32362ee6ffb84e90d843bd11912ed259a8d703b), compiling.
11260:LogMaterial: Display: Missing cached shadermap for wheat_bread_deepcopy in VULKAN_SM6, Default, SM6, Game (DDC key hash: 7e0a76117f747a31197990c2d83c7845b147f4bc), compiling.
11261:LogMaterial: Display: Missing cached shadermap for shader_plaster_002_deepcopy in VULKAN_SM6, Default, SM6, Game (DDC key hash: 1437132a0039c60727835f2ea8b179facd314f30), compiling.
11262:LogMaterial: Display: Missing cached shadermap for off_white_paper_deepcopy_003 in VULKAN_SM6, Default, SM6, Game (DDC key hash: 652e2a7c8c856e69569c6156f1460e33a713e346), compiling.
11263:LogMaterial: Display: Missing cached shadermap for red_molded_cafeteria_chair_deepcopy_004 in VULKAN_SM6, Default, SM6, Game (DDC key hash: 57494c47bd0bf9605fc2284b0cec2dd6a2cb650e), compiling.
11264:LogMaterial: Display: Missing cached shadermap for satin_brushed_stainless_steel_deepcopy_077 in VULKAN_SM6, Default, SM6, Game (DDC key hash: fddd859f9cbaaae3080e460ddee12b2be501e751), compiling.
11265:LogMaterial: Display: Missing cached shadermap for black_chalk_menu_board_deepcopy_001 in VULKAN_SM6, Default, SM6, Game (DDC key hash: d4f786262433eee0efc7a0257aab30afbdb51476), compiling.
11266:LogMaterial: Display: Missing cached shadermap for muted_terracotta_polypropylene_chair_deepcopy_007 in VULKAN_SM6, Default, SM6, Game (DDC key hash: e955976901abf76f120c55cd208846d00cd26e9d), compiling.
11267:LogMaterial: Display: Missing cached shadermap for shader_colored_glass_037_deepcopy_001 in VULKAN_SM6, Default, SM6, Game (DDC key hash: 351e075c3add481c9aaf5dbee720b338d2bfc0f8), compiling.
11268:LogMaterial: Display: Missing cached shadermap for dark_quarry_tile_insets_deepcopy_003 in VULKAN_SM6, Default, SM6, Game (DDC key hash: 85d34fb491f7de17dba7ac942dab1431c897d11e), compiling.
11269:LogMaterial: Display: Missing cached shadermap for brushed_stainless_steel_deepcopy_054 in VULKAN_SM6, Default, SM6, Game (DDC key hash: 26af092408476b6f358281b5a25412d212c0a082), compiling.
11270:LogMaterial: Display: Missing cached shadermap for dark_stained_counter_front_deepcopy in VULKAN_SM6, Default, SM6, Game (DDC key hash: a183bf6c3f9c231e732edeed19c0d98b64821248), compiling.
11271:LogMaterial: Display: Missing cached shadermap for shader_shelves_white_074_deepcopy in VULKAN_SM6, Default, SM6, Game (DDC key hash: a6efda7d18752fe93b62eb747d760a2b9866a70f), compiling.
11272:LogMaterial: Display: Missing cached shadermap for yellow_molded_cafeteria_chair_deepcopy_007 in VULKAN_SM6, Default, SM6, Game (DDC key hash: 6894813198766dd5606d14b0369d300237262928), compiling.
11273:LogMaterial: Display: Missing cached shadermap for brushed_stainless_steel_deepcopy_028 in VULKAN_SM6, Default, SM6, Game (DDC key hash: 2f5691c37bbcfe1fe1ed363329f7574f5deacc25), compiling.
11274:LogMaterial: Display: Missing cached shadermap for red_molded_cafeteria_chair_deepcopy_005 in VULKAN_SM6, Default, SM6, Game (DDC key hash: fe8645e13d8ee222368800648c003ff915314240), compiling.
11275:LogMaterial: Display: Missing cached shadermap for shader_rough_plastic_108_deepcopy in VULKAN_SM6, Default, SM6, Game (DDC key hash: a55585b52d973f7b0be66126412b5063b74bb542), compiling.
11276:LogMaterial: Display: Missing cached shadermap for charcoal_polypropylene_chair_deepcopy_007 in VULKAN_SM6, Default, SM6, Game (DDC key hash: 224f9076ccd3ab1cd745f0c832c8d78bd73c513d), compiling.
11277:LogMaterial: Display: Missing cached shadermap for shader_plaster_027_deepcopy in VULKAN_SM6, Default, SM6, Game (DDC key hash: a912ee6b9222fb9847149cbec96430ff47e5461e), compiling.
11278:LogMaterial: Display: Missing cached shadermap for brushed_stainless_steel_deepcopy_089 in VULKAN_SM6, Default, SM6, Game (DDC key hash: b9a59de7c5d538b0e6e230f5f846c2fa03564475), compiling.
11279:LogMaterial: Display: Missing cached shadermap for shader_mollusk_deepcopy in VULKAN_SM6, Default, SM6, Game (DDC key hash: 13035df3f6ed803e89792ffe42cc953db2b671f2), compiling.
11280:LogMaterial: Display: Missing cached shadermap for brushed_stainless_steel_deepcopy_015 in VULKAN_SM6, Default, SM6, Game (DDC key hash: a1737b330c7f70a99a8609efc95fb3ce87d5128d), compiling.
11281:LogMaterial: Display: Missing cached shadermap for shader_wood_242_deepcopy in VULKAN_SM6, Default, SM6, Game (DDC key hash: 7f685d2fbe048db0f0072b5b029a6a119c123243), compiling.
11282:LogMaterial: Display: Missing cached shadermap for shader_plaster_042_deepcopy in VULKAN_SM6, Default, SM6, Game (DDC key hash: c9899883ec6d1e1e00938b8561751e9d60f19853), compiling.
11283:LogMaterial: Display: Missing cached shadermap for satin_brushed_stainless_steel_deepcopy_018 in VULKAN_SM6, Default, SM6, Game (DDC key hash: 95d39fa22b822d6e00590c099a63163151ae30fd), compiling.
11284:LogMaterial: Display: Missing cached shadermap for red_soda_can_deepcopy_004 in VULKAN_SM6, Default, SM6, Game (DDC key hash: 22fe86581a11e96cf4abda95549e2fc95457166a), compiling.
11285:LogMaterial: Display: Missing cached shadermap for off_white_paper_deepcopy in VULKAN_SM6, Default, SM6, Game (DDC key hash: a0aa30b3abf97f72664c7d8e419001ef1511560a), compiling.
11286:LogMaterial: Display: Missing cached shadermap for shader_plaster_022_deepcopy in VULKAN_SM6, Default, SM6, Game (DDC key hash: b5ffa14cd38e91f61217a0c609e67b6d7bc97e0c), compiling.
11287:LogMaterial: Display: Missing cached shadermap for shader_tongue_003_deepcopy in VULKAN_SM6, Default, SM6, Game (DDC key hash: ac5d07735878a4667d83980080821bb6fbccd6c6), compiling.
11288:LogMaterial: Display: Missing cached shadermap for satin_brushed_stainless_steel_deepcopy_022 in VULKAN_SM6, Default, SM6, Game (DDC key hash: aee8d64336374b0a03f5b42b78a5cd601ffb81b0), compiling.
11289:LogMaterial: Display: Missing cached shadermap for brushed_stainless_steel_deepcopy_050 in VULKAN_SM6, Default, SM6, Game (DDC key hash: fb80f3686c7f56da2a15acaa9f085a2b3fe5ac97), compiling.
11290:LogMaterial: Display: Missing cached shadermap for shader_wood_236_deepcopy_002 in VULKAN_SM6, Default, SM6, Game (DDC key hash: 71ecd8ff592ba047736b9cbffd595e241e0caf8c), compiling.
11291:LogMaterial: Display: Missing cached shadermap for shader_plaster_013_deepcopy in VULKAN_SM6, Default, SM6, Game (DDC key hash: 7af2ff30cfb8e7e2a5f20ed80985356f2e78cd46), compiling.
11292:LogMaterial: Display: Missing cached shadermap for shader_plaster_007_deepcopy in VULKAN_SM6, Default, SM6, Game (DDC key hash: fd8635736adaf5e21688c13915a5f6cb133c01fa), compiling.
11293:LogMaterial: Display: Missing cached shadermap for brushed_stainless_steel_deepcopy_030 in VULKAN_SM6, Default, SM6, Game (DDC key hash: 327c215b8e362b9b29c2b7b4f669d4a030a16eed), compiling.
11294:LogMaterial: Display: Missing cached shadermap for satin_brushed_stainless_steel_deepcopy_013 in VULKAN_SM6, Default, SM6, Game (DDC key hash: e5a3561b39a56e004c40ed70e9409f657fcecfc2), compiling.
11295:LogMaterial: Display: Missing cached shadermap for off_white_paper_label_deepcopy_008 in VULKAN_SM6, Default, SM6, Game (DDC key hash: 8c83220872a1cfbe4745ca6bf3f1d57510186a09), compiling.
11296:LogMaterial: Display: Missing cached shadermap for white_paper_cup_deepcopy_002 in VULKAN_SM6, Default, SM6, Game (DDC key hash: 0b53155f95c04bc148c3710796b6a076f3897ef8), compiling.
11297:LogMaterial: Display: Missing cached shadermap for shader_nose_001_deepcopy in VULKAN_SM6, Default, SM6, Game (DDC key hash: bf03636a6342009c8466fec2fd98c3ddaafd05ad), compiling.
11298:LogMaterial: Display: Missing cached shadermap for shader_grained_metal_030_deepcopy in VULKAN_SM6, Default, SM6, Game (DDC key hash: 651d752f835ead01509d37505aea0b16965a0d19), compiling.
11299:LogMaterial: Display: Missing cached shadermap for satin_brushed_stainless_steel_deepcopy_021 in VULKAN_SM6, Default, SM6, Game (DDC key hash: 62739fd42ede286cc237879b1c546783cae78b18), compiling.
11300:LogMaterial: Display: Missing cached shadermap for shader_glass_090_deepcopy_001 in VULKAN_SM6, Default, SM6, Game (DDC key hash: 7ce788af20e593e5d0278aef9d57faf3ec49fc3d), compiling.
11301:LogMaterial: Display: Missing cached shadermap for brushed_stainless_steel_deepcopy_011 in VULKAN_SM6, Default, SM6, Game (DDC key hash: 7495214a12adc19031a13b53395a3b1e203aeda5), compiling.
11302:LogMaterial: Display: Missing cached shadermap for exterior_concrete_walk_and_planter_deepcopy_002 in VULKAN_SM6, Default, SM6, Game (DDC key hash: 80ae6e8ea5e0feb30da5f8734e62cf3217144087), compiling.
11303:LogMaterial: Display: Missing cached shadermap for shader_text_086_deepcopy in VULKAN_SM6, Default, SM6, Game (DDC key hash: caadb9565de5cede1ef2bf8a15e74c3c81a5dae0), compiling.
11304:LogMaterial: Display: Missing cached shadermap for satin_brushed_stainless_steel_deepcopy_086 in VULKAN_SM6, Default, SM6, Game (DDC key hash: a353cc9c78bff5b59c142e27ee6a5f63fab1fcbf), compiling.
11305:LogMaterial: Display: Missing cached shadermap for shader_wood_244_deepcopy in VULKAN_SM6, Default, SM6, Game (DDC key hash: 5df2173a6a46704b6c7d296fc16b8eb09401ab05), compiling.
11306:LogMaterial: Display: Missing cached shadermap for shader_plaster_010_deepcopy in VULKAN_SM6, Default, SM6, Game (DDC key hash: 1ae47d68ce71a833fe0439ad26be58152ed43962), compiling.
11307:LogMaterial: Display: Missing cached shadermap for shader_rough_plastic_018_deepcopy in VULKAN_SM6, Default, SM6, Game (DDC key hash: 5be19229a9d8544274af34dcb560fbb6a73c1253), compiling.
11308:LogMaterial: Display: Missing cached shadermap for satin_brushed_stainless_steel_deepcopy_038 in VULKAN_SM6, Default, SM6, Game (DDC key hash: 5d1f1de445f2666f6cd0474e8d23e649273cec0d), compiling.
11309:LogMaterial: Display: Missing cached shadermap for warm_diffused_led_lens_deepcopy_001 in VULKAN_SM6, Default, SM6, Game (DDC key hash: 139469da22b5df4b7a6bddcf72800c36ae2b7a96), compiling.
11310:LogMaterial: Display: Missing cached shadermap for brushed_stainless_steel_deepcopy_070 in VULKAN_SM6, Default, SM6, Game (DDC key hash: 301d5fa82b2349b632c6f5fde2482a317d0d5b00), compiling.
11311:LogMaterial: Display: Missing cached shadermap for shader_shelves_white_079_deepcopy in VULKAN_SM6, Default, SM6, Game (DDC key hash: 8e1b4a275b455868c779153a6f9e86e9b3426b15), compiling.
11312:LogMaterial: Display: Missing cached shadermap for red_soda_can_deepcopy_001 in VULKAN_SM6, Default, SM6, Game (DDC key hash: d63903bdd684dfb61ed4c557a6ae362a0c2158de), compiling.
11313:LogMaterial: Display: Missing cached shadermap for shader_glass_089_deepcopy in VULKAN_SM6, Default, SM6, Game (DDC key hash: 0383b42f7b93a121a41082da52dc02079be96a7c), compiling.
11314:LogMaterial: Display: Missing cached shadermap for shader_plaster_018_deepcopy in VULKAN_SM6, Default, SM6, Game (DDC key hash: f40c0c20407c44c850e9ac48b088e0c2bfb954bd), compiling.
11315:LogMaterial: Display: Missing cached shadermap for brushed_stainless_steel_deepcopy_038 in VULKAN_SM6, Default, SM6, Game (DDC key hash: 19cdb781ed039f7c8cdf2e4039b338957f4181bf), compiling.
11316:LogMaterial: Display: Missing cached shadermap for brushed_stainless_steel_deepcopy_001 in VULKAN_SM6, Default, SM6, Game (DDC key hash: 1ad5a657f47ba85a3119c07f304eca6d01a8ed9b), compiling.
11317:LogMaterial: Display: Missing cached shadermap for satin_brushed_stainless_steel_deepcopy_068 in VULKAN_SM6, Default, SM6, Game (DDC key hash: 8f68044519b63b64bd7361061b3addd4f346c2c5), compiling.
11318:LogMaterial: Display: Missing cached shadermap for shader_shelves_white_018_deepcopy in VULKAN_SM6, Default, SM6, Game (DDC key hash: e21838a1da9f270890dcc24285b87113a657f0bb), compiling.
11319:LogMaterial: Display: Missing cached shadermap for brushed_stainless_steel_deepcopy_025 in VULKAN_SM6, Default, SM6, Game (DDC key hash: 0658cc409f5b97f6e46696339e654f81b858f4f5), compiling.
11320:LogMaterial: Display: Missing cached shadermap for shader_shelves_wood_047_deepcopy_001 in VULKAN_SM6, Default, SM6, Game (DDC key hash: c3fea1b55e296724841b487448efc0c94d763a27), compiling.
11321:LogMaterial: Display: Missing cached shadermap for dark_quarry_tile_insets_deepcopy_014 in VULKAN_SM6, Default, SM6, Game (DDC key hash: 6b30a5fe0a32fc1243fb259cfd3040f03eb22635), compiling.
11322:LogMaterial: Display: Missing cached shadermap for brushed_stainless_steel_deepcopy_090 in VULKAN_SM6, Default, SM6, Game (DDC key hash: 69ff9c7808d7009cea56e6c571dd1464af0b6b27), compiling.
11323:LogMaterial: Display: Missing cached shadermap for brushed_stainless_steel_deepcopy_079 in VULKAN_SM6, Default, SM6, Game (DDC key hash: 229fca6f4b52e7cd6826ff988133a62f660b49bd), compiling.
11324:LogMaterial: Display: Missing cached shadermap for shader_rough_plastic_107_deepcopy_003 in VULKAN_SM6, Default, SM6, Game (DDC key hash: 30402fa16a809f82fb2b1cc4af3f0072e9240b53), compiling.
11325:LogMaterial: Display: Missing cached shadermap for shader_shelves_white_084_deepcopy in VULKAN_SM6, Default, SM6, Game (DDC key hash: 4761fcf8b42878a76a21ab9a04cdb8389a950809), compiling.
11326:LogMaterial: Display: Missing cached shadermap for brushed_stainless_steel_deepcopy_058 in VULKAN_SM6, Default, SM6, Game (DDC key hash: 64019935d7dacd5f1fdb1be706fd6bc15f9f7900), compiling.
11327:LogMaterial: Display: Missing cached shadermap for shader_shelves_black_wood_067_deepcopy_001 in VULKAN_SM6, Default, SM6, Game (DDC key hash: e4116d1fa16409733bc4eff01b1f21cf4743d2c9), compiling.
11328:LogMaterial: Display: Missing cached shadermap for shader_shelves_white_081_deepcopy in VULKAN_SM6, Default, SM6, Game (DDC key hash: 361828b7adb543deb6ae2509ac9abfb84548cd95), compiling.
11329:LogMaterial: Display: Missing cached shadermap for shader_shelves_wood_048_deepcopy in VULKAN_SM6, Default, SM6, Game (DDC key hash: cf59deb6fd0763e021876d5018677c14f22d2a07), compiling.
11330:LogMaterial: Display: Missing cached shadermap for muted_terracotta_polypropylene_chair_deepcopy_001 in VULKAN_SM6, Default, SM6, Game (DDC key hash: 904554a40f5239f4cd9cdc3b1e8704900995085e), compiling.
11331:LogMaterial: Display: Missing cached shadermap for warm_white_paper_cup_deepcopy_007 in VULKAN_SM6, Default, SM6, Game (DDC key hash: 38040da33d2038a32b4b2a7c2386101a09aa7eb2), compiling.
11332:LogMaterial: Display: Missing cached shadermap for shader_metal_090_deepcopy_001 in VULKAN_SM6, Default, SM6, Game (DDC key hash: eb6f2ce687dfe376f05e47303c8d70915ebc4c73), compiling.
11333:LogMaterial: Display: Missing cached shadermap for muted_blue_soda_can_deepcopy_001 in VULKAN_SM6, Default, SM6, Game (DDC key hash: 1df20079bbb3f6185f99c99533a0d5d592c40e35), compiling.
11334:LogMaterial: Display: Missing cached shadermap for MI_SpecularGlossiness_Mask_DS in VULKAN_SM6, Default, SM6, Game (DDC key hash: a46a2e37e353303dd1ecafe389da21940569fd42), compiling.
11335:LogMaterial: Display: Missing cached shadermap for MI_Default_Mask in VULKAN_SM6, Default, SM6, Game (DDC key hash: e37e61f3f1134c5f554b8e08251bd29936aa33f4), compiling.
11336:LogMaterial: Display: Missing cached shadermap for MI_Default_Blend in VULKAN_SM6, Default, SM6, Game (DDC key hash: 4778cf08c2bb7fe5a25819ca82e8bd4ac6470c54), compiling.
11337:LogMaterial: Display: Missing cached shadermap for MI_Default_Opaque_DS in VULKAN_SM6, Default, SM6, Game (DDC key hash: 3223316e686a5297da5c77d478378516837de3d9), compiling.
11338:LogMaterial: Display: Missing cached shadermap for MI_Default_Mask_DS in VULKAN_SM6, Default, SM6, Game (DDC key hash: cc1b4f289e30b26a384957783bc075f99239def9), compiling.
11339:LogMaterial: Display: Missing cached shadermap for MI_Default_Blend_DS in VULKAN_SM6, Default, SM6, Game (DDC key hash: 1768404528125fc79da93100d6c82cc3b0adcf27), compiling.
11340:LogMaterial: Display: Missing cached shadermap for MI_ClearCoat_Mask in VULKAN_SM6, Default, SM6, Game (DDC key hash: d7049782cce7dd5cc8ace47ba28babaac8f3c535), compiling.
11341:LogMaterial: Display: Missing cached shadermap for MI_ClearCoat_Blend in VULKAN_SM6, Default, SM6, Game (DDC key hash: 510890960f6213e5484899a0a6aa42750020787f), compiling.
11342:LogMaterial: Display: Missing cached shadermap for MI_ClearCoat_Mask_DS in VULKAN_SM6, Default, SM6, Game (DDC key hash: 7270b38b474f9eec63b52e5726253e6b9a1372f9), compiling.
11343:LogMaterial: Display: Missing cached shadermap for MI_ClearCoat_Blend_DS in VULKAN_SM6, Default, SM6, Game (DDC key hash: 2a8b898bb654511afd7a258e06246551b24bb159), compiling.
11344:LogMaterial: Display: Missing cached shadermap for MI_Sheen_Mask in VULKAN_SM6, Default, SM6, Game (DDC key hash: 71f229549658d09021cd339d2b77f8ae8e9fc5a0), compiling.
11345:LogMaterial: Display: Missing cached shadermap for MI_Sheen_Blend in VULKAN_SM6, Default, SM6, Game (DDC key hash: 176693a9aa02878e33d6260acebd84cff4b42192), compiling.
11346:LogMaterial: Display: Missing cached shadermap for MI_Sheen_Opaque_DS in VULKAN_SM6, Default, SM6, Game (DDC key hash: ea93fc250f4ae3d435d3e90dd75587dc81394126), compiling.
11347:LogMaterial: Display: Missing cached shadermap for MI_Sheen_Mask_DS in VULKAN_SM6, Default, SM6, Game (DDC key hash: f07f9a9ef678ea003ed5ca28735b149a2f394af7), compiling.
11348:LogMaterial: Display: Missing cached shadermap for MI_Sheen_Blend_DS in VULKAN_SM6, Default, SM6, Game (DDC key hash: efb9894cb345abb808f7235a68a9a480ffc21bb9), compiling.
11349:LogMaterial: Display: Missing cached shadermap for MI_Transmission_DS in VULKAN_SM6, Default, SM6, Game (DDC key hash: 323e24548b8d0ebd634942919f1dbe3b905a9d06), compiling.
11350:LogMaterial: Display: Missing cached shadermap for Clear in VULKAN_SM6, Default, SM6, Game (DDC key hash: 1c8997d17a156ddd68262cbb8489389dc28e7ecc), compiling.
11351:LogMaterial: Display: Missing cached shadermap for Glass in VULKAN_SM6, Default, SM6, Game (DDC key hash: ab90233cfa2f61758d4ed914e556bd89e4f75d7d), compiling.
11352:LogMaterial: Display: Missing cached shadermap for muted_blue_soda_can_deepcopy in VULKAN_SM6, Default, SM6, Game (DDC key hash: 91292a47c3113cd37062c8bd32c6d44ad38cab4d), compiling.
11353:LogMaterial: Display: Missing cached shadermap for brushed_stainless_steel_deepcopy_091 in VULKAN_SM6, Default, SM6, Game (DDC key hash: ce171431dc30463a539f63f932f75377010308cb), compiling.
11354:LogMaterial: Display: Missing cached shadermap for shader_window_glass_011_deepcopy in VULKAN_SM6, Default, SM6, Game (DDC key hash: ce56d3df5604a349d10809d5414b20e08828dcf2), compiling.
11355:LogMaterial: Display: Missing cached shadermap for blue_molded_cafeteria_chair_deepcopy_011 in VULKAN_SM6, Default, SM6, Game (DDC key hash: 03c000057aba8eac7d830dd776964ee13ce33c33), compiling.
11356:LogMaterial: Display: Missing cached shadermap for brushed_stainless_steel_deepcopy_062 in VULKAN_SM6, Default, SM6, Game (DDC key hash: 426178f303b67e420085d233dcfd43d5f9751148), compiling.
11357:LogMaterial: Display: Missing cached shadermap for sandwich_bread_deepcopy_003 in VULKAN_SM6, Default, SM6, Game (DDC key hash: 2f074e027b302dc047057fd0bc0f07a70a7dd25d), compiling.
11358:LogMaterial: Display: Missing cached shadermap for shader_wood_shader_hexagon_tile_tile_001_deepcopy in VULKAN_SM6, Default, SM6, Game (DDC key hash: b5bb214edd89150c4b1bdcb278b1023c6ac21c5d), compiling.
11359:LogMaterial: Display: Missing cached shadermap for sealed_natural_oak_tabletop_deepcopy_003 in VULKAN_SM6, Default, SM6, Game (DDC key hash: 78dbef2bb89ee0182b1a37f88918faa2c31ecf9a), compiling.
11360:LogMaterial: Display: Missing cached shadermap for shader_bone_deepcopy in VULKAN_SM6, Default, SM6, Game (DDC key hash: 95bc51b9b4590ae5674e89e7396b968b54740942), compiling.
11361:LogMaterial: Display: Missing cached shadermap for muted_apple_red_deepcopy in VULKAN_SM6, Default, SM6, Game (DDC key hash: b5e7c110e6387a26976bffa95153d1fe39ebeb04), compiling.
11362:LogMaterial: Display: Missing cached shadermap for dark_quarry_tile_insets_deepcopy_011 in VULKAN_SM6, Default, SM6, Game (DDC key hash: cff256a1367642d40f7f106f0e083f18dba5f526), compiling.
11363:LogMaterial: Display: Missing cached shadermap for brushed_stainless_steel_deepcopy_071 in VULKAN_SM6, Default, SM6, Game (DDC key hash: 1eb4ab72397739fd59e7d829b375ba31696b32ac), compiling.
11364:LogMaterial: Display: Missing cached shadermap for shader_text_131_deepcopy in VULKAN_SM6, Default, SM6, Game (DDC key hash: 9bb579413631c947dcb3db1da0a3874532281e32), compiling.
11365:LogMaterial: Display: Missing cached shadermap for off_white_paper_label_deepcopy_001 in VULKAN_SM6, Default, SM6, Game (DDC key hash: ec51796e7b3ab5166daab7da9bc1d2805352d3c2), compiling.
11366:LogMaterial: Display: Missing cached shadermap for brushed_stainless_steel_deepcopy_074 in VULKAN_SM6, Default, SM6, Game (DDC key hash: 376e0830e45b8f23119fb78f413167a770cd8188), compiling.
11367:LogMaterial: Display: Missing cached shadermap for shader_rough_plastic_107_deepcopy_002 in VULKAN_SM6, Default, SM6, Game (DDC key hash: dbff7abea726406da857d537d54edd3108da6b8c), compiling.
11368:LogMaterial: Display: Missing cached shadermap for shader_grained_metal_031_deepcopy in VULKAN_SM6, Default, SM6, Game (DDC key hash: cd92cf8060e7dca41bbff83969353057e7e0e687), compiling.
11369:LogMaterial: Display: Missing cached shadermap for shader_spots_sparse_attr_001_deepcopy in VULKAN_SM6, Default, SM6, Game (DDC key hash: 81830f50578c23068d4bb84673129152cf5f6ed6), compiling.
11370:LogMaterial: Display: Missing cached shadermap for muted_teal_accent_wall_deepcopy in VULKAN_SM6, Default, SM6, Game (DDC key hash: 920ecce5d716ba043a006b5713bfa356d7347d45), compiling.
11371:LogMaterial: Display: Missing cached shadermap for satin_brushed_stainless_steel_deepcopy_096 in VULKAN_SM6, Default, SM6, Game (DDC key hash: eeb22991f27984a024d1e330bb992703fd099099), compiling.
11372:LogMaterial: Display: Missing cached shadermap for shader_text_069_deepcopy in VULKAN_SM6, Default, SM6, Game (DDC key hash: 557ee3d96139619635117b5079b0a97301409d4e), compiling.
11373:LogMaterial: Display: Missing cached shadermap for green_serving_tray_deepcopy_001 in VULKAN_SM6, Default, SM6, Game (DDC key hash: 3c81c796ef5b6ddf1a33bb707f866a52e495be8a), compiling.
11374:LogMaterial: Display: Missing cached shadermap for clear_slightly_green_window_glass_deepcopy_004 in VULKAN_SM6, Default, SM6, Game (DDC key hash: 544699ef718d688ca4f679459b7d9009f38905fb), compiling.
11375:LogMaterial: Display: Missing cached shadermap for dark_quarry_tile_insets_deepcopy_001 in VULKAN_SM6, Default, SM6, Game (DDC key hash: 173e7ff528cb184c2333f4d4960fb642ab59430d), compiling.
11376:LogMaterial: Display: Missing cached shadermap for blue_soda_can_deepcopy_003 in VULKAN_SM6, Default, SM6, Game (DDC key hash: 7b6d3a50b162df87364fd5783c027e4f4b6b17ce), compiling.
11377:LogMaterial: Display: Missing cached shadermap for brushed_stainless_steel_deepcopy_032 in VULKAN_SM6, Default, SM6, Game (DDC key hash: c903c3b8d32fb75bb61f011d670a48382ac653a0), compiling.
11378:LogMaterial: Display: Missing cached shadermap for shader_plaster_015_deepcopy in VULKAN_SM6, Default, SM6, Game (DDC key hash: e0fbd88a7a3a02f88d0fd59f0d09cd71f2cf4785), compiling.
11379:LogMaterial: Display: Missing cached shadermap for yellow_molded_cafeteria_chair_deepcopy_005 in VULKAN_SM6, Default, SM6, Game (DDC key hash: c3c4f3e62268ad494f9c6c9f6f8246397ffbe571), compiling.
11380:LogMaterial: Display: Missing cached shadermap for satin_brushed_stainless_steel_deepcopy_011 in VULKAN_SM6, Default, SM6, Game (DDC key hash: 3b253157f58b8389db4f52ed71503b10d46aad5f), compiling.
11381:LogMaterial: Display: Missing cached shadermap for brushed_stainless_steel_deepcopy_088 in VULKAN_SM6, Default, SM6, Game (DDC key hash: 1c5e746919a5caa4820d560da2dc339217a9d7b5), compiling.
11382:LogMaterial: Display: Missing cached shadermap for warm_led_panel_glow_3_deepcopy in VULKAN_SM6, Default, SM6, Game (DDC key hash: 7ba1d76b8b9f6a5e853c76b7b45d6b85721ed81d), compiling.
11383:LogMaterial: Display: Missing cached shadermap for satin_brushed_stainless_steel_deepcopy_072 in VULKAN_SM6, Default, SM6, Game (DDC key hash: c3e740b79e68b4bfdab6507a6bd40ba8875dfa6a), compiling.
11384:LogMaterial: Display: Missing cached shadermap for shader_tiger_attr_deepcopy in VULKAN_SM6, Default, SM6, Game (DDC key hash: 33376e78b9510762b6e0c4e47ab5c05271bd1b66), compiling.
11385:LogMaterial: Display: Missing cached shadermap for brushed_stainless_steel_deepcopy_051 in VULKAN_SM6, Default, SM6, Game (DDC key hash: f01f18b879ec157eb80e57df484265935356561f), compiling.
11386:LogMaterial: Display: Missing cached shadermap for satin_brushed_stainless_steel_deepcopy_065 in VULKAN_SM6, Default, SM6, Game (DDC key hash: 6590a99db1139e4d9cc68f010a12eb140e7bdf2c), compiling.
11387:LogMaterial: Display: Missing cached shadermap for white_paper_cup_deepcopy_006 in VULKAN_SM6, Default, SM6, Game (DDC key hash: b9e7cd7d3caaa0c16ac24986920197245831b5e1), compiling.
11388:LogMaterial: Display: Missing cached shadermap for brushed_stainless_steel_deepcopy_066 in VULKAN_SM6, Default, SM6, Game (DDC key hash: 01e39f85c0c3e18c2d3f69b9d46909f8d49f4688), compiling.
11389:LogMaterial: Display: Missing cached shadermap for shader_plaster_039_deepcopy in VULKAN_SM6, Default, SM6, Game (DDC key hash: 434242fb4bf4f9a2c681f539cd8aaa77f58b9106), compiling.
11390:LogMaterial: Display: Missing cached shadermap for shader_shelves_black_wood_066_deepcopy_001 in VULKAN_SM6, Default, SM6, Game (DDC key hash: 0770e0ef027a007d80983a5294ed4166e48c02c0), compiling.
11391:LogMaterial: Display: Missing cached shadermap for shader_grained_metal_019_deepcopy in VULKAN_SM6, Default, SM6, Game (DDC key hash: d02eb15462ab4c44f7fed464ed601e10acc46724), compiling.
11392:LogMaterial: Display: Missing cached shadermap for shader_bone_003_deepcopy in VULKAN_SM6, Default, SM6, Game (DDC key hash: 5a1f1160828b9de4e9d7c80ac639401663e984a6), compiling.
11393:LogMaterial: Display: Missing cached shadermap for shader_wood_240_deepcopy in VULKAN_SM6, Default, SM6, Game (DDC key hash: cec3dc090d9a0a22d16ce3858a689d32b05bfa80), compiling.
11394:LogMaterial: Display: Missing cached shadermap for satin_brushed_stainless_steel_deepcopy_035 in VULKAN_SM6, Default, SM6, Game (DDC key hash: b7a1adc9452d3ddeeee28bc6f6b9d0f7e0e18b03), compiling.
11395:LogMaterial: Display: Missing cached shadermap for satin_brushed_stainless_steel_deepcopy_047 in VULKAN_SM6, Default, SM6, Game (DDC key hash: 7f08f1367c2b9be1cd49b6438092d147a4a4bae9), compiling.
11396:LogMaterial: Display: Missing cached shadermap for shader_brushed_black_metal_022_deepcopy in VULKAN_SM6, Default, SM6, Game (DDC key hash: 924763508eaabf1c0c39eb9696af75e03491c618), compiling.
11397:LogMaterial: Display: Missing cached shadermap for shader_wood_254_deepcopy in VULKAN_SM6, Default, SM6, Game (DDC key hash: d66ed89d247509b510c24683873015a5e2e0d516), compiling.
11398:LogMaterial: Display: Missing cached shadermap for brushed_stainless_steel_deepcopy_016 in VULKAN_SM6, Default, SM6, Game (DDC key hash: 358bae9478d70293e29e01731af9f7d884f1e768), compiling.
11399:LogMaterial: Display: Missing cached shadermap for warm_white_painted_wall_deepcopy_001 in VULKAN_SM6, Default, SM6, Game (DDC key hash: c2c2c520d1a0a26a8c785be6bfc5f947257ca33a), compiling.
11400:LogMaterial: Display: Missing cached shadermap for shader_grained_metal_027_deepcopy in VULKAN_SM6, Default, SM6, Game (DDC key hash: 9edbdab53d52fc0ff63dbeeac2caf165e6b343a1), compiling.
11401:LogMaterial: Display: Missing cached shadermap for soft_black_plastic_deepcopy_001 in VULKAN_SM6, Default, SM6, Game (DDC key hash: 60ddc8c5aa96022f95b1761b59c2f10de2c6d723), compiling.
11402:LogMaterial: Display: Missing cached shadermap for shader_text_056_deepcopy in VULKAN_SM6, Default, SM6, Game (DDC key hash: d931674b20d86ce8292acbf33538147da2434c85), compiling.
11403:LogMaterial: Display: Missing cached shadermap for sealed_light_oak_tabletop_deepcopy_002 in VULKAN_SM6, Default, SM6, Game (DDC key hash: de6dbec522b30a5fb5ccd9ce4b2be567f7458522), compiling.
11404:LogMaterial: Display: Missing cached shadermap for shader_plaster_019_deepcopy in VULKAN_SM6, Default, SM6, Game (DDC key hash: ae79ed597b413f0f17af02d61d5cb07491d04ef3), compiling.
11405:LogMaterial: Display: Missing cached shadermap for shader_bone_001_deepcopy in VULKAN_SM6, Default, SM6, Game (DDC key hash: 1f1f22f161b6fb0e0829ea959fd9fcd96c77a640), compiling.
11406:LogMaterial: Display: Missing cached shadermap for satin_brushed_stainless_steel_deepcopy_091 in VULKAN_SM6, Default, SM6, Game (DDC key hash: 876af3f6a21eb8383048dfe3c365f0f01d4b265f), compiling.
11407:LogMaterial: Display: Missing cached shadermap for off_white_paper_deepcopy_002 in VULKAN_SM6, Default, SM6, Game (DDC key hash: b9e3c7cfa85c892312f94b1bfe02525c025c90d7), compiling.
11408:LogMaterial: Display: Missing cached shadermap for shader_grained_metal_027_deepcopy_001 in VULKAN_SM6, Default, SM6, Game (DDC key hash: dd49501fbfefe32097a955edfd034d4bf999e1fa), compiling.
11409:LogMaterial: Display: Missing cached shadermap for shader_metal_089_deepcopy_001 in VULKAN_SM6, Default, SM6, Game (DDC key hash: 47d4a11e2262d333d7e956cfc235766d01fdc725), compiling.
11410:LogMaterial: Display: Missing cached shadermap for checker_quarry_tile_floor_deepcopy in VULKAN_SM6, Default, SM6, Game (DDC key hash: c2e29a70b1103b90de77c51dfb45250020f9c235), compiling.
11411:LogMaterial: Display: Missing cached shadermap for shader_brushed_black_metal_021_deepcopy in VULKAN_SM6, Default, SM6, Game (DDC key hash: fbfd845a5a62efa134b7267a4b390730d5b2c1db), compiling.
11412:LogMaterial: Display: Missing cached shadermap for walnut_counter_front_deepcopy_002 in VULKAN_SM6, Default, SM6, Game (DDC key hash: 7658171b113ac664c38f517bdaaa71fb599ecc19), compiling.
11413:LogMaterial: Display: Missing cached shadermap for brushed_stainless_steel_deepcopy_075 in VULKAN_SM6, Default, SM6, Game (DDC key hash: a304b0441b7a09ae2d62026ee83ca1a48f3ede3d), compiling.
11414:LogMaterial: Display: Missing cached shadermap for shader_plaster_005_deepcopy in VULKAN_SM6, Default, SM6, Game (DDC key hash: 93367f4a857b2b6a524f1b284651c6e818154117), compiling.
11415:LogMaterial: Display: Missing cached shadermap for satin_brushed_stainless_steel_deepcopy_023 in VULKAN_SM6, Default, SM6, Game (DDC key hash: 30b78c68d481e80c2bb23760a2c6a66736746c78), compiling.
11416:LogMaterial: Display: Missing cached shadermap for satin_brushed_stainless_steel_deepcopy_061 in VULKAN_SM6, Default, SM6, Game (DDC key hash: ec48f2abd6cb3aae30d1a8587f175e996cebd49a), compiling.
11417:LogMaterial: Display: Missing cached shadermap for satin_brushed_stainless_steel_deepcopy_031 in VULKAN_SM6, Default, SM6, Game (DDC key hash: 1f89969f8ef2e1c1f33bf3871f81d09b33bb241a), compiling.
11418:LogMaterial: Display: Missing cached shadermap for red_soda_can_deepcopy in VULKAN_SM6, Default, SM6, Game (DDC key hash: 4209902c7b34a41c4dac4808eb9cd037710a1ef2), compiling.
11419:LogMaterial: Display: Missing cached shadermap for shader_hardwood_floor_003_deepcopy in VULKAN_SM6, Default, SM6, Game (DDC key hash: 53bde979a9c3ddd1a98449535154f5c991a3686b), compiling.
11420:LogMaterial: Display: Missing cached shadermap for satin_brushed_stainless_steel_deepcopy_012 in VULKAN_SM6, Default, SM6, Game (DDC key hash: 6e1f0b5a8435518c4793ce21bba8c073bf0109a2), compiling.
11421:LogMaterial: Display: Missing cached shadermap for off_white_paper_label_deepcopy_005 in VULKAN_SM6, Default, SM6, Game (DDC key hash: ff34e911b50d6f235b4cc91bd7f6bdaf9b25980b), compiling.
11422:LogMaterial: Display: Missing cached shadermap for shader_window_glass_003_deepcopy in VULKAN_SM6, Default, SM6, Game (DDC key hash: 7fc5f1c748816da1e8780305567c341c2231af0e), compiling.
11423:LogMaterial: Display: Missing cached shadermap for subtle_dark_grout_lines_deepcopy_005 in VULKAN_SM6, Default, SM6, Game (DDC key hash: b2e01d2003032816bfd1d7ab35233cd42b02e099), compiling.
11424:LogMaterial: Display: Missing cached shadermap for brushed_stainless_steel_deepcopy_014 in VULKAN_SM6, Default, SM6, Game (DDC key hash: 5e762eb17b838b05d54ff643bd5d3dc8e2233ce7), compiling.
11425:LogMaterial: Display: Missing cached shadermap for shader_shelves_white_075_deepcopy in VULKAN_SM6, Default, SM6, Game (DDC key hash: c77c8aae62ffee99defb2503c7700e931601e972), compiling.
11426:LogMaterial: Display: Missing cached shadermap for brushed_stainless_steel_deepcopy_044 in VULKAN_SM6, Default, SM6, Game (DDC key hash: e33a790eb090bfdb61d0da97288f2c44ad050291), compiling.
11427:LogMaterial: Display: Missing cached shadermap for shader_wood_236_deepcopy_001 in VULKAN_SM6, Default, SM6, Game (DDC key hash: 9602f52d8363c76a829e72faaf2e7110aaf9817b), compiling.
11428:LogMaterial: Display: Missing cached shadermap for shader_grained_metal_027_deepcopy_002 in VULKAN_SM6, Default, SM6, Game (DDC key hash: 1b90a9862ad69ff21478cac71b01a6e2409956bc), compiling.
11429:LogMaterial: Display: Missing cached shadermap for shader_plaster_023_deepcopy in VULKAN_SM6, Default, SM6, Game (DDC key hash: 76b5c696e337d7ecc187bdadabcf834397cdfe02), compiling.
11430:LogMaterial: Display: Missing cached shadermap for satin_brushed_stainless_steel_deepcopy_032 in VULKAN_SM6, Default, SM6, Game (DDC key hash: d44af8e2b57a24f9d18d03534402b8815661dbb3), compiling.
11431:LogMaterial: Display: Missing cached shadermap for shader_plaster_030_deepcopy in VULKAN_SM6, Default, SM6, Game (DDC key hash: acb72b72a169070329a5c812687d73e31baeda2f), compiling.
11432:LogMaterial: Display: Missing cached shadermap for sandwich_bread_deepcopy_002 in VULKAN_SM6, Default, SM6, Game (DDC key hash: 632a10b74884e2f417be3bf8c8b34ab15ef196ad), compiling.
11433:LogMaterial: Display: Missing cached shadermap for white_acoustic_ceiling_deepcopy in VULKAN_SM6, Default, SM6, Game (DDC key hash: d9f272e42e8a0a5ecfe5805df9786d975472ec11), compiling.
11434:LogMaterial: Display: Missing cached shadermap for shader_shelves_black_wood_068_deepcopy in VULKAN_SM6, Default, SM6, Game (DDC key hash: 76e37ad7d63400ebbf723ad5fd1c7a10230869d1), compiling.
11435:LogMaterial: Display: Missing cached shadermap for blue_soda_can_deepcopy_004 in VULKAN_SM6, Default, SM6, Game (DDC key hash: c9665dc2a904dbbe39b84c222e7ce1394cf1439d), compiling.
11436:LogMaterial: Display: Missing cached shadermap for soft_white_painted_drywall_deepcopy_005 in VULKAN_SM6, Default, SM6, Game (DDC key hash: 828db903dc90d1b8efd0df0b602754a5822692ef), compiling.
11437:LogMaterial: Display: Missing cached shadermap for off_white_paper_label_deepcopy_002 in VULKAN_SM6, Default, SM6, Game (DDC key hash: d53986c1204e115eabc5ba463e0d30cb40614b09), compiling.
11438:LogMaterial: Display: Missing cached shadermap for shader_window_glass_010_deepcopy in VULKAN_SM6, Default, SM6, Game (DDC key hash: 283c5906a98dc89a7809b4199656eb456a6360b2), compiling.
11439:LogMaterial: Display: Missing cached shadermap for red_soda_can_deepcopy_002 in VULKAN_SM6, Default, SM6, Game (DDC key hash: 616be4fe8f8600a229f44e63c446782c3fc46430), compiling.
11440:LogMaterial: Display: Missing cached shadermap for warm_white_painted_wall_deepcopy_002 in VULKAN_SM6, Default, SM6, Game (DDC key hash: e1622942980ef75f9a50220452326a9f05080d18), compiling.
11441:LogMaterial: Display: Missing cached shadermap for shader_shelves_white_076_deepcopy in VULKAN_SM6, Default, SM6, Game (DDC key hash: fada94b9d8360b05c217ab8dc63dcfa304f0239c), compiling.
11442:LogMaterial: Display: Missing cached shadermap for soft_white_painted_drywall_deepcopy_007 in VULKAN_SM6, Default, SM6, Game (DDC key hash: 232ede0aa078ef486fbfa04c2216ff786a0e2aaf), compiling.
11443:LogMaterial: Display: Missing cached shadermap for brushed_stainless_steel_deepcopy_047 in VULKAN_SM6, Default, SM6, Game (DDC key hash: 723a971fcf42d6b9655b13aed06b8572b8831a7b), compiling.
11444:LogMaterial: Display: Missing cached shadermap for off_white_paper_label_deepcopy in VULKAN_SM6, Default, SM6, Game (DDC key hash: 028c61ec9eeb03a9306209e936f2fe336d5045ed), compiling.
11445:LogMaterial: Display: Missing cached shadermap for shader_plaster_033_deepcopy in VULKAN_SM6, Default, SM6, Game (DDC key hash: 8d1de346baa7987c6061524a483f38070e30f91c), compiling.
11446:LogMaterial: Display: Missing cached shadermap for Mt_Base_Translucent in VULKAN_SM6, Default, SM6, Game (DDC key hash: 7f0055bebfacbea6efe7196957615b02b47967bd), compiling.
11447:LogMaterial: Display: Missing cached shadermap for Mt_Base in VULKAN_SM6, Default, SM6, Game (DDC key hash: d41b5855d38bad12cf580fd1c0d6345422da5513), compiling.
11448:LogMaterial: Display: Missing cached shadermap for blue_soda_can_deepcopy_002 in VULKAN_SM6, Default, SM6, Game (DDC key hash: baf542a9ba75d6065c3a0be51d9b0f8c5faef474), compiling.
11449:LogMaterial: Display: Missing cached shadermap for green_serving_tray_deepcopy_004 in VULKAN_SM6, Default, SM6, Game (DDC key hash: 0f68adb3718f253c9d4053159d7b67c0cb02bc8a), compiling.
11450:LogMaterial: Display: Missing cached shadermap for brushed_stainless_steel_deepcopy_082 in VULKAN_SM6, Default, SM6, Game (DDC key hash: b0eb57fafb122256a26715e1a8948c382eede639), compiling.
11451:LogMaterial: Display: Missing cached shadermap for MatineeCam_mat in VULKAN_SM6, Default, SM6, Game (DDC key hash: 0798c34d0c6a80e0eef5231587bcec847b07b837), compiling.
11452:LogMaterial: Display: Missing cached shadermap for Mt_Acc_Phone_op1 in VULKAN_SM6, Default, SM6, Game (DDC key hash: 66bb1249ecfba0c5b967b66e6b83b4f63948a213), compiling.
11453:LogMaterial: Display: Missing cached shadermap for Mt_ClearHolder in VULKAN_SM6, Default, SM6, Game (DDC key hash: 3e5dd262f09be6996f6c3f45e565b0be27f6c75a), compiling.
11454:LogMaterial: Display: Missing cached shadermap for Mt_Cabinet_Glass in VULKAN_SM6, Default, SM6, Game (DDC key hash: 8efd3aec14013c95f565d383039d95f0d5f52599), compiling.
11455:LogMaterial: Display: Missing cached shadermap for Mt_CRoom_Gless in VULKAN_SM6, Default, SM6, Game (DDC key hash: a23adf75b5a85bfdd6ee25e88c3cb92745e050fa), compiling.
11456:LogMaterial: Display: Missing cached shadermap for Mt_Ev_btn in VULKAN_SM6, Default, SM6, Game (DDC key hash: 5ef9e5aab13e8f7362ba37d859dc8c1204b57e65), compiling.
11457:LogMaterial: Display: Missing cached shadermap for Mt_Clock_Glass in VULKAN_SM6, Default, SM6, Game (DDC key hash: 89785c09fbe4e9d6073876bfed4f1e53d0b901d9), compiling.
11458:LogMaterial: Display: Missing cached shadermap for Mt_Tiling in VULKAN_SM6, Default, SM6, Game (DDC key hash: da9e4557d172d1cc533676eddc5cebf6c66492ba), compiling.
11459:LogMaterial: Display: Missing cached shadermap for M_LightStage_Skybox_HDRI in VULKAN_SM6, Default, SM6, Game (DDC key hash: ddf42d7d6bb7f17e85ecf9d3542d5bf4b136b372), compiling.
11460:LogMaterial: Display: Missing cached shadermap for MI_Vase_02 in VULKAN_SM6, Default, SM6, Game (DDC key hash: cc3fe77657543667952e4b8a0220daeb51796750), compiling.
11461:LogMaterial: Display: Missing cached shadermap for MtI_Blind in VULKAN_SM6, Default, SM6, Game (DDC key hash: de9ae1ec73a2fe591a602dccbc063e3d56697d7b), compiling.
11462:LogMaterial: Display: Missing cached shadermap for MI_SportsCar_Chassis in VULKAN_SM6, Default, SM6, Game (DDC key hash: 3b539072c996d2d1b026063faddfb0e15c570388), compiling.
11463:LogMaterial: Display: Missing cached shadermap for SkySphereMaterial in VULKAN_SM6, Default, SM6, Game (DDC key hash: f945b303a387a5944066a5b82e2c6b1585f49d2d), compiling.
11464:LogMaterial: Display: Missing cached shadermap for MI_Unlit_Mask in VULKAN_SM6, Default, SM6, Game (DDC key hash: bc3a0ba6c27f0a2e6a804229281a569b9b133a03), compiling.
11465:LogMaterial: Display: Missing cached shadermap for MI_Unlit_Blend in VULKAN_SM6, Default, SM6, Game (DDC key hash: 846f56c638248e5fbb4ca17133ef082362ad4b89), compiling.
14067:BUILD SUCCESSFUL
14069:AutomationTool exiting with ExitCode=0 (Success)
