/home/yashturkar/Workspace/infinigen/infinigen/tools/export.py:27: UserWarning: coacd could not be imported. Some features may be unavailable.
  warnings.warn("coacd could not be imported. Some features may be unavailable.")
Read blend: "/home/yashturkar/Workspace/infinigen/outputs/restaurant_kitchen_1000sqft/coarse/scene.blend"
Fra:1 Mem:17.41M (Peak 21.59M) | Time:495477:30:19.48 | Mem:0.00M, Peak:0.00M | Scene | Synchronizing object | ceiling_linear_fixture_housing_0
Fra:1 Mem:17.41M (Peak 21.59M) | Time:495477:30:19.48 | Mem:0.00M, Peak:0.00M | Scene | Initializing
Fra:1 Mem:17.41M (Peak 21.59M) | Time:495477:30:19.48 | Mem:0.00M, Peak:0.00M | Scene | Updating Images | Loading ceiling_linear_fixture_housing_0_METAL
Fra:1 Mem:17.44M (Peak 26.62M) | Time:495477:30:19.50 | Mem:0.00M, Peak:0.00M | Scene | Synchronizing object | ceiling_linear_fixture_housing_0
Fra:1 Mem:17.44M (Peak 26.62M) | Time:495477:30:19.50 | Mem:0.00M, Peak:0.00M | Scene | Initializing
Fra:1 Mem:17.44M (Peak 26.62M) | Time:495477:30:19.50 | Mem:0.00M, Peak:0.00M | Scene | Updating Images | Loading ceiling_linear_fixture_housing_0_DIFFUSE
Fra:1 Mem:17.46M (Peak 26.65M) | Time:495477:30:19.52 | Mem:0.00M, Peak:0.00M | Scene | Synchronizing object | ceiling_linear_fixture_housing_0
Fra:1 Mem:17.46M (Peak 26.65M) | Time:495477:30:19.52 | Mem:0.00M, Peak:0.00M | Scene | Initializing
Fra:1 Mem:17.46M (Peak 26.65M) | Time:495477:30:19.52 | Mem:0.00M, Peak:0.00M | Scene | Updating Images | Loading ceiling_linear_fixture_housing_0_ROUGHNESS
Fra:1 Mem:17.49M (Peak 26.65M) | Time:495477:30:19.53 | Mem:0.00M, Peak:0.00M | Scene | Synchronizing object | ceiling_linear_fixture_housing_0
Fra:1 Mem:17.49M (Peak 26.65M) | Time:495477:30:19.53 | Mem:0.00M, Peak:0.00M | Scene | Initializing
Fra:1 Mem:17.48M (Peak 26.65M) | Time:495477:30:19.53 | Mem:0.00M, Peak:0.00M | Scene | Updating Images | Loading ceiling_linear_fixture_housing_0_NORMAL
Fra:1 Mem:17.48M (Peak 26.70M) | Time:495477:30:19.54 | Mem:0.00M, Peak:0.00M | Scene | Synchronizing object | ceiling_linear_fixture_housing_1
Fra:1 Mem:17.48M (Peak 26.70M) | Time:495477:30:19.54 | Mem:0.00M, Peak:0.00M | Scene | Initializing
Fra:1 Mem:17.48M (Peak 26.70M) | Time:495477:30:19.54 | Mem:0.00M, Peak:0.00M | Scene | Updating Images | Loading ceiling_linear_fixture_housing_1_METAL
Fra:1 Mem:17.51M (Peak 26.70M) | Time:495477:30:19.55 | Mem:0.00M, Peak:0.00M | Scene | Synchronizing object | ceiling_linear_fixture_housing_1
Fra:1 Mem:17.51M (Peak 26.70M) | Time:495477:30:19.55 | Mem:0.00M, Peak:0.00M | Scene | Initializing
Fra:1 Mem:17.51M (Peak 26.70M) | Time:495477:30:19.55 | Mem:0.00M, Peak:0.00M | Scene | Updating Images | Loading ceiling_linear_fixture_housing_1_DIFFUSE
Fra:1 Mem:17.54M (Peak 26.72M) | Time:495477:30:19.56 | Mem:0.00M, Peak:0.00M | Scene | Synchronizing object | ceiling_linear_fixture_housing_1
Fra:1 Mem:17.54M (Peak 26.72M) | Time:495477:30:19.56 | Mem:0.00M, Peak:0.00M | Scene | Initializing
Fra:1 Mem:17.53M (Peak 26.72M) | Time:495477:30:19.56 | Mem:0.00M, Peak:0.00M | Scene | Updating Images | Loading ceiling_linear_fixture_housing_1_ROUGHNESS
Fra:1 Mem:17.56M (Peak 26.72M) | Time:495477:30:19.58 | Mem:0.00M, Peak:0.00M | Scene | Synchronizing object | ceiling_linear_fixture_housing_1
Fra:1 Mem:17.56M (Peak 26.72M) | Time:495477:30:19.58 | Mem:0.00M, Peak:0.00M | Scene | Initializing
Fra:1 Mem:17.56M (Peak 26.72M) | Time:495477:30:19.58 | Mem:0.00M, Peak:0.00M | Scene | Updating Images | Loading ceiling_linear_fixture_housing_1_NORMAL
Fra:1 Mem:17.56M (Peak 26.77M) | Time:495477:30:19.59 | Mem:0.00M, Peak:0.00M | Scene | Synchronizing object | ceiling_linear_fixture_housing_2
Fra:1 Mem:17.56M (Peak 26.77M) | Time:495477:30:19.59 | Mem:0.00M, Peak:0.00M | Scene | Initializing
Fra:1 Mem:17.56M (Peak 26.77M) | Time:495477:30:19.59 | Mem:0.00M, Peak:0.00M | Scene | Updating Images | Loading ceiling_linear_fixture_housing_2_METAL
Fra:1 Mem:17.59M (Peak 26.77M) | Time:495477:30:19.60 | Mem:0.00M, Peak:0.00M | Scene | Synchronizing object | ceiling_linear_fixture_housing_2
Fra:1 Mem:17.59M (Peak 26.77M) | Time:495477:30:19.60 | Mem:0.00M, Peak:0.00M | Scene | Initializing
Fra:1 Mem:17.59M (Peak 26.77M) | Time:495477:30:19.60 | Mem:0.00M, Peak:0.00M | Scene | Updating Images | Loading ceiling_linear_fixture_housing_2_DIFFUSE
Fra:1 Mem:17.61M (Peak 26.80M) | Time:495477:30:19.61 | Mem:0.00M, Peak:0.00M | Scene | Synchronizing object | ceiling_linear_fixture_housing_2
Fra:1 Mem:17.61M (Peak 26.80M) | Time:495477:30:19.61 | Mem:0.00M, Peak:0.00M | Scene | Initializing
Fra:1 Mem:17.61M (Peak 26.80M) | Time:495477:30:19.61 | Mem:0.00M, Peak:0.00M | Scene | Updating Images | Loading ceiling_linear_fixture_housing_2_ROUGHNESS
Fra:1 Mem:17.63M (Peak 26.80M) | Time:495477:30:19.62 | Mem:0.00M, Peak:0.00M | Scene | Synchronizing object | ceiling_linear_fixture_housing_2
Fra:1 Mem:17.63M (Peak 26.80M) | Time:495477:30:19.62 | Mem:0.00M, Peak:0.00M | Scene | Initializing
Fra:1 Mem:17.63M (Peak 26.80M) | Time:495477:30:19.62 | Mem:0.00M, Peak:0.00M | Scene | Updating Images | Loading ceiling_linear_fixture_housing_2_NORMAL
Fra:1 Mem:17.63M (Peak 26.84M) | Time:495477:30:19.64 | Mem:0.00M, Peak:0.00M | Scene | Synchronizing object | ceiling_linear_fixture_housing_3
Fra:1 Mem:17.63M (Peak 26.84M) | Time:495477:30:19.64 | Mem:0.00M, Peak:0.00M | Scene | Initializing
Fra:1 Mem:17.63M (Peak 26.84M) | Time:495477:30:19.64 | Mem:0.00M, Peak:0.00M | Scene | Updating Images | Loading ceiling_linear_fixture_housing_3_METAL
Fra:1 Mem:17.66M (Peak 26.84M) | Time:495477:30:19.65 | Mem:0.00M, Peak:0.00M | Scene | Synchronizing object | ceiling_linear_fixture_housing_3
Fra:1 Mem:17.66M (Peak 26.84M) | Time:495477:30:19.65 | Mem:0.00M, Peak:0.00M | Scene | Initializing
Fra:1 Mem:17.66M (Peak 26.84M) | Time:495477:30:19.65 | Mem:0.00M, Peak:0.00M | Scene | Updating Images | Loading ceiling_linear_fixture_housing_3_DIFFUSE
Fra:1 Mem:17.68M (Peak 26.87M) | Time:495477:30:19.66 | Mem:0.00M, Peak:0.00M | Scene | Synchronizing object | ceiling_linear_fixture_housing_3
Fra:1 Mem:17.68M (Peak 26.87M) | Time:495477:30:19.66 | Mem:0.00M, Peak:0.00M | Scene | Initializing
Fra:1 Mem:17.68M (Peak 26.87M) | Time:495477:30:19.66 | Mem:0.00M, Peak:0.00M | Scene | Updating Images | Loading ceiling_linear_fixture_housing_3_ROUGHNESS
Fra:1 Mem:17.71M (Peak 26.87M) | Time:495477:30:19.67 | Mem:0.00M, Peak:0.00M | Scene | Synchronizing object | ceiling_linear_fixture_housing_3
Fra:1 Mem:17.71M (Peak 26.87M) | Time:495477:30:19.67 | Mem:0.00M, Peak:0.00M | Scene | Initializing
Fra:1 Mem:17.71M (Peak 26.87M) | Time:495477:30:19.67 | Mem:0.00M, Peak:0.00M | Scene | Updating Images | Loading ceiling_linear_fixture_housing_3_NORMAL
Fra:1 Mem:17.72M (Peak 26.92M) | Time:495477:30:19.68 | Mem:0.00M, Peak:0.00M | Scene | Synchronizing object | ceiling_linear_fixture_lens_0
Fra:1 Mem:17.72M (Peak 26.92M) | Time:495477:30:19.68 | Mem:0.00M, Peak:0.00M | Scene | Initializing
Fra:1 Mem:17.71M (Peak 26.92M) | Time:495477:30:19.68 | Mem:0.00M, Peak:0.00M | Scene | Updating Images | Loading ceiling_linear_fixture_lens_0_DIFFUSE
Fra:1 Mem:17.74M (Peak 26.93M) | Time:495477:30:19.70 | Mem:0.00M, Peak:0.00M | Scene | Synchronizing object | ceiling_linear_fixture_lens_0
Fra:1 Mem:17.74M (Peak 26.93M) | Time:495477:30:19.70 | Mem:0.00M, Peak:0.00M | Scene | Initializing
Fra:1 Mem:17.74M (Peak 26.93M) | Time:495477:30:19.70 | Mem:0.00M, Peak:0.00M | Scene | Updating Images | Loading ceiling_linear_fixture_lens_0_ROUGHNESS
Fra:1 Mem:17.76M (Peak 26.93M) | Time:495477:30:19.71 | Mem:0.00M, Peak:0.00M | Scene | Synchronizing object | ceiling_linear_fixture_lens_0
Fra:1 Mem:17.76M (Peak 26.93M) | Time:495477:30:19.71 | Mem:0.00M, Peak:0.00M | Scene | Initializing
Fra:1 Mem:17.76M (Peak 26.93M) | Time:495477:30:19.71 | Mem:0.00M, Peak:0.00M | Scene | Updating Images | Loading ceiling_linear_fixture_lens_0_NORMAL
Fra:1 Mem:17.78M (Peak 26.97M) | Time:495477:30:19.72 | Mem:0.00M, Peak:0.00M | Scene | Synchronizing object | ceiling_linear_fixture_lens_1
Fra:1 Mem:17.78M (Peak 26.97M) | Time:495477:30:19.72 | Mem:0.00M, Peak:0.00M | Scene | Initializing
Fra:1 Mem:17.78M (Peak 26.97M) | Time:495477:30:19.72 | Mem:0.00M, Peak:0.00M | Scene | Updating Images | Loading ceiling_linear_fixture_lens_1_DIFFUSE
Fra:1 Mem:17.82M (Peak 26.99M) | Time:495477:30:19.73 | Mem:0.00M, Peak:0.00M | Scene | Synchronizing object | ceiling_linear_fixture_lens_1
Fra:1 Mem:17.82M (Peak 26.99M) | Time:495477:30:19.73 | Mem:0.00M, Peak:0.00M | Scene | Initializing
Fra:1 Mem:17.82M (Peak 26.99M) | Time:495477:30:19.73 | Mem:0.00M, Peak:0.00M | Scene | Updating Images | Loading ceiling_linear_fixture_lens_1_ROUGHNESS
Fra:1 Mem:17.84M (Peak 26.99M) | Time:495477:30:19.74 | Mem:0.00M, Peak:0.00M | Scene | Synchronizing object | ceiling_linear_fixture_lens_1
Fra:1 Mem:17.84M (Peak 26.99M) | Time:495477:30:19.74 | Mem:0.00M, Peak:0.00M | Scene | Initializing
Fra:1 Mem:17.84M (Peak 26.99M) | Time:495477:30:19.74 | Mem:0.00M, Peak:0.00M | Scene | Updating Images | Loading ceiling_linear_fixture_lens_1_NORMAL
Fra:1 Mem:17.86M (Peak 27.05M) | Time:495477:30:19.76 | Mem:0.00M, Peak:0.00M | Scene | Synchronizing object | ceiling_linear_fixture_lens_2
Fra:1 Mem:17.86M (Peak 27.05M) | Time:495477:30:19.76 | Mem:0.00M, Peak:0.00M | Scene | Initializing
Fra:1 Mem:17.86M (Peak 27.05M) | Time:495477:30:19.76 | Mem:0.00M, Peak:0.00M | Scene | Updating Images | Loading ceiling_linear_fixture_lens_2_DIFFUSE
Fra:1 Mem:17.88M (Peak 27.07M) | Time:495477:30:19.77 | Mem:0.00M, Peak:0.00M | Scene | Synchronizing object | ceiling_linear_fixture_lens_2
Fra:1 Mem:17.88M (Peak 27.07M) | Time:495477:30:19.77 | Mem:0.00M, Peak:0.00M | Scene | Initializing
Fra:1 Mem:17.88M (Peak 27.07M) | Time:495477:30:19.77 | Mem:0.00M, Peak:0.00M | Scene | Updating Images | Loading ceiling_linear_fixture_lens_2_ROUGHNESS
Fra:1 Mem:17.91M (Peak 27.07M) | Time:495477:30:19.78 | Mem:0.00M, Peak:0.00M | Scene | Synchronizing object | ceiling_linear_fixture_lens_2
Fra:1 Mem:17.91M (Peak 27.07M) | Time:495477:30:19.78 | Mem:0.00M, Peak:0.00M | Scene | Initializing
Fra:1 Mem:17.90M (Peak 27.07M) | Time:495477:30:19.78 | Mem:0.00M, Peak:0.00M | Scene | Updating Images | Loading ceiling_linear_fixture_lens_2_NORMAL
Fra:1 Mem:17.93M (Peak 27.12M) | Time:495477:30:19.79 | Mem:0.00M, Peak:0.00M | Scene | Synchronizing object | ceiling_linear_fixture_lens_3
Fra:1 Mem:17.93M (Peak 27.12M) | Time:495477:30:19.79 | Mem:0.00M, Peak:0.00M | Scene | Initializing
Fra:1 Mem:17.92M (Peak 27.12M) | Time:495477:30:19.79 | Mem:0.00M, Peak:0.00M | Scene | Updating Images | Loading ceiling_linear_fixture_lens_3_DIFFUSE
Fra:1 Mem:17.95M (Peak 27.13M) | Time:495477:30:19.80 | Mem:0.00M, Peak:0.00M | Scene | Synchronizing object | ceiling_linear_fixture_lens_3
Fra:1 Mem:17.95M (Peak 27.13M) | Time:495477:30:19.80 | Mem:0.00M, Peak:0.00M | Scene | Initializing
Fra:1 Mem:17.95M (Peak 27.13M) | Time:495477:30:19.80 | Mem:0.00M, Peak:0.00M | Scene | Updating Images | Loading ceiling_linear_fixture_lens_3_ROUGHNESS
Fra:1 Mem:17.97M (Peak 27.13M) | Time:495477:30:19.82 | Mem:0.00M, Peak:0.00M | Scene | Synchronizing object | ceiling_linear_fixture_lens_3
Fra:1 Mem:17.97M (Peak 27.13M) | Time:495477:30:19.82 | Mem:0.00M, Peak:0.00M | Scene | Initializing
Fra:1 Mem:17.97M (Peak 27.13M) | Time:495477:30:19.82 | Mem:0.00M, Peak:0.00M | Scene | Updating Images | Loading ceiling_linear_fixture_lens_3_NORMAL
Fra:1 Mem:20.00M (Peak 27.18M) | Time:495477:30:19.84 | Mem:0.00M, Peak:0.00M | Scene | Synchronizing object | ceiling_washable_panel_plane
Fra:1 Mem:20.01M (Peak 27.18M) | Time:495477:30:19.84 | Mem:0.00M, Peak:0.00M | Scene | Initializing
Fra:1 Mem:20.01M (Peak 27.18M) | Time:495477:30:19.84 | Mem:0.00M, Peak:0.00M | Scene | Updating Images | Loading ceiling_washable_panel_plane_DIFFUSE
Fra:1 Mem:20.02M (Peak 29.23M) | Time:495477:30:19.85 | Mem:0.00M, Peak:0.00M | Scene | Synchronizing object | ceiling_washable_panel_plane
Fra:1 Mem:20.04M (Peak 29.23M) | Time:495477:30:19.85 | Mem:0.00M, Peak:0.00M | Scene | Initializing
Fra:1 Mem:20.03M (Peak 29.23M) | Time:495477:30:19.85 | Mem:0.00M, Peak:0.00M | Scene | Updating Images | Loading ceiling_washable_panel_plane_ROUGHNESS
Fra:1 Mem:20.05M (Peak 29.23M) | Time:495477:30:19.86 | Mem:0.00M, Peak:0.00M | Scene | Synchronizing object | ceiling_washable_panel_plane
Fra:1 Mem:20.06M (Peak 29.23M) | Time:495477:30:19.86 | Mem:0.00M, Peak:0.00M | Scene | Initializing
Fra:1 Mem:20.05M (Peak 29.23M) | Time:495477:30:19.86 | Mem:0.00M, Peak:0.00M | Scene | Updating Images | Loading ceiling_washable_panel_plane_NORMAL
Fra:1 Mem:20.06M (Peak 29.28M) | Time:495477:30:19.88 | Mem:0.00M, Peak:0.00M | Scene | Synchronizing object | central_prep_island_left_round_leg_-0.9_-0.3
Fra:1 Mem:20.07M (Peak 29.28M) | Time:495477:30:19.88 | Mem:0.00M, Peak:0.00M | Scene | Initializing
Fra:1 Mem:20.06M (Peak 29.28M) | Time:495477:30:19.88 | Mem:0.00M, Peak:0.00M | Scene | Updating Images | Loading central_prep_island_left_round_leg_-0.9_-0.3_METAL
Fra:1 Mem:20.10M (Peak 29.28M) | Time:495477:30:19.89 | Mem:0.00M, Peak:0.00M | Scene | Synchronizing object | central_prep_island_left_round_leg_-0.9_-0.3
Fra:1 Mem:20.10M (Peak 29.28M) | Time:495477:30:19.89 | Mem:0.00M, Peak:0.00M | Scene | Initializing
Fra:1 Mem:20.10M (Peak 29.28M) | Time:495477:30:19.89 | Mem:0.00M, Peak:0.00M | Scene | Updating Images | Loading central_prep_island_left_round_leg_-0.9_-0.3_DIFFUSE
Fra:1 Mem:20.12M (Peak 29.31M) | Time:495477:30:19.90 | Mem:0.00M, Peak:0.00M | Scene | Synchronizing object | central_prep_island_left_round_leg_-0.9_-0.3
Fra:1 Mem:20.12M (Peak 29.31M) | Time:495477:30:19.90 | Mem:0.00M, Peak:0.00M | Scene | Initializing
Fra:1 Mem:20.12M (Peak 29.31M) | Time:495477:30:19.90 | Mem:0.00M, Peak:0.00M | Scene | Updating Images | Loading central_prep_island_left_round_leg_-0.9_-0.3_ROUGHNESS
Fra:1 Mem:20.14M (Peak 29.31M) | Time:495477:30:19.91 | Mem:0.00M, Peak:0.00M | Scene | Synchronizing object | central_prep_island_left_round_leg_-0.9_-0.3
Fra:1 Mem:20.14M (Peak 29.31M) | Time:495477:30:19.91 | Mem:0.00M, Peak:0.00M | Scene | Initializing
Fra:1 Mem:20.14M (Peak 29.31M) | Time:495477:30:19.91 | Mem:0.00M, Peak:0.00M | Scene | Updating Images | Loading central_prep_island_left_round_leg_-0.9_-0.3_NORMAL
Fra:1 Mem:20.14M (Peak 29.35M) | Time:495477:30:19.92 | Mem:0.00M, Peak:0.00M | Scene | Synchronizing object | central_prep_island_left_round_leg_-0.9_0.3
Fra:1 Mem:20.14M (Peak 29.35M) | Time:495477:30:19.92 | Mem:0.00M, Peak:0.00M | Scene | Initializing
Fra:1 Mem:20.14M (Peak 29.35M) | Time:495477:30:19.92 | Mem:0.00M, Peak:0.00M | Scene | Updating Images | Loading central_prep_island_left_round_leg_-0.9_0.3_METAL
Fra:1 Mem:20.17M (Peak 29.35M) | Time:495477:30:19.94 | Mem:0.00M, Peak:0.00M | Scene | Synchronizing object | central_prep_island_left_round_leg_-0.9_0.3
Fra:1 Mem:20.17M (Peak 29.35M) | Time:495477:30:19.94 | Mem:0.00M, Peak:0.00M | Scene | Initializing
Fra:1 Mem:20.17M (Peak 29.35M) | Time:495477:30:19.94 | Mem:0.00M, Peak:0.00M | Scene | Updating Images | Loading central_prep_island_left_round_leg_-0.9_0.3_DIFFUSE
Fra:1 Mem:20.19M (Peak 29.38M) | Time:495477:30:19.95 | Mem:0.00M, Peak:0.00M | Scene | Synchronizing object | central_prep_island_left_round_leg_-0.9_0.3
Fra:1 Mem:20.19M (Peak 29.38M) | Time:495477:30:19.95 | Mem:0.00M, Peak:0.00M | Scene | Initializing
Fra:1 Mem:20.19M (Peak 29.38M) | Time:495477:30:19.95 | Mem:0.00M, Peak:0.00M | Scene | Updating Images | Loading central_prep_island_left_round_leg_-0.9_0.3_ROUGHNESS
Fra:1 Mem:20.21M (Peak 29.38M) | Time:495477:30:19.96 | Mem:0.00M, Peak:0.00M | Scene | Synchronizing object | central_prep_island_left_round_leg_-0.9_0.3
Fra:1 Mem:20.22M (Peak 29.38M) | Time:495477:30:19.96 | Mem:0.00M, Peak:0.00M | Scene | Initializing
Fra:1 Mem:20.21M (Peak 29.38M) | Time:495477:30:19.96 | Mem:0.00M, Peak:0.00M | Scene | Updating Images | Loading central_prep_island_left_round_leg_-0.9_0.3_NORMAL
Fra:1 Mem:20.21M (Peak 29.43M) | Time:495477:30:19.97 | Mem:0.00M, Peak:0.00M | Scene | Synchronizing object | central_prep_island_left_round_leg_0.9_-0.3
Fra:1 Mem:20.22M (Peak 29.43M) | Time:495477:30:19.97 | Mem:0.00M, Peak:0.00M | Scene | Initializing
Fra:1 Mem:20.21M (Peak 29.43M) | Time:495477:30:19.97 | Mem:0.00M, Peak:0.00M | Scene | Updating Images | Loading central_prep_island_left_round_leg_0.9_-0.3_METAL
Fra:1 Mem:20.24M (Peak 29.43M) | Time:495477:30:19.98 | Mem:0.00M, Peak:0.00M | Scene | Synchronizing object | central_prep_island_left_round_leg_0.9_-0.3
Fra:1 Mem:20.25M (Peak 29.43M) | Time:495477:30:19.98 | Mem:0.00M, Peak:0.00M | Scene | Initializing
Fra:1 Mem:20.24M (Peak 29.43M) | Time:495477:30:19.98 | Mem:0.00M, Peak:0.00M | Scene | Updating Images | Loading central_prep_island_left_round_leg_0.9_-0.3_DIFFUSE
Fra:1 Mem:20.27M (Peak 29.46M) | Time:495477:30:19.99 | Mem:0.00M, Peak:0.00M | Scene | Synchronizing object | central_prep_island_left_round_leg_0.9_-0.3
Fra:1 Mem:20.27M (Peak 29.46M) | Time:495477:30:19.99 | Mem:0.00M, Peak:0.00M | Scene | Initializing
Fra:1 Mem:20.26M (Peak 29.46M) | Time:495477:30:19.99 | Mem:0.00M, Peak:0.00M | Scene | Updating Images | Loading central_prep_island_left_round_leg_0.9_-0.3_ROUGHNESS
Fra:1 Mem:20.29M (Peak 29.46M) | Time:495477:30:20.01 | Mem:0.00M, Peak:0.00M | Scene | Synchronizing object | central_prep_island_left_round_leg_0.9_-0.3
Fra:1 Mem:20.29M (Peak 29.46M) | Time:495477:30:20.01 | Mem:0.00M, Peak:0.00M | Scene | Initializing
Fra:1 Mem:20.29M (Peak 29.46M) | Time:495477:30:20.01 | Mem:0.00M, Peak:0.00M | Scene | Updating Images | Loading central_prep_island_left_round_leg_0.9_-0.3_NORMAL
Fra:1 Mem:20.29M (Peak 29.50M) | Time:495477:30:20.02 | Mem:0.00M, Peak:0.00M | Scene | Synchronizing object | central_prep_island_left_round_leg_0.9_0.3
Fra:1 Mem:20.29M (Peak 29.50M) | Time:495477:30:20.02 | Mem:0.00M, Peak:0.00M | Scene | Initializing
Fra:1 Mem:20.29M (Peak 29.50M) | Time:495477:30:20.02 | Mem:0.00M, Peak:0.00M | Scene | Updating Images | Loading central_prep_island_left_round_leg_0.9_0.3_METAL
Fra:1 Mem:20.32M (Peak 29.50M) | Time:495477:30:20.03 | Mem:0.00M, Peak:0.00M | Scene | Synchronizing object | central_prep_island_left_round_leg_0.9_0.3
Fra:1 Mem:20.32M (Peak 29.50M) | Time:495477:30:20.03 | Mem:0.00M, Peak:0.00M | Scene | Initializing
Fra:1 Mem:20.32M (Peak 29.50M) | Time:495477:30:20.03 | Mem:0.00M, Peak:0.00M | Scene | Updating Images | Loading central_prep_island_left_round_leg_0.9_0.3_DIFFUSE
Fra:1 Mem:20.34M (Peak 29.53M) | Time:495477:30:20.04 | Mem:0.00M, Peak:0.00M | Scene | Synchronizing object | central_prep_island_left_round_leg_0.9_0.3
Fra:1 Mem:20.34M (Peak 29.53M) | Time:495477:30:20.04 | Mem:0.00M, Peak:0.00M | Scene | Initializing
Fra:1 Mem:20.34M (Peak 29.53M) | Time:495477:30:20.04 | Mem:0.00M, Peak:0.00M | Scene | Updating Images | Loading central_prep_island_left_round_leg_0.9_0.3_ROUGHNESS
Fra:1 Mem:20.36M (Peak 29.53M) | Time:495477:30:20.05 | Mem:0.00M, Peak:0.00M | Scene | Synchronizing object | central_prep_island_left_round_leg_0.9_0.3
Fra:1 Mem:20.36M (Peak 29.53M) | Time:495477:30:20.05 | Mem:0.00M, Peak:0.00M | Scene | Initializing
Fra:1 Mem:20.36M (Peak 29.53M) | Time:495477:30:20.05 | Mem:0.00M, Peak:0.00M | Scene | Updating Images | Loading central_prep_island_left_round_leg_0.9_0.3_NORMAL
Fra:1 Mem:20.37M (Peak 29.57M) | Time:495477:30:20.07 | Mem:0.00M, Peak:0.00M | Scene | Synchronizing object | central_prep_island_left_stainless_top
Fra:1 Mem:20.38M (Peak 29.57M) | Time:495477:30:20.07 | Mem:0.00M, Peak:0.00M | Scene | Initializing
Fra:1 Mem:20.37M (Peak 29.57M) | Time:495477:30:20.07 | Mem:0.00M, Peak:0.00M | Scene | Updating Images | Loading central_prep_island_left_stainless_top_METAL
Fra:1 Mem:20.40M (Peak 29.60M) | Time:495477:30:20.08 | Mem:0.00M, Peak:0.00M | Scene | Synchronizing object | central_prep_island_left_stainless_top
Fra:1 Mem:20.41M (Peak 29.60M) | Time:495477:30:20.08 | Mem:0.00M, Peak:0.00M | Scene | Initializing
Fra:1 Mem:20.41M (Peak 29.60M) | Time:495477:30:20.08 | Mem:0.00M, Peak:0.00M | Scene | Updating Images | Loading central_prep_island_left_stainless_top_DIFFUSE
Fra:1 Mem:20.42M (Peak 29.63M) | Time:495477:30:20.09 | Mem:0.00M, Peak:0.00M | Scene | Synchronizing object | central_prep_island_left_stainless_top
Fra:1 Mem:20.43M (Peak 29.63M) | Time:495477:30:20.09 | Mem:0.00M, Peak:0.00M | Scene | Initializing
Fra:1 Mem:20.43M (Peak 29.63M) | Time:495477:30:20.09 | Mem:0.00M, Peak:0.00M | Scene | Updating Images | Loading central_prep_island_left_stainless_top_ROUGHNESS
Fra:1 Mem:20.44M (Peak 29.63M) | Time:495477:30:20.11 | Mem:0.00M, Peak:0.00M | Scene | Synchronizing object | central_prep_island_left_stainless_top
Fra:1 Mem:20.46M (Peak 29.63M) | Time:495477:30:20.11 | Mem:0.00M, Peak:0.00M | Scene | Initializing
Fra:1 Mem:20.45M (Peak 29.63M) | Time:495477:30:20.11 | Mem:0.00M, Peak:0.00M | Scene | Updating Images | Loading central_prep_island_left_stainless_top_NORMAL
Fra:1 Mem:20.43M (Peak 29.68M) | Time:495477:30:20.12 | Mem:0.00M, Peak:0.00M | Scene | Synchronizing object | central_prep_island_left_undershelf
Fra:1 Mem:20.43M (Peak 29.68M) | Time:495477:30:20.12 | Mem:0.00M, Peak:0.00M | Scene | Initializing
Fra:1 Mem:20.43M (Peak 29.68M) | Time:495477:30:20.12 | Mem:0.00M, Peak:0.00M | Scene | Updating Images | Loading central_prep_island_left_undershelf_METAL
Fra:1 Mem:20.46M (Peak 29.68M) | Time:495477:30:20.13 | Mem:0.00M, Peak:0.00M | Scene | Synchronizing object | central_prep_island_left_undershelf
Fra:1 Mem:20.46M (Peak 29.68M) | Time:495477:30:20.13 | Mem:0.00M, Peak:0.00M | Scene | Initializing
Fra:1 Mem:20.46M (Peak 29.68M) | Time:495477:30:20.13 | Mem:0.00M, Peak:0.00M | Scene | Updating Images | Loading central_prep_island_left_undershelf_DIFFUSE
Fra:1 Mem:20.48M (Peak 29.68M) | Time:495477:30:20.15 | Mem:0.00M, Peak:0.00M | Scene | Synchronizing object | central_prep_island_left_undershelf
Fra:1 Mem:20.48M (Peak 29.68M) | Time:495477:30:20.15 | Mem:0.00M, Peak:0.00M | Scene | Initializing
Fra:1 Mem:20.48M (Peak 29.68M) | Time:495477:30:20.15 | Mem:0.00M, Peak:0.00M | Scene | Updating Images | Loading central_prep_island_left_undershelf_ROUGHNESS
Fra:1 Mem:20.51M (Peak 29.68M) | Time:495477:30:20.16 | Mem:0.00M, Peak:0.00M | Scene | Synchronizing object | central_prep_island_left_undershelf
Fra:1 Mem:20.51M (Peak 29.68M) | Time:495477:30:20.16 | Mem:0.00M, Peak:0.00M | Scene | Initializing
Fra:1 Mem:20.50M (Peak 29.68M) | Time:495477:30:20.16 | Mem:0.00M, Peak:0.00M | Scene | Updating Images | Loading central_prep_island_left_undershelf_NORMAL
Fra:1 Mem:20.51M (Peak 29.72M) | Time:495477:30:20.17 | Mem:0.00M, Peak:0.00M | Scene | Synchronizing object | central_prep_island_right_round_leg_-0.9_-0.3
Fra:1 Mem:20.51M (Peak 29.72M) | Time:495477:30:20.17 | Mem:0.00M, Peak:0.00M | Scene | Initializing
Fra:1 Mem:20.51M (Peak 29.72M) | Time:495477:30:20.17 | Mem:0.00M, Peak:0.00M | Scene | Updating Images | Loading central_prep_island_right_round_leg_-0.9_-0.3_METAL
Fra:1 Mem:20.54M (Peak 29.72M) | Time:495477:30:20.18 | Mem:0.00M, Peak:0.00M | Scene | Synchronizing object | central_prep_island_right_round_leg_-0.9_-0.3
Fra:1 Mem:20.54M (Peak 29.72M) | Time:495477:30:20.18 | Mem:0.00M, Peak:0.00M | Scene | Initializing
Fra:1 Mem:20.54M (Peak 29.72M) | Time:495477:30:20.18 | Mem:0.00M, Peak:0.00M | Scene | Updating Images | Loading central_prep_island_right_round_leg_-0.9_-0.3_DIFFUSE
Fra:1 Mem:20.56M (Peak 29.75M) | Time:495477:30:20.19 | Mem:0.00M, Peak:0.00M | Scene | Synchronizing object | central_prep_island_right_round_leg_-0.9_-0.3
Fra:1 Mem:20.56M (Peak 29.75M) | Time:495477:30:20.19 | Mem:0.00M, Peak:0.00M | Scene | Initializing
Fra:1 Mem:20.56M (Peak 29.75M) | Time:495477:30:20.19 | Mem:0.00M, Peak:0.00M | Scene | Updating Images | Loading central_prep_island_right_round_leg_-0.9_-0.3_ROUGHNESS
Fra:1 Mem:20.58M (Peak 29.75M) | Time:495477:30:20.21 | Mem:0.00M, Peak:0.00M | Scene | Synchronizing object | central_prep_island_right_round_leg_-0.9_-0.3
Fra:1 Mem:20.59M (Peak 29.75M) | Time:495477:30:20.21 | Mem:0.00M, Peak:0.00M | Scene | Initializing
Fra:1 Mem:20.58M (Peak 29.75M) | Time:495477:30:20.21 | Mem:0.00M, Peak:0.00M | Scene | Updating Images | Loading central_prep_island_right_round_leg_-0.9_-0.3_NORMAL
Fra:1 Mem:20.58M (Peak 29.80M) | Time:495477:30:20.22 | Mem:0.00M, Peak:0.00M | Scene | Synchronizing object | central_prep_island_right_round_leg_-0.9_0.3
Fra:1 Mem:20.58M (Peak 29.80M) | Time:495477:30:20.22 | Mem:0.00M, Peak:0.00M | Scene | Initializing
Fra:1 Mem:20.58M (Peak 29.80M) | Time:495477:30:20.22 | Mem:0.00M, Peak:0.00M | Scene | Updating Images | Loading central_prep_island_right_round_leg_-0.9_0.3_METAL
Fra:1 Mem:20.61M (Peak 29.80M) | Time:495477:30:20.23 | Mem:0.00M, Peak:0.00M | Scene | Synchronizing object | central_prep_island_right_round_leg_-0.9_0.3
Fra:1 Mem:20.62M (Peak 29.80M) | Time:495477:30:20.23 | Mem:0.00M, Peak:0.00M | Scene | Initializing
Fra:1 Mem:20.61M (Peak 29.80M) | Time:495477:30:20.23 | Mem:0.00M, Peak:0.00M | Scene | Updating Images | Loading central_prep_island_right_round_leg_-0.9_0.3_DIFFUSE
Fra:1 Mem:20.64M (Peak 29.83M) | Time:495477:30:20.24 | Mem:0.00M, Peak:0.00M | Scene | Synchronizing object | central_prep_island_right_round_leg_-0.9_0.3
Fra:1 Mem:20.64M (Peak 29.83M) | Time:495477:30:20.24 | Mem:0.00M, Peak:0.00M | Scene | Initializing
Fra:1 Mem:20.63M (Peak 29.83M) | Time:495477:30:20.24 | Mem:0.00M, Peak:0.00M | Scene | Updating Images | Loading central_prep_island_right_round_leg_-0.9_0.3_ROUGHNESS
Fra:1 Mem:20.66M (Peak 29.83M) | Time:495477:30:20.25 | Mem:0.00M, Peak:0.00M | Scene | Synchronizing object | central_prep_island_right_round_leg_-0.9_0.3
Fra:1 Mem:20.66M (Peak 29.83M) | Time:495477:30:20.25 | Mem:0.00M, Peak:0.00M | Scene | Initializing
Fra:1 Mem:20.66M (Peak 29.83M) | Time:495477:30:20.25 | Mem:0.00M, Peak:0.00M | Scene | Updating Images | Loading central_prep_island_right_round_leg_-0.9_0.3_NORMAL
Fra:1 Mem:20.69M (Peak 29.87M) | Time:495477:30:20.27 | Mem:0.00M, Peak:0.00M | Scene | Synchronizing object | central_prep_island_right_round_leg_0.9_-0.3
Fra:1 Mem:20.69M (Peak 29.87M) | Time:495477:30:20.27 | Mem:0.00M, Peak:0.00M | Scene | Initializing
Fra:1 Mem:20.69M (Peak 29.87M) | Time:495477:30:20.27 | Mem:0.00M, Peak:0.00M | Scene | Updating Images | Loading central_prep_island_right_round_leg_0.9_-0.3_METAL
Fra:1 Mem:20.72M (Peak 29.90M) | Time:495477:30:20.28 | Mem:0.00M, Peak:0.00M | Scene | Synchronizing object | central_prep_island_right_round_leg_0.9_-0.3
Fra:1 Mem:20.72M (Peak 29.90M) | Time:495477:30:20.28 | Mem:0.00M, Peak:0.00M | Scene | Initializing
Fra:1 Mem:20.72M (Peak 29.90M) | Time:495477:30:20.28 | Mem:0.00M, Peak:0.00M | Scene | Updating Images | Loading central_prep_island_right_round_leg_0.9_-0.3_DIFFUSE
Fra:1 Mem:20.74M (Peak 29.93M) | Time:495477:30:20.29 | Mem:0.00M, Peak:0.00M | Scene | Synchronizing object | central_prep_island_right_round_leg_0.9_-0.3
Fra:1 Mem:20.74M (Peak 29.93M) | Time:495477:30:20.29 | Mem:0.00M, Peak:0.00M | Scene | Initializing
Fra:1 Mem:20.74M (Peak 29.93M) | Time:495477:30:20.29 | Mem:0.00M, Peak:0.00M | Scene | Updating Images | Loading central_prep_island_right_round_leg_0.9_-0.3_ROUGHNESS
Fra:1 Mem:20.76M (Peak 29.93M) | Time:495477:30:20.30 | Mem:0.00M, Peak:0.00M | Scene | Synchronizing object | central_prep_island_right_round_leg_0.9_-0.3
Fra:1 Mem:20.77M (Peak 29.93M) | Time:495477:30:20.30 | Mem:0.00M, Peak:0.00M | Scene | Initializing
Fra:1 Mem:20.76M (Peak 29.93M) | Time:495477:30:20.30 | Mem:0.00M, Peak:0.00M | Scene | Updating Images | Loading central_prep_island_right_round_leg_0.9_-0.3_NORMAL
Fra:1 Mem:20.76M (Peak 29.98M) | Time:495477:30:20.31 | Mem:0.00M, Peak:0.00M | Scene | Synchronizing object | central_prep_island_right_round_leg_0.9_0.3
Fra:1 Mem:20.77M (Peak 29.98M) | Time:495477:30:20.31 | Mem:0.00M, Peak:0.00M | Scene | Initializing
Fra:1 Mem:20.76M (Peak 29.98M) | Time:495477:30:20.31 | Mem:0.00M, Peak:0.00M | Scene | Updating Images | Loading central_prep_island_right_round_leg_0.9_0.3_METAL
Fra:1 Mem:20.79M (Peak 29.98M) | Time:495477:30:20.33 | Mem:0.00M, Peak:0.00M | Scene | Synchronizing object | central_prep_island_right_round_leg_0.9_0.3
Fra:1 Mem:20.80M (Peak 29.98M) | Time:495477:30:20.33 | Mem:0.00M, Peak:0.00M | Scene | Initializing
Fra:1 Mem:20.79M (Peak 29.98M) | Time:495477:30:20.33 | Mem:0.00M, Peak:0.00M | Scene | Updating Images | Loading central_prep_island_right_round_leg_0.9_0.3_DIFFUSE
Fra:1 Mem:20.82M (Peak 30.01M) | Time:495477:30:20.34 | Mem:0.00M, Peak:0.00M | Scene | Synchronizing object | central_prep_island_right_round_leg_0.9_0.3
Fra:1 Mem:20.82M (Peak 30.01M) | Time:495477:30:20.34 | Mem:0.00M, Peak:0.00M | Scene | Initializing
Fra:1 Mem:20.81M (Peak 30.01M) | Time:495477:30:20.34 | Mem:0.00M, Peak:0.00M | Scene | Updating Images | Loading central_prep_island_right_round_leg_0.9_0.3_ROUGHNESS
Fra:1 Mem:20.84M (Peak 30.01M) | Time:495477:30:20.35 | Mem:0.00M, Peak:0.00M | Scene | Synchronizing object | central_prep_island_right_round_leg_0.9_0.3
Fra:1 Mem:20.84M (Peak 30.01M) | Time:495477:30:20.35 | Mem:0.00M, Peak:0.00M | Scene | Initializing
Fra:1 Mem:20.84M (Peak 30.01M) | Time:495477:30:20.35 | Mem:0.00M, Peak:0.00M | Scene | Updating Images | Loading central_prep_island_right_round_leg_0.9_0.3_NORMAL
Fra:1 Mem:20.84M (Peak 30.05M) | Time:495477:30:20.36 | Mem:0.00M, Peak:0.00M | Scene | Synchronizing object | central_prep_island_right_stainless_top
Fra:1 Mem:20.85M (Peak 30.05M) | Time:495477:30:20.36 | Mem:0.00M, Peak:0.00M | Scene | Initializing
Fra:1 Mem:20.85M (Peak 30.05M) | Time:495477:30:20.36 | Mem:0.00M, Peak:0.00M | Scene | Updating Images | Loading central_prep_island_right_stainless_top_METAL
Fra:1 Mem:20.87M (Peak 30.07M) | Time:495477:30:20.38 | Mem:0.00M, Peak:0.00M | Scene | Synchronizing object | central_prep_island_right_stainless_top
Fra:1 Mem:20.89M (Peak 30.07M) | Time:495477:30:20.38 | Mem:0.00M, Peak:0.00M | Scene | Initializing
Fra:1 Mem:20.88M (Peak 30.07M) | Time:495477:30:20.38 | Mem:0.00M, Peak:0.00M | Scene | Updating Images | Loading central_prep_island_right_stainless_top_DIFFUSE
Fra:1 Mem:20.90M (Peak 30.11M) | Time:495477:30:20.39 | Mem:0.00M, Peak:0.00M | Scene | Synchronizing object | central_prep_island_right_stainless_top
Fra:1 Mem:20.91M (Peak 30.11M) | Time:495477:30:20.39 | Mem:0.00M, Peak:0.00M | Scene | Initializing
Fra:1 Mem:20.91M (Peak 30.11M) | Time:495477:30:20.39 | Mem:0.00M, Peak:0.00M | Scene | Updating Images | Loading central_prep_island_right_stainless_top_ROUGHNESS
Fra:1 Mem:20.92M (Peak 30.11M) | Time:495477:30:20.41 | Mem:0.00M, Peak:0.00M | Scene | Synchronizing object | central_prep_island_right_stainless_top
Fra:1 Mem:20.93M (Peak 30.11M) | Time:495477:30:20.41 | Mem:0.00M, Peak:0.00M | Scene | Initializing
Fra:1 Mem:20.93M (Peak 30.11M) | Time:495477:30:20.41 | Mem:0.00M, Peak:0.00M | Scene | Updating Images | Loading central_prep_island_right_stainless_top_NORMAL
Fra:1 Mem:20.91M (Peak 30.15M) | Time:495477:30:20.42 | Mem:0.00M, Peak:0.00M | Scene | Synchronizing object | central_prep_island_right_undershelf
Fra:1 Mem:20.91M (Peak 30.15M) | Time:495477:30:20.42 | Mem:0.00M, Peak:0.00M | Scene | Initializing
Fra:1 Mem:20.90M (Peak 30.15M) | Time:495477:30:20.42 | Mem:0.00M, Peak:0.00M | Scene | Updating Images | Loading central_prep_island_right_undershelf_METAL
Fra:1 Mem:20.94M (Peak 30.15M) | Time:495477:30:20.43 | Mem:0.00M, Peak:0.00M | Scene | Synchronizing object | central_prep_island_right_undershelf
Fra:1 Mem:20.94M (Peak 30.15M) | Time:495477:30:20.43 | Mem:0.00M, Peak:0.00M | Scene | Initializing
Fra:1 Mem:20.93M (Peak 30.15M) | Time:495477:30:20.43 | Mem:0.00M, Peak:0.00M | Scene | Updating Images | Loading central_prep_island_right_undershelf_DIFFUSE
Fra:1 Mem:20.96M (Peak 30.15M) | Time:495477:30:20.44 | Mem:0.00M, Peak:0.00M | Scene | Synchronizing object | central_prep_island_right_undershelf
Fra:1 Mem:20.96M (Peak 30.15M) | Time:495477:30:20.44 | Mem:0.00M, Peak:0.00M | Scene | Initializing
Fra:1 Mem:20.96M (Peak 30.15M) | Time:495477:30:20.44 | Mem:0.00M, Peak:0.00M | Scene | Updating Images | Loading central_prep_island_right_undershelf_ROUGHNESS
Fra:1 Mem:20.98M (Peak 30.15M) | Time:495477:30:20.46 | Mem:0.00M, Peak:0.00M | Scene | Synchronizing object | central_prep_island_right_undershelf
Fra:1 Mem:20.98M (Peak 30.15M) | Time:495477:30:20.46 | Mem:0.00M, Peak:0.00M | Scene | Initializing
Fra:1 Mem:20.98M (Peak 30.15M) | Time:495477:30:20.46 | Mem:0.00M, Peak:0.00M | Scene | Updating Images | Loading central_prep_island_right_undershelf_NORMAL
Fra:1 Mem:20.99M (Peak 30.19M) | Time:495477:30:20.47 | Mem:0.00M, Peak:0.00M | Scene | Synchronizing object | commercial_dishwasher_stainless_body
Fra:1 Mem:21.00M (Peak 30.19M) | Time:495477:30:20.47 | Mem:0.00M, Peak:0.00M | Scene | Initializing
Fra:1 Mem:20.99M (Peak 30.19M) | Time:495477:30:20.47 | Mem:0.00M, Peak:0.00M | Scene | Updating Images | Loading commercial_dishwasher_stainless_body_METAL
Fra:1 Mem:21.02M (Peak 30.21M) | Time:495477:30:20.48 | Mem:0.00M, Peak:0.00M | Scene | Synchronizing object | commercial_dishwasher_stainless_body
Fra:1 Mem:21.03M (Peak 30.21M) | Time:495477:30:20.48 | Mem:0.00M, Peak:0.00M | Scene | Initializing
Fra:1 Mem:21.03M (Peak 30.21M) | Time:495477:30:20.48 | Mem:0.00M, Peak:0.00M | Scene | Updating Images | Loading commercial_dishwasher_stainless_body_DIFFUSE
Fra:1 Mem:21.04M (Peak 30.25M) | Time:495477:30:20.50 | Mem:0.00M, Peak:0.00M | Scene | Synchronizing object | commercial_dishwasher_stainless_body
Fra:1 Mem:21.05M (Peak 30.25M) | Time:495477:30:20.50 | Mem:0.00M, Peak:0.00M | Scene | Initializing
Fra:1 Mem:21.05M (Peak 30.25M) | Time:495477:30:20.50 | Mem:0.00M, Peak:0.00M | Scene | Updating Images | Loading commercial_dishwasher_stainless_body_ROUGHNESS
Fra:1 Mem:21.06M (Peak 30.25M) | Time:495477:30:20.51 | Mem:0.00M, Peak:0.00M | Scene | Synchronizing object | commercial_dishwasher_stainless_body
Fra:1 Mem:21.07M (Peak 30.25M) | Time:495477:30:20.51 | Mem:0.00M, Peak:0.00M | Scene | Initializing
Fra:1 Mem:21.07M (Peak 30.25M) | Time:495477:30:20.51 | Mem:0.00M, Peak:0.00M | Scene | Updating Images | Loading commercial_dishwasher_stainless_body_NORMAL
Fra:1 Mem:21.05M (Peak 30.29M) | Time:495477:30:20.53 | Mem:0.00M, Peak:0.00M | Scene | Synchronizing object | continuous_stainless_exhaust_hood
Fra:1 Mem:21.05M (Peak 30.29M) | Time:495477:30:20.53 | Mem:0.00M, Peak:0.00M | Scene | Initializing
Fra:1 Mem:21.05M (Peak 30.29M) | Time:495477:30:20.53 | Mem:0.00M, Peak:0.00M | Scene | Updating Images | Loading continuous_stainless_exhaust_hood_METAL
Fra:1 Mem:21.08M (Peak 30.29M) | Time:495477:30:20.54 | Mem:0.00M, Peak:0.00M | Scene | Synchronizing object | continuous_stainless_exhaust_hood
Fra:1 Mem:21.08M (Peak 30.29M) | Time:495477:30:20.54 | Mem:0.00M, Peak:0.00M | Scene | Initializing
Fra:1 Mem:21.08M (Peak 30.29M) | Time:495477:30:20.54 | Mem:0.00M, Peak:0.00M | Scene | Updating Images | Loading continuous_stainless_exhaust_hood_DIFFUSE
Fra:1 Mem:21.10M (Peak 30.29M) | Time:495477:30:20.55 | Mem:0.00M, Peak:0.00M | Scene | Synchronizing object | continuous_stainless_exhaust_hood
Fra:1 Mem:21.10M (Peak 30.29M) | Time:495477:30:20.55 | Mem:0.00M, Peak:0.00M | Scene | Initializing
Fra:1 Mem:21.10M (Peak 30.29M) | Time:495477:30:20.55 | Mem:0.00M, Peak:0.00M | Scene | Updating Images | Loading continuous_stainless_exhaust_hood_ROUGHNESS
Fra:1 Mem:21.12M (Peak 30.29M) | Time:495477:30:20.56 | Mem:0.00M, Peak:0.00M | Scene | Synchronizing object | continuous_stainless_exhaust_hood
Fra:1 Mem:21.12M (Peak 30.29M) | Time:495477:30:20.56 | Mem:0.00M, Peak:0.00M | Scene | Initializing
Fra:1 Mem:21.12M (Peak 30.29M) | Time:495477:30:20.56 | Mem:0.00M, Peak:0.00M | Scene | Updating Images | Loading continuous_stainless_exhaust_hood_NORMAL
Fra:1 Mem:21.12M (Peak 30.33M) | Time:495477:30:20.57 | Mem:0.00M, Peak:0.00M | Scene | Synchronizing object | convection_oven_black_cooking_surface
Fra:1 Mem:21.12M (Peak 30.33M) | Time:495477:30:20.57 | Mem:0.00M, Peak:0.00M | Scene | Initializing
Fra:1 Mem:21.12M (Peak 30.33M) | Time:495477:30:20.57 | Mem:0.00M, Peak:0.00M | Scene | Updating Images | Loading convection_oven_black_cooking_surface_METAL
Fra:1 Mem:21.15M (Peak 30.33M) | Time:495477:30:20.58 | Mem:0.00M, Peak:0.00M | Scene | Synchronizing object | convection_oven_black_cooking_surface
Fra:1 Mem:21.15M (Peak 30.33M) | Time:495477:30:20.58 | Mem:0.00M, Peak:0.00M | Scene | Initializing
Fra:1 Mem:21.15M (Peak 30.33M) | Time:495477:30:20.58 | Mem:0.00M, Peak:0.00M | Scene | Updating Images | Loading convection_oven_black_cooking_surface_DIFFUSE
Fra:1 Mem:21.17M (Peak 30.36M) | Time:495477:30:20.60 | Mem:0.00M, Peak:0.00M | Scene | Synchronizing object | convection_oven_black_cooking_surface
Fra:1 Mem:21.17M (Peak 30.36M) | Time:495477:30:20.60 | Mem:0.00M, Peak:0.00M | Scene | Initializing
Fra:1 Mem:21.17M (Peak 30.36M) | Time:495477:30:20.60 | Mem:0.00M, Peak:0.00M | Scene | Updating Images | Loading convection_oven_black_cooking_surface_ROUGHNESS
Fra:1 Mem:21.20M (Peak 30.36M) | Time:495477:30:20.61 | Mem:0.00M, Peak:0.00M | Scene | Synchronizing object | convection_oven_black_cooking_surface
Fra:1 Mem:21.20M (Peak 30.36M) | Time:495477:30:20.61 | Mem:0.00M, Peak:0.00M | Scene | Initializing
Fra:1 Mem:21.19M (Peak 30.36M) | Time:495477:30:20.61 | Mem:0.00M, Peak:0.00M | Scene | Updating Images | Loading convection_oven_black_cooking_surface_NORMAL
Fra:1 Mem:21.20M (Peak 30.41M) | Time:495477:30:20.62 | Mem:0.00M, Peak:0.00M | Scene | Synchronizing object | convection_oven_red_control_knob_0
Fra:1 Mem:21.21M (Peak 30.41M) | Time:495477:30:20.62 | Mem:0.00M, Peak:0.00M | Scene | Initializing
Fra:1 Mem:21.20M (Peak 30.41M) | Time:495477:30:20.62 | Mem:0.00M, Peak:0.00M | Scene | Updating Images | Loading convection_oven_red_control_knob_0_DIFFUSE
Fra:1 Mem:21.23M (Peak 30.42M) | Time:495477:30:20.64 | Mem:0.00M, Peak:0.00M | Scene | Synchronizing object | convection_oven_red_control_knob_0
Fra:1 Mem:21.23M (Peak 30.42M) | Time:495477:30:20.64 | Mem:0.00M, Peak:0.00M | Scene | Initializing
Fra:1 Mem:21.23M (Peak 30.42M) | Time:495477:30:20.64 | Mem:0.00M, Peak:0.00M | Scene | Updating Images | Loading convection_oven_red_control_knob_0_ROUGHNESS
Fra:1 Mem:21.25M (Peak 30.42M) | Time:495477:30:20.65 | Mem:0.00M, Peak:0.00M | Scene | Synchronizing object | convection_oven_red_control_knob_0
Fra:1 Mem:21.25M (Peak 30.42M) | Time:495477:30:20.65 | Mem:0.00M, Peak:0.00M | Scene | Initializing
Fra:1 Mem:21.25M (Peak 30.42M) | Time:495477:30:20.65 | Mem:0.00M, Peak:0.00M | Scene | Updating Images | Loading convection_oven_red_control_knob_0_NORMAL
Fra:1 Mem:21.27M (Peak 30.46M) | Time:495477:30:20.66 | Mem:0.00M, Peak:0.00M | Scene | Synchronizing object | convection_oven_red_control_knob_1
Fra:1 Mem:21.27M (Peak 30.46M) | Time:495477:30:20.66 | Mem:0.00M, Peak:0.00M | Scene | Initializing
Fra:1 Mem:21.27M (Peak 30.46M) | Time:495477:30:20.66 | Mem:0.00M, Peak:0.00M | Scene | Updating Images | Loading convection_oven_red_control_knob_1_DIFFUSE
Fra:1 Mem:21.29M (Peak 30.49M) | Time:495477:30:20.68 | Mem:0.00M, Peak:0.00M | Scene | Synchronizing object | convection_oven_red_control_knob_1
Fra:1 Mem:21.30M (Peak 30.49M) | Time:495477:30:20.68 | Mem:0.00M, Peak:0.00M | Scene | Initializing
Fra:1 Mem:21.29M (Peak 30.49M) | Time:495477:30:20.68 | Mem:0.00M, Peak:0.00M | Scene | Updating Images | Loading convection_oven_red_control_knob_1_ROUGHNESS
Fra:1 Mem:21.32M (Peak 30.49M) | Time:495477:30:20.69 | Mem:0.00M, Peak:0.00M | Scene | Synchronizing object | convection_oven_red_control_knob_1
Fra:1 Mem:21.32M (Peak 30.49M) | Time:495477:30:20.69 | Mem:0.00M, Peak:0.00M | Scene | Initializing
Fra:1 Mem:21.32M (Peak 30.49M) | Time:495477:30:20.69 | Mem:0.00M, Peak:0.00M | Scene | Updating Images | Loading convection_oven_red_control_knob_1_NORMAL
Fra:1 Mem:21.34M (Peak 30.53M) | Time:495477:30:20.71 | Mem:0.00M, Peak:0.00M | Scene | Synchronizing object | convection_oven_red_control_knob_2
Fra:1 Mem:21.34M (Peak 30.53M) | Time:495477:30:20.71 | Mem:0.00M, Peak:0.00M | Scene | Initializing
Fra:1 Mem:21.34M (Peak 30.53M) | Time:495477:30:20.71 | Mem:0.00M, Peak:0.00M | Scene | Updating Images | Loading convection_oven_red_control_knob_2_DIFFUSE
Fra:1 Mem:21.36M (Peak 30.55M) | Time:495477:30:20.72 | Mem:0.00M, Peak:0.00M | Scene | Synchronizing object | convection_oven_red_control_knob_2
Fra:1 Mem:21.37M (Peak 30.55M) | Time:495477:30:20.72 | Mem:0.00M, Peak:0.00M | Scene | Initializing
Fra:1 Mem:21.36M (Peak 30.55M) | Time:495477:30:20.72 | Mem:0.00M, Peak:0.00M | Scene | Updating Images | Loading convection_oven_red_control_knob_2_ROUGHNESS
Fra:1 Mem:21.38M (Peak 30.55M) | Time:495477:30:20.73 | Mem:0.00M, Peak:0.00M | Scene | Synchronizing object | convection_oven_red_control_knob_2
Fra:1 Mem:21.39M (Peak 30.55M) | Time:495477:30:20.73 | Mem:0.00M, Peak:0.00M | Scene | Initializing
Fra:1 Mem:21.38M (Peak 30.55M) | Time:495477:30:20.73 | Mem:0.00M, Peak:0.00M | Scene | Updating Images | Loading convection_oven_red_control_knob_2_NORMAL
Fra:1 Mem:21.41M (Peak 30.60M) | Time:495477:30:20.75 | Mem:0.00M, Peak:0.00M | Scene | Synchronizing object | convection_oven_stainless_body
Fra:1 Mem:21.41M (Peak 30.60M) | Time:495477:30:20.75 | Mem:0.00M, Peak:0.00M | Scene | Initializing
Fra:1 Mem:21.41M (Peak 30.60M) | Time:495477:30:20.75 | Mem:0.00M, Peak:0.00M | Scene | Updating Images | Loading convection_oven_stainless_body_METAL
Fra:1 Mem:21.44M (Peak 30.63M) | Time:495477:30:20.76 | Mem:0.00M, Peak:0.00M | Scene | Synchronizing object | convection_oven_stainless_body
Fra:1 Mem:21.45M (Peak 30.63M) | Time:495477:30:20.76 | Mem:0.00M, Peak:0.00M | Scene | Initializing
Fra:1 Mem:21.45M (Peak 30.63M) | Time:495477:30:20.76 | Mem:0.00M, Peak:0.00M | Scene | Updating Images | Loading convection_oven_stainless_body_DIFFUSE
Fra:1 Mem:21.46M (Peak 30.67M) | Time:495477:30:20.78 | Mem:0.00M, Peak:0.00M | Scene | Synchronizing object | convection_oven_stainless_body
Fra:1 Mem:21.47M (Peak 30.67M) | Time:495477:30:20.78 | Mem:0.00M, Peak:0.00M | Scene | Initializing
Fra:1 Mem:21.47M (Peak 30.67M) | Time:495477:30:20.78 | Mem:0.00M, Peak:0.00M | Scene | Updating Images | Loading convection_oven_stainless_body_ROUGHNESS
Fra:1 Mem:21.48M (Peak 30.67M) | Time:495477:30:20.79 | Mem:0.00M, Peak:0.00M | Scene | Synchronizing object | convection_oven_stainless_body
Fra:1 Mem:21.49M (Peak 30.67M) | Time:495477:30:20.79 | Mem:0.00M, Peak:0.00M | Scene | Initializing
Fra:1 Mem:21.49M (Peak 30.67M) | Time:495477:30:20.79 | Mem:0.00M, Peak:0.00M | Scene | Updating Images | Loading convection_oven_stainless_body_NORMAL
Fra:1 Mem:21.48M (Peak 30.71M) | Time:495477:30:20.80 | Mem:0.00M, Peak:0.00M | Scene | Synchronizing object | cookline_black_anti_fatigue_mat
Fra:1 Mem:21.48M (Peak 30.71M) | Time:495477:30:20.80 | Mem:0.00M, Peak:0.00M | Scene | Initializing
Fra:1 Mem:21.47M (Peak 30.71M) | Time:495477:30:20.80 | Mem:0.00M, Peak:0.00M | Scene | Updating Images | Loading cookline_black_anti_fatigue_mat_DIFFUSE
Fra:1 Mem:21.50M (Peak 30.71M) | Time:495477:30:20.82 | Mem:0.00M, Peak:0.00M | Scene | Synchronizing object | cookline_black_anti_fatigue_mat
Fra:1 Mem:21.50M (Peak 30.71M) | Time:495477:30:20.82 | Mem:0.00M, Peak:0.00M | Scene | Initializing
Fra:1 Mem:21.50M (Peak 30.71M) | Time:495477:30:20.82 | Mem:0.00M, Peak:0.00M | Scene | Updating Images | Loading cookline_black_anti_fatigue_mat_ROUGHNESS
Fra:1 Mem:21.52M (Peak 30.71M) | Time:495477:30:20.83 | Mem:0.00M, Peak:0.00M | Scene | Synchronizing object | cookline_black_anti_fatigue_mat
Fra:1 Mem:21.52M (Peak 30.71M) | Time:495477:30:20.83 | Mem:0.00M, Peak:0.00M | Scene | Initializing
Fra:1 Mem:21.52M (Peak 30.71M) | Time:495477:30:20.83 | Mem:0.00M, Peak:0.00M | Scene | Updating Images | Loading cookline_black_anti_fatigue_mat_NORMAL
Fra:1 Mem:21.54M (Peak 30.73M) | Time:495477:30:20.84 | Mem:0.00M, Peak:0.00M | Scene | Synchronizing object | dish_area_floor_mat
Fra:1 Mem:21.54M (Peak 30.73M) | Time:495477:30:20.84 | Mem:0.00M, Peak:0.00M | Scene | Initializing
Fra:1 Mem:21.54M (Peak 30.73M) | Time:495477:30:20.84 | Mem:0.00M, Peak:0.00M | Scene | Updating Images | Loading dish_area_floor_mat_DIFFUSE
Fra:1 Mem:21.56M (Peak 30.75M) | Time:495477:30:20.85 | Mem:0.00M, Peak:0.00M | Scene | Synchronizing object | dish_area_floor_mat
Fra:1 Mem:21.56M (Peak 30.75M) | Time:495477:30:20.85 | Mem:0.00M, Peak:0.00M | Scene | Initializing
Fra:1 Mem:21.56M (Peak 30.75M) | Time:495477:30:20.85 | Mem:0.00M, Peak:0.00M | Scene | Updating Images | Loading dish_area_floor_mat_ROUGHNESS
Fra:1 Mem:21.59M (Peak 30.75M) | Time:495477:30:20.87 | Mem:0.00M, Peak:0.00M | Scene | Synchronizing object | dish_area_floor_mat
Fra:1 Mem:21.59M (Peak 30.75M) | Time:495477:30:20.87 | Mem:0.00M, Peak:0.00M | Scene | Initializing
Fra:1 Mem:21.58M (Peak 30.75M) | Time:495477:30:20.87 | Mem:0.00M, Peak:0.00M | Scene | Updating Images | Loading dish_area_floor_mat_NORMAL
Fra:1 Mem:21.60M (Peak 30.80M) | Time:495477:30:20.88 | Mem:0.00M, Peak:0.00M | Scene | Synchronizing object | dishwasher_pull_handle
Fra:1 Mem:21.60M (Peak 30.80M) | Time:495477:30:20.88 | Mem:0.00M, Peak:0.00M | Scene | Initializing
Fra:1 Mem:21.59M (Peak 30.80M) | Time:495477:30:20.88 | Mem:0.00M, Peak:0.00M | Scene | Updating Images | Loading dishwasher_pull_handle_METAL
Fra:1 Mem:21.63M (Peak 30.81M) | Time:495477:30:20.89 | Mem:0.00M, Peak:0.00M | Scene | Synchronizing object | dishwasher_pull_handle
Fra:1 Mem:21.63M (Peak 30.81M) | Time:495477:30:20.89 | Mem:0.00M, Peak:0.00M | Scene | Initializing
Fra:1 Mem:21.63M (Peak 30.81M) | Time:495477:30:20.89 | Mem:0.00M, Peak:0.00M | Scene | Updating Images | Loading dishwasher_pull_handle_DIFFUSE
Fra:1 Mem:21.65M (Peak 30.84M) | Time:495477:30:20.90 | Mem:0.00M, Peak:0.00M | Scene | Synchronizing object | dishwasher_pull_handle
Fra:1 Mem:21.65M (Peak 30.84M) | Time:495477:30:20.90 | Mem:0.00M, Peak:0.00M | Scene | Initializing
Fra:1 Mem:21.65M (Peak 30.84M) | Time:495477:30:20.90 | Mem:0.00M, Peak:0.00M | Scene | Updating Images | Loading dishwasher_pull_handle_ROUGHNESS
Fra:1 Mem:21.67M (Peak 30.84M) | Time:495477:30:20.92 | Mem:0.00M, Peak:0.00M | Scene | Synchronizing object | dishwasher_pull_handle
Fra:1 Mem:21.67M (Peak 30.84M) | Time:495477:30:20.92 | Mem:0.00M, Peak:0.00M | Scene | Initializing
Fra:1 Mem:21.67M (Peak 30.84M) | Time:495477:30:20.92 | Mem:0.00M, Peak:0.00M | Scene | Updating Images | Loading dishwasher_pull_handle_NORMAL
Info: Baking map saved to internal image, save it externally or pack it
Info: Baking map saved to internal image, save it externally or pack it
Info: Baking map saved to internal image, save it externally or pack it
Info: Baking map saved to internal image, save it externally or pack it
Info: Baking map saved to internal image, save it externally or pack it
Info: Baking map saved to internal image, save it externally or pack it
Info: Baking map saved to internal image, save it externally or pack it
Info: Baking map saved to internal image, save it externally or pack it
Info: Baking map saved to internal image, save it externally or pack it
Info: Baking map saved to internal image, save it externally or pack it
Info: Baking map saved to internal image, save it externally or pack it
Info: Baking map saved to internal image, save it externally or pack it
Info: Baking map saved to internal image, save it externally or pack it
Info: Baking map saved to internal image, save it externally or pack it
Info: Baking map saved to internal image, save it externally or pack it
Info: Baking map saved to internal image, save it externally or pack it
Info: Baking map saved to internal image, save it externally or pack it
Info: Baking map saved to internal image, save it externally or pack it
Info: Baking map saved to internal image, save it externally or pack it
Info: Baking map saved to internal image, save it externally or pack it
Info: Baking map saved to internal image, save it externally or pack it
Info: Baking map saved to internal image, save it externally or pack it
Info: Baking map saved to internal image, save it externally or pack it
Info: Baking map saved to internal image, save it externally or pack it
Info: Baking map saved to internal image, save it externally or pack it
Info: Baking map saved to internal image, save it externally or pack it
Info: Baking map saved to internal image, save it externally or pack it
Info: Baking map saved to internal image, save it externally or pack it
Info: Baking map saved to internal image, save it externally or pack it
Info: Baking map saved to internal image, save it externally or pack it
Info: Baking map saved to internal image, save it externally or pack it
Info: Baking map saved to internal image, save it externally or pack it
Info: Baking map saved to internal image, save it externally or pack it
Info: Baking map saved to internal image, save it externally or pack it
Info: Baking map saved to internal image, save it externally or pack it
Info: Baking map saved to internal image, save it externally or pack it
Info: Baking map saved to internal image, save it externally or pack it
Info: Baking map saved to internal image, save it externally or pack it
Info: Baking map saved to internal image, save it externally or pack it
Info: Baking map saved to internal image, save it externally or pack it
Info: Baking map saved to internal image, save it externally or pack it
Info: Baking map saved to internal image, save it externally or pack it
Info: Baking map saved to internal image, save it externally or pack it
Info: Baking map saved to internal image, save it externally or pack it
Info: Baking map saved to internal image, save it externally or pack it
Info: Baking map saved to internal image, save it externally or pack it
Info: Baking map saved to internal image, save it externally or pack it
Info: Baking map saved to internal image, save it externally or pack it
Info: Baking map saved to internal image, save it externally or pack it
Info: Baking map saved to internal image, save it externally or pack it
Info: Baking map saved to internal image, save it externally or pack it
Info: Baking map saved to internal image, save it externally or pack it
Info: Baking map saved to internal image, save it externally or pack it
Info: Baking map saved to internal image, save it externally or pack it
Info: Baking map saved to internal image, save it externally or pack it
Info: Baking map saved to internal image, save it externally or pack it
Info: Baking map saved to internal image, save it externally or pack it
Info: Baking map saved to internal image, save it externally or pack it
Info: Baking map saved to internal image, save it externally or pack it
Info: Baking map saved to internal image, save it externally or pack it
Info: Baking map saved to internal image, save it externally or pack it
Info: Baking map saved to internal image, save it externally or pack it
Info: Baking map saved to internal image, save it externally or pack it
Info: Baking map saved to internal image, save it externally or pack it
Info: Baking map saved to internal image, save it externally or pack it
Info: Baking map saved to internal image, save it externally or pack it
Info: Baking map saved to internal image, save it externally or pack it
Info: Baking map saved to internal image, save it externally or pack it
Info: Baking map saved to internal image, save it externally or pack it
Info: Baking map saved to internal image, save it externally or pack it
Info: Baking map saved to internal image, save it externally or pack it
Info: Baking map saved to internal image, save it externally or pack it
Info: Baking map saved to internal image, save it externally or pack it
Info: Baking map saved to internal image, save it externally or pack it
Info: Baking map saved to internal image, save it externally or pack it
Info: Baking map saved to internal image, save it externally or pack it
Info: Baking map saved to internal image, save it externally or pack it
Info: Baking map saved to internal image, save it externally or pack it
Info: Baking map saved to internal image, save it externally or pack it
Info: Baking map saved to internal image, save it externally or pack it
Info: Baking map saved to internal image, save it externally or pack it
Info: Baking map saved to internal image, save it externally or pack it
Info: Baking map saved to internal image, save it externally or pack it
Info: Baking map saved to internal image, save it externally or pack it
Info: Baking map saved to internal image, save it externally or pack it
Info: Baking map saved to internal image, save it externally or pack it
Info: Baking map saved to internal image, save it externally or pack it
Info: Baking map saved to internal image, save it externally or pack it
Info: Baking map saved to internal image, save it externally or pack it
Info: Baking map saved to internal image, save it externally or pack it
Info: Baking map saved to internal image, save it externally or pack it
Info: Baking map saved to internal image, save it externally or pack it
Info: Baking map saved to internal image, save it externally or pack it
Info: Baking map saved to internal image, save it externally or pack it
Info: Baking map saved to internal image, save it externally or pack it
Info: Baking map saved to internal image, save it externally or pack it
Info: Baking map saved to internal image, save it externally or pack it
Info: Baking map saved to internal image, save it externally or pack it
Info: Baking map saved to internal image, save it externally or pack it
Info: Baking map saved to internal image, save it externally or pack it
Info: Baking map saved to internal image, save it externally or pack it
Info: Baking map saved to internal image, save it externally or pack it
Info: Baking map saved to internal image, save it externally or pack it
Info: Baking map saved to internal image, save it externally or pack it
Info: Baking map saved to internal image, save it externally or pack it
Info: Baking map saved to internal image, save it externally or pack it
Info: Baking map saved to internal image, save it externally or pack it
Info: Baking map saved to internal image, save it externally or pack it
Info: Baking map saved to internal image, save it externally or pack it
Info: Baking map saved to internal image, save it externally or pack it
Info: Baking map saved to internal image, save it externally or pack it
Info: Baking map saved to internal image, save it externally or pack it
Info: Baking map saved to internal image, save it externally or pack it
Info: Baking map saved to internal image, save it externally or pack it
Fra:1 Mem:21.69M (Peak 30.88M) | Time:495477:30:20.93 | Mem:0.00M, Peak:0.00M | Scene | Synchronizing object | distant_service_alley_wall
Fra:1 Mem:21.70M (Peak 30.88M) | Time:495477:30:20.93 | Mem:0.00M, Peak:0.00M | Scene | Initializing
Fra:1 Mem:21.69M (Peak 30.88M) | Time:495477:30:20.93 | Mem:0.00M, Peak:0.00M | Scene | Updating Images | Loading distant_service_alley_wall_DIFFUSE
Fra:1 Mem:21.71M (Peak 30.92M) | Time:495477:30:20.94 | Mem:0.00M, Peak:0.00M | Scene | Synchronizing object | distant_service_alley_wall
Fra:1 Mem:21.72M (Peak 30.92M) | Time:495477:30:20.94 | Mem:0.00M, Peak:0.00M | Scene | Initializing
Fra:1 Mem:21.72M (Peak 30.92M) | Time:495477:30:20.94 | Mem:0.00M, Peak:0.00M | Scene | Updating Images | Loading distant_service_alley_wall_ROUGHNESS
Fra:1 Mem:21.73M (Peak 30.92M) | Time:495477:30:20.96 | Mem:0.00M, Peak:0.00M | Scene | Synchronizing object | distant_service_alley_wall
Fra:1 Mem:21.74M (Peak 30.92M) | Time:495477:30:20.96 | Mem:0.00M, Peak:0.00M | Scene | Initializing
Fra:1 Mem:21.74M (Peak 30.92M) | Time:495477:30:20.96 | Mem:0.00M, Peak:0.00M | Scene | Updating Images | Loading distant_service_alley_wall_NORMAL
Fra:1 Mem:21.75M (Peak 30.96M) | Time:495477:30:20.97 | Mem:0.00M, Peak:0.00M | Scene | Synchronizing object | east_wall_above_real_windows
Fra:1 Mem:21.76M (Peak 30.96M) | Time:495477:30:20.97 | Mem:0.00M, Peak:0.00M | Scene | Initializing
Fra:1 Mem:21.76M (Peak 30.96M) | Time:495477:30:20.97 | Mem:0.00M, Peak:0.00M | Scene | Updating Images | Loading east_wall_above_real_windows_DIFFUSE
Fra:1 Mem:21.77M (Peak 30.98M) | Time:495477:30:20.98 | Mem:0.00M, Peak:0.00M | Scene | Synchronizing object | east_wall_above_real_windows
Fra:1 Mem:21.79M (Peak 30.98M) | Time:495477:30:20.98 | Mem:0.00M, Peak:0.00M | Scene | Initializing
Fra:1 Mem:21.78M (Peak 30.98M) | Time:495477:30:20.98 | Mem:0.00M, Peak:0.00M | Scene | Updating Images | Loading east_wall_above_real_windows_ROUGHNESS
Fra:1 Mem:21.80M (Peak 30.98M) | Time:495477:30:21.00 | Mem:0.00M, Peak:0.00M | Scene | Synchronizing object | east_wall_above_real_windows
Fra:1 Mem:21.81M (Peak 30.98M) | Time:495477:30:21.00 | Mem:0.00M, Peak:0.00M | Scene | Initializing
Fra:1 Mem:21.80M (Peak 30.98M) | Time:495477:30:21.00 | Mem:0.00M, Peak:0.00M | Scene | Updating Images | Loading east_wall_above_real_windows_NORMAL
Fra:1 Mem:21.82M (Peak 31.03M) | Time:495477:30:21.01 | Mem:0.00M, Peak:0.00M | Scene | Synchronizing object | east_wall_below_real_windows
Fra:1 Mem:21.83M (Peak 31.03M) | Time:495477:30:21.01 | Mem:0.00M, Peak:0.00M | Scene | Initializing
Fra:1 Mem:21.82M (Peak 31.03M) | Time:495477:30:21.01 | Mem:0.00M, Peak:0.00M | Scene | Updating Images | Loading east_wall_below_real_windows_DIFFUSE
Fra:1 Mem:21.84M (Peak 31.05M) | Time:495477:30:21.02 | Mem:0.00M, Peak:0.00M | Scene | Synchronizing object | east_wall_below_real_windows
Fra:1 Mem:21.85M (Peak 31.05M) | Time:495477:30:21.02 | Mem:0.00M, Peak:0.00M | Scene | Initializing
Fra:1 Mem:21.85M (Peak 31.05M) | Time:495477:30:21.02 | Mem:0.00M, Peak:0.00M | Scene | Updating Images | Loading east_wall_below_real_windows_ROUGHNESS
Fra:1 Mem:21.86M (Peak 31.05M) | Time:495477:30:21.03 | Mem:0.00M, Peak:0.00M | Scene | Synchronizing object | east_wall_below_real_windows
Fra:1 Mem:21.87M (Peak 31.05M) | Time:495477:30:21.03 | Mem:0.00M, Peak:0.00M | Scene | Initializing
Fra:1 Mem:21.87M (Peak 31.05M) | Time:495477:30:21.03 | Mem:0.00M, Peak:0.00M | Scene | Updating Images | Loading east_wall_below_real_windows_NORMAL
Fra:1 Mem:21.88M (Peak 31.09M) | Time:495477:30:21.05 | Mem:0.00M, Peak:0.00M | Scene | Synchronizing object | east_window_mullion_or_end_0
Fra:1 Mem:21.89M (Peak 31.09M) | Time:495477:30:21.05 | Mem:0.00M, Peak:0.00M | Scene | Initializing
Fra:1 Mem:21.89M (Peak 31.09M) | Time:495477:30:21.05 | Mem:0.00M, Peak:0.00M | Scene | Updating Images | Loading east_window_mullion_or_end_0_DIFFUSE
Fra:1 Mem:21.90M (Peak 31.11M) | Time:495477:30:21.06 | Mem:0.00M, Peak:0.00M | Scene | Synchronizing object | east_window_mullion_or_end_0
Fra:1 Mem:21.92M (Peak 31.11M) | Time:495477:30:21.06 | Mem:0.00M, Peak:0.00M | Scene | Initializing
Fra:1 Mem:21.91M (Peak 31.11M) | Time:495477:30:21.06 | Mem:0.00M, Peak:0.00M | Scene | Updating Images | Loading east_window_mullion_or_end_0_ROUGHNESS
Fra:1 Mem:21.93M (Peak 31.11M) | Time:495477:30:21.07 | Mem:0.00M, Peak:0.00M | Scene | Synchronizing object | east_window_mullion_or_end_0
Fra:1 Mem:21.94M (Peak 31.11M) | Time:495477:30:21.07 | Mem:0.00M, Peak:0.00M | Scene | Initializing
Fra:1 Mem:21.93M (Peak 31.11M) | Time:495477:30:21.07 | Mem:0.00M, Peak:0.00M | Scene | Updating Images | Loading east_window_mullion_or_end_0_NORMAL
Fra:1 Mem:21.95M (Peak 31.16M) | Time:495477:30:21.09 | Mem:0.00M, Peak:0.00M | Scene | Synchronizing object | east_window_mullion_or_end_1
Fra:1 Mem:21.96M (Peak 31.16M) | Time:495477:30:21.09 | Mem:0.00M, Peak:0.00M | Scene | Initializing
Fra:1 Mem:21.95M (Peak 31.16M) | Time:495477:30:21.09 | Mem:0.00M, Peak:0.00M | Scene | Updating Images | Loading east_window_mullion_or_end_1_DIFFUSE
Fra:1 Mem:22.03M (Peak 31.18M) | Time:495477:30:21.10 | Mem:0.00M, Peak:0.00M | Scene | Synchronizing object | east_window_mullion_or_end_1
Fra:1 Mem:22.05M (Peak 31.18M) | Time:495477:30:21.10 | Mem:0.00M, Peak:0.00M | Scene | Initializing
Fra:1 Mem:22.04M (Peak 31.18M) | Time:495477:30:21.10 | Mem:0.00M, Peak:0.00M | Scene | Updating Images | Loading east_window_mullion_or_end_1_ROUGHNESS
Fra:1 Mem:22.05M (Peak 31.18M) | Time:495477:30:21.12 | Mem:0.00M, Peak:0.00M | Scene | Synchronizing object | east_window_mullion_or_end_1
Fra:1 Mem:22.07M (Peak 31.18M) | Time:495477:30:21.12 | Mem:0.00M, Peak:0.00M | Scene | Initializing
Fra:1 Mem:22.06M (Peak 31.18M) | Time:495477:30:21.12 | Mem:0.00M, Peak:0.00M | Scene | Updating Images | Loading east_window_mullion_or_end_1_NORMAL
Fra:1 Mem:22.08M (Peak 31.29M) | Time:495477:30:21.13 | Mem:0.00M, Peak:0.00M | Scene | Synchronizing object | east_window_mullion_or_end_2
Fra:1 Mem:22.09M (Peak 31.29M) | Time:495477:30:21.13 | Mem:0.00M, Peak:0.00M | Scene | Initializing
Fra:1 Mem:22.08M (Peak 31.29M) | Time:495477:30:21.13 | Mem:0.00M, Peak:0.00M | Scene | Updating Images | Loading east_window_mullion_or_end_2_DIFFUSE
Fra:1 Mem:22.10M (Peak 31.31M) | Time:495477:30:21.14 | Mem:0.00M, Peak:0.00M | Scene | Synchronizing object | east_window_mullion_or_end_2
Fra:1 Mem:22.11M (Peak 31.31M) | Time:495477:30:21.14 | Mem:0.00M, Peak:0.00M | Scene | Initializing
Fra:1 Mem:22.11M (Peak 31.31M) | Time:495477:30:21.14 | Mem:0.00M, Peak:0.00M | Scene | Updating Images | Loading east_window_mullion_or_end_2_ROUGHNESS
Fra:1 Mem:22.12M (Peak 31.31M) | Time:495477:30:21.15 | Mem:0.00M, Peak:0.00M | Scene | Synchronizing object | east_window_mullion_or_end_2
Fra:1 Mem:22.13M (Peak 31.31M) | Time:495477:30:21.15 | Mem:0.00M, Peak:0.00M | Scene | Initializing
Fra:1 Mem:22.13M (Peak 31.31M) | Time:495477:30:21.15 | Mem:0.00M, Peak:0.00M | Scene | Updating Images | Loading east_window_mullion_or_end_2_NORMAL
Fra:1 Mem:22.14M (Peak 31.35M) | Time:495477:30:21.17 | Mem:0.00M, Peak:0.00M | Scene | Synchronizing object | east_window_mullion_or_end_3
Fra:1 Mem:22.15M (Peak 31.35M) | Time:495477:30:21.17 | Mem:0.00M, Peak:0.00M | Scene | Initializing
Fra:1 Mem:22.15M (Peak 31.35M) | Time:495477:30:21.17 | Mem:0.00M, Peak:0.00M | Scene | Updating Images | Loading east_window_mullion_or_end_3_DIFFUSE
Fra:1 Mem:22.16M (Peak 31.37M) | Time:495477:30:21.18 | Mem:0.00M, Peak:0.00M | Scene | Synchronizing object | east_window_mullion_or_end_3
Fra:1 Mem:22.17M (Peak 31.37M) | Time:495477:30:21.18 | Mem:0.00M, Peak:0.00M | Scene | Initializing
Fra:1 Mem:22.17M (Peak 31.37M) | Time:495477:30:21.18 | Mem:0.00M, Peak:0.00M | Scene | Updating Images | Loading east_window_mullion_or_end_3_ROUGHNESS
Fra:1 Mem:22.18M (Peak 31.37M) | Time:495477:30:21.19 | Mem:0.00M, Peak:0.00M | Scene | Synchronizing object | east_window_mullion_or_end_3
Fra:1 Mem:22.20M (Peak 31.37M) | Time:495477:30:21.19 | Mem:0.00M, Peak:0.00M | Scene | Initializing
Fra:1 Mem:22.19M (Peak 31.37M) | Time:495477:30:21.19 | Mem:0.00M, Peak:0.00M | Scene | Updating Images | Loading east_window_mullion_or_end_3_NORMAL
Fra:1 Mem:22.20M (Peak 31.42M) | Time:495477:30:21.21 | Mem:0.00M, Peak:0.00M | Scene | Synchronizing object | east_window_mullion_or_end_4
Fra:1 Mem:22.22M (Peak 31.42M) | Time:495477:30:21.21 | Mem:0.00M, Peak:0.00M | Scene | Initializing
Fra:1 Mem:22.21M (Peak 31.42M) | Time:495477:30:21.21 | Mem:0.00M, Peak:0.00M | Scene | Updating Images | Loading east_window_mullion_or_end_4_DIFFUSE
Fra:1 Mem:22.23M (Peak 31.44M) | Time:495477:30:21.22 | Mem:0.00M, Peak:0.00M | Scene | Synchronizing object | east_window_mullion_or_end_4
Fra:1 Mem:22.24M (Peak 31.44M) | Time:495477:30:21.22 | Mem:0.00M, Peak:0.00M | Scene | Initializing
Fra:1 Mem:22.24M (Peak 31.44M) | Time:495477:30:21.22 | Mem:0.00M, Peak:0.00M | Scene | Updating Images | Loading east_window_mullion_or_end_4_ROUGHNESS
Fra:1 Mem:22.25M (Peak 31.44M) | Time:495477:30:21.24 | Mem:0.00M, Peak:0.00M | Scene | Synchronizing object | east_window_mullion_or_end_4
Fra:1 Mem:22.26M (Peak 31.44M) | Time:495477:30:21.24 | Mem:0.00M, Peak:0.00M | Scene | Initializing
Fra:1 Mem:22.26M (Peak 31.44M) | Time:495477:30:21.24 | Mem:0.00M, Peak:0.00M | Scene | Updating Images | Loading east_window_mullion_or_end_4_NORMAL
Fra:1 Mem:22.25M (Peak 31.48M) | Time:495477:30:21.25 | Mem:0.00M, Peak:0.00M | Scene | Synchronizing object | flat_top_griddle_black_cooking_surface
Fra:1 Mem:22.25M (Peak 31.48M) | Time:495477:30:21.25 | Mem:0.00M, Peak:0.00M | Scene | Initializing
Fra:1 Mem:22.25M (Peak 31.48M) | Time:495477:30:21.25 | Mem:0.00M, Peak:0.00M | Scene | Updating Images | Loading flat_top_griddle_black_cooking_surface_METAL
Fra:1 Mem:22.28M (Peak 31.48M) | Time:495477:30:21.26 | Mem:0.00M, Peak:0.00M | Scene | Synchronizing object | flat_top_griddle_black_cooking_surface
Fra:1 Mem:22.28M (Peak 31.48M) | Time:495477:30:21.26 | Mem:0.00M, Peak:0.00M | Scene | Initializing
Fra:1 Mem:22.28M (Peak 31.48M) | Time:495477:30:21.26 | Mem:0.00M, Peak:0.00M | Scene | Updating Images | Loading flat_top_griddle_black_cooking_surface_DIFFUSE
Fra:1 Mem:22.31M (Peak 31.49M) | Time:495477:30:21.27 | Mem:0.00M, Peak:0.00M | Scene | Synchronizing object | flat_top_griddle_black_cooking_surface
Fra:1 Mem:22.31M (Peak 31.49M) | Time:495477:30:21.27 | Mem:0.00M, Peak:0.00M | Scene | Initializing
Fra:1 Mem:22.30M (Peak 31.49M) | Time:495477:30:21.27 | Mem:0.00M, Peak:0.00M | Scene | Updating Images | Loading flat_top_griddle_black_cooking_surface_ROUGHNESS
Fra:1 Mem:22.33M (Peak 31.49M) | Time:495477:30:21.29 | Mem:0.00M, Peak:0.00M | Scene | Synchronizing object | flat_top_griddle_black_cooking_surface
Fra:1 Mem:22.33M (Peak 31.49M) | Time:495477:30:21.29 | Mem:0.00M, Peak:0.00M | Scene | Initializing
Fra:1 Mem:22.32M (Peak 31.49M) | Time:495477:30:21.29 | Mem:0.00M, Peak:0.00M | Scene | Updating Images | Loading flat_top_griddle_black_cooking_surface_NORMAL
Fra:1 Mem:22.33M (Peak 31.54M) | Time:495477:30:21.30 | Mem:0.00M, Peak:0.00M | Scene | Synchronizing object | flat_top_griddle_red_control_knob_0
Fra:1 Mem:22.34M (Peak 31.54M) | Time:495477:30:21.30 | Mem:0.00M, Peak:0.00M | Scene | Initializing
Fra:1 Mem:22.33M (Peak 31.54M) | Time:495477:30:21.30 | Mem:0.00M, Peak:0.00M | Scene | Updating Images | Loading flat_top_griddle_red_control_knob_0_DIFFUSE
Fra:1 Mem:22.36M (Peak 31.55M) | Time:495477:30:21.31 | Mem:0.00M, Peak:0.00M | Scene | Synchronizing object | flat_top_griddle_red_control_knob_0
Fra:1 Mem:22.36M (Peak 31.55M) | Time:495477:30:21.31 | Mem:0.00M, Peak:0.00M | Scene | Initializing
Fra:1 Mem:22.36M (Peak 31.55M) | Time:495477:30:21.31 | Mem:0.00M, Peak:0.00M | Scene | Updating Images | Loading flat_top_griddle_red_control_knob_0_ROUGHNESS
Fra:1 Mem:22.38M (Peak 31.55M) | Time:495477:30:21.33 | Mem:0.00M, Peak:0.00M | Scene | Synchronizing object | flat_top_griddle_red_control_knob_0
Fra:1 Mem:22.38M (Peak 31.55M) | Time:495477:30:21.33 | Mem:0.00M, Peak:0.00M | Scene | Initializing
Fra:1 Mem:22.38M (Peak 31.55M) | Time:495477:30:21.33 | Mem:0.00M, Peak:0.00M | Scene | Updating Images | Loading flat_top_griddle_red_control_knob_0_NORMAL
Fra:1 Mem:22.40M (Peak 31.59M) | Time:495477:30:21.34 | Mem:0.00M, Peak:0.00M | Scene | Synchronizing object | flat_top_griddle_red_control_knob_1
Fra:1 Mem:22.41M (Peak 31.59M) | Time:495477:30:21.34 | Mem:0.00M, Peak:0.00M | Scene | Initializing
Fra:1 Mem:22.40M (Peak 31.59M) | Time:495477:30:21.34 | Mem:0.00M, Peak:0.00M | Scene | Updating Images | Loading flat_top_griddle_red_control_knob_1_DIFFUSE
Fra:1 Mem:22.43M (Peak 31.62M) | Time:495477:30:21.35 | Mem:0.00M, Peak:0.00M | Scene | Synchronizing object | flat_top_griddle_red_control_knob_1
Fra:1 Mem:22.43M (Peak 31.62M) | Time:495477:30:21.35 | Mem:0.00M, Peak:0.00M | Scene | Initializing
Fra:1 Mem:22.43M (Peak 31.62M) | Time:495477:30:21.35 | Mem:0.00M, Peak:0.00M | Scene | Updating Images | Loading flat_top_griddle_red_control_knob_1_ROUGHNESS
Fra:1 Mem:22.45M (Peak 31.62M) | Time:495477:30:21.37 | Mem:0.00M, Peak:0.00M | Scene | Synchronizing object | flat_top_griddle_red_control_knob_1
Fra:1 Mem:22.45M (Peak 31.62M) | Time:495477:30:21.37 | Mem:0.00M, Peak:0.00M | Scene | Initializing
Fra:1 Mem:22.45M (Peak 31.62M) | Time:495477:30:21.37 | Mem:0.00M, Peak:0.00M | Scene | Updating Images | Loading flat_top_griddle_red_control_knob_1_NORMAL
Fra:1 Mem:22.47M (Peak 31.66M) | Time:495477:30:21.38 | Mem:0.00M, Peak:0.00M | Scene | Synchronizing object | flat_top_griddle_red_control_knob_2
Fra:1 Mem:22.47M (Peak 31.66M) | Time:495477:30:21.38 | Mem:0.00M, Peak:0.00M | Scene | Initializing
Fra:1 Mem:22.47M (Peak 31.66M) | Time:495477:30:21.38 | Mem:0.00M, Peak:0.00M | Scene | Updating Images | Loading flat_top_griddle_red_control_knob_2_DIFFUSE
Fra:1 Mem:22.49M (Peak 31.69M) | Time:495477:30:21.40 | Mem:0.00M, Peak:0.00M | Scene | Synchronizing object | flat_top_griddle_red_control_knob_2
Fra:1 Mem:22.50M (Peak 31.69M) | Time:495477:30:21.40 | Mem:0.00M, Peak:0.00M | Scene | Initializing
Fra:1 Mem:22.49M (Peak 31.69M) | Time:495477:30:21.40 | Mem:0.00M, Peak:0.00M | Scene | Updating Images | Loading flat_top_griddle_red_control_knob_2_ROUGHNESS
Fra:1 Mem:22.52M (Peak 31.69M) | Time:495477:30:21.41 | Mem:0.00M, Peak:0.00M | Scene | Synchronizing object | flat_top_griddle_red_control_knob_2
Fra:1 Mem:22.52M (Peak 31.69M) | Time:495477:30:21.41 | Mem:0.00M, Peak:0.00M | Scene | Initializing
Fra:1 Mem:22.51M (Peak 31.69M) | Time:495477:30:21.41 | Mem:0.00M, Peak:0.00M | Scene | Updating Images | Loading flat_top_griddle_red_control_knob_2_NORMAL
Fra:1 Mem:22.54M (Peak 31.73M) | Time:495477:30:21.42 | Mem:0.00M, Peak:0.00M | Scene | Synchronizing object | flat_top_griddle_stainless_body
Fra:1 Mem:22.55M (Peak 31.73M) | Time:495477:30:21.42 | Mem:0.00M, Peak:0.00M | Scene | Initializing
Fra:1 Mem:22.54M (Peak 31.73M) | Time:495477:30:21.42 | Mem:0.00M, Peak:0.00M | Scene | Updating Images | Loading flat_top_griddle_stainless_body_METAL
Fra:1 Mem:22.57M (Peak 31.76M) | Time:495477:30:21.43 | Mem:0.00M, Peak:0.00M | Scene | Synchronizing object | flat_top_griddle_stainless_body
Fra:1 Mem:22.58M (Peak 31.76M) | Time:495477:30:21.43 | Mem:0.00M, Peak:0.00M | Scene | Initializing
Fra:1 Mem:22.58M (Peak 31.76M) | Time:495477:30:21.43 | Mem:0.00M, Peak:0.00M | Scene | Updating Images | Loading flat_top_griddle_stainless_body_DIFFUSE
Fra:1 Mem:22.59M (Peak 31.80M) | Time:495477:30:21.45 | Mem:0.00M, Peak:0.00M | Scene | Synchronizing object | flat_top_griddle_stainless_body
Fra:1 Mem:22.60M (Peak 31.80M) | Time:495477:30:21.45 | Mem:0.00M, Peak:0.00M | Scene | Initializing
Fra:1 Mem:22.60M (Peak 31.80M) | Time:495477:30:21.45 | Mem:0.00M, Peak:0.00M | Scene | Updating Images | Loading flat_top_griddle_stainless_body_ROUGHNESS
Fra:1 Mem:22.61M (Peak 31.80M) | Time:495477:30:21.46 | Mem:0.00M, Peak:0.00M | Scene | Synchronizing object | flat_top_griddle_stainless_body
Fra:1 Mem:22.62M (Peak 31.80M) | Time:495477:30:21.46 | Mem:0.00M, Peak:0.00M | Scene | Initializing
Fra:1 Mem:22.62M (Peak 31.80M) | Time:495477:30:21.46 | Mem:0.00M, Peak:0.00M | Scene | Updating Images | Loading flat_top_griddle_stainless_body_NORMAL
Fra:1 Mem:22.61M (Peak 31.85M) | Time:495477:30:21.47 | Mem:0.00M, Peak:0.00M | Scene | Synchronizing object | floor_grout_line_x_-0.8
Fra:1 Mem:22.61M (Peak 31.85M) | Time:495477:30:21.47 | Mem:0.00M, Peak:0.00M | Scene | Initializing
Fra:1 Mem:22.61M (Peak 31.85M) | Time:495477:30:21.47 | Mem:0.00M, Peak:0.00M | Scene | Updating Images | Loading floor_grout_line_x_-0.8_DIFFUSE
Fra:1 Mem:22.63M (Peak 31.85M) | Time:495477:30:21.49 | Mem:0.00M, Peak:0.00M | Scene | Synchronizing object | floor_grout_line_x_-0.8
Fra:1 Mem:22.63M (Peak 31.85M) | Time:495477:30:21.49 | Mem:0.00M, Peak:0.00M | Scene | Initializing
Fra:1 Mem:22.63M (Peak 31.85M) | Time:495477:30:21.49 | Mem:0.00M, Peak:0.00M | Scene | Updating Images | Loading floor_grout_line_x_-0.8_ROUGHNESS
Fra:1 Mem:22.65M (Peak 31.85M) | Time:495477:30:21.50 | Mem:0.00M, Peak:0.00M | Scene | Synchronizing object | floor_grout_line_x_-0.8
Fra:1 Mem:22.65M (Peak 31.85M) | Time:495477:30:21.50 | Mem:0.00M, Peak:0.00M | Scene | Initializing
Fra:1 Mem:22.65M (Peak 31.85M) | Time:495477:30:21.50 | Mem:0.00M, Peak:0.00M | Scene | Updating Images | Loading floor_grout_line_x_-0.8_NORMAL
Fra:1 Mem:22.67M (Peak 31.86M) | Time:495477:30:21.51 | Mem:0.00M, Peak:0.00M | Scene | Synchronizing object | floor_grout_line_x_-1.6
Fra:1 Mem:22.67M (Peak 31.86M) | Time:495477:30:21.51 | Mem:0.00M, Peak:0.00M | Scene | Initializing
Fra:1 Mem:22.67M (Peak 31.86M) | Time:495477:30:21.51 | Mem:0.00M, Peak:0.00M | Scene | Updating Images | Loading floor_grout_line_x_-1.6_DIFFUSE
Fra:1 Mem:22.70M (Peak 31.88M) | Time:495477:30:21.52 | Mem:0.00M, Peak:0.00M | Scene | Synchronizing object | floor_grout_line_x_-1.6
Fra:1 Mem:22.70M (Peak 31.88M) | Time:495477:30:21.52 | Mem:0.00M, Peak:0.00M | Scene | Initializing
Fra:1 Mem:22.69M (Peak 31.88M) | Time:495477:30:21.52 | Mem:0.00M, Peak:0.00M | Scene | Updating Images | Loading floor_grout_line_x_-1.6_ROUGHNESS
Fra:1 Mem:22.72M (Peak 31.88M) | Time:495477:30:21.53 | Mem:0.00M, Peak:0.00M | Scene | Synchronizing object | floor_grout_line_x_-1.6
Fra:1 Mem:22.72M (Peak 31.88M) | Time:495477:30:21.53 | Mem:0.00M, Peak:0.00M | Scene | Initializing
Fra:1 Mem:22.71M (Peak 31.88M) | Time:495477:30:21.53 | Mem:0.00M, Peak:0.00M | Scene | Updating Images | Loading floor_grout_line_x_-1.6_NORMAL
Fra:1 Mem:22.74M (Peak 31.93M) | Time:495477:30:21.54 | Mem:0.00M, Peak:0.00M | Scene | Synchronizing object | floor_grout_line_x_-2.4
Fra:1 Mem:22.74M (Peak 31.93M) | Time:495477:30:21.54 | Mem:0.00M, Peak:0.00M | Scene | Initializing
Fra:1 Mem:22.73M (Peak 31.93M) | Time:495477:30:21.54 | Mem:0.00M, Peak:0.00M | Scene | Updating Images | Loading floor_grout_line_x_-2.4_DIFFUSE
Fra:1 Mem:22.76M (Peak 31.95M) | Time:495477:30:21.55 | Mem:0.00M, Peak:0.00M | Scene | Synchronizing object | floor_grout_line_x_-2.4
Fra:1 Mem:22.76M (Peak 31.95M) | Time:495477:30:21.55 | Mem:0.00M, Peak:0.00M | Scene | Initializing
Fra:1 Mem:22.76M (Peak 31.95M) | Time:495477:30:21.55 | Mem:0.00M, Peak:0.00M | Scene | Updating Images | Loading floor_grout_line_x_-2.4_ROUGHNESS
Fra:1 Mem:22.78M (Peak 31.95M) | Time:495477:30:21.57 | Mem:0.00M, Peak:0.00M | Scene | Synchronizing object | floor_grout_line_x_-2.4
Fra:1 Mem:22.78M (Peak 31.95M) | Time:495477:30:21.57 | Mem:0.00M, Peak:0.00M | Scene | Initializing
Fra:1 Mem:22.78M (Peak 31.95M) | Time:495477:30:21.57 | Mem:0.00M, Peak:0.00M | Scene | Updating Images | Loading floor_grout_line_x_-2.4_NORMAL
Fra:1 Mem:22.81M (Peak 31.99M) | Time:495477:30:21.58 | Mem:0.00M, Peak:0.00M | Scene | Synchronizing object | floor_grout_line_x_-3.2
Fra:1 Mem:22.81M (Peak 31.99M) | Time:495477:30:21.58 | Mem:0.00M, Peak:0.00M | Scene | Initializing
Fra:1 Mem:22.81M (Peak 31.99M) | Time:495477:30:21.58 | Mem:0.00M, Peak:0.00M | Scene | Updating Images | Loading floor_grout_line_x_-3.2_DIFFUSE
Fra:1 Mem:22.83M (Peak 32.02M) | Time:495477:30:21.59 | Mem:0.00M, Peak:0.00M | Scene | Synchronizing object | floor_grout_line_x_-3.2
Fra:1 Mem:22.83M (Peak 32.02M) | Time:495477:30:21.59 | Mem:0.00M, Peak:0.00M | Scene | Initializing
Fra:1 Mem:22.83M (Peak 32.02M) | Time:495477:30:21.59 | Mem:0.00M, Peak:0.00M | Scene | Updating Images | Loading floor_grout_line_x_-3.2_ROUGHNESS
Fra:1 Mem:22.85M (Peak 32.02M) | Time:495477:30:21.60 | Mem:0.00M, Peak:0.00M | Scene | Synchronizing object | floor_grout_line_x_-3.2
Fra:1 Mem:22.85M (Peak 32.02M) | Time:495477:30:21.60 | Mem:0.00M, Peak:0.00M | Scene | Initializing
Fra:1 Mem:22.85M (Peak 32.02M) | Time:495477:30:21.60 | Mem:0.00M, Peak:0.00M | Scene | Updating Images | Loading floor_grout_line_x_-3.2_NORMAL
Fra:1 Mem:22.87M (Peak 32.06M) | Time:495477:30:21.61 | Mem:0.00M, Peak:0.00M | Scene | Synchronizing object | floor_grout_line_x_-4.0
Fra:1 Mem:22.87M (Peak 32.06M) | Time:495477:30:21.61 | Mem:0.00M, Peak:0.00M | Scene | Initializing
Fra:1 Mem:22.87M (Peak 32.06M) | Time:495477:30:21.61 | Mem:0.00M, Peak:0.00M | Scene | Updating Images | Loading floor_grout_line_x_-4.0_DIFFUSE
Fra:1 Mem:22.90M (Peak 32.08M) | Time:495477:30:21.62 | Mem:0.00M, Peak:0.00M | Scene | Synchronizing object | floor_grout_line_x_-4.0
Fra:1 Mem:22.90M (Peak 32.08M) | Time:495477:30:21.62 | Mem:0.00M, Peak:0.00M | Scene | Initializing
Fra:1 Mem:22.89M (Peak 32.08M) | Time:495477:30:21.62 | Mem:0.00M, Peak:0.00M | Scene | Updating Images | Loading floor_grout_line_x_-4.0_ROUGHNESS
Fra:1 Mem:22.92M (Peak 32.08M) | Time:495477:30:21.64 | Mem:0.00M, Peak:0.00M | Scene | Synchronizing object | floor_grout_line_x_-4.0
Fra:1 Mem:22.92M (Peak 32.08M) | Time:495477:30:21.64 | Mem:0.00M, Peak:0.00M | Scene | Initializing
Fra:1 Mem:22.92M (Peak 32.08M) | Time:495477:30:21.64 | Mem:0.00M, Peak:0.00M | Scene | Updating Images | Loading floor_grout_line_x_-4.0_NORMAL
Fra:1 Mem:22.94M (Peak 32.13M) | Time:495477:30:21.65 | Mem:0.00M, Peak:0.00M | Scene | Synchronizing object | floor_grout_line_x_0.0
Fra:1 Mem:22.94M (Peak 32.13M) | Time:495477:30:21.65 | Mem:0.00M, Peak:0.00M | Scene | Initializing
Fra:1 Mem:22.94M (Peak 32.13M) | Time:495477:30:21.65 | Mem:0.00M, Peak:0.00M | Scene | Updating Images | Loading floor_grout_line_x_0.0_DIFFUSE
Fra:1 Mem:22.96M (Peak 32.15M) | Time:495477:30:21.66 | Mem:0.00M, Peak:0.00M | Scene | Synchronizing object | floor_grout_line_x_0.0
Fra:1 Mem:22.96M (Peak 32.15M) | Time:495477:30:21.66 | Mem:0.00M, Peak:0.00M | Scene | Initializing
Fra:1 Mem:22.96M (Peak 32.15M) | Time:495477:30:21.66 | Mem:0.00M, Peak:0.00M | Scene | Updating Images | Loading floor_grout_line_x_0.0_ROUGHNESS
Fra:1 Mem:22.98M (Peak 32.15M) | Time:495477:30:21.67 | Mem:0.00M, Peak:0.00M | Scene | Synchronizing object | floor_grout_line_x_0.0
Fra:1 Mem:22.98M (Peak 32.15M) | Time:495477:30:21.67 | Mem:0.00M, Peak:0.00M | Scene | Initializing
Fra:1 Mem:22.98M (Peak 32.15M) | Time:495477:30:21.67 | Mem:0.00M, Peak:0.00M | Scene | Updating Images | Loading floor_grout_line_x_0.0_NORMAL
Fra:1 Mem:23.00M (Peak 32.19M) | Time:495477:30:21.68 | Mem:0.00M, Peak:0.00M | Scene | Synchronizing object | floor_grout_line_x_0.8
Fra:1 Mem:23.00M (Peak 32.19M) | Time:495477:30:21.68 | Mem:0.00M, Peak:0.00M | Scene | Initializing
Fra:1 Mem:23.00M (Peak 32.19M) | Time:495477:30:21.68 | Mem:0.00M, Peak:0.00M | Scene | Updating Images | Loading floor_grout_line_x_0.8_DIFFUSE
Fra:1 Mem:23.03M (Peak 32.21M) | Time:495477:30:21.69 | Mem:0.00M, Peak:0.00M | Scene | Synchronizing object | floor_grout_line_x_0.8
Fra:1 Mem:23.03M (Peak 32.21M) | Time:495477:30:21.69 | Mem:0.00M, Peak:0.00M | Scene | Initializing
Fra:1 Mem:23.02M (Peak 32.21M) | Time:495477:30:21.69 | Mem:0.00M, Peak:0.00M | Scene | Updating Images | Loading floor_grout_line_x_0.8_ROUGHNESS
Fra:1 Mem:23.05M (Peak 32.21M) | Time:495477:30:21.70 | Mem:0.00M, Peak:0.00M | Scene | Synchronizing object | floor_grout_line_x_0.8
Fra:1 Mem:23.05M (Peak 32.21M) | Time:495477:30:21.70 | Mem:0.00M, Peak:0.00M | Scene | Initializing
Fra:1 Mem:23.04M (Peak 32.21M) | Time:495477:30:21.70 | Mem:0.00M, Peak:0.00M | Scene | Updating Images | Loading floor_grout_line_x_0.8_NORMAL
Fra:1 Mem:23.07M (Peak 32.26M) | Time:495477:30:21.72 | Mem:0.00M, Peak:0.00M | Scene | Synchronizing object | floor_grout_line_x_1.6
Fra:1 Mem:23.07M (Peak 32.26M) | Time:495477:30:21.72 | Mem:0.00M, Peak:0.00M | Scene | Initializing
Fra:1 Mem:23.06M (Peak 32.26M) | Time:495477:30:21.72 | Mem:0.00M, Peak:0.00M | Scene | Updating Images | Loading floor_grout_line_x_1.6_DIFFUSE
Fra:1 Mem:23.09M (Peak 32.28M) | Time:495477:30:21.73 | Mem:0.00M, Peak:0.00M | Scene | Synchronizing object | floor_grout_line_x_1.6
Fra:1 Mem:23.09M (Peak 32.28M) | Time:495477:30:21.73 | Mem:0.00M, Peak:0.00M | Scene | Initializing
Fra:1 Mem:23.09M (Peak 32.28M) | Time:495477:30:21.73 | Mem:0.00M, Peak:0.00M | Scene | Updating Images | Loading floor_grout_line_x_1.6_ROUGHNESS
Fra:1 Mem:23.11M (Peak 32.28M) | Time:495477:30:21.74 | Mem:0.00M, Peak:0.00M | Scene | Synchronizing object | floor_grout_line_x_1.6
Fra:1 Mem:23.11M (Peak 32.28M) | Time:495477:30:21.74 | Mem:0.00M, Peak:0.00M | Scene | Initializing
Fra:1 Mem:23.11M (Peak 32.28M) | Time:495477:30:21.74 | Mem:0.00M, Peak:0.00M | Scene | Updating Images | Loading floor_grout_line_x_1.6_NORMAL
Fra:1 Mem:23.13M (Peak 32.32M) | Time:495477:30:21.75 | Mem:0.00M, Peak:0.00M | Scene | Synchronizing object | floor_grout_line_x_2.4
Fra:1 Mem:23.13M (Peak 32.32M) | Time:495477:30:21.75 | Mem:0.00M, Peak:0.00M | Scene | Initializing
Fra:1 Mem:23.13M (Peak 32.32M) | Time:495477:30:21.75 | Mem:0.00M, Peak:0.00M | Scene | Updating Images | Loading floor_grout_line_x_2.4_DIFFUSE
Fra:1 Mem:23.15M (Peak 32.34M) | Time:495477:30:21.76 | Mem:0.00M, Peak:0.00M | Scene | Synchronizing object | floor_grout_line_x_2.4
Fra:1 Mem:23.15M (Peak 32.34M) | Time:495477:30:21.76 | Mem:0.00M, Peak:0.00M | Scene | Initializing
Fra:1 Mem:23.15M (Peak 32.34M) | Time:495477:30:21.76 | Mem:0.00M, Peak:0.00M | Scene | Updating Images | Loading floor_grout_line_x_2.4_ROUGHNESS
Fra:1 Mem:23.18M (Peak 32.34M) | Time:495477:30:21.77 | Mem:0.00M, Peak:0.00M | Scene | Synchronizing object | floor_grout_line_x_2.4
Fra:1 Mem:23.18M (Peak 32.34M) | Time:495477:30:21.77 | Mem:0.00M, Peak:0.00M | Scene | Initializing
Fra:1 Mem:23.17M (Peak 32.34M) | Time:495477:30:21.77 | Mem:0.00M, Peak:0.00M | Scene | Updating Images | Loading floor_grout_line_x_2.4_NORMAL
Fra:1 Mem:23.20M (Peak 32.39M) | Time:495477:30:21.79 | Mem:0.00M, Peak:0.00M | Scene | Synchronizing object | floor_grout_line_x_3.2
Fra:1 Mem:23.20M (Peak 32.39M) | Time:495477:30:21.79 | Mem:0.00M, Peak:0.00M | Scene | Initializing
Fra:1 Mem:23.19M (Peak 32.39M) | Time:495477:30:21.79 | Mem:0.00M, Peak:0.00M | Scene | Updating Images | Loading floor_grout_line_x_3.2_DIFFUSE
Fra:1 Mem:23.22M (Peak 32.40M) | Time:495477:30:21.80 | Mem:0.00M, Peak:0.00M | Scene | Synchronizing object | floor_grout_line_x_3.2
Fra:1 Mem:23.22M (Peak 32.40M) | Time:495477:30:21.80 | Mem:0.00M, Peak:0.00M | Scene | Initializing
Fra:1 Mem:23.22M (Peak 32.40M) | Time:495477:30:21.80 | Mem:0.00M, Peak:0.00M | Scene | Updating Images | Loading floor_grout_line_x_3.2_ROUGHNESS
Fra:1 Mem:23.24M (Peak 32.40M) | Time:495477:30:21.81 | Mem:0.00M, Peak:0.00M | Scene | Synchronizing object | floor_grout_line_x_3.2
Fra:1 Mem:23.24M (Peak 32.40M) | Time:495477:30:21.81 | Mem:0.00M, Peak:0.00M | Scene | Initializing
Fra:1 Mem:23.24M (Peak 32.40M) | Time:495477:30:21.81 | Mem:0.00M, Peak:0.00M | Scene | Updating Images | Loading floor_grout_line_x_3.2_NORMAL
Fra:1 Mem:23.26M (Peak 32.45M) | Time:495477:30:21.82 | Mem:0.00M, Peak:0.00M | Scene | Synchronizing object | floor_grout_line_x_4.0
Fra:1 Mem:23.26M (Peak 32.45M) | Time:495477:30:21.82 | Mem:0.00M, Peak:0.00M | Scene | Initializing
Fra:1 Mem:23.26M (Peak 32.45M) | Time:495477:30:21.82 | Mem:0.00M, Peak:0.00M | Scene | Updating Images | Loading floor_grout_line_x_4.0_DIFFUSE
Fra:1 Mem:23.28M (Peak 32.47M) | Time:495477:30:21.83 | Mem:0.00M, Peak:0.00M | Scene | Synchronizing object | floor_grout_line_x_4.0
Fra:1 Mem:23.28M (Peak 32.47M) | Time:495477:30:21.83 | Mem:0.00M, Peak:0.00M | Scene | Initializing
Fra:1 Mem:23.28M (Peak 32.47M) | Time:495477:30:21.83 | Mem:0.00M, Peak:0.00M | Scene | Updating Images | Loading floor_grout_line_x_4.0_ROUGHNESS
Fra:1 Mem:23.31M (Peak 32.47M) | Time:495477:30:21.84 | Mem:0.00M, Peak:0.00M | Scene | Synchronizing object | floor_grout_line_x_4.0
Fra:1 Mem:23.31M (Peak 32.47M) | Time:495477:30:21.84 | Mem:0.00M, Peak:0.00M | Scene | Initializing
Fra:1 Mem:23.30M (Peak 32.47M) | Time:495477:30:21.84 | Mem:0.00M, Peak:0.00M | Scene | Updating Images | Loading floor_grout_line_x_4.0_NORMAL
Fra:1 Mem:23.32M (Peak 32.51M) | Time:495477:30:21.86 | Mem:0.00M, Peak:0.00M | Scene | Synchronizing object | floor_grout_line_y_-0.8
Fra:1 Mem:23.33M (Peak 32.51M) | Time:495477:30:21.86 | Mem:0.00M, Peak:0.00M | Scene | Initializing
Fra:1 Mem:23.32M (Peak 32.51M) | Time:495477:30:21.86 | Mem:0.00M, Peak:0.00M | Scene | Updating Images | Loading floor_grout_line_y_-0.8_DIFFUSE
Fra:1 Mem:23.35M (Peak 32.53M) | Time:495477:30:21.87 | Mem:0.00M, Peak:0.00M | Scene | Synchronizing object | floor_grout_line_y_-0.8
Fra:1 Mem:23.35M (Peak 32.53M) | Time:495477:30:21.87 | Mem:0.00M, Peak:0.00M | Scene | Initializing
Fra:1 Mem:23.34M (Peak 32.53M) | Time:495477:30:21.87 | Mem:0.00M, Peak:0.00M | Scene | Updating Images | Loading floor_grout_line_y_-0.8_ROUGHNESS
Fra:1 Mem:23.37M (Peak 32.53M) | Time:495477:30:21.88 | Mem:0.00M, Peak:0.00M | Scene | Synchronizing object | floor_grout_line_y_-0.8
Fra:1 Mem:23.37M (Peak 32.53M) | Time:495477:30:21.88 | Mem:0.00M, Peak:0.00M | Scene | Initializing
Fra:1 Mem:23.37M (Peak 32.53M) | Time:495477:30:21.88 | Mem:0.00M, Peak:0.00M | Scene | Updating Images | Loading floor_grout_line_y_-0.8_NORMAL
Fra:1 Mem:23.39M (Peak 32.58M) | Time:495477:30:21.89 | Mem:0.00M, Peak:0.00M | Scene | Synchronizing object | floor_grout_line_y_-1.6
Fra:1 Mem:23.39M (Peak 32.58M) | Time:495477:30:21.89 | Mem:0.00M, Peak:0.00M | Scene | Initializing
Fra:1 Mem:23.39M (Peak 32.58M) | Time:495477:30:21.89 | Mem:0.00M, Peak:0.00M | Scene | Updating Images | Loading floor_grout_line_y_-1.6_DIFFUSE
Fra:1 Mem:23.41M (Peak 32.60M) | Time:495477:30:21.90 | Mem:0.00M, Peak:0.00M | Scene | Synchronizing object | floor_grout_line_y_-1.6
Fra:1 Mem:23.41M (Peak 32.60M) | Time:495477:30:21.90 | Mem:0.00M, Peak:0.00M | Scene | Initializing
Fra:1 Mem:23.41M (Peak 32.60M) | Time:495477:30:21.90 | Mem:0.00M, Peak:0.00M | Scene | Updating Images | Loading floor_grout_line_y_-1.6_ROUGHNESS
Fra:1 Mem:23.43M (Peak 32.60M) | Time:495477:30:21.91 | Mem:0.00M, Peak:0.00M | Scene | Synchronizing object | floor_grout_line_y_-1.6
Fra:1 Mem:23.43M (Peak 32.60M) | Time:495477:30:21.91 | Mem:0.00M, Peak:0.00M | Scene | Initializing
Fra:1 Mem:23.43M (Peak 32.60M) | Time:495477:30:21.91 | Mem:0.00M, Peak:0.00M | Scene | Updating Images | Loading floor_grout_line_y_-1.6_NORMAL
Fra:1 Mem:23.45M (Peak 32.64M) | Time:495477:30:21.93 | Mem:0.00M, Peak:0.00M | Scene | Synchronizing object | floor_grout_line_y_-2.4
Fra:1 Mem:23.45M (Peak 32.64M) | Time:495477:30:21.93 | Mem:0.00M, Peak:0.00M | Scene | Initializing
Fra:1 Mem:23.45M (Peak 32.64M) | Time:495477:30:21.93 | Mem:0.00M, Peak:0.00M | Scene | Updating Images | Loading floor_grout_line_y_-2.4_DIFFUSE
Fra:1 Mem:23.48M (Peak 32.66M) | Time:495477:30:21.94 | Mem:0.00M, Peak:0.00M | Scene | Synchronizing object | floor_grout_line_y_-2.4
Fra:1 Mem:23.48M (Peak 32.66M) | Time:495477:30:21.94 | Mem:0.00M, Peak:0.00M | Scene | Initializing
Fra:1 Mem:23.47M (Peak 32.66M) | Time:495477:30:21.94 | Mem:0.00M, Peak:0.00M | Scene | Updating Images | Loading floor_grout_line_y_-2.4_ROUGHNESS
Fra:1 Mem:23.50M (Peak 32.66M) | Time:495477:30:21.95 | Mem:0.00M, Peak:0.00M | Scene | Synchronizing object | floor_grout_line_y_-2.4
Fra:1 Mem:23.50M (Peak 32.66M) | Time:495477:30:21.95 | Mem:0.00M, Peak:0.00M | Scene | Initializing
Fra:1 Mem:23.49M (Peak 32.66M) | Time:495477:30:21.95 | Mem:0.00M, Peak:0.00M | Scene | Updating Images | Loading floor_grout_line_y_-2.4_NORMAL
Fra:1 Mem:23.52M (Peak 32.71M) | Time:495477:30:21.96 | Mem:0.00M, Peak:0.00M | Scene | Synchronizing object | floor_grout_line_y_-3.2
Fra:1 Mem:23.52M (Peak 32.71M) | Time:495477:30:21.96 | Mem:0.00M, Peak:0.00M | Scene | Initializing
Fra:1 Mem:23.51M (Peak 32.71M) | Time:495477:30:21.96 | Mem:0.00M, Peak:0.00M | Scene | Updating Images | Loading floor_grout_line_y_-3.2_DIFFUSE
Fra:1 Mem:23.54M (Peak 32.73M) | Time:495477:30:21.97 | Mem:0.00M, Peak:0.00M | Scene | Synchronizing object | floor_grout_line_y_-3.2
Fra:1 Mem:23.54M (Peak 32.73M) | Time:495477:30:21.97 | Mem:0.00M, Peak:0.00M | Scene | Initializing
Fra:1 Mem:23.54M (Peak 32.73M) | Time:495477:30:21.97 | Mem:0.00M, Peak:0.00M | Scene | Updating Images | Loading floor_grout_line_y_-3.2_ROUGHNESS
Fra:1 Mem:23.56M (Peak 32.73M) | Time:495477:30:21.98 | Mem:0.00M, Peak:0.00M | Scene | Synchronizing object | floor_grout_line_y_-3.2
Fra:1 Mem:23.56M (Peak 32.73M) | Time:495477:30:21.98 | Mem:0.00M, Peak:0.00M | Scene | Initializing
Fra:1 Mem:23.56M (Peak 32.73M) | Time:495477:30:21.98 | Mem:0.00M, Peak:0.00M | Scene | Updating Images | Loading floor_grout_line_y_-3.2_NORMAL
Fra:1 Mem:23.58M (Peak 32.77M) | Time:495477:30:21.99 | Mem:0.00M, Peak:0.00M | Scene | Synchronizing object | floor_grout_line_y_-4.0
Fra:1 Mem:23.58M (Peak 32.77M) | Time:495477:30:21.99 | Mem:0.00M, Peak:0.00M | Scene | Initializing
Fra:1 Mem:23.58M (Peak 32.77M) | Time:495477:30:21.99 | Mem:0.00M, Peak:0.00M | Scene | Updating Images | Loading floor_grout_line_y_-4.0_DIFFUSE
Fra:1 Mem:23.61M (Peak 32.79M) | Time:495477:30:22.01 | Mem:0.00M, Peak:0.00M | Scene | Synchronizing object | floor_grout_line_y_-4.0
Fra:1 Mem:23.61M (Peak 32.79M) | Time:495477:30:22.01 | Mem:0.00M, Peak:0.00M | Scene | Initializing
Fra:1 Mem:23.60M (Peak 32.79M) | Time:495477:30:22.01 | Mem:0.00M, Peak:0.00M | Scene | Updating Images | Loading floor_grout_line_y_-4.0_ROUGHNESS
Fra:1 Mem:23.63M (Peak 32.79M) | Time:495477:30:22.02 | Mem:0.00M, Peak:0.00M | Scene | Synchronizing object | floor_grout_line_y_-4.0
Fra:1 Mem:23.63M (Peak 32.79M) | Time:495477:30:22.02 | Mem:0.00M, Peak:0.00M | Scene | Initializing
Fra:1 Mem:23.62M (Peak 32.79M) | Time:495477:30:22.02 | Mem:0.00M, Peak:0.00M | Scene | Updating Images | Loading floor_grout_line_y_-4.0_NORMAL
Fra:1 Mem:23.65M (Peak 32.84M) | Time:495477:30:22.03 | Mem:0.00M, Peak:0.00M | Scene | Synchronizing object | floor_grout_line_y_0.0
Fra:1 Mem:23.65M (Peak 32.84M) | Time:495477:30:22.03 | Mem:0.00M, Peak:0.00M | Scene | Initializing
Fra:1 Mem:23.64M (Peak 32.84M) | Time:495477:30:22.03 | Mem:0.00M, Peak:0.00M | Scene | Updating Images | Loading floor_grout_line_y_0.0_DIFFUSE
Fra:1 Mem:23.67M (Peak 32.86M) | Time:495477:30:22.04 | Mem:0.00M, Peak:0.00M | Scene | Synchronizing object | floor_grout_line_y_0.0
Fra:1 Mem:23.67M (Peak 32.86M) | Time:495477:30:22.04 | Mem:0.00M, Peak:0.00M | Scene | Initializing
Fra:1 Mem:23.67M (Peak 32.86M) | Time:495477:30:22.04 | Mem:0.00M, Peak:0.00M | Scene | Updating Images | Loading floor_grout_line_y_0.0_ROUGHNESS
Fra:1 Mem:23.69M (Peak 32.86M) | Time:495477:30:22.05 | Mem:0.00M, Peak:0.00M | Scene | Synchronizing object | floor_grout_line_y_0.0
Fra:1 Mem:23.69M (Peak 32.86M) | Time:495477:30:22.05 | Mem:0.00M, Peak:0.00M | Scene | Initializing
Fra:1 Mem:23.69M (Peak 32.86M) | Time:495477:30:22.05 | Mem:0.00M, Peak:0.00M | Scene | Updating Images | Loading floor_grout_line_y_0.0_NORMAL
Fra:1 Mem:23.71M (Peak 32.90M) | Time:495477:30:22.06 | Mem:0.00M, Peak:0.00M | Scene | Synchronizing object | floor_grout_line_y_0.8
Fra:1 Mem:23.71M (Peak 32.90M) | Time:495477:30:22.06 | Mem:0.00M, Peak:0.00M | Scene | Initializing
Fra:1 Mem:23.71M (Peak 32.90M) | Time:495477:30:22.06 | Mem:0.00M, Peak:0.00M | Scene | Updating Images | Loading floor_grout_line_y_0.8_DIFFUSE
Fra:1 Mem:23.73M (Peak 32.92M) | Time:495477:30:22.08 | Mem:0.00M, Peak:0.00M | Scene | Synchronizing object | floor_grout_line_y_0.8
Fra:1 Mem:23.73M (Peak 32.92M) | Time:495477:30:22.08 | Mem:0.00M, Peak:0.00M | Scene | Initializing
Fra:1 Mem:23.73M (Peak 32.92M) | Time:495477:30:22.08 | Mem:0.00M, Peak:0.00M | Scene | Updating Images | Loading floor_grout_line_y_0.8_ROUGHNESS
Fra:1 Mem:23.76M (Peak 32.92M) | Time:495477:30:22.09 | Mem:0.00M, Peak:0.00M | Scene | Synchronizing object | floor_grout_line_y_0.8
Fra:1 Mem:23.76M (Peak 32.92M) | Time:495477:30:22.09 | Mem:0.00M, Peak:0.00M | Scene | Initializing
Fra:1 Mem:23.75M (Peak 32.92M) | Time:495477:30:22.09 | Mem:0.00M, Peak:0.00M | Scene | Updating Images | Loading floor_grout_line_y_0.8_NORMAL
Fra:1 Mem:23.77M (Peak 32.96M) | Time:495477:30:22.10 | Mem:0.00M, Peak:0.00M | Scene | Synchronizing object | floor_grout_line_y_1.6
Fra:1 Mem:23.78M (Peak 32.96M) | Time:495477:30:22.10 | Mem:0.00M, Peak:0.00M | Scene | Initializing
Fra:1 Mem:23.77M (Peak 32.96M) | Time:495477:30:22.10 | Mem:0.00M, Peak:0.00M | Scene | Updating Images | Loading floor_grout_line_y_1.6_DIFFUSE
Fra:1 Mem:23.80M (Peak 32.98M) | Time:495477:30:22.11 | Mem:0.00M, Peak:0.00M | Scene | Synchronizing object | floor_grout_line_y_1.6
Fra:1 Mem:23.80M (Peak 32.98M) | Time:495477:30:22.11 | Mem:0.00M, Peak:0.00M | Scene | Initializing
Fra:1 Mem:23.79M (Peak 32.98M) | Time:495477:30:22.11 | Mem:0.00M, Peak:0.00M | Scene | Updating Images | Loading floor_grout_line_y_1.6_ROUGHNESS
Fra:1 Mem:23.82M (Peak 32.98M) | Time:495477:30:22.12 | Mem:0.00M, Peak:0.00M | Scene | Synchronizing object | floor_grout_line_y_1.6
Fra:1 Mem:23.82M (Peak 32.98M) | Time:495477:30:22.12 | Mem:0.00M, Peak:0.00M | Scene | Initializing
Fra:1 Mem:23.82M (Peak 32.98M) | Time:495477:30:22.12 | Mem:0.00M, Peak:0.00M | Scene | Updating Images | Loading floor_grout_line_y_1.6_NORMAL
Fra:1 Mem:23.84M (Peak 33.03M) | Time:495477:30:22.13 | Mem:0.00M, Peak:0.00M | Scene | Synchronizing object | floor_grout_line_y_2.4
Fra:1 Mem:23.84M (Peak 33.03M) | Time:495477:30:22.13 | Mem:0.00M, Peak:0.00M | Scene | Initializing
Fra:1 Mem:23.84M (Peak 33.03M) | Time:495477:30:22.13 | Mem:0.00M, Peak:0.00M | Scene | Updating Images | Loading floor_grout_line_y_2.4_DIFFUSE
Fra:1 Mem:23.86M (Peak 33.05M) | Time:495477:30:22.14 | Mem:0.00M, Peak:0.00M | Scene | Synchronizing object | floor_grout_line_y_2.4
Fra:1 Mem:23.86M (Peak 33.05M) | Time:495477:30:22.14 | Mem:0.00M, Peak:0.00M | Scene | Initializing
Fra:1 Mem:23.86M (Peak 33.05M) | Time:495477:30:22.14 | Mem:0.00M, Peak:0.00M | Scene | Updating Images | Loading floor_grout_line_y_2.4_ROUGHNESS
Fra:1 Mem:23.88M (Peak 33.05M) | Time:495477:30:22.16 | Mem:0.00M, Peak:0.00M | Scene | Synchronizing object | floor_grout_line_y_2.4
Fra:1 Mem:23.88M (Peak 33.05M) | Time:495477:30:22.16 | Mem:0.00M, Peak:0.00M | Scene | Initializing
Fra:1 Mem:23.88M (Peak 33.05M) | Time:495477:30:22.16 | Mem:0.00M, Peak:0.00M | Scene | Updating Images | Loading floor_grout_line_y_2.4_NORMAL
Fra:1 Mem:23.90M (Peak 33.09M) | Time:495477:30:22.17 | Mem:0.00M, Peak:0.00M | Scene | Synchronizing object | floor_grout_line_y_3.2
Fra:1 Mem:23.90M (Peak 33.09M) | Time:495477:30:22.17 | Mem:0.00M, Peak:0.00M | Scene | Initializing
Fra:1 Mem:23.90M (Peak 33.09M) | Time:495477:30:22.17 | Mem:0.00M, Peak:0.00M | Scene | Updating Images | Loading floor_grout_line_y_3.2_DIFFUSE
Fra:1 Mem:23.93M (Peak 33.11M) | Time:495477:30:22.18 | Mem:0.00M, Peak:0.00M | Scene | Synchronizing object | floor_grout_line_y_3.2
Fra:1 Mem:23.93M (Peak 33.11M) | Time:495477:30:22.18 | Mem:0.00M, Peak:0.00M | Scene | Initializing
Fra:1 Mem:23.92M (Peak 33.11M) | Time:495477:30:22.18 | Mem:0.00M, Peak:0.00M | Scene | Updating Images | Loading floor_grout_line_y_3.2_ROUGHNESS
Fra:1 Mem:23.95M (Peak 33.11M) | Time:495477:30:22.19 | Mem:0.00M, Peak:0.00M | Scene | Synchronizing object | floor_grout_line_y_3.2
Fra:1 Mem:23.95M (Peak 33.11M) | Time:495477:30:22.19 | Mem:0.00M, Peak:0.00M | Scene | Initializing
Fra:1 Mem:23.95M (Peak 33.11M) | Time:495477:30:22.19 | Mem:0.00M, Peak:0.00M | Scene | Updating Images | Loading floor_grout_line_y_3.2_NORMAL
Fra:1 Mem:23.97M (Peak 33.16M) | Time:495477:30:22.20 | Mem:0.00M, Peak:0.00M | Scene | Synchronizing object | floor_grout_line_y_4.0
Fra:1 Mem:23.97M (Peak 33.16M) | Time:495477:30:22.20 | Mem:0.00M, Peak:0.00M | Scene | Initializing
Fra:1 Mem:23.97M (Peak 33.16M) | Time:495477:30:22.20 | Mem:0.00M, Peak:0.00M | Scene | Updating Images | Loading floor_grout_line_y_4.0_DIFFUSE
Fra:1 Mem:23.99M (Peak 33.18M) | Time:495477:30:22.21 | Mem:0.00M, Peak:0.00M | Scene | Synchronizing object | floor_grout_line_y_4.0
Fra:1 Mem:23.99M (Peak 33.18M) | Time:495477:30:22.21 | Mem:0.00M, Peak:0.00M | Scene | Initializing
Fra:1 Mem:23.99M (Peak 33.18M) | Time:495477:30:22.21 | Mem:0.00M, Peak:0.00M | Scene | Updating Images | Loading floor_grout_line_y_4.0_ROUGHNESS
Fra:1 Mem:24.01M (Peak 33.18M) | Time:495477:30:22.22 | Mem:0.00M, Peak:0.00M | Scene | Synchronizing object | floor_grout_line_y_4.0
Fra:1 Mem:24.01M (Peak 33.18M) | Time:495477:30:22.22 | Mem:0.00M, Peak:0.00M | Scene | Initializing
Fra:1 Mem:24.01M (Peak 33.18M) | Time:495477:30:22.22 | Mem:0.00M, Peak:0.00M | Scene | Updating Images | Loading floor_grout_line_y_4.0_NORMAL
Fra:1 Mem:24.04M (Peak 33.22M) | Time:495477:30:22.24 | Mem:0.00M, Peak:0.00M | Scene | Synchronizing object | floor_quarry_tile_slab_approx_1000_sqft
Fra:1 Mem:24.05M (Peak 33.22M) | Time:495477:30:22.24 | Mem:0.00M, Peak:0.00M | Scene | Initializing
Fra:1 Mem:24.05M (Peak 33.22M) | Time:495477:30:22.24 | Mem:0.00M, Peak:0.00M | Scene | Updating Images | Loading floor_quarry_tile_slab_approx_1000_sqft_DIFFUSE
Fra:1 Mem:24.06M (Peak 33.28M) | Time:495477:30:22.25 | Mem:0.00M, Peak:0.00M | Scene | Synchronizing object | floor_quarry_tile_slab_approx_1000_sqft
Fra:1 Mem:24.08M (Peak 33.28M) | Time:495477:30:22.25 | Mem:0.00M, Peak:0.00M | Scene | Initializing
Fra:1 Mem:24.07M (Peak 33.28M) | Time:495477:30:22.25 | Mem:0.00M, Peak:0.00M | Scene | Updating Images | Loading floor_quarry_tile_slab_approx_1000_sqft_ROUGHNESS
Fra:1 Mem:24.09M (Peak 33.28M) | Time:495477:30:22.26 | Mem:0.00M, Peak:0.00M | Scene | Synchronizing object | floor_quarry_tile_slab_approx_1000_sqft
Fra:1 Mem:24.10M (Peak 33.28M) | Time:495477:30:22.26 | Mem:0.00M, Peak:0.00M | Scene | Initializing
Fra:1 Mem:24.10M (Peak 33.28M) | Time:495477:30:22.26 | Mem:0.00M, Peak:0.00M | Scene | Updating Images | Loading floor_quarry_tile_slab_approx_1000_sqft_NORMAL
Fra:1 Mem:24.10M (Peak 33.32M) | Time:495477:30:22.28 | Mem:0.00M, Peak:0.00M | Scene | Synchronizing object | food_storage_bin_0_0_0
Fra:1 Mem:24.10M (Peak 33.32M) | Time:495477:30:22.28 | Mem:0.00M, Peak:0.00M | Scene | Initializing
Fra:1 Mem:24.09M (Peak 33.32M) | Time:495477:30:22.28 | Mem:0.00M, Peak:0.00M | Scene | Updating Images | Loading food_storage_bin_0_0_0_DIFFUSE
Fra:1 Mem:24.12M (Peak 33.32M) | Time:495477:30:22.29 | Mem:0.00M, Peak:0.00M | Scene | Synchronizing object | food_storage_bin_0_0_0
Fra:1 Mem:24.12M (Peak 33.32M) | Time:495477:30:22.29 | Mem:0.00M, Peak:0.00M | Scene | Initializing
Fra:1 Mem:24.12M (Peak 33.32M) | Time:495477:30:22.29 | Mem:0.00M, Peak:0.00M | Scene | Updating Images | Loading food_storage_bin_0_0_0_ROUGHNESS
Fra:1 Mem:24.14M (Peak 33.32M) | Time:495477:30:22.30 | Mem:0.00M, Peak:0.00M | Scene | Synchronizing object | food_storage_bin_0_0_0
Fra:1 Mem:24.14M (Peak 33.32M) | Time:495477:30:22.30 | Mem:0.00M, Peak:0.00M | Scene | Initializing
Fra:1 Mem:24.14M (Peak 33.32M) | Time:495477:30:22.30 | Mem:0.00M, Peak:0.00M | Scene | Updating Images | Loading food_storage_bin_0_0_0_NORMAL
Fra:1 Mem:24.16M (Peak 33.35M) | Time:495477:30:22.32 | Mem:0.00M, Peak:0.00M | Scene | Synchronizing object | food_storage_bin_0_0_1
Fra:1 Mem:24.16M (Peak 33.35M) | Time:495477:30:22.32 | Mem:0.00M, Peak:0.00M | Scene | Initializing
Fra:1 Mem:24.16M (Peak 33.35M) | Time:495477:30:22.32 | Mem:0.00M, Peak:0.00M | Scene | Updating Images | Loading food_storage_bin_0_0_1_DIFFUSE
Info: Baking map saved to internal image, save it externally or pack it
Info: Baking map saved to internal image, save it externally or pack it
Info: Baking map saved to internal image, save it externally or pack it
Info: Baking map saved to internal image, save it externally or pack it
Info: Baking map saved to internal image, save it externally or pack it
Info: Baking map saved to internal image, save it externally or pack it
Info: Baking map saved to internal image, save it externally or pack it
Info: Baking map saved to internal image, save it externally or pack it
Info: Baking map saved to internal image, save it externally or pack it
Info: Baking map saved to internal image, save it externally or pack it
Info: Baking map saved to internal image, save it externally or pack it
Info: Baking map saved to internal image, save it externally or pack it
Info: Baking map saved to internal image, save it externally or pack it
Info: Baking map saved to internal image, save it externally or pack it
Info: Baking map saved to internal image, save it externally or pack it
Info: Baking map saved to internal image, save it externally or pack it
Info: Baking map saved to internal image, save it externally or pack it
Info: Baking map saved to internal image, save it externally or pack it
Info: Baking map saved to internal image, save it externally or pack it
Info: Baking map saved to internal image, save it externally or pack it
Info: Baking map saved to internal image, save it externally or pack it
Info: Baking map saved to internal image, save it externally or pack it
Info: Baking map saved to internal image, save it externally or pack it
Info: Baking map saved to internal image, save it externally or pack it
Info: Baking map saved to internal image, save it externally or pack it
Info: Baking map saved to internal image, save it externally or pack it
Info: Baking map saved to internal image, save it externally or pack it
Info: Baking map saved to internal image, save it externally or pack it
Info: Baking map saved to internal image, save it externally or pack it
Info: Baking map saved to internal image, save it externally or pack it
Info: Baking map saved to internal image, save it externally or pack it
Info: Baking map saved to internal image, save it externally or pack it
Info: Baking map saved to internal image, save it externally or pack it
Info: Baking map saved to internal image, save it externally or pack it
Info: Baking map saved to internal image, save it externally or pack it
Info: Baking map saved to internal image, save it externally or pack it
Info: Baking map saved to internal image, save it externally or pack it
Info: Baking map saved to internal image, save it externally or pack it
Info: Baking map saved to internal image, save it externally or pack it
Info: Baking map saved to internal image, save it externally or pack it
Info: Baking map saved to internal image, save it externally or pack it
Info: Baking map saved to internal image, save it externally or pack it
Info: Baking map saved to internal image, save it externally or pack it
Info: Baking map saved to internal image, save it externally or pack it
Info: Baking map saved to internal image, save it externally or pack it
Info: Baking map saved to internal image, save it externally or pack it
Info: Baking map saved to internal image, save it externally or pack it
Info: Baking map saved to internal image, save it externally or pack it
Info: Baking map saved to internal image, save it externally or pack it
Info: Baking map saved to internal image, save it externally or pack it
Info: Baking map saved to internal image, save it externally or pack it
Info: Baking map saved to internal image, save it externally or pack it
Info: Baking map saved to internal image, save it externally or pack it
Info: Baking map saved to internal image, save it externally or pack it
Info: Baking map saved to internal image, save it externally or pack it
Info: Baking map saved to internal image, save it externally or pack it
Info: Baking map saved to internal image, save it externally or pack it
Info: Baking map saved to internal image, save it externally or pack it
Info: Baking map saved to internal image, save it externally or pack it
Info: Baking map saved to internal image, save it externally or pack it
Info: Baking map saved to internal image, save it externally or pack it
Info: Baking map saved to internal image, save it externally or pack it
Info: Baking map saved to internal image, save it externally or pack it
Info: Baking map saved to internal image, save it externally or pack it
Info: Baking map saved to internal image, save it externally or pack it
Info: Baking map saved to internal image, save it externally or pack it
Info: Baking map saved to internal image, save it externally or pack it
Info: Baking map saved to internal image, save it externally or pack it
Info: Baking map saved to internal image, save it externally or pack it
Info: Baking map saved to internal image, save it externally or pack it
Info: Baking map saved to internal image, save it externally or pack it
Info: Baking map saved to internal image, save it externally or pack it
Info: Baking map saved to internal image, save it externally or pack it
Info: Baking map saved to internal image, save it externally or pack it
Info: Baking map saved to internal image, save it externally or pack it
Info: Baking map saved to internal image, save it externally or pack it
Info: Baking map saved to internal image, save it externally or pack it
Info: Baking map saved to internal image, save it externally or pack it
Info: Baking map saved to internal image, save it externally or pack it
Info: Baking map saved to internal image, save it externally or pack it
Info: Baking map saved to internal image, save it externally or pack it
Info: Baking map saved to internal image, save it externally or pack it
Info: Baking map saved to internal image, save it externally or pack it
Info: Baking map saved to internal image, save it externally or pack it
Info: Baking map saved to internal image, save it externally or pack it
Info: Baking map saved to internal image, save it externally or pack it
Info: Baking map saved to internal image, save it externally or pack it
Info: Baking map saved to internal image, save it externally or pack it
Info: Baking map saved to internal image, save it externally or pack it
Info: Baking map saved to internal image, save it externally or pack it
Info: Baking map saved to internal image, save it externally or pack it
Info: Baking map saved to internal image, save it externally or pack it
Info: Baking map saved to internal image, save it externally or pack it
Info: Baking map saved to internal image, save it externally or pack it
Info: Baking map saved to internal image, save it externally or pack it
Info: Baking map saved to internal image, save it externally or pack it
Info: Baking map saved to internal image, save it externally or pack it
Info: Baking map saved to internal image, save it externally or pack it
Info: Baking map saved to internal image, save it externally or pack it
Info: Baking map saved to internal image, save it externally or pack it
Info: Baking map saved to internal image, save it externally or pack it
Info: Baking map saved to internal image, save it externally or pack it
Info: Baking map saved to internal image, save it externally or pack it
Info: Baking map saved to internal image, save it externally or pack it
Info: Baking map saved to internal image, save it externally or pack it
Info: Baking map saved to internal image, save it externally or pack it
Info: Baking map saved to internal image, save it externally or pack it
Info: Baking map saved to internal image, save it externally or pack it
Info: Baking map saved to internal image, save it externally or pack it
Info: Baking map saved to internal image, save it externally or pack it
Info: Baking map saved to internal image, save it externally or pack it
Info: Baking map saved to internal image, save it externally or pack it
Info: Baking map saved to internal image, save it externally or pack it
Info: Baking map saved to internal image, save it externally or pack it
Fra:1 Mem:24.18M (Peak 33.37M) | Time:495477:30:22.33 | Mem:0.00M, Peak:0.00M | Scene | Synchronizing object | food_storage_bin_0_0_1
Fra:1 Mem:24.19M (Peak 33.37M) | Time:495477:30:22.33 | Mem:0.00M, Peak:0.00M | Scene | Initializing
Fra:1 Mem:24.18M (Peak 33.37M) | Time:495477:30:22.33 | Mem:0.00M, Peak:0.00M | Scene | Updating Images | Loading food_storage_bin_0_0_1_ROUGHNESS
Fra:1 Mem:24.21M (Peak 33.37M) | Time:495477:30:22.34 | Mem:0.00M, Peak:0.00M | Scene | Synchronizing object | food_storage_bin_0_0_1
Fra:1 Mem:24.21M (Peak 33.37M) | Time:495477:30:22.34 | Mem:0.00M, Peak:0.00M | Scene | Initializing
Fra:1 Mem:24.20M (Peak 33.37M) | Time:495477:30:22.34 | Mem:0.00M, Peak:0.00M | Scene | Updating Images | Loading food_storage_bin_0_0_1_NORMAL
Fra:1 Mem:24.23M (Peak 33.42M) | Time:495477:30:22.36 | Mem:0.00M, Peak:0.00M | Scene | Synchronizing object | food_storage_bin_0_0_2
Fra:1 Mem:24.23M (Peak 33.42M) | Time:495477:30:22.36 | Mem:0.00M, Peak:0.00M | Scene | Initializing
Fra:1 Mem:24.22M (Peak 33.42M) | Time:495477:30:22.36 | Mem:0.00M, Peak:0.00M | Scene | Updating Images | Loading food_storage_bin_0_0_2_DIFFUSE
Fra:1 Mem:24.25M (Peak 33.44M) | Time:495477:30:22.37 | Mem:0.00M, Peak:0.00M | Scene | Synchronizing object | food_storage_bin_0_0_2
Fra:1 Mem:24.25M (Peak 33.44M) | Time:495477:30:22.37 | Mem:0.00M, Peak:0.00M | Scene | Initializing
Fra:1 Mem:24.25M (Peak 33.44M) | Time:495477:30:22.37 | Mem:0.00M, Peak:0.00M | Scene | Updating Images | Loading food_storage_bin_0_0_2_ROUGHNESS
Fra:1 Mem:24.27M (Peak 33.44M) | Time:495477:30:22.38 | Mem:0.00M, Peak:0.00M | Scene | Synchronizing object | food_storage_bin_0_0_2
Fra:1 Mem:24.27M (Peak 33.44M) | Time:495477:30:22.38 | Mem:0.00M, Peak:0.00M | Scene | Initializing
Fra:1 Mem:24.27M (Peak 33.44M) | Time:495477:30:22.38 | Mem:0.00M, Peak:0.00M | Scene | Updating Images | Loading food_storage_bin_0_0_2_NORMAL
Fra:1 Mem:24.29M (Peak 33.48M) | Time:495477:30:22.40 | Mem:0.00M, Peak:0.00M | Scene | Synchronizing object | food_storage_bin_0_1_0
Fra:1 Mem:24.29M (Peak 33.48M) | Time:495477:30:22.40 | Mem:0.00M, Peak:0.00M | Scene | Initializing
Fra:1 Mem:24.29M (Peak 33.48M) | Time:495477:30:22.40 | Mem:0.00M, Peak:0.00M | Scene | Updating Images | Loading food_storage_bin_0_1_0_DIFFUSE
Fra:1 Mem:24.31M (Peak 33.50M) | Time:495477:30:22.41 | Mem:0.00M, Peak:0.00M | Scene | Synchronizing object | food_storage_bin_0_1_0
Fra:1 Mem:24.31M (Peak 33.50M) | Time:495477:30:22.41 | Mem:0.00M, Peak:0.00M | Scene | Initializing
Fra:1 Mem:24.31M (Peak 33.50M) | Time:495477:30:22.41 | Mem:0.00M, Peak:0.00M | Scene | Updating Images | Loading food_storage_bin_0_1_0_ROUGHNESS
Fra:1 Mem:24.34M (Peak 33.50M) | Time:495477:30:22.42 | Mem:0.00M, Peak:0.00M | Scene | Synchronizing object | food_storage_bin_0_1_0
Fra:1 Mem:24.34M (Peak 33.50M) | Time:495477:30:22.42 | Mem:0.00M, Peak:0.00M | Scene | Initializing
Fra:1 Mem:24.33M (Peak 33.50M) | Time:495477:30:22.42 | Mem:0.00M, Peak:0.00M | Scene | Updating Images | Loading food_storage_bin_0_1_0_NORMAL
Fra:1 Mem:24.35M (Peak 33.54M) | Time:495477:30:22.44 | Mem:0.00M, Peak:0.00M | Scene | Synchronizing object | food_storage_bin_0_1_1
Fra:1 Mem:24.36M (Peak 33.54M) | Time:495477:30:22.44 | Mem:0.00M, Peak:0.00M | Scene | Initializing
Fra:1 Mem:24.35M (Peak 33.54M) | Time:495477:30:22.44 | Mem:0.00M, Peak:0.00M | Scene | Updating Images | Loading food_storage_bin_0_1_1_DIFFUSE
Fra:1 Mem:24.38M (Peak 33.56M) | Time:495477:30:22.45 | Mem:0.00M, Peak:0.00M | Scene | Synchronizing object | food_storage_bin_0_1_1
Fra:1 Mem:24.38M (Peak 33.56M) | Time:495477:30:22.45 | Mem:0.00M, Peak:0.00M | Scene | Initializing
Fra:1 Mem:24.38M (Peak 33.56M) | Time:495477:30:22.45 | Mem:0.00M, Peak:0.00M | Scene | Updating Images | Loading food_storage_bin_0_1_1_ROUGHNESS
Fra:1 Mem:24.40M (Peak 33.56M) | Time:495477:30:22.46 | Mem:0.00M, Peak:0.00M | Scene | Synchronizing object | food_storage_bin_0_1_1
Fra:1 Mem:24.40M (Peak 33.56M) | Time:495477:30:22.46 | Mem:0.00M, Peak:0.00M | Scene | Initializing
Fra:1 Mem:24.40M (Peak 33.56M) | Time:495477:30:22.46 | Mem:0.00M, Peak:0.00M | Scene | Updating Images | Loading food_storage_bin_0_1_1_NORMAL
Fra:1 Mem:24.42M (Peak 33.61M) | Time:495477:30:22.48 | Mem:0.00M, Peak:0.00M | Scene | Synchronizing object | food_storage_bin_0_1_2
Fra:1 Mem:24.42M (Peak 33.61M) | Time:495477:30:22.48 | Mem:0.00M, Peak:0.00M | Scene | Initializing
Fra:1 Mem:24.42M (Peak 33.61M) | Time:495477:30:22.48 | Mem:0.00M, Peak:0.00M | Scene | Updating Images | Loading food_storage_bin_0_1_2_DIFFUSE
Fra:1 Mem:24.44M (Peak 33.63M) | Time:495477:30:22.50 | Mem:0.00M, Peak:0.00M | Scene | Synchronizing object | food_storage_bin_0_1_2
Fra:1 Mem:24.44M (Peak 33.63M) | Time:495477:30:22.50 | Mem:0.00M, Peak:0.00M | Scene | Initializing
Fra:1 Mem:24.44M (Peak 33.63M) | Time:495477:30:22.50 | Mem:0.00M, Peak:0.00M | Scene | Updating Images | Loading food_storage_bin_0_1_2_ROUGHNESS
Fra:1 Mem:24.46M (Peak 33.63M) | Time:495477:30:22.51 | Mem:0.00M, Peak:0.00M | Scene | Synchronizing object | food_storage_bin_0_1_2
Fra:1 Mem:24.46M (Peak 33.63M) | Time:495477:30:22.51 | Mem:0.00M, Peak:0.00M | Scene | Initializing
Fra:1 Mem:24.46M (Peak 33.63M) | Time:495477:30:22.51 | Mem:0.00M, Peak:0.00M | Scene | Updating Images | Loading food_storage_bin_0_1_2_NORMAL
Fra:1 Mem:24.48M (Peak 33.67M) | Time:495477:30:22.53 | Mem:0.00M, Peak:0.00M | Scene | Synchronizing object | food_storage_bin_0_2_0
Fra:1 Mem:24.48M (Peak 33.67M) | Time:495477:30:22.53 | Mem:0.00M, Peak:0.00M | Scene | Initializing
Fra:1 Mem:24.48M (Peak 33.67M) | Time:495477:30:22.53 | Mem:0.00M, Peak:0.00M | Scene | Updating Images | Loading food_storage_bin_0_2_0_DIFFUSE
Fra:1 Mem:24.51M (Peak 33.69M) | Time:495477:30:22.54 | Mem:0.00M, Peak:0.00M | Scene | Synchronizing object | food_storage_bin_0_2_0
Fra:1 Mem:24.51M (Peak 33.69M) | Time:495477:30:22.54 | Mem:0.00M, Peak:0.00M | Scene | Initializing
Fra:1 Mem:24.50M (Peak 33.69M) | Time:495477:30:22.54 | Mem:0.00M, Peak:0.00M | Scene | Updating Images | Loading food_storage_bin_0_2_0_ROUGHNESS
Fra:1 Mem:24.53M (Peak 33.69M) | Time:495477:30:22.55 | Mem:0.00M, Peak:0.00M | Scene | Synchronizing object | food_storage_bin_0_2_0
Fra:1 Mem:24.53M (Peak 33.69M) | Time:495477:30:22.55 | Mem:0.00M, Peak:0.00M | Scene | Initializing
Fra:1 Mem:24.53M (Peak 33.69M) | Time:495477:30:22.55 | Mem:0.00M, Peak:0.00M | Scene | Updating Images | Loading food_storage_bin_0_2_0_NORMAL
Fra:1 Mem:24.55M (Peak 33.74M) | Time:495477:30:22.57 | Mem:0.00M, Peak:0.00M | Scene | Synchronizing object | food_storage_bin_0_2_1
Fra:1 Mem:24.55M (Peak 33.74M) | Time:495477:30:22.57 | Mem:0.00M, Peak:0.00M | Scene | Initializing
Fra:1 Mem:24.55M (Peak 33.74M) | Time:495477:30:22.57 | Mem:0.00M, Peak:0.00M | Scene | Updating Images | Loading food_storage_bin_0_2_1_DIFFUSE
Fra:1 Mem:24.57M (Peak 33.76M) | Time:495477:30:22.58 | Mem:0.00M, Peak:0.00M | Scene | Synchronizing object | food_storage_bin_0_2_1
Fra:1 Mem:24.57M (Peak 33.76M) | Time:495477:30:22.58 | Mem:0.00M, Peak:0.00M | Scene | Initializing
Fra:1 Mem:24.57M (Peak 33.76M) | Time:495477:30:22.58 | Mem:0.00M, Peak:0.00M | Scene | Updating Images | Loading food_storage_bin_0_2_1_ROUGHNESS
Fra:1 Mem:24.59M (Peak 33.76M) | Time:495477:30:22.59 | Mem:0.00M, Peak:0.00M | Scene | Synchronizing object | food_storage_bin_0_2_1
Fra:1 Mem:24.59M (Peak 33.76M) | Time:495477:30:22.59 | Mem:0.00M, Peak:0.00M | Scene | Initializing
Fra:1 Mem:24.59M (Peak 33.76M) | Time:495477:30:22.59 | Mem:0.00M, Peak:0.00M | Scene | Updating Images | Loading food_storage_bin_0_2_1_NORMAL
Fra:1 Mem:24.61M (Peak 33.80M) | Time:495477:30:22.61 | Mem:0.00M, Peak:0.00M | Scene | Synchronizing object | food_storage_bin_0_2_2
Fra:1 Mem:24.61M (Peak 33.80M) | Time:495477:30:22.61 | Mem:0.00M, Peak:0.00M | Scene | Initializing
Fra:1 Mem:24.61M (Peak 33.80M) | Time:495477:30:22.61 | Mem:0.00M, Peak:0.00M | Scene | Updating Images | Loading food_storage_bin_0_2_2_DIFFUSE
Fra:1 Mem:24.64M (Peak 33.82M) | Time:495477:30:22.62 | Mem:0.00M, Peak:0.00M | Scene | Synchronizing object | food_storage_bin_0_2_2
Fra:1 Mem:24.64M (Peak 33.82M) | Time:495477:30:22.62 | Mem:0.00M, Peak:0.00M | Scene | Initializing
Fra:1 Mem:24.63M (Peak 33.82M) | Time:495477:30:22.62 | Mem:0.00M, Peak:0.00M | Scene | Updating Images | Loading food_storage_bin_0_2_2_ROUGHNESS
Fra:1 Mem:24.66M (Peak 33.82M) | Time:495477:30:22.63 | Mem:0.00M, Peak:0.00M | Scene | Synchronizing object | food_storage_bin_0_2_2
Fra:1 Mem:24.66M (Peak 33.82M) | Time:495477:30:22.63 | Mem:0.00M, Peak:0.00M | Scene | Initializing
Fra:1 Mem:24.65M (Peak 33.82M) | Time:495477:30:22.63 | Mem:0.00M, Peak:0.00M | Scene | Updating Images | Loading food_storage_bin_0_2_2_NORMAL
Fra:1 Mem:24.68M (Peak 33.87M) | Time:495477:30:22.65 | Mem:0.00M, Peak:0.00M | Scene | Synchronizing object | food_storage_bin_0_3_0
Fra:1 Mem:24.68M (Peak 33.87M) | Time:495477:30:22.65 | Mem:0.00M, Peak:0.00M | Scene | Initializing
Fra:1 Mem:24.67M (Peak 33.87M) | Time:495477:30:22.65 | Mem:0.00M, Peak:0.00M | Scene | Updating Images | Loading food_storage_bin_0_3_0_DIFFUSE
Fra:1 Mem:24.70M (Peak 33.89M) | Time:495477:30:22.66 | Mem:0.00M, Peak:0.00M | Scene | Synchronizing object | food_storage_bin_0_3_0
Fra:1 Mem:24.70M (Peak 33.89M) | Time:495477:30:22.66 | Mem:0.00M, Peak:0.00M | Scene | Initializing
Fra:1 Mem:24.70M (Peak 33.89M) | Time:495477:30:22.66 | Mem:0.00M, Peak:0.00M | Scene | Updating Images | Loading food_storage_bin_0_3_0_ROUGHNESS
Fra:1 Mem:24.72M (Peak 33.89M) | Time:495477:30:22.67 | Mem:0.00M, Peak:0.00M | Scene | Synchronizing object | food_storage_bin_0_3_0
Fra:1 Mem:24.72M (Peak 33.89M) | Time:495477:30:22.67 | Mem:0.00M, Peak:0.00M | Scene | Initializing
Fra:1 Mem:24.72M (Peak 33.89M) | Time:495477:30:22.67 | Mem:0.00M, Peak:0.00M | Scene | Updating Images | Loading food_storage_bin_0_3_0_NORMAL
Fra:1 Mem:24.74M (Peak 33.93M) | Time:495477:30:22.69 | Mem:0.00M, Peak:0.00M | Scene | Synchronizing object | food_storage_bin_0_3_1
Fra:1 Mem:24.74M (Peak 33.93M) | Time:495477:30:22.69 | Mem:0.00M, Peak:0.00M | Scene | Initializing
Fra:1 Mem:24.74M (Peak 33.93M) | Time:495477:30:22.69 | Mem:0.00M, Peak:0.00M | Scene | Updating Images | Loading food_storage_bin_0_3_1_DIFFUSE
Fra:1 Mem:24.89M (Peak 33.95M) | Time:495477:30:22.70 | Mem:0.00M, Peak:0.00M | Scene | Synchronizing object | food_storage_bin_0_3_1
Fra:1 Mem:24.89M (Peak 33.95M) | Time:495477:30:22.70 | Mem:0.00M, Peak:0.00M | Scene | Initializing
Fra:1 Mem:24.89M (Peak 33.95M) | Time:495477:30:22.70 | Mem:0.00M, Peak:0.00M | Scene | Updating Images | Loading food_storage_bin_0_3_1_ROUGHNESS
Fra:1 Mem:24.92M (Peak 33.95M) | Time:495477:30:22.71 | Mem:0.00M, Peak:0.00M | Scene | Synchronizing object | food_storage_bin_0_3_1
Fra:1 Mem:24.92M (Peak 33.95M) | Time:495477:30:22.71 | Mem:0.00M, Peak:0.00M | Scene | Initializing
Fra:1 Mem:24.91M (Peak 33.95M) | Time:495477:30:22.71 | Mem:0.00M, Peak:0.00M | Scene | Updating Images | Loading food_storage_bin_0_3_1_NORMAL
Fra:1 Mem:24.93M (Peak 34.12M) | Time:495477:30:22.73 | Mem:0.00M, Peak:0.00M | Scene | Synchronizing object | food_storage_bin_0_3_2
Fra:1 Mem:24.94M (Peak 34.12M) | Time:495477:30:22.73 | Mem:0.00M, Peak:0.00M | Scene | Initializing
Fra:1 Mem:24.93M (Peak 34.12M) | Time:495477:30:22.73 | Mem:0.00M, Peak:0.00M | Scene | Updating Images | Loading food_storage_bin_0_3_2_DIFFUSE
Fra:1 Mem:24.96M (Peak 34.14M) | Time:495477:30:22.74 | Mem:0.00M, Peak:0.00M | Scene | Synchronizing object | food_storage_bin_0_3_2
Fra:1 Mem:24.96M (Peak 34.14M) | Time:495477:30:22.74 | Mem:0.00M, Peak:0.00M | Scene | Initializing
Fra:1 Mem:24.95M (Peak 34.14M) | Time:495477:30:22.74 | Mem:0.00M, Peak:0.00M | Scene | Updating Images | Loading food_storage_bin_0_3_2_ROUGHNESS
Fra:1 Mem:24.98M (Peak 34.14M) | Time:495477:30:22.75 | Mem:0.00M, Peak:0.00M | Scene | Synchronizing object | food_storage_bin_0_3_2
Fra:1 Mem:24.98M (Peak 34.14M) | Time:495477:30:22.75 | Mem:0.00M, Peak:0.00M | Scene | Initializing
Fra:1 Mem:24.98M (Peak 34.14M) | Time:495477:30:22.75 | Mem:0.00M, Peak:0.00M | Scene | Updating Images | Loading food_storage_bin_0_3_2_NORMAL
Fra:1 Mem:25.00M (Peak 34.19M) | Time:495477:30:22.77 | Mem:0.00M, Peak:0.00M | Scene | Synchronizing object | food_storage_bin_1_0_0
Fra:1 Mem:25.00M (Peak 34.19M) | Time:495477:30:22.77 | Mem:0.00M, Peak:0.00M | Scene | Initializing
Fra:1 Mem:25.00M (Peak 34.19M) | Time:495477:30:22.77 | Mem:0.00M, Peak:0.00M | Scene | Updating Images | Loading food_storage_bin_1_0_0_DIFFUSE
Fra:1 Mem:25.02M (Peak 34.21M) | Time:495477:30:22.78 | Mem:0.00M, Peak:0.00M | Scene | Synchronizing object | food_storage_bin_1_0_0
Fra:1 Mem:25.02M (Peak 34.21M) | Time:495477:30:22.78 | Mem:0.00M, Peak:0.00M | Scene | Initializing
Fra:1 Mem:25.02M (Peak 34.21M) | Time:495477:30:22.78 | Mem:0.00M, Peak:0.00M | Scene | Updating Images | Loading food_storage_bin_1_0_0_ROUGHNESS
Fra:1 Mem:25.04M (Peak 34.21M) | Time:495477:30:22.79 | Mem:0.00M, Peak:0.00M | Scene | Synchronizing object | food_storage_bin_1_0_0
Fra:1 Mem:25.04M (Peak 34.21M) | Time:495477:30:22.79 | Mem:0.00M, Peak:0.00M | Scene | Initializing
Fra:1 Mem:25.04M (Peak 34.21M) | Time:495477:30:22.79 | Mem:0.00M, Peak:0.00M | Scene | Updating Images | Loading food_storage_bin_1_0_0_NORMAL
Fra:1 Mem:25.06M (Peak 34.25M) | Time:495477:30:22.81 | Mem:0.00M, Peak:0.00M | Scene | Synchronizing object | food_storage_bin_1_0_1
Fra:1 Mem:25.07M (Peak 34.25M) | Time:495477:30:22.81 | Mem:0.00M, Peak:0.00M | Scene | Initializing
Fra:1 Mem:25.06M (Peak 34.25M) | Time:495477:30:22.81 | Mem:0.00M, Peak:0.00M | Scene | Updating Images | Loading food_storage_bin_1_0_1_DIFFUSE
Fra:1 Mem:25.09M (Peak 34.27M) | Time:495477:30:22.82 | Mem:0.00M, Peak:0.00M | Scene | Synchronizing object | food_storage_bin_1_0_1
Fra:1 Mem:25.09M (Peak 34.27M) | Time:495477:30:22.82 | Mem:0.00M, Peak:0.00M | Scene | Initializing
Fra:1 Mem:25.08M (Peak 34.27M) | Time:495477:30:22.82 | Mem:0.00M, Peak:0.00M | Scene | Updating Images | Loading food_storage_bin_1_0_1_ROUGHNESS
Fra:1 Mem:25.11M (Peak 34.27M) | Time:495477:30:22.83 | Mem:0.00M, Peak:0.00M | Scene | Synchronizing object | food_storage_bin_1_0_1
Fra:1 Mem:25.11M (Peak 34.27M) | Time:495477:30:22.83 | Mem:0.00M, Peak:0.00M | Scene | Initializing
Fra:1 Mem:25.11M (Peak 34.27M) | Time:495477:30:22.83 | Mem:0.00M, Peak:0.00M | Scene | Updating Images | Loading food_storage_bin_1_0_1_NORMAL
Fra:1 Mem:25.13M (Peak 34.32M) | Time:495477:30:22.85 | Mem:0.00M, Peak:0.00M | Scene | Synchronizing object | food_storage_bin_1_0_2
Fra:1 Mem:25.13M (Peak 34.32M) | Time:495477:30:22.85 | Mem:0.00M, Peak:0.00M | Scene | Initializing
Fra:1 Mem:25.13M (Peak 34.32M) | Time:495477:30:22.85 | Mem:0.00M, Peak:0.00M | Scene | Updating Images | Loading food_storage_bin_1_0_2_DIFFUSE
Fra:1 Mem:25.15M (Peak 34.34M) | Time:495477:30:22.86 | Mem:0.00M, Peak:0.00M | Scene | Synchronizing object | food_storage_bin_1_0_2
Fra:1 Mem:25.15M (Peak 34.34M) | Time:495477:30:22.86 | Mem:0.00M, Peak:0.00M | Scene | Initializing
Fra:1 Mem:25.15M (Peak 34.34M) | Time:495477:30:22.86 | Mem:0.00M, Peak:0.00M | Scene | Updating Images | Loading food_storage_bin_1_0_2_ROUGHNESS
Fra:1 Mem:25.17M (Peak 34.34M) | Time:495477:30:22.87 | Mem:0.00M, Peak:0.00M | Scene | Synchronizing object | food_storage_bin_1_0_2
Fra:1 Mem:25.17M (Peak 34.34M) | Time:495477:30:22.87 | Mem:0.00M, Peak:0.00M | Scene | Initializing
Fra:1 Mem:25.17M (Peak 34.34M) | Time:495477:30:22.87 | Mem:0.00M, Peak:0.00M | Scene | Updating Images | Loading food_storage_bin_1_0_2_NORMAL
Fra:1 Mem:25.19M (Peak 34.38M) | Time:495477:30:22.89 | Mem:0.00M, Peak:0.00M | Scene | Synchronizing object | food_storage_bin_1_1_0
Fra:1 Mem:25.19M (Peak 34.38M) | Time:495477:30:22.89 | Mem:0.00M, Peak:0.00M | Scene | Initializing
Fra:1 Mem:25.19M (Peak 34.38M) | Time:495477:30:22.89 | Mem:0.00M, Peak:0.00M | Scene | Updating Images | Loading food_storage_bin_1_1_0_DIFFUSE
Fra:1 Mem:25.22M (Peak 34.40M) | Time:495477:30:22.90 | Mem:0.00M, Peak:0.00M | Scene | Synchronizing object | food_storage_bin_1_1_0
Fra:1 Mem:25.22M (Peak 34.40M) | Time:495477:30:22.90 | Mem:0.00M, Peak:0.00M | Scene | Initializing
Fra:1 Mem:25.21M (Peak 34.40M) | Time:495477:30:22.90 | Mem:0.00M, Peak:0.00M | Scene | Updating Images | Loading food_storage_bin_1_1_0_ROUGHNESS
Fra:1 Mem:25.24M (Peak 34.40M) | Time:495477:30:22.91 | Mem:0.00M, Peak:0.00M | Scene | Synchronizing object | food_storage_bin_1_1_0
Fra:1 Mem:25.24M (Peak 34.40M) | Time:495477:30:22.91 | Mem:0.00M, Peak:0.00M | Scene | Initializing
Fra:1 Mem:25.23M (Peak 34.40M) | Time:495477:30:22.91 | Mem:0.00M, Peak:0.00M | Scene | Updating Images | Loading food_storage_bin_1_1_0_NORMAL
Fra:1 Mem:25.26M (Peak 34.45M) | Time:495477:30:22.93 | Mem:0.00M, Peak:0.00M | Scene | Synchronizing object | food_storage_bin_1_1_1
Fra:1 Mem:25.26M (Peak 34.45M) | Time:495477:30:22.93 | Mem:0.00M, Peak:0.00M | Scene | Initializing
Fra:1 Mem:25.25M (Peak 34.45M) | Time:495477:30:22.93 | Mem:0.00M, Peak:0.00M | Scene | Updating Images | Loading food_storage_bin_1_1_1_DIFFUSE
Fra:1 Mem:25.28M (Peak 34.47M) | Time:495477:30:22.94 | Mem:0.00M, Peak:0.00M | Scene | Synchronizing object | food_storage_bin_1_1_1
Fra:1 Mem:25.28M (Peak 34.47M) | Time:495477:30:22.94 | Mem:0.00M, Peak:0.00M | Scene | Initializing
Fra:1 Mem:25.28M (Peak 34.47M) | Time:495477:30:22.94 | Mem:0.00M, Peak:0.00M | Scene | Updating Images | Loading food_storage_bin_1_1_1_ROUGHNESS
Fra:1 Mem:25.30M (Peak 34.47M) | Time:495477:30:22.95 | Mem:0.00M, Peak:0.00M | Scene | Synchronizing object | food_storage_bin_1_1_1
Fra:1 Mem:25.30M (Peak 34.47M) | Time:495477:30:22.95 | Mem:0.00M, Peak:0.00M | Scene | Initializing
Fra:1 Mem:25.30M (Peak 34.47M) | Time:495477:30:22.95 | Mem:0.00M, Peak:0.00M | Scene | Updating Images | Loading food_storage_bin_1_1_1_NORMAL
Fra:1 Mem:25.32M (Peak 34.51M) | Time:495477:30:22.97 | Mem:0.00M, Peak:0.00M | Scene | Synchronizing object | food_storage_bin_1_1_2
Fra:1 Mem:25.32M (Peak 34.51M) | Time:495477:30:22.97 | Mem:0.00M, Peak:0.00M | Scene | Initializing
Fra:1 Mem:25.32M (Peak 34.51M) | Time:495477:30:22.97 | Mem:0.00M, Peak:0.00M | Scene | Updating Images | Loading food_storage_bin_1_1_2_DIFFUSE
Fra:1 Mem:25.34M (Peak 34.53M) | Time:495477:30:22.98 | Mem:0.00M, Peak:0.00M | Scene | Synchronizing object | food_storage_bin_1_1_2
Fra:1 Mem:25.34M (Peak 34.53M) | Time:495477:30:22.98 | Mem:0.00M, Peak:0.00M | Scene | Initializing
Fra:1 Mem:25.34M (Peak 34.53M) | Time:495477:30:22.98 | Mem:0.00M, Peak:0.00M | Scene | Updating Images | Loading food_storage_bin_1_1_2_ROUGHNESS
Fra:1 Mem:25.37M (Peak 34.53M) | Time:495477:30:22.99 | Mem:0.00M, Peak:0.00M | Scene | Synchronizing object | food_storage_bin_1_1_2
Fra:1 Mem:25.37M (Peak 34.53M) | Time:495477:30:22.99 | Mem:0.00M, Peak:0.00M | Scene | Initializing
Fra:1 Mem:25.36M (Peak 34.53M) | Time:495477:30:22.99 | Mem:0.00M, Peak:0.00M | Scene | Updating Images | Loading food_storage_bin_1_1_2_NORMAL
Fra:1 Mem:25.39M (Peak 34.58M) | Time:495477:30:23.01 | Mem:0.00M, Peak:0.00M | Scene | Synchronizing object | food_storage_bin_1_2_0
Fra:1 Mem:25.39M (Peak 34.58M) | Time:495477:30:23.01 | Mem:0.00M, Peak:0.00M | Scene | Initializing
Fra:1 Mem:25.38M (Peak 34.58M) | Time:495477:30:23.01 | Mem:0.00M, Peak:0.00M | Scene | Updating Images | Loading food_storage_bin_1_2_0_DIFFUSE
Fra:1 Mem:25.41M (Peak 34.59M) | Time:495477:30:23.02 | Mem:0.00M, Peak:0.00M | Scene | Synchronizing object | food_storage_bin_1_2_0
Fra:1 Mem:25.41M (Peak 34.59M) | Time:495477:30:23.02 | Mem:0.00M, Peak:0.00M | Scene | Initializing
Fra:1 Mem:25.41M (Peak 34.59M) | Time:495477:30:23.02 | Mem:0.00M, Peak:0.00M | Scene | Updating Images | Loading food_storage_bin_1_2_0_ROUGHNESS
Fra:1 Mem:25.43M (Peak 34.59M) | Time:495477:30:23.03 | Mem:0.00M, Peak:0.00M | Scene | Synchronizing object | food_storage_bin_1_2_0
Fra:1 Mem:25.43M (Peak 34.59M) | Time:495477:30:23.04 | Mem:0.00M, Peak:0.00M | Scene | Initializing
Fra:1 Mem:25.43M (Peak 34.59M) | Time:495477:30:23.04 | Mem:0.00M, Peak:0.00M | Scene | Updating Images | Loading food_storage_bin_1_2_0_NORMAL
Fra:1 Mem:25.45M (Peak 34.64M) | Time:495477:30:23.05 | Mem:0.00M, Peak:0.00M | Scene | Synchronizing object | food_storage_bin_1_2_1
Fra:1 Mem:25.45M (Peak 34.64M) | Time:495477:30:23.05 | Mem:0.00M, Peak:0.00M | Scene | Initializing
Fra:1 Mem:25.45M (Peak 34.64M) | Time:495477:30:23.05 | Mem:0.00M, Peak:0.00M | Scene | Updating Images | Loading food_storage_bin_1_2_1_DIFFUSE
Fra:1 Mem:25.47M (Peak 34.66M) | Time:495477:30:23.06 | Mem:0.00M, Peak:0.00M | Scene | Synchronizing object | food_storage_bin_1_2_1
Fra:1 Mem:25.47M (Peak 34.66M) | Time:495477:30:23.06 | Mem:0.00M, Peak:0.00M | Scene | Initializing
Fra:1 Mem:25.47M (Peak 34.66M) | Time:495477:30:23.06 | Mem:0.00M, Peak:0.00M | Scene | Updating Images | Loading food_storage_bin_1_2_1_ROUGHNESS
Fra:1 Mem:25.50M (Peak 34.66M) | Time:495477:30:23.07 | Mem:0.00M, Peak:0.00M | Scene | Synchronizing object | food_storage_bin_1_2_1
Fra:1 Mem:25.50M (Peak 34.66M) | Time:495477:30:23.08 | Mem:0.00M, Peak:0.00M | Scene | Initializing
Fra:1 Mem:25.49M (Peak 34.66M) | Time:495477:30:23.08 | Mem:0.00M, Peak:0.00M | Scene | Updating Images | Loading food_storage_bin_1_2_1_NORMAL
Fra:1 Mem:25.51M (Peak 34.70M) | Time:495477:30:23.09 | Mem:0.00M, Peak:0.00M | Scene | Synchronizing object | food_storage_bin_1_2_2
Fra:1 Mem:25.52M (Peak 34.70M) | Time:495477:30:23.09 | Mem:0.00M, Peak:0.00M | Scene | Initializing
Fra:1 Mem:25.51M (Peak 34.70M) | Time:495477:30:23.09 | Mem:0.00M, Peak:0.00M | Scene | Updating Images | Loading food_storage_bin_1_2_2_DIFFUSE
Fra:1 Mem:25.54M (Peak 34.72M) | Time:495477:30:23.10 | Mem:0.00M, Peak:0.00M | Scene | Synchronizing object | food_storage_bin_1_2_2
Fra:1 Mem:25.54M (Peak 34.72M) | Time:495477:30:23.10 | Mem:0.00M, Peak:0.00M | Scene | Initializing
Fra:1 Mem:25.53M (Peak 34.72M) | Time:495477:30:23.10 | Mem:0.00M, Peak:0.00M | Scene | Updating Images | Loading food_storage_bin_1_2_2_ROUGHNESS
Fra:1 Mem:25.56M (Peak 34.72M) | Time:495477:30:23.12 | Mem:0.00M, Peak:0.00M | Scene | Synchronizing object | food_storage_bin_1_2_2
Fra:1 Mem:25.56M (Peak 34.72M) | Time:495477:30:23.12 | Mem:0.00M, Peak:0.00M | Scene | Initializing
Fra:1 Mem:25.56M (Peak 34.72M) | Time:495477:30:23.12 | Mem:0.00M, Peak:0.00M | Scene | Updating Images | Loading food_storage_bin_1_2_2_NORMAL
Fra:1 Mem:25.58M (Peak 34.77M) | Time:495477:30:23.13 | Mem:0.00M, Peak:0.00M | Scene | Synchronizing object | food_storage_bin_1_3_0
Fra:1 Mem:25.58M (Peak 34.77M) | Time:495477:30:23.13 | Mem:0.00M, Peak:0.00M | Scene | Initializing
Fra:1 Mem:25.58M (Peak 34.77M) | Time:495477:30:23.13 | Mem:0.00M, Peak:0.00M | Scene | Updating Images | Loading food_storage_bin_1_3_0_DIFFUSE
Fra:1 Mem:25.60M (Peak 34.79M) | Time:495477:30:23.14 | Mem:0.00M, Peak:0.00M | Scene | Synchronizing object | food_storage_bin_1_3_0
Fra:1 Mem:25.60M (Peak 34.79M) | Time:495477:30:23.14 | Mem:0.00M, Peak:0.00M | Scene | Initializing
Fra:1 Mem:25.60M (Peak 34.79M) | Time:495477:30:23.14 | Mem:0.00M, Peak:0.00M | Scene | Updating Images | Loading food_storage_bin_1_3_0_ROUGHNESS
Fra:1 Mem:25.62M (Peak 34.79M) | Time:495477:30:23.16 | Mem:0.00M, Peak:0.00M | Scene | Synchronizing object | food_storage_bin_1_3_0
Fra:1 Mem:25.62M (Peak 34.79M) | Time:495477:30:23.16 | Mem:0.00M, Peak:0.00M | Scene | Initializing
Fra:1 Mem:25.62M (Peak 34.79M) | Time:495477:30:23.16 | Mem:0.00M, Peak:0.00M | Scene | Updating Images | Loading food_storage_bin_1_3_0_NORMAL
Fra:1 Mem:25.64M (Peak 34.83M) | Time:495477:30:23.17 | Mem:0.00M, Peak:0.00M | Scene | Synchronizing object | food_storage_bin_1_3_1
Fra:1 Mem:25.64M (Peak 34.83M) | Time:495477:30:23.17 | Mem:0.00M, Peak:0.00M | Scene | Initializing
Fra:1 Mem:25.64M (Peak 34.83M) | Time:495477:30:23.17 | Mem:0.00M, Peak:0.00M | Scene | Updating Images | Loading food_storage_bin_1_3_1_DIFFUSE
Fra:1 Mem:25.67M (Peak 34.85M) | Time:495477:30:23.18 | Mem:0.00M, Peak:0.00M | Scene | Synchronizing object | food_storage_bin_1_3_1
Fra:1 Mem:25.67M (Peak 34.85M) | Time:495477:30:23.18 | Mem:0.00M, Peak:0.00M | Scene | Initializing
Fra:1 Mem:25.66M (Peak 34.85M) | Time:495477:30:23.18 | Mem:0.00M, Peak:0.00M | Scene | Updating Images | Loading food_storage_bin_1_3_1_ROUGHNESS
Fra:1 Mem:25.69M (Peak 34.85M) | Time:495477:30:23.20 | Mem:0.00M, Peak:0.00M | Scene | Synchronizing object | food_storage_bin_1_3_1
Fra:1 Mem:25.69M (Peak 34.85M) | Time:495477:30:23.20 | Mem:0.00M, Peak:0.00M | Scene | Initializing
Fra:1 Mem:25.68M (Peak 34.85M) | Time:495477:30:23.20 | Mem:0.00M, Peak:0.00M | Scene | Updating Images | Loading food_storage_bin_1_3_1_NORMAL
Fra:1 Mem:25.71M (Peak 34.90M) | Time:495477:30:23.21 | Mem:0.00M, Peak:0.00M | Scene | Synchronizing object | food_storage_bin_1_3_2
Fra:1 Mem:25.71M (Peak 34.90M) | Time:495477:30:23.21 | Mem:0.00M, Peak:0.00M | Scene | Initializing
Fra:1 Mem:25.70M (Peak 34.90M) | Time:495477:30:23.21 | Mem:0.00M, Peak:0.00M | Scene | Updating Images | Loading food_storage_bin_1_3_2_DIFFUSE
Fra:1 Mem:25.73M (Peak 34.92M) | Time:495477:30:23.22 | Mem:0.00M, Peak:0.00M | Scene | Synchronizing object | food_storage_bin_1_3_2
Fra:1 Mem:25.73M (Peak 34.92M) | Time:495477:30:23.22 | Mem:0.00M, Peak:0.00M | Scene | Initializing
Fra:1 Mem:25.73M (Peak 34.92M) | Time:495477:30:23.22 | Mem:0.00M, Peak:0.00M | Scene | Updating Images | Loading food_storage_bin_1_3_2_ROUGHNESS
Fra:1 Mem:25.75M (Peak 34.92M) | Time:495477:30:23.24 | Mem:0.00M, Peak:0.00M | Scene | Synchronizing object | food_storage_bin_1_3_2
Fra:1 Mem:25.75M (Peak 34.92M) | Time:495477:30:23.24 | Mem:0.00M, Peak:0.00M | Scene | Initializing
Fra:1 Mem:25.75M (Peak 34.92M) | Time:495477:30:23.24 | Mem:0.00M, Peak:0.00M | Scene | Updating Images | Loading food_storage_bin_1_3_2_NORMAL
Fra:1 Mem:25.77M (Peak 34.96M) | Time:495477:30:23.25 | Mem:0.00M, Peak:0.00M | Scene | Synchronizing object | food_storage_bin_2_0_0
Fra:1 Mem:25.77M (Peak 34.96M) | Time:495477:30:23.25 | Mem:0.00M, Peak:0.00M | Scene | Initializing
Fra:1 Mem:25.77M (Peak 34.96M) | Time:495477:30:23.25 | Mem:0.00M, Peak:0.00M | Scene | Updating Images | Loading food_storage_bin_2_0_0_DIFFUSE
Fra:1 Mem:25.80M (Peak 34.98M) | Time:495477:30:23.26 | Mem:0.00M, Peak:0.00M | Scene | Synchronizing object | food_storage_bin_2_0_0
Fra:1 Mem:25.80M (Peak 34.98M) | Time:495477:30:23.26 | Mem:0.00M, Peak:0.00M | Scene | Initializing
Fra:1 Mem:25.79M (Peak 34.98M) | Time:495477:30:23.26 | Mem:0.00M, Peak:0.00M | Scene | Updating Images | Loading food_storage_bin_2_0_0_ROUGHNESS
Fra:1 Mem:25.82M (Peak 34.98M) | Time:495477:30:23.28 | Mem:0.00M, Peak:0.00M | Scene | Synchronizing object | food_storage_bin_2_0_0
Fra:1 Mem:25.82M (Peak 34.98M) | Time:495477:30:23.28 | Mem:0.00M, Peak:0.00M | Scene | Initializing
Fra:1 Mem:25.81M (Peak 34.98M) | Time:495477:30:23.28 | Mem:0.00M, Peak:0.00M | Scene | Updating Images | Loading food_storage_bin_2_0_0_NORMAL
Fra:1 Mem:25.84M (Peak 35.03M) | Time:495477:30:23.29 | Mem:0.00M, Peak:0.00M | Scene | Synchronizing object | food_storage_bin_2_0_1
Fra:1 Mem:25.84M (Peak 35.03M) | Time:495477:30:23.29 | Mem:0.00M, Peak:0.00M | Scene | Initializing
Fra:1 Mem:25.83M (Peak 35.03M) | Time:495477:30:23.29 | Mem:0.00M, Peak:0.00M | Scene | Updating Images | Loading food_storage_bin_2_0_1_DIFFUSE
Fra:1 Mem:25.86M (Peak 35.05M) | Time:495477:30:23.30 | Mem:0.00M, Peak:0.00M | Scene | Synchronizing object | food_storage_bin_2_0_1
Fra:1 Mem:25.86M (Peak 35.05M) | Time:495477:30:23.30 | Mem:0.00M, Peak:0.00M | Scene | Initializing
Fra:1 Mem:25.86M (Peak 35.05M) | Time:495477:30:23.30 | Mem:0.00M, Peak:0.00M | Scene | Updating Images | Loading food_storage_bin_2_0_1_ROUGHNESS
Fra:1 Mem:25.88M (Peak 35.05M) | Time:495477:30:23.32 | Mem:0.00M, Peak:0.00M | Scene | Synchronizing object | food_storage_bin_2_0_1
Fra:1 Mem:25.88M (Peak 35.05M) | Time:495477:30:23.32 | Mem:0.00M, Peak:0.00M | Scene | Initializing
Fra:1 Mem:25.88M (Peak 35.05M) | Time:495477:30:23.32 | Mem:0.00M, Peak:0.00M | Scene | Updating Images | Loading food_storage_bin_2_0_1_NORMAL
Fra:1 Mem:25.90M (Peak 35.09M) | Time:495477:30:23.33 | Mem:0.00M, Peak:0.00M | Scene | Synchronizing object | food_storage_bin_2_0_2
Fra:1 Mem:25.90M (Peak 35.09M) | Time:495477:30:23.33 | Mem:0.00M, Peak:0.00M | Scene | Initializing
Fra:1 Mem:25.90M (Peak 35.09M) | Time:495477:30:23.33 | Mem:0.00M, Peak:0.00M | Scene | Updating Images | Loading food_storage_bin_2_0_2_DIFFUSE
Fra:1 Mem:25.92M (Peak 35.11M) | Time:495477:30:23.34 | Mem:0.00M, Peak:0.00M | Scene | Synchronizing object | food_storage_bin_2_0_2
Fra:1 Mem:25.92M (Peak 35.11M) | Time:495477:30:23.34 | Mem:0.00M, Peak:0.00M | Scene | Initializing
Fra:1 Mem:25.92M (Peak 35.11M) | Time:495477:30:23.34 | Mem:0.00M, Peak:0.00M | Scene | Updating Images | Loading food_storage_bin_2_0_2_ROUGHNESS
Fra:1 Mem:25.95M (Peak 35.11M) | Time:495477:30:23.36 | Mem:0.00M, Peak:0.00M | Scene | Synchronizing object | food_storage_bin_2_0_2
Fra:1 Mem:25.95M (Peak 35.11M) | Time:495477:30:23.36 | Mem:0.00M, Peak:0.00M | Scene | Initializing
Fra:1 Mem:25.94M (Peak 35.11M) | Time:495477:30:23.36 | Mem:0.00M, Peak:0.00M | Scene | Updating Images | Loading food_storage_bin_2_0_2_NORMAL
Fra:1 Mem:25.96M (Peak 35.15M) | Time:495477:30:23.37 | Mem:0.00M, Peak:0.00M | Scene | Synchronizing object | food_storage_bin_2_1_0
Fra:1 Mem:25.97M (Peak 35.15M) | Time:495477:30:23.37 | Mem:0.00M, Peak:0.00M | Scene | Initializing
Fra:1 Mem:25.96M (Peak 35.15M) | Time:495477:30:23.37 | Mem:0.00M, Peak:0.00M | Scene | Updating Images | Loading food_storage_bin_2_1_0_DIFFUSE
Fra:1 Mem:25.99M (Peak 35.17M) | Time:495477:30:23.38 | Mem:0.00M, Peak:0.00M | Scene | Synchronizing object | food_storage_bin_2_1_0
Fra:1 Mem:25.99M (Peak 35.17M) | Time:495477:30:23.38 | Mem:0.00M, Peak:0.00M | Scene | Initializing
Fra:1 Mem:25.98M (Peak 35.17M) | Time:495477:30:23.38 | Mem:0.00M, Peak:0.00M | Scene | Updating Images | Loading food_storage_bin_2_1_0_ROUGHNESS
Fra:1 Mem:26.01M (Peak 35.17M) | Time:495477:30:23.40 | Mem:0.00M, Peak:0.00M | Scene | Synchronizing object | food_storage_bin_2_1_0
Fra:1 Mem:26.01M (Peak 35.17M) | Time:495477:30:23.40 | Mem:0.00M, Peak:0.00M | Scene | Initializing
Fra:1 Mem:26.01M (Peak 35.17M) | Time:495477:30:23.40 | Mem:0.00M, Peak:0.00M | Scene | Updating Images | Loading food_storage_bin_2_1_0_NORMAL
Fra:1 Mem:26.03M (Peak 35.22M) | Time:495477:30:23.41 | Mem:0.00M, Peak:0.00M | Scene | Synchronizing object | food_storage_bin_2_1_1
Fra:1 Mem:26.03M (Peak 35.22M) | Time:495477:30:23.41 | Mem:0.00M, Peak:0.00M | Scene | Initializing
Fra:1 Mem:26.03M (Peak 35.22M) | Time:495477:30:23.41 | Mem:0.00M, Peak:0.00M | Scene | Updating Images | Loading food_storage_bin_2_1_1_DIFFUSE
Fra:1 Mem:26.05M (Peak 35.24M) | Time:495477:30:23.42 | Mem:0.00M, Peak:0.00M | Scene | Synchronizing object | food_storage_bin_2_1_1
Fra:1 Mem:26.05M (Peak 35.24M) | Time:495477:30:23.43 | Mem:0.00M, Peak:0.00M | Scene | Initializing
Fra:1 Mem:26.05M (Peak 35.24M) | Time:495477:30:23.43 | Mem:0.00M, Peak:0.00M | Scene | Updating Images | Loading food_storage_bin_2_1_1_ROUGHNESS
Fra:1 Mem:26.07M (Peak 35.24M) | Time:495477:30:23.44 | Mem:0.00M, Peak:0.00M | Scene | Synchronizing object | food_storage_bin_2_1_1
Fra:1 Mem:26.07M (Peak 35.24M) | Time:495477:30:23.44 | Mem:0.00M, Peak:0.00M | Scene | Initializing
Fra:1 Mem:26.07M (Peak 35.24M) | Time:495477:30:23.44 | Mem:0.00M, Peak:0.00M | Scene | Updating Images | Loading food_storage_bin_2_1_1_NORMAL
Fra:1 Mem:26.09M (Peak 35.28M) | Time:495477:30:23.45 | Mem:0.00M, Peak:0.00M | Scene | Synchronizing object | food_storage_bin_2_1_2
Fra:1 Mem:26.10M (Peak 35.28M) | Time:495477:30:23.45 | Mem:0.00M, Peak:0.00M | Scene | Initializing
Fra:1 Mem:26.09M (Peak 35.28M) | Time:495477:30:23.45 | Mem:0.00M, Peak:0.00M | Scene | Updating Images | Loading food_storage_bin_2_1_2_DIFFUSE
Fra:1 Mem:26.12M (Peak 35.30M) | Time:495477:30:23.47 | Mem:0.00M, Peak:0.00M | Scene | Synchronizing object | food_storage_bin_2_1_2
Fra:1 Mem:26.12M (Peak 35.30M) | Time:495477:30:23.47 | Mem:0.00M, Peak:0.00M | Scene | Initializing
Fra:1 Mem:26.11M (Peak 35.30M) | Time:495477:30:23.47 | Mem:0.00M, Peak:0.00M | Scene | Updating Images | Loading food_storage_bin_2_1_2_ROUGHNESS
Fra:1 Mem:26.14M (Peak 35.30M) | Time:495477:30:23.48 | Mem:0.00M, Peak:0.00M | Scene | Synchronizing object | food_storage_bin_2_1_2
Fra:1 Mem:26.14M (Peak 35.30M) | Time:495477:30:23.48 | Mem:0.00M, Peak:0.00M | Scene | Initializing
Fra:1 Mem:26.14M (Peak 35.30M) | Time:495477:30:23.48 | Mem:0.00M, Peak:0.00M | Scene | Updating Images | Loading food_storage_bin_2_1_2_NORMAL
Fra:1 Mem:26.16M (Peak 35.35M) | Time:495477:30:23.49 | Mem:0.00M, Peak:0.00M | Scene | Synchronizing object | food_storage_bin_2_2_0
Fra:1 Mem:26.16M (Peak 35.35M) | Time:495477:30:23.49 | Mem:0.00M, Peak:0.00M | Scene | Initializing
Fra:1 Mem:26.16M (Peak 35.35M) | Time:495477:30:23.49 | Mem:0.00M, Peak:0.00M | Scene | Updating Images | Loading food_storage_bin_2_2_0_DIFFUSE
Fra:1 Mem:26.18M (Peak 35.37M) | Time:495477:30:23.50 | Mem:0.00M, Peak:0.00M | Scene | Synchronizing object | food_storage_bin_2_2_0
Fra:1 Mem:26.18M (Peak 35.37M) | Time:495477:30:23.51 | Mem:0.00M, Peak:0.00M | Scene | Initializing
Fra:1 Mem:26.18M (Peak 35.37M) | Time:495477:30:23.51 | Mem:0.00M, Peak:0.00M | Scene | Updating Images | Loading food_storage_bin_2_2_0_ROUGHNESS
Fra:1 Mem:26.20M (Peak 35.37M) | Time:495477:30:23.52 | Mem:0.00M, Peak:0.00M | Scene | Synchronizing object | food_storage_bin_2_2_0
Fra:1 Mem:26.20M (Peak 35.37M) | Time:495477:30:23.52 | Mem:0.00M, Peak:0.00M | Scene | Initializing
Fra:1 Mem:26.20M (Peak 35.37M) | Time:495477:30:23.52 | Mem:0.00M, Peak:0.00M | Scene | Updating Images | Loading food_storage_bin_2_2_0_NORMAL
Fra:1 Mem:26.22M (Peak 35.41M) | Time:495477:30:23.53 | Mem:0.00M, Peak:0.00M | Scene | Synchronizing object | food_storage_bin_2_2_1
Fra:1 Mem:26.22M (Peak 35.41M) | Time:495477:30:23.53 | Mem:0.00M, Peak:0.00M | Scene | Initializing
Fra:1 Mem:26.22M (Peak 35.41M) | Time:495477:30:23.53 | Mem:0.00M, Peak:0.00M | Scene | Updating Images | Loading food_storage_bin_2_2_1_DIFFUSE
Fra:1 Mem:26.25M (Peak 35.43M) | Time:495477:30:23.55 | Mem:0.00M, Peak:0.00M | Scene | Synchronizing object | food_storage_bin_2_2_1
Fra:1 Mem:26.25M (Peak 35.43M) | Time:495477:30:23.55 | Mem:0.00M, Peak:0.00M | Scene | Initializing
Fra:1 Mem:26.24M (Peak 35.43M) | Time:495477:30:23.55 | Mem:0.00M, Peak:0.00M | Scene | Updating Images | Loading food_storage_bin_2_2_1_ROUGHNESS
Fra:1 Mem:26.27M (Peak 35.43M) | Time:495477:30:23.56 | Mem:0.00M, Peak:0.00M | Scene | Synchronizing object | food_storage_bin_2_2_1
Fra:1 Mem:26.27M (Peak 35.43M) | Time:495477:30:23.56 | Mem:0.00M, Peak:0.00M | Scene | Initializing
Fra:1 Mem:26.26M (Peak 35.43M) | Time:495477:30:23.56 | Mem:0.00M, Peak:0.00M | Scene | Updating Images | Loading food_storage_bin_2_2_1_NORMAL
Fra:1 Mem:26.29M (Peak 35.48M) | Time:495477:30:23.57 | Mem:0.00M, Peak:0.00M | Scene | Synchronizing object | food_storage_bin_2_2_2
Fra:1 Mem:26.29M (Peak 35.48M) | Time:495477:30:23.57 | Mem:0.00M, Peak:0.00M | Scene | Initializing
Fra:1 Mem:26.28M (Peak 35.48M) | Time:495477:30:23.57 | Mem:0.00M, Peak:0.00M | Scene | Updating Images | Loading food_storage_bin_2_2_2_DIFFUSE
Fra:1 Mem:26.31M (Peak 35.50M) | Time:495477:30:23.59 | Mem:0.00M, Peak:0.00M | Scene | Synchronizing object | food_storage_bin_2_2_2
Fra:1 Mem:26.31M (Peak 35.50M) | Time:495477:30:23.59 | Mem:0.00M, Peak:0.00M | Scene | Initializing
Fra:1 Mem:26.31M (Peak 35.50M) | Time:495477:30:23.59 | Mem:0.00M, Peak:0.00M | Scene | Updating Images | Loading food_storage_bin_2_2_2_ROUGHNESS
Fra:1 Mem:26.33M (Peak 35.50M) | Time:495477:30:23.60 | Mem:0.00M, Peak:0.00M | Scene | Synchronizing object | food_storage_bin_2_2_2
Fra:1 Mem:26.33M (Peak 35.50M) | Time:495477:30:23.60 | Mem:0.00M, Peak:0.00M | Scene | Initializing
Fra:1 Mem:26.33M (Peak 35.50M) | Time:495477:30:23.60 | Mem:0.00M, Peak:0.00M | Scene | Updating Images | Loading food_storage_bin_2_2_2_NORMAL
Fra:1 Mem:26.35M (Peak 35.54M) | Time:495477:30:23.61 | Mem:0.00M, Peak:0.00M | Scene | Synchronizing object | food_storage_bin_2_3_0
Fra:1 Mem:26.35M (Peak 35.54M) | Time:495477:30:23.61 | Mem:0.00M, Peak:0.00M | Scene | Initializing
Fra:1 Mem:26.35M (Peak 35.54M) | Time:495477:30:23.61 | Mem:0.00M, Peak:0.00M | Scene | Updating Images | Loading food_storage_bin_2_3_0_DIFFUSE
Fra:1 Mem:26.37M (Peak 35.56M) | Time:495477:30:23.63 | Mem:0.00M, Peak:0.00M | Scene | Synchronizing object | food_storage_bin_2_3_0
Fra:1 Mem:26.37M (Peak 35.56M) | Time:495477:30:23.63 | Mem:0.00M, Peak:0.00M | Scene | Initializing
Fra:1 Mem:26.37M (Peak 35.56M) | Time:495477:30:23.63 | Mem:0.00M, Peak:0.00M | Scene | Updating Images | Loading food_storage_bin_2_3_0_ROUGHNESS
Fra:1 Mem:26.40M (Peak 35.56M) | Time:495477:30:23.64 | Mem:0.00M, Peak:0.00M | Scene | Synchronizing object | food_storage_bin_2_3_0
Fra:1 Mem:26.40M (Peak 35.56M) | Time:495477:30:23.64 | Mem:0.00M, Peak:0.00M | Scene | Initializing
Fra:1 Mem:26.39M (Peak 35.56M) | Time:495477:30:23.64 | Mem:0.00M, Peak:0.00M | Scene | Updating Images | Loading food_storage_bin_2_3_0_NORMAL
Fra:1 Mem:26.42M (Peak 35.61M) | Time:495477:30:23.65 | Mem:0.00M, Peak:0.00M | Scene | Synchronizing object | food_storage_bin_2_3_1
Fra:1 Mem:26.42M (Peak 35.61M) | Time:495477:30:23.65 | Mem:0.00M, Peak:0.00M | Scene | Initializing
Fra:1 Mem:26.41M (Peak 35.61M) | Time:495477:30:23.65 | Mem:0.00M, Peak:0.00M | Scene | Updating Images | Loading food_storage_bin_2_3_1_DIFFUSE
Fra:1 Mem:26.44M (Peak 35.63M) | Time:495477:30:23.67 | Mem:0.00M, Peak:0.00M | Scene | Synchronizing object | food_storage_bin_2_3_1
Fra:1 Mem:26.44M (Peak 35.63M) | Time:495477:30:23.67 | Mem:0.00M, Peak:0.00M | Scene | Initializing
Fra:1 Mem:26.44M (Peak 35.63M) | Time:495477:30:23.67 | Mem:0.00M, Peak:0.00M | Scene | Updating Images | Loading food_storage_bin_2_3_1_ROUGHNESS
Fra:1 Mem:26.46M (Peak 35.63M) | Time:495477:30:23.68 | Mem:0.00M, Peak:0.00M | Scene | Synchronizing object | food_storage_bin_2_3_1
Fra:1 Mem:26.46M (Peak 35.63M) | Time:495477:30:23.68 | Mem:0.00M, Peak:0.00M | Scene | Initializing
Fra:1 Mem:26.46M (Peak 35.63M) | Time:495477:30:23.68 | Mem:0.00M, Peak:0.00M | Scene | Updating Images | Loading food_storage_bin_2_3_1_NORMAL
Fra:1 Mem:26.48M (Peak 35.67M) | Time:495477:30:23.69 | Mem:0.00M, Peak:0.00M | Scene | Synchronizing object | food_storage_bin_2_3_2
Fra:1 Mem:26.48M (Peak 35.67M) | Time:495477:30:23.69 | Mem:0.00M, Peak:0.00M | Scene | Initializing
Fra:1 Mem:26.48M (Peak 35.67M) | Time:495477:30:23.69 | Mem:0.00M, Peak:0.00M | Scene | Updating Images | Loading food_storage_bin_2_3_2_DIFFUSE
Fra:1 Mem:26.50M (Peak 35.69M) | Time:495477:30:23.71 | Mem:0.00M, Peak:0.00M | Scene | Synchronizing object | food_storage_bin_2_3_2
Fra:1 Mem:26.50M (Peak 35.69M) | Time:495477:30:23.71 | Mem:0.00M, Peak:0.00M | Scene | Initializing
Fra:1 Mem:26.50M (Peak 35.69M) | Time:495477:30:23.71 | Mem:0.00M, Peak:0.00M | Scene | Updating Images | Loading food_storage_bin_2_3_2_ROUGHNESS
Fra:1 Mem:26.53M (Peak 35.69M) | Time:495477:30:23.72 | Mem:0.00M, Peak:0.00M | Scene | Synchronizing object | food_storage_bin_2_3_2
Fra:1 Mem:26.53M (Peak 35.69M) | Time:495477:30:23.72 | Mem:0.00M, Peak:0.00M | Scene | Initializing
Fra:1 Mem:26.52M (Peak 35.69M) | Time:495477:30:23.72 | Mem:0.00M, Peak:0.00M | Scene | Updating Images | Loading food_storage_bin_2_3_2_NORMAL
Fra:1 Mem:26.54M (Peak 35.73M) | Time:495477:30:23.73 | Mem:0.00M, Peak:0.00M | Scene | Synchronizing object | food_storage_bin_3_0_0
Fra:1 Mem:26.55M (Peak 35.73M) | Time:495477:30:23.73 | Mem:0.00M, Peak:0.00M | Scene | Initializing
Fra:1 Mem:26.54M (Peak 35.73M) | Time:495477:30:23.73 | Mem:0.00M, Peak:0.00M | Scene | Updating Images | Loading food_storage_bin_3_0_0_DIFFUSE
Fra:1 Mem:26.57M (Peak 35.75M) | Time:495477:30:23.75 | Mem:0.00M, Peak:0.00M | Scene | Synchronizing object | food_storage_bin_3_0_0
Fra:1 Mem:26.57M (Peak 35.75M) | Time:495477:30:23.75 | Mem:0.00M, Peak:0.00M | Scene | Initializing
Fra:1 Mem:26.56M (Peak 35.75M) | Time:495477:30:23.75 | Mem:0.00M, Peak:0.00M | Scene | Updating Images | Loading food_storage_bin_3_0_0_ROUGHNESS
Fra:1 Mem:26.59M (Peak 35.75M) | Time:495477:30:23.76 | Mem:0.00M, Peak:0.00M | Scene | Synchronizing object | food_storage_bin_3_0_0
Fra:1 Mem:26.59M (Peak 35.75M) | Time:495477:30:23.76 | Mem:0.00M, Peak:0.00M | Scene | Initializing
Fra:1 Mem:26.59M (Peak 35.75M) | Time:495477:30:23.76 | Mem:0.00M, Peak:0.00M | Scene | Updating Images | Loading food_storage_bin_3_0_0_NORMAL
Fra:1 Mem:26.61M (Peak 35.80M) | Time:495477:30:23.78 | Mem:0.00M, Peak:0.00M | Scene | Synchronizing object | food_storage_bin_3_0_1
Fra:1 Mem:26.61M (Peak 35.80M) | Time:495477:30:23.78 | Mem:0.00M, Peak:0.00M | Scene | Initializing
Fra:1 Mem:26.61M (Peak 35.80M) | Time:495477:30:23.78 | Mem:0.00M, Peak:0.00M | Scene | Updating Images | Loading food_storage_bin_3_0_1_DIFFUSE
Fra:1 Mem:26.63M (Peak 35.82M) | Time:495477:30:23.79 | Mem:0.00M, Peak:0.00M | Scene | Synchronizing object | food_storage_bin_3_0_1
Fra:1 Mem:26.63M (Peak 35.82M) | Time:495477:30:23.79 | Mem:0.00M, Peak:0.00M | Scene | Initializing
Fra:1 Mem:26.63M (Peak 35.82M) | Time:495477:30:23.79 | Mem:0.00M, Peak:0.00M | Scene | Updating Images | Loading food_storage_bin_3_0_1_ROUGHNESS
Fra:1 Mem:26.65M (Peak 35.82M) | Time:495477:30:23.80 | Mem:0.00M, Peak:0.00M | Scene | Synchronizing object | food_storage_bin_3_0_1
Fra:1 Mem:26.65M (Peak 35.82M) | Time:495477:30:23.80 | Mem:0.00M, Peak:0.00M | Scene | Initializing
Fra:1 Mem:26.65M (Peak 35.82M) | Time:495477:30:23.80 | Mem:0.00M, Peak:0.00M | Scene | Updating Images | Loading food_storage_bin_3_0_1_NORMAL
Fra:1 Mem:26.67M (Peak 35.86M) | Time:495477:30:23.82 | Mem:0.00M, Peak:0.00M | Scene | Synchronizing object | food_storage_bin_3_0_2
Fra:1 Mem:26.67M (Peak 35.86M) | Time:495477:30:23.82 | Mem:0.00M, Peak:0.00M | Scene | Initializing
Fra:1 Mem:26.67M (Peak 35.86M) | Time:495477:30:23.82 | Mem:0.00M, Peak:0.00M | Scene | Updating Images | Loading food_storage_bin_3_0_2_DIFFUSE
Fra:1 Mem:26.70M (Peak 35.88M) | Time:495477:30:23.83 | Mem:0.00M, Peak:0.00M | Scene | Synchronizing object | food_storage_bin_3_0_2
Fra:1 Mem:26.70M (Peak 35.88M) | Time:495477:30:23.83 | Mem:0.00M, Peak:0.00M | Scene | Initializing
Fra:1 Mem:26.69M (Peak 35.88M) | Time:495477:30:23.83 | Mem:0.00M, Peak:0.00M | Scene | Updating Images | Loading food_storage_bin_3_0_2_ROUGHNESS
Fra:1 Mem:26.72M (Peak 35.88M) | Time:495477:30:23.84 | Mem:0.00M, Peak:0.00M | Scene | Synchronizing object | food_storage_bin_3_0_2
Fra:1 Mem:26.72M (Peak 35.88M) | Time:495477:30:23.84 | Mem:0.00M, Peak:0.00M | Scene | Initializing
Fra:1 Mem:26.71M (Peak 35.88M) | Time:495477:30:23.84 | Mem:0.00M, Peak:0.00M | Scene | Updating Images | Loading food_storage_bin_3_0_2_NORMAL
Fra:1 Mem:26.74M (Peak 35.93M) | Time:495477:30:23.86 | Mem:0.00M, Peak:0.00M | Scene | Synchronizing object | food_storage_bin_3_1_0
Fra:1 Mem:26.74M (Peak 35.93M) | Time:495477:30:23.86 | Mem:0.00M, Peak:0.00M | Scene | Initializing
Fra:1 Mem:26.73M (Peak 35.93M) | Time:495477:30:23.86 | Mem:0.00M, Peak:0.00M | Scene | Updating Images | Loading food_storage_bin_3_1_0_DIFFUSE
Info: Baking map saved to internal image, save it externally or pack it
Info: Baking map saved to internal image, save it externally or pack it
Info: Baking map saved to internal image, save it externally or pack it
Info: Baking map saved to internal image, save it externally or pack it
Info: Baking map saved to internal image, save it externally or pack it
Info: Baking map saved to internal image, save it externally or pack it
Info: Baking map saved to internal image, save it externally or pack it
Info: Baking map saved to internal image, save it externally or pack it
Info: Baking map saved to internal image, save it externally or pack it
Info: Baking map saved to internal image, save it externally or pack it
Info: Baking map saved to internal image, save it externally or pack it
Info: Baking map saved to internal image, save it externally or pack it
Info: Baking map saved to internal image, save it externally or pack it
Info: Baking map saved to internal image, save it externally or pack it
Info: Baking map saved to internal image, save it externally or pack it
Info: Baking map saved to internal image, save it externally or pack it
Info: Baking map saved to internal image, save it externally or pack it
Info: Baking map saved to internal image, save it externally or pack it
Info: Baking map saved to internal image, save it externally or pack it
Info: Baking map saved to internal image, save it externally or pack it
Info: Baking map saved to internal image, save it externally or pack it
Info: Baking map saved to internal image, save it externally or pack it
Info: Baking map saved to internal image, save it externally or pack it
Info: Baking map saved to internal image, save it externally or pack it
Info: Baking map saved to internal image, save it externally or pack it
Info: Baking map saved to internal image, save it externally or pack it
Info: Baking map saved to internal image, save it externally or pack it
Info: Baking map saved to internal image, save it externally or pack it
Info: Baking map saved to internal image, save it externally or pack it
Info: Baking map saved to internal image, save it externally or pack it
Info: Baking map saved to internal image, save it externally or pack it
Info: Baking map saved to internal image, save it externally or pack it
Info: Baking map saved to internal image, save it externally or pack it
Info: Baking map saved to internal image, save it externally or pack it
Info: Baking map saved to internal image, save it externally or pack it
Info: Baking map saved to internal image, save it externally or pack it
Info: Baking map saved to internal image, save it externally or pack it
Info: Baking map saved to internal image, save it externally or pack it
Info: Baking map saved to internal image, save it externally or pack it
Info: Baking map saved to internal image, save it externally or pack it
Info: Baking map saved to internal image, save it externally or pack it
Info: Baking map saved to internal image, save it externally or pack it
Info: Baking map saved to internal image, save it externally or pack it
Info: Baking map saved to internal image, save it externally or pack it
Info: Baking map saved to internal image, save it externally or pack it
Info: Baking map saved to internal image, save it externally or pack it
Info: Baking map saved to internal image, save it externally or pack it
Info: Baking map saved to internal image, save it externally or pack it
Info: Baking map saved to internal image, save it externally or pack it
Info: Baking map saved to internal image, save it externally or pack it
Info: Baking map saved to internal image, save it externally or pack it
Info: Baking map saved to internal image, save it externally or pack it
Info: Baking map saved to internal image, save it externally or pack it
Info: Baking map saved to internal image, save it externally or pack it
Info: Baking map saved to internal image, save it externally or pack it
Info: Baking map saved to internal image, save it externally or pack it
Info: Baking map saved to internal image, save it externally or pack it
Info: Baking map saved to internal image, save it externally or pack it
Info: Baking map saved to internal image, save it externally or pack it
Info: Baking map saved to internal image, save it externally or pack it
Info: Baking map saved to internal image, save it externally or pack it
Info: Baking map saved to internal image, save it externally or pack it
Info: Baking map saved to internal image, save it externally or pack it
Info: Baking map saved to internal image, save it externally or pack it
Info: Baking map saved to internal image, save it externally or pack it
Info: Baking map saved to internal image, save it externally or pack it
Info: Baking map saved to internal image, save it externally or pack it
Info: Baking map saved to internal image, save it externally or pack it
Info: Baking map saved to internal image, save it externally or pack it
Info: Baking map saved to internal image, save it externally or pack it
Info: Baking map saved to internal image, save it externally or pack it
Info: Baking map saved to internal image, save it externally or pack it
Info: Baking map saved to internal image, save it externally or pack it
Info: Baking map saved to internal image, save it externally or pack it
Info: Baking map saved to internal image, save it externally or pack it
Info: Baking map saved to internal image, save it externally or pack it
Info: Baking map saved to internal image, save it externally or pack it
Info: Baking map saved to internal image, save it externally or pack it
Info: Baking map saved to internal image, save it externally or pack it
Info: Baking map saved to internal image, save it externally or pack it
Info: Baking map saved to internal image, save it externally or pack it
Info: Baking map saved to internal image, save it externally or pack it
Info: Baking map saved to internal image, save it externally or pack it
Info: Baking map saved to internal image, save it externally or pack it
Info: Baking map saved to internal image, save it externally or pack it
Info: Baking map saved to internal image, save it externally or pack it
Info: Baking map saved to internal image, save it externally or pack it
Info: Baking map saved to internal image, save it externally or pack it
Info: Baking map saved to internal image, save it externally or pack it
Info: Baking map saved to internal image, save it externally or pack it
Info: Baking map saved to internal image, save it externally or pack it
Info: Baking map saved to internal image, save it externally or pack it
Info: Baking map saved to internal image, save it externally or pack it
Info: Baking map saved to internal image, save it externally or pack it
Info: Baking map saved to internal image, save it externally or pack it
Info: Baking map saved to internal image, save it externally or pack it
Info: Baking map saved to internal image, save it externally or pack it
Info: Baking map saved to internal image, save it externally or pack it
Info: Baking map saved to internal image, save it externally or pack it
Info: Baking map saved to internal image, save it externally or pack it
Info: Baking map saved to internal image, save it externally or pack it
Info: Baking map saved to internal image, save it externally or pack it
Info: Baking map saved to internal image, save it externally or pack it
Info: Baking map saved to internal image, save it externally or pack it
Info: Baking map saved to internal image, save it externally or pack it
Info: Baking map saved to internal image, save it externally or pack it
Info: Baking map saved to internal image, save it externally or pack it
Info: Baking map saved to internal image, save it externally or pack it
Info: Baking map saved to internal image, save it externally or pack it
Info: Baking map saved to internal image, save it externally or pack it
Info: Baking map saved to internal image, save it externally or pack it
Info: Baking map saved to internal image, save it externally or pack it
Info: Baking map saved to internal image, save it externally or pack it
Info: Baking map saved to internal image, save it externally or pack it
Fra:1 Mem:26.76M (Peak 35.95M) | Time:495477:30:23.87 | Mem:0.00M, Peak:0.00M | Scene | Synchronizing object | food_storage_bin_3_1_0
Fra:1 Mem:26.76M (Peak 35.95M) | Time:495477:30:23.87 | Mem:0.00M, Peak:0.00M | Scene | Initializing
Fra:1 Mem:26.76M (Peak 35.95M) | Time:495477:30:23.87 | Mem:0.00M, Peak:0.00M | Scene | Updating Images | Loading food_storage_bin_3_1_0_ROUGHNESS
Fra:1 Mem:26.78M (Peak 35.95M) | Time:495477:30:23.88 | Mem:0.00M, Peak:0.00M | Scene | Synchronizing object | food_storage_bin_3_1_0
Fra:1 Mem:26.78M (Peak 35.95M) | Time:495477:30:23.88 | Mem:0.00M, Peak:0.00M | Scene | Initializing
Fra:1 Mem:26.78M (Peak 35.95M) | Time:495477:30:23.88 | Mem:0.00M, Peak:0.00M | Scene | Updating Images | Loading food_storage_bin_3_1_0_NORMAL
Fra:1 Mem:26.80M (Peak 35.99M) | Time:495477:30:23.90 | Mem:0.00M, Peak:0.00M | Scene | Synchronizing object | food_storage_bin_3_1_1
Fra:1 Mem:26.80M (Peak 35.99M) | Time:495477:30:23.90 | Mem:0.00M, Peak:0.00M | Scene | Initializing
Fra:1 Mem:26.80M (Peak 35.99M) | Time:495477:30:23.90 | Mem:0.00M, Peak:0.00M | Scene | Updating Images | Loading food_storage_bin_3_1_1_DIFFUSE
Fra:1 Mem:26.83M (Peak 36.01M) | Time:495477:30:23.91 | Mem:0.00M, Peak:0.00M | Scene | Synchronizing object | food_storage_bin_3_1_1
Fra:1 Mem:26.83M (Peak 36.01M) | Time:495477:30:23.91 | Mem:0.00M, Peak:0.00M | Scene | Initializing
Fra:1 Mem:26.82M (Peak 36.01M) | Time:495477:30:23.91 | Mem:0.00M, Peak:0.00M | Scene | Updating Images | Loading food_storage_bin_3_1_1_ROUGHNESS
Fra:1 Mem:26.85M (Peak 36.01M) | Time:495477:30:23.92 | Mem:0.00M, Peak:0.00M | Scene | Synchronizing object | food_storage_bin_3_1_1
Fra:1 Mem:26.85M (Peak 36.01M) | Time:495477:30:23.92 | Mem:0.00M, Peak:0.00M | Scene | Initializing
Fra:1 Mem:26.84M (Peak 36.01M) | Time:495477:30:23.92 | Mem:0.00M, Peak:0.00M | Scene | Updating Images | Loading food_storage_bin_3_1_1_NORMAL
Fra:1 Mem:26.87M (Peak 36.06M) | Time:495477:30:23.94 | Mem:0.00M, Peak:0.00M | Scene | Synchronizing object | food_storage_bin_3_1_2
Fra:1 Mem:26.87M (Peak 36.06M) | Time:495477:30:23.94 | Mem:0.00M, Peak:0.00M | Scene | Initializing
Fra:1 Mem:26.86M (Peak 36.06M) | Time:495477:30:23.94 | Mem:0.00M, Peak:0.00M | Scene | Updating Images | Loading food_storage_bin_3_1_2_DIFFUSE
Fra:1 Mem:26.89M (Peak 36.08M) | Time:495477:30:23.95 | Mem:0.00M, Peak:0.00M | Scene | Synchronizing object | food_storage_bin_3_1_2
Fra:1 Mem:26.89M (Peak 36.08M) | Time:495477:30:23.95 | Mem:0.00M, Peak:0.00M | Scene | Initializing
Fra:1 Mem:26.89M (Peak 36.08M) | Time:495477:30:23.95 | Mem:0.00M, Peak:0.00M | Scene | Updating Images | Loading food_storage_bin_3_1_2_ROUGHNESS
Fra:1 Mem:26.91M (Peak 36.08M) | Time:495477:30:23.96 | Mem:0.00M, Peak:0.00M | Scene | Synchronizing object | food_storage_bin_3_1_2
Fra:1 Mem:26.91M (Peak 36.08M) | Time:495477:30:23.96 | Mem:0.00M, Peak:0.00M | Scene | Initializing
Fra:1 Mem:26.91M (Peak 36.08M) | Time:495477:30:23.96 | Mem:0.00M, Peak:0.00M | Scene | Updating Images | Loading food_storage_bin_3_1_2_NORMAL
Fra:1 Mem:26.93M (Peak 36.12M) | Time:495477:30:23.98 | Mem:0.00M, Peak:0.00M | Scene | Synchronizing object | food_storage_bin_3_2_0
Fra:1 Mem:26.93M (Peak 36.12M) | Time:495477:30:23.98 | Mem:0.00M, Peak:0.00M | Scene | Initializing
Fra:1 Mem:26.93M (Peak 36.12M) | Time:495477:30:23.98 | Mem:0.00M, Peak:0.00M | Scene | Updating Images | Loading food_storage_bin_3_2_0_DIFFUSE
Fra:1 Mem:26.95M (Peak 36.14M) | Time:495477:30:23.99 | Mem:0.00M, Peak:0.00M | Scene | Synchronizing object | food_storage_bin_3_2_0
Fra:1 Mem:26.95M (Peak 36.14M) | Time:495477:30:23.99 | Mem:0.00M, Peak:0.00M | Scene | Initializing
Fra:1 Mem:26.95M (Peak 36.14M) | Time:495477:30:23.99 | Mem:0.00M, Peak:0.00M | Scene | Updating Images | Loading food_storage_bin_3_2_0_ROUGHNESS
Fra:1 Mem:26.98M (Peak 36.14M) | Time:495477:30:24.00 | Mem:0.00M, Peak:0.00M | Scene | Synchronizing object | food_storage_bin_3_2_0
Fra:1 Mem:26.98M (Peak 36.14M) | Time:495477:30:24.00 | Mem:0.00M, Peak:0.00M | Scene | Initializing
Fra:1 Mem:26.97M (Peak 36.14M) | Time:495477:30:24.00 | Mem:0.00M, Peak:0.00M | Scene | Updating Images | Loading food_storage_bin_3_2_0_NORMAL
Fra:1 Mem:26.99M (Peak 36.18M) | Time:495477:30:24.02 | Mem:0.00M, Peak:0.00M | Scene | Synchronizing object | food_storage_bin_3_2_1
Fra:1 Mem:27.00M (Peak 36.18M) | Time:495477:30:24.02 | Mem:0.00M, Peak:0.00M | Scene | Initializing
Fra:1 Mem:26.99M (Peak 36.18M) | Time:495477:30:24.02 | Mem:0.00M, Peak:0.00M | Scene | Updating Images | Loading food_storage_bin_3_2_1_DIFFUSE
Fra:1 Mem:27.02M (Peak 36.20M) | Time:495477:30:24.03 | Mem:0.00M, Peak:0.00M | Scene | Synchronizing object | food_storage_bin_3_2_1
Fra:1 Mem:27.02M (Peak 36.20M) | Time:495477:30:24.03 | Mem:0.00M, Peak:0.00M | Scene | Initializing
Fra:1 Mem:27.01M (Peak 36.20M) | Time:495477:30:24.03 | Mem:0.00M, Peak:0.00M | Scene | Updating Images | Loading food_storage_bin_3_2_1_ROUGHNESS
Fra:1 Mem:27.04M (Peak 36.20M) | Time:495477:30:24.05 | Mem:0.00M, Peak:0.00M | Scene | Synchronizing object | food_storage_bin_3_2_1
Fra:1 Mem:27.04M (Peak 36.20M) | Time:495477:30:24.05 | Mem:0.00M, Peak:0.00M | Scene | Initializing
Fra:1 Mem:27.04M (Peak 36.20M) | Time:495477:30:24.05 | Mem:0.00M, Peak:0.00M | Scene | Updating Images | Loading food_storage_bin_3_2_1_NORMAL
Fra:1 Mem:27.07M (Peak 36.25M) | Time:495477:30:24.06 | Mem:0.00M, Peak:0.00M | Scene | Synchronizing object | food_storage_bin_3_2_2
Fra:1 Mem:27.08M (Peak 36.25M) | Time:495477:30:24.06 | Mem:0.00M, Peak:0.00M | Scene | Initializing
Fra:1 Mem:27.07M (Peak 36.25M) | Time:495477:30:24.06 | Mem:0.00M, Peak:0.00M | Scene | Updating Images | Loading food_storage_bin_3_2_2_DIFFUSE
Fra:1 Mem:27.10M (Peak 36.28M) | Time:495477:30:24.07 | Mem:0.00M, Peak:0.00M | Scene | Synchronizing object | food_storage_bin_3_2_2
Fra:1 Mem:27.10M (Peak 36.28M) | Time:495477:30:24.07 | Mem:0.00M, Peak:0.00M | Scene | Initializing
Fra:1 Mem:27.10M (Peak 36.28M) | Time:495477:30:24.07 | Mem:0.00M, Peak:0.00M | Scene | Updating Images | Loading food_storage_bin_3_2_2_ROUGHNESS
Fra:1 Mem:27.12M (Peak 36.28M) | Time:495477:30:24.09 | Mem:0.00M, Peak:0.00M | Scene | Synchronizing object | food_storage_bin_3_2_2
Fra:1 Mem:27.12M (Peak 36.28M) | Time:495477:30:24.09 | Mem:0.00M, Peak:0.00M | Scene | Initializing
Fra:1 Mem:27.12M (Peak 36.28M) | Time:495477:30:24.09 | Mem:0.00M, Peak:0.00M | Scene | Updating Images | Loading food_storage_bin_3_2_2_NORMAL
Fra:1 Mem:27.14M (Peak 36.33M) | Time:495477:30:24.10 | Mem:0.00M, Peak:0.00M | Scene | Synchronizing object | food_storage_bin_3_3_0
Fra:1 Mem:27.14M (Peak 36.33M) | Time:495477:30:24.10 | Mem:0.00M, Peak:0.00M | Scene | Initializing
Fra:1 Mem:27.14M (Peak 36.33M) | Time:495477:30:24.10 | Mem:0.00M, Peak:0.00M | Scene | Updating Images | Loading food_storage_bin_3_3_0_DIFFUSE
Fra:1 Mem:27.16M (Peak 36.35M) | Time:495477:30:24.11 | Mem:0.00M, Peak:0.00M | Scene | Synchronizing object | food_storage_bin_3_3_0
Fra:1 Mem:27.16M (Peak 36.35M) | Time:495477:30:24.11 | Mem:0.00M, Peak:0.00M | Scene | Initializing
Fra:1 Mem:27.16M (Peak 36.35M) | Time:495477:30:24.11 | Mem:0.00M, Peak:0.00M | Scene | Updating Images | Loading food_storage_bin_3_3_0_ROUGHNESS
Fra:1 Mem:27.19M (Peak 36.35M) | Time:495477:30:24.13 | Mem:0.00M, Peak:0.00M | Scene | Synchronizing object | food_storage_bin_3_3_0
Fra:1 Mem:27.19M (Peak 36.35M) | Time:495477:30:24.13 | Mem:0.00M, Peak:0.00M | Scene | Initializing
Fra:1 Mem:27.18M (Peak 36.35M) | Time:495477:30:24.13 | Mem:0.00M, Peak:0.00M | Scene | Updating Images | Loading food_storage_bin_3_3_0_NORMAL
Fra:1 Mem:27.20M (Peak 36.39M) | Time:495477:30:24.14 | Mem:0.00M, Peak:0.00M | Scene | Synchronizing object | food_storage_bin_3_3_1
Fra:1 Mem:27.21M (Peak 36.39M) | Time:495477:30:24.14 | Mem:0.00M, Peak:0.00M | Scene | Initializing
Fra:1 Mem:27.20M (Peak 36.39M) | Time:495477:30:24.14 | Mem:0.00M, Peak:0.00M | Scene | Updating Images | Loading food_storage_bin_3_3_1_DIFFUSE
Fra:1 Mem:27.23M (Peak 36.41M) | Time:495477:30:24.15 | Mem:0.00M, Peak:0.00M | Scene | Synchronizing object | food_storage_bin_3_3_1
Fra:1 Mem:27.23M (Peak 36.41M) | Time:495477:30:24.15 | Mem:0.00M, Peak:0.00M | Scene | Initializing
Fra:1 Mem:27.22M (Peak 36.41M) | Time:495477:30:24.15 | Mem:0.00M, Peak:0.00M | Scene | Updating Images | Loading food_storage_bin_3_3_1_ROUGHNESS
Fra:1 Mem:27.25M (Peak 36.41M) | Time:495477:30:24.17 | Mem:0.00M, Peak:0.00M | Scene | Synchronizing object | food_storage_bin_3_3_1
Fra:1 Mem:27.25M (Peak 36.41M) | Time:495477:30:24.17 | Mem:0.00M, Peak:0.00M | Scene | Initializing
Fra:1 Mem:27.25M (Peak 36.41M) | Time:495477:30:24.17 | Mem:0.00M, Peak:0.00M | Scene | Updating Images | Loading food_storage_bin_3_3_1_NORMAL
Fra:1 Mem:27.27M (Peak 36.46M) | Time:495477:30:24.18 | Mem:0.00M, Peak:0.00M | Scene | Synchronizing object | food_storage_bin_3_3_2
Fra:1 Mem:27.27M (Peak 36.46M) | Time:495477:30:24.18 | Mem:0.00M, Peak:0.00M | Scene | Initializing
Fra:1 Mem:27.27M (Peak 36.46M) | Time:495477:30:24.18 | Mem:0.00M, Peak:0.00M | Scene | Updating Images | Loading food_storage_bin_3_3_2_DIFFUSE
Fra:1 Mem:27.29M (Peak 36.48M) | Time:495477:30:24.19 | Mem:0.00M, Peak:0.00M | Scene | Synchronizing object | food_storage_bin_3_3_2
Fra:1 Mem:27.29M (Peak 36.48M) | Time:495477:30:24.19 | Mem:0.00M, Peak:0.00M | Scene | Initializing
Fra:1 Mem:27.29M (Peak 36.48M) | Time:495477:30:24.19 | Mem:0.00M, Peak:0.00M | Scene | Updating Images | Loading food_storage_bin_3_3_2_ROUGHNESS
Fra:1 Mem:27.31M (Peak 36.48M) | Time:495477:30:24.21 | Mem:0.00M, Peak:0.00M | Scene | Synchronizing object | food_storage_bin_3_3_2
Fra:1 Mem:27.31M (Peak 36.48M) | Time:495477:30:24.21 | Mem:0.00M, Peak:0.00M | Scene | Initializing
Fra:1 Mem:27.31M (Peak 36.48M) | Time:495477:30:24.21 | Mem:0.00M, Peak:0.00M | Scene | Updating Images | Loading food_storage_bin_3_3_2_NORMAL
Fra:1 Mem:27.33M (Peak 36.52M) | Time:495477:30:24.22 | Mem:0.00M, Peak:0.00M | Scene | Synchronizing object | gooseneck_faucet_0.95
Fra:1 Mem:27.33M (Peak 36.52M) | Time:495477:30:24.22 | Mem:0.00M, Peak:0.00M | Scene | Initializing
Fra:1 Mem:27.33M (Peak 36.52M) | Time:495477:30:24.22 | Mem:0.00M, Peak:0.00M | Scene | Updating Images | Loading gooseneck_faucet_0.95_METAL
Fra:1 Mem:27.36M (Peak 36.54M) | Time:495477:30:24.23 | Mem:0.00M, Peak:0.00M | Scene | Synchronizing object | gooseneck_faucet_0.95
Fra:1 Mem:27.36M (Peak 36.54M) | Time:495477:30:24.23 | Mem:0.00M, Peak:0.00M | Scene | Initializing
Fra:1 Mem:27.36M (Peak 36.54M) | Time:495477:30:24.23 | Mem:0.00M, Peak:0.00M | Scene | Updating Images | Loading gooseneck_faucet_0.95_DIFFUSE
Fra:1 Mem:27.38M (Peak 36.57M) | Time:495477:30:24.25 | Mem:0.00M, Peak:0.00M | Scene | Synchronizing object | gooseneck_faucet_0.95
Fra:1 Mem:27.38M (Peak 36.57M) | Time:495477:30:24.25 | Mem:0.00M, Peak:0.00M | Scene | Initializing
Fra:1 Mem:27.38M (Peak 36.57M) | Time:495477:30:24.25 | Mem:0.00M, Peak:0.00M | Scene | Updating Images | Loading gooseneck_faucet_0.95_ROUGHNESS
Fra:1 Mem:27.40M (Peak 36.57M) | Time:495477:30:24.26 | Mem:0.00M, Peak:0.00M | Scene | Synchronizing object | gooseneck_faucet_0.95
Fra:1 Mem:27.40M (Peak 36.57M) | Time:495477:30:24.26 | Mem:0.00M, Peak:0.00M | Scene | Initializing
Fra:1 Mem:27.40M (Peak 36.57M) | Time:495477:30:24.26 | Mem:0.00M, Peak:0.00M | Scene | Updating Images | Loading gooseneck_faucet_0.95_NORMAL
Fra:1 Mem:27.40M (Peak 36.61M) | Time:495477:30:24.27 | Mem:0.00M, Peak:0.00M | Scene | Synchronizing object | gooseneck_faucet_1.65
Fra:1 Mem:27.40M (Peak 36.61M) | Time:495477:30:24.27 | Mem:0.00M, Peak:0.00M | Scene | Initializing
Fra:1 Mem:27.40M (Peak 36.61M) | Time:495477:30:24.27 | Mem:0.00M, Peak:0.00M | Scene | Updating Images | Loading gooseneck_faucet_1.65_METAL
Fra:1 Mem:27.43M (Peak 36.61M) | Time:495477:30:24.28 | Mem:0.00M, Peak:0.00M | Scene | Synchronizing object | gooseneck_faucet_1.65
Fra:1 Mem:27.43M (Peak 36.61M) | Time:495477:30:24.28 | Mem:0.00M, Peak:0.00M | Scene | Initializing
Fra:1 Mem:27.43M (Peak 36.61M) | Time:495477:30:24.28 | Mem:0.00M, Peak:0.00M | Scene | Updating Images | Loading gooseneck_faucet_1.65_DIFFUSE
Fra:1 Mem:27.45M (Peak 36.64M) | Time:495477:30:24.30 | Mem:0.00M, Peak:0.00M | Scene | Synchronizing object | gooseneck_faucet_1.65
Fra:1 Mem:27.46M (Peak 36.64M) | Time:495477:30:24.30 | Mem:0.00M, Peak:0.00M | Scene | Initializing
Fra:1 Mem:27.45M (Peak 36.64M) | Time:495477:30:24.30 | Mem:0.00M, Peak:0.00M | Scene | Updating Images | Loading gooseneck_faucet_1.65_ROUGHNESS
Fra:1 Mem:27.48M (Peak 36.64M) | Time:495477:30:24.31 | Mem:0.00M, Peak:0.00M | Scene | Synchronizing object | gooseneck_faucet_1.65
Fra:1 Mem:27.48M (Peak 36.64M) | Time:495477:30:24.31 | Mem:0.00M, Peak:0.00M | Scene | Initializing
Fra:1 Mem:27.47M (Peak 36.64M) | Time:495477:30:24.31 | Mem:0.00M, Peak:0.00M | Scene | Updating Images | Loading gooseneck_faucet_1.65_NORMAL
Fra:1 Mem:27.47M (Peak 36.69M) | Time:495477:30:24.32 | Mem:0.00M, Peak:0.00M | Scene | Synchronizing object | gooseneck_faucet_2.35
Fra:1 Mem:27.48M (Peak 36.69M) | Time:495477:30:24.32 | Mem:0.00M, Peak:0.00M | Scene | Initializing
Fra:1 Mem:27.47M (Peak 36.69M) | Time:495477:30:24.32 | Mem:0.00M, Peak:0.00M | Scene | Updating Images | Loading gooseneck_faucet_2.35_METAL
Fra:1 Mem:27.51M (Peak 36.69M) | Time:495477:30:24.33 | Mem:0.00M, Peak:0.00M | Scene | Synchronizing object | gooseneck_faucet_2.35
Fra:1 Mem:27.51M (Peak 36.69M) | Time:495477:30:24.33 | Mem:0.00M, Peak:0.00M | Scene | Initializing
Fra:1 Mem:27.50M (Peak 36.69M) | Time:495477:30:24.33 | Mem:0.00M, Peak:0.00M | Scene | Updating Images | Loading gooseneck_faucet_2.35_DIFFUSE
Fra:1 Mem:27.53M (Peak 36.72M) | Time:495477:30:24.34 | Mem:0.00M, Peak:0.00M | Scene | Synchronizing object | gooseneck_faucet_2.35
Fra:1 Mem:27.53M (Peak 36.72M) | Time:495477:30:24.34 | Mem:0.00M, Peak:0.00M | Scene | Initializing
Fra:1 Mem:27.53M (Peak 36.72M) | Time:495477:30:24.34 | Mem:0.00M, Peak:0.00M | Scene | Updating Images | Loading gooseneck_faucet_2.35_ROUGHNESS
Fra:1 Mem:27.55M (Peak 36.72M) | Time:495477:30:24.36 | Mem:0.00M, Peak:0.00M | Scene | Synchronizing object | gooseneck_faucet_2.35
Fra:1 Mem:27.55M (Peak 36.72M) | Time:495477:30:24.36 | Mem:0.00M, Peak:0.00M | Scene | Initializing
Fra:1 Mem:27.55M (Peak 36.72M) | Time:495477:30:24.36 | Mem:0.00M, Peak:0.00M | Scene | Updating Images | Loading gooseneck_faucet_2.35_NORMAL
Fra:1 Mem:27.55M (Peak 36.76M) | Time:495477:30:24.37 | Mem:0.00M, Peak:0.00M | Scene | Synchronizing object | hood_grease_filter_panel_-0.65
Fra:1 Mem:27.55M (Peak 36.76M) | Time:495477:30:24.37 | Mem:0.00M, Peak:0.00M | Scene | Initializing
Fra:1 Mem:27.54M (Peak 36.76M) | Time:495477:30:24.37 | Mem:0.00M, Peak:0.00M | Scene | Updating Images | Loading hood_grease_filter_panel_-0.65_METAL
Fra:1 Mem:27.58M (Peak 36.76M) | Time:495477:30:24.38 | Mem:0.00M, Peak:0.00M | Scene | Synchronizing object | hood_grease_filter_panel_-0.65
Fra:1 Mem:27.58M (Peak 36.76M) | Time:495477:30:24.38 | Mem:0.00M, Peak:0.00M | Scene | Initializing
Fra:1 Mem:27.57M (Peak 36.76M) | Time:495477:30:24.38 | Mem:0.00M, Peak:0.00M | Scene | Updating Images | Loading hood_grease_filter_panel_-0.65_DIFFUSE
Fra:1 Mem:27.60M (Peak 36.79M) | Time:495477:30:24.39 | Mem:0.00M, Peak:0.00M | Scene | Synchronizing object | hood_grease_filter_panel_-0.65
Fra:1 Mem:27.60M (Peak 36.79M) | Time:495477:30:24.39 | Mem:0.00M, Peak:0.00M | Scene | Initializing
Fra:1 Mem:27.60M (Peak 36.79M) | Time:495477:30:24.39 | Mem:0.00M, Peak:0.00M | Scene | Updating Images | Loading hood_grease_filter_panel_-0.65_ROUGHNESS
Fra:1 Mem:27.62M (Peak 36.79M) | Time:495477:30:24.41 | Mem:0.00M, Peak:0.00M | Scene | Synchronizing object | hood_grease_filter_panel_-0.65
Fra:1 Mem:27.62M (Peak 36.79M) | Time:495477:30:24.41 | Mem:0.00M, Peak:0.00M | Scene | Initializing
Fra:1 Mem:27.62M (Peak 36.79M) | Time:495477:30:24.41 | Mem:0.00M, Peak:0.00M | Scene | Updating Images | Loading hood_grease_filter_panel_-0.65_NORMAL
Fra:1 Mem:27.62M (Peak 36.83M) | Time:495477:30:24.42 | Mem:0.00M, Peak:0.00M | Scene | Synchronizing object | hood_grease_filter_panel_-2.0
Fra:1 Mem:27.62M (Peak 36.83M) | Time:495477:30:24.42 | Mem:0.00M, Peak:0.00M | Scene | Initializing
Fra:1 Mem:27.62M (Peak 36.83M) | Time:495477:30:24.42 | Mem:0.00M, Peak:0.00M | Scene | Updating Images | Loading hood_grease_filter_panel_-2.0_METAL
Fra:1 Mem:27.65M (Peak 36.83M) | Time:495477:30:24.43 | Mem:0.00M, Peak:0.00M | Scene | Synchronizing object | hood_grease_filter_panel_-2.0
Fra:1 Mem:27.65M (Peak 36.83M) | Time:495477:30:24.43 | Mem:0.00M, Peak:0.00M | Scene | Initializing
Fra:1 Mem:27.65M (Peak 36.83M) | Time:495477:30:24.43 | Mem:0.00M, Peak:0.00M | Scene | Updating Images | Loading hood_grease_filter_panel_-2.0_DIFFUSE
Fra:1 Mem:27.67M (Peak 36.86M) | Time:495477:30:24.44 | Mem:0.00M, Peak:0.00M | Scene | Synchronizing object | hood_grease_filter_panel_-2.0
Fra:1 Mem:27.67M (Peak 36.86M) | Time:495477:30:24.44 | Mem:0.00M, Peak:0.00M | Scene | Initializing
Fra:1 Mem:27.67M (Peak 36.86M) | Time:495477:30:24.44 | Mem:0.00M, Peak:0.00M | Scene | Updating Images | Loading hood_grease_filter_panel_-2.0_ROUGHNESS
Fra:1 Mem:27.69M (Peak 36.86M) | Time:495477:30:24.45 | Mem:0.00M, Peak:0.00M | Scene | Synchronizing object | hood_grease_filter_panel_-2.0
Fra:1 Mem:27.69M (Peak 36.86M) | Time:495477:30:24.45 | Mem:0.00M, Peak:0.00M | Scene | Initializing
Fra:1 Mem:27.69M (Peak 36.86M) | Time:495477:30:24.45 | Mem:0.00M, Peak:0.00M | Scene | Updating Images | Loading hood_grease_filter_panel_-2.0_NORMAL
Fra:1 Mem:27.69M (Peak 36.90M) | Time:495477:30:24.47 | Mem:0.00M, Peak:0.00M | Scene | Synchronizing object | hood_grease_filter_panel_-3.35
Fra:1 Mem:27.69M (Peak 36.90M) | Time:495477:30:24.47 | Mem:0.00M, Peak:0.00M | Scene | Initializing
Fra:1 Mem:27.69M (Peak 36.90M) | Time:495477:30:24.47 | Mem:0.00M, Peak:0.00M | Scene | Updating Images | Loading hood_grease_filter_panel_-3.35_METAL
Fra:1 Mem:27.72M (Peak 36.90M) | Time:495477:30:24.48 | Mem:0.00M, Peak:0.00M | Scene | Synchronizing object | hood_grease_filter_panel_-3.35
Fra:1 Mem:27.72M (Peak 36.90M) | Time:495477:30:24.48 | Mem:0.00M, Peak:0.00M | Scene | Initializing
Fra:1 Mem:27.72M (Peak 36.90M) | Time:495477:30:24.48 | Mem:0.00M, Peak:0.00M | Scene | Updating Images | Loading hood_grease_filter_panel_-3.35_DIFFUSE
Fra:1 Mem:27.74M (Peak 36.93M) | Time:495477:30:24.49 | Mem:0.00M, Peak:0.00M | Scene | Synchronizing object | hood_grease_filter_panel_-3.35
Fra:1 Mem:27.74M (Peak 36.93M) | Time:495477:30:24.49 | Mem:0.00M, Peak:0.00M | Scene | Initializing
Fra:1 Mem:27.74M (Peak 36.93M) | Time:495477:30:24.49 | Mem:0.00M, Peak:0.00M | Scene | Updating Images | Loading hood_grease_filter_panel_-3.35_ROUGHNESS
Fra:1 Mem:27.76M (Peak 36.93M) | Time:495477:30:24.50 | Mem:0.00M, Peak:0.00M | Scene | Synchronizing object | hood_grease_filter_panel_-3.35
Fra:1 Mem:27.76M (Peak 36.93M) | Time:495477:30:24.50 | Mem:0.00M, Peak:0.00M | Scene | Initializing
Fra:1 Mem:27.76M (Peak 36.93M) | Time:495477:30:24.50 | Mem:0.00M, Peak:0.00M | Scene | Updating Images | Loading hood_grease_filter_panel_-3.35_NORMAL
Fra:1 Mem:27.76M (Peak 36.97M) | Time:495477:30:24.52 | Mem:0.00M, Peak:0.00M | Scene | Synchronizing object | hood_grease_filter_panel_0.7
Fra:1 Mem:27.76M (Peak 36.97M) | Time:495477:30:24.52 | Mem:0.00M, Peak:0.00M | Scene | Initializing
Fra:1 Mem:27.76M (Peak 36.97M) | Time:495477:30:24.52 | Mem:0.00M, Peak:0.00M | Scene | Updating Images | Loading hood_grease_filter_panel_0.7_METAL
Fra:1 Mem:27.79M (Peak 36.97M) | Time:495477:30:24.53 | Mem:0.00M, Peak:0.00M | Scene | Synchronizing object | hood_grease_filter_panel_0.7
Fra:1 Mem:27.79M (Peak 36.97M) | Time:495477:30:24.53 | Mem:0.00M, Peak:0.00M | Scene | Initializing
Fra:1 Mem:27.79M (Peak 36.97M) | Time:495477:30:24.53 | Mem:0.00M, Peak:0.00M | Scene | Updating Images | Loading hood_grease_filter_panel_0.7_DIFFUSE
Fra:1 Mem:27.81M (Peak 37.00M) | Time:495477:30:24.54 | Mem:0.00M, Peak:0.00M | Scene | Synchronizing object | hood_grease_filter_panel_0.7
Fra:1 Mem:27.81M (Peak 37.00M) | Time:495477:30:24.54 | Mem:0.00M, Peak:0.00M | Scene | Initializing
Fra:1 Mem:27.81M (Peak 37.00M) | Time:495477:30:24.54 | Mem:0.00M, Peak:0.00M | Scene | Updating Images | Loading hood_grease_filter_panel_0.7_ROUGHNESS
Fra:1 Mem:27.84M (Peak 37.00M) | Time:495477:30:24.55 | Mem:0.00M, Peak:0.00M | Scene | Synchronizing object | hood_grease_filter_panel_0.7
Fra:1 Mem:27.84M (Peak 37.00M) | Time:495477:30:24.55 | Mem:0.00M, Peak:0.00M | Scene | Initializing
Fra:1 Mem:27.83M (Peak 37.00M) | Time:495477:30:24.55 | Mem:0.00M, Peak:0.00M | Scene | Updating Images | Loading hood_grease_filter_panel_0.7_NORMAL
Fra:1 Mem:27.83M (Peak 37.04M) | Time:495477:30:24.57 | Mem:0.00M, Peak:0.00M | Scene | Synchronizing object | hood_grease_filter_panel_1.95
Fra:1 Mem:27.83M (Peak 37.04M) | Time:495477:30:24.57 | Mem:0.00M, Peak:0.00M | Scene | Initializing
Fra:1 Mem:27.83M (Peak 37.04M) | Time:495477:30:24.57 | Mem:0.00M, Peak:0.00M | Scene | Updating Images | Loading hood_grease_filter_panel_1.95_METAL
Fra:1 Mem:27.86M (Peak 37.04M) | Time:495477:30:24.58 | Mem:0.00M, Peak:0.00M | Scene | Synchronizing object | hood_grease_filter_panel_1.95
Fra:1 Mem:27.86M (Peak 37.04M) | Time:495477:30:24.58 | Mem:0.00M, Peak:0.00M | Scene | Initializing
Fra:1 Mem:27.86M (Peak 37.04M) | Time:495477:30:24.58 | Mem:0.00M, Peak:0.00M | Scene | Updating Images | Loading hood_grease_filter_panel_1.95_DIFFUSE
Fra:1 Mem:27.89M (Peak 37.07M) | Time:495477:30:24.59 | Mem:0.00M, Peak:0.00M | Scene | Synchronizing object | hood_grease_filter_panel_1.95
Fra:1 Mem:27.89M (Peak 37.07M) | Time:495477:30:24.59 | Mem:0.00M, Peak:0.00M | Scene | Initializing
Fra:1 Mem:27.88M (Peak 37.07M) | Time:495477:30:24.59 | Mem:0.00M, Peak:0.00M | Scene | Updating Images | Loading hood_grease_filter_panel_1.95_ROUGHNESS
Fra:1 Mem:27.91M (Peak 37.07M) | Time:495477:30:24.60 | Mem:0.00M, Peak:0.00M | Scene | Synchronizing object | hood_grease_filter_panel_1.95
Fra:1 Mem:27.91M (Peak 37.07M) | Time:495477:30:24.60 | Mem:0.00M, Peak:0.00M | Scene | Initializing
Fra:1 Mem:27.90M (Peak 37.07M) | Time:495477:30:24.60 | Mem:0.00M, Peak:0.00M | Scene | Updating Images | Loading hood_grease_filter_panel_1.95_NORMAL
Fra:1 Mem:27.91M (Peak 37.12M) | Time:495477:30:24.62 | Mem:0.00M, Peak:0.00M | Scene | Synchronizing object | maple_cutting_board_-0.65
Fra:1 Mem:27.91M (Peak 37.12M) | Time:495477:30:24.62 | Mem:0.00M, Peak:0.00M | Scene | Initializing
Fra:1 Mem:27.91M (Peak 37.12M) | Time:495477:30:24.62 | Mem:0.00M, Peak:0.00M | Scene | Updating Images | Loading maple_cutting_board_-0.65_DIFFUSE
Fra:1 Mem:27.93M (Peak 37.12M) | Time:495477:30:24.63 | Mem:0.00M, Peak:0.00M | Scene | Synchronizing object | maple_cutting_board_-0.65
Fra:1 Mem:27.94M (Peak 37.12M) | Time:495477:30:24.63 | Mem:0.00M, Peak:0.00M | Scene | Initializing
Fra:1 Mem:27.93M (Peak 37.12M) | Time:495477:30:24.63 | Mem:0.00M, Peak:0.00M | Scene | Updating Images | Loading maple_cutting_board_-0.65_ROUGHNESS
Fra:1 Mem:27.96M (Peak 37.12M) | Time:495477:30:24.64 | Mem:0.00M, Peak:0.00M | Scene | Synchronizing object | maple_cutting_board_-0.65
Fra:1 Mem:27.96M (Peak 37.12M) | Time:495477:30:24.64 | Mem:0.00M, Peak:0.00M | Scene | Initializing
Fra:1 Mem:27.95M (Peak 37.12M) | Time:495477:30:24.64 | Mem:0.00M, Peak:0.00M | Scene | Updating Images | Loading maple_cutting_board_-0.65_NORMAL
Fra:1 Mem:27.98M (Peak 37.17M) | Time:495477:30:24.66 | Mem:0.00M, Peak:0.00M | Scene | Synchronizing object | maple_cutting_board_-1.45
Fra:1 Mem:27.98M (Peak 37.17M) | Time:495477:30:24.66 | Mem:0.00M, Peak:0.00M | Scene | Initializing
Fra:1 Mem:27.97M (Peak 37.17M) | Time:495477:30:24.66 | Mem:0.00M, Peak:0.00M | Scene | Updating Images | Loading maple_cutting_board_-1.45_DIFFUSE
Fra:1 Mem:28.00M (Peak 37.19M) | Time:495477:30:24.67 | Mem:0.00M, Peak:0.00M | Scene | Synchronizing object | maple_cutting_board_-1.45
Fra:1 Mem:28.00M (Peak 37.19M) | Time:495477:30:24.67 | Mem:0.00M, Peak:0.00M | Scene | Initializing
Fra:1 Mem:28.00M (Peak 37.19M) | Time:495477:30:24.67 | Mem:0.00M, Peak:0.00M | Scene | Updating Images | Loading maple_cutting_board_-1.45_ROUGHNESS
Fra:1 Mem:28.02M (Peak 37.19M) | Time:495477:30:24.68 | Mem:0.00M, Peak:0.00M | Scene | Synchronizing object | maple_cutting_board_-1.45
Fra:1 Mem:28.02M (Peak 37.19M) | Time:495477:30:24.68 | Mem:0.00M, Peak:0.00M | Scene | Initializing
Fra:1 Mem:28.02M (Peak 37.19M) | Time:495477:30:24.68 | Mem:0.00M, Peak:0.00M | Scene | Updating Images | Loading maple_cutting_board_-1.45_NORMAL
Fra:1 Mem:28.04M (Peak 37.23M) | Time:495477:30:24.69 | Mem:0.00M, Peak:0.00M | Scene | Synchronizing object | maple_cutting_board_0.55
Fra:1 Mem:28.04M (Peak 37.23M) | Time:495477:30:24.69 | Mem:0.00M, Peak:0.00M | Scene | Initializing
Fra:1 Mem:28.04M (Peak 37.23M) | Time:495477:30:24.69 | Mem:0.00M, Peak:0.00M | Scene | Updating Images | Loading maple_cutting_board_0.55_DIFFUSE
Fra:1 Mem:28.06M (Peak 37.25M) | Time:495477:30:24.71 | Mem:0.00M, Peak:0.00M | Scene | Synchronizing object | maple_cutting_board_0.55
Fra:1 Mem:28.06M (Peak 37.25M) | Time:495477:30:24.71 | Mem:0.00M, Peak:0.00M | Scene | Initializing
Fra:1 Mem:28.06M (Peak 37.25M) | Time:495477:30:24.71 | Mem:0.00M, Peak:0.00M | Scene | Updating Images | Loading maple_cutting_board_0.55_ROUGHNESS
Fra:1 Mem:28.08M (Peak 37.25M) | Time:495477:30:24.72 | Mem:0.00M, Peak:0.00M | Scene | Synchronizing object | maple_cutting_board_0.55
Fra:1 Mem:28.09M (Peak 37.25M) | Time:495477:30:24.72 | Mem:0.00M, Peak:0.00M | Scene | Initializing
Fra:1 Mem:28.08M (Peak 37.25M) | Time:495477:30:24.72 | Mem:0.00M, Peak:0.00M | Scene | Updating Images | Loading maple_cutting_board_0.55_NORMAL
Fra:1 Mem:28.10M (Peak 37.29M) | Time:495477:30:24.73 | Mem:0.00M, Peak:0.00M | Scene | Synchronizing object | maple_cutting_board_1.38
Fra:1 Mem:28.11M (Peak 37.29M) | Time:495477:30:24.73 | Mem:0.00M, Peak:0.00M | Scene | Initializing
Fra:1 Mem:28.10M (Peak 37.29M) | Time:495477:30:24.73 | Mem:0.00M, Peak:0.00M | Scene | Updating Images | Loading maple_cutting_board_1.38_DIFFUSE
Fra:1 Mem:28.13M (Peak 37.31M) | Time:495477:30:24.75 | Mem:0.00M, Peak:0.00M | Scene | Synchronizing object | maple_cutting_board_1.38
Fra:1 Mem:28.13M (Peak 37.31M) | Time:495477:30:24.75 | Mem:0.00M, Peak:0.00M | Scene | Initializing
Fra:1 Mem:28.12M (Peak 37.31M) | Time:495477:30:24.75 | Mem:0.00M, Peak:0.00M | Scene | Updating Images | Loading maple_cutting_board_1.38_ROUGHNESS
Fra:1 Mem:28.15M (Peak 37.31M) | Time:495477:30:24.76 | Mem:0.00M, Peak:0.00M | Scene | Synchronizing object | maple_cutting_board_1.38
Fra:1 Mem:28.15M (Peak 37.31M) | Time:495477:30:24.76 | Mem:0.00M, Peak:0.00M | Scene | Initializing
Fra:1 Mem:28.15M (Peak 37.31M) | Time:495477:30:24.76 | Mem:0.00M, Peak:0.00M | Scene | Updating Images | Loading maple_cutting_board_1.38_NORMAL
Fra:1 Mem:28.18M (Peak 37.36M) | Time:495477:30:24.77 | Mem:0.00M, Peak:0.00M | Scene | Synchronizing object | north_prep_wall_with_service_door
Fra:1 Mem:28.19M (Peak 37.36M) | Time:495477:30:24.77 | Mem:0.00M, Peak:0.00M | Scene | Initializing
Fra:1 Mem:28.19M (Peak 37.36M) | Time:495477:30:24.77 | Mem:0.00M, Peak:0.00M | Scene | Updating Images | Loading north_prep_wall_with_service_door_DIFFUSE
Fra:1 Mem:28.20M (Peak 37.41M) | Time:495477:30:24.79 | Mem:0.00M, Peak:0.00M | Scene | Synchronizing object | north_prep_wall_with_service_door
Fra:1 Mem:28.21M (Peak 37.41M) | Time:495477:30:24.79 | Mem:0.00M, Peak:0.00M | Scene | Initializing
Fra:1 Mem:28.21M (Peak 37.41M) | Time:495477:30:24.79 | Mem:0.00M, Peak:0.00M | Scene | Updating Images | Loading north_prep_wall_with_service_door_ROUGHNESS
Fra:1 Mem:28.22M (Peak 37.41M) | Time:495477:30:24.80 | Mem:0.00M, Peak:0.00M | Scene | Synchronizing object | north_prep_wall_with_service_door
Fra:1 Mem:28.24M (Peak 37.41M) | Time:495477:30:24.80 | Mem:0.00M, Peak:0.00M | Scene | Initializing
Fra:1 Mem:28.23M (Peak 37.41M) | Time:495477:30:24.80 | Mem:0.00M, Peak:0.00M | Scene | Updating Images | Loading north_prep_wall_with_service_door_NORMAL
Fra:1 Mem:28.23M (Peak 37.46M) | Time:495477:30:24.81 | Mem:0.00M, Peak:0.00M | Scene | Synchronizing object | open_service_pass_counter
Fra:1 Mem:28.23M (Peak 37.46M) | Time:495477:30:24.81 | Mem:0.00M, Peak:0.00M | Scene | Initializing
Fra:1 Mem:28.22M (Peak 37.46M) | Time:495477:30:24.81 | Mem:0.00M, Peak:0.00M | Scene | Updating Images | Loading open_service_pass_counter_METAL
Fra:1 Mem:28.26M (Peak 37.46M) | Time:495477:30:24.83 | Mem:0.00M, Peak:0.00M | Scene | Synchronizing object | open_service_pass_counter
Fra:1 Mem:28.26M (Peak 37.46M) | Time:495477:30:24.83 | Mem:0.00M, Peak:0.00M | Scene | Initializing
Fra:1 Mem:28.25M (Peak 37.46M) | Time:495477:30:24.83 | Mem:0.00M, Peak:0.00M | Scene | Updating Images | Loading open_service_pass_counter_DIFFUSE
Fra:1 Mem:28.28M (Peak 37.47M) | Time:495477:30:24.84 | Mem:0.00M, Peak:0.00M | Scene | Synchronizing object | open_service_pass_counter
Fra:1 Mem:28.28M (Peak 37.47M) | Time:495477:30:24.84 | Mem:0.00M, Peak:0.00M | Scene | Initializing
Fra:1 Mem:28.28M (Peak 37.47M) | Time:495477:30:24.84 | Mem:0.00M, Peak:0.00M | Scene | Updating Images | Loading open_service_pass_counter_ROUGHNESS
Fra:1 Mem:28.30M (Peak 37.47M) | Time:495477:30:24.85 | Mem:0.00M, Peak:0.00M | Scene | Synchronizing object | open_service_pass_counter
Fra:1 Mem:28.30M (Peak 37.47M) | Time:495477:30:24.85 | Mem:0.00M, Peak:0.00M | Scene | Initializing
Fra:1 Mem:28.30M (Peak 37.47M) | Time:495477:30:24.85 | Mem:0.00M, Peak:0.00M | Scene | Updating Images | Loading open_service_pass_counter_NORMAL
Fra:1 Mem:28.31M (Peak 37.51M) | Time:495477:30:24.87 | Mem:0.00M, Peak:0.00M | Scene | Synchronizing object | plated_food_placeholder_-0.05
Fra:1 Mem:28.31M (Peak 37.51M) | Time:495477:30:24.87 | Mem:0.00M, Peak:0.00M | Scene | Initializing
Fra:1 Mem:28.30M (Peak 37.51M) | Time:495477:30:24.87 | Mem:0.00M, Peak:0.00M | Scene | Updating Images | Loading plated_food_placeholder_-0.05_DIFFUSE
Fra:1 Mem:28.33M (Peak 37.51M) | Time:495477:30:24.88 | Mem:0.00M, Peak:0.00M | Scene | Synchronizing object | plated_food_placeholder_-0.05
Fra:1 Mem:28.33M (Peak 37.51M) | Time:495477:30:24.88 | Mem:0.00M, Peak:0.00M | Scene | Initializing
Fra:1 Mem:28.33M (Peak 37.51M) | Time:495477:30:24.88 | Mem:0.00M, Peak:0.00M | Scene | Updating Images | Loading plated_food_placeholder_-0.05_ROUGHNESS
Fra:1 Mem:28.35M (Peak 37.51M) | Time:495477:30:24.89 | Mem:0.00M, Peak:0.00M | Scene | Synchronizing object | plated_food_placeholder_-0.05
Fra:1 Mem:28.35M (Peak 37.51M) | Time:495477:30:24.89 | Mem:0.00M, Peak:0.00M | Scene | Initializing
Fra:1 Mem:28.35M (Peak 37.51M) | Time:495477:30:24.89 | Mem:0.00M, Peak:0.00M | Scene | Updating Images | Loading plated_food_placeholder_-0.05_NORMAL
Fra:1 Mem:28.37M (Peak 37.56M) | Time:495477:30:24.91 | Mem:0.00M, Peak:0.00M | Scene | Synchronizing object | plated_food_placeholder_0.65
Fra:1 Mem:28.37M (Peak 37.56M) | Time:495477:30:24.91 | Mem:0.00M, Peak:0.00M | Scene | Initializing
Fra:1 Mem:28.37M (Peak 37.56M) | Time:495477:30:24.91 | Mem:0.00M, Peak:0.00M | Scene | Updating Images | Loading plated_food_placeholder_0.65_DIFFUSE
Fra:1 Mem:28.39M (Peak 37.58M) | Time:495477:30:24.92 | Mem:0.00M, Peak:0.00M | Scene | Synchronizing object | plated_food_placeholder_0.65
Fra:1 Mem:28.39M (Peak 37.58M) | Time:495477:30:24.92 | Mem:0.00M, Peak:0.00M | Scene | Initializing
Fra:1 Mem:28.39M (Peak 37.58M) | Time:495477:30:24.92 | Mem:0.00M, Peak:0.00M | Scene | Updating Images | Loading plated_food_placeholder_0.65_ROUGHNESS
Fra:1 Mem:28.41M (Peak 37.58M) | Time:495477:30:24.93 | Mem:0.00M, Peak:0.00M | Scene | Synchronizing object | plated_food_placeholder_0.65
Fra:1 Mem:28.41M (Peak 37.58M) | Time:495477:30:24.93 | Mem:0.00M, Peak:0.00M | Scene | Initializing
Fra:1 Mem:28.41M (Peak 37.58M) | Time:495477:30:24.93 | Mem:0.00M, Peak:0.00M | Scene | Updating Images | Loading plated_food_placeholder_0.65_NORMAL
Fra:1 Mem:28.46M (Peak 37.62M) | Time:495477:30:24.95 | Mem:0.00M, Peak:0.00M | Scene | Synchronizing object | plated_food_placeholder_1.35
Fra:1 Mem:28.47M (Peak 37.62M) | Time:495477:30:24.95 | Mem:0.00M, Peak:0.00M | Scene | Initializing
Fra:1 Mem:28.46M (Peak 37.62M) | Time:495477:30:24.95 | Mem:0.00M, Peak:0.00M | Scene | Updating Images | Loading plated_food_placeholder_1.35_DIFFUSE
Fra:1 Mem:28.49M (Peak 37.67M) | Time:495477:30:24.96 | Mem:0.00M, Peak:0.00M | Scene | Synchronizing object | plated_food_placeholder_1.35
Fra:1 Mem:28.49M (Peak 37.67M) | Time:495477:30:24.96 | Mem:0.00M, Peak:0.00M | Scene | Initializing
Fra:1 Mem:28.49M (Peak 37.67M) | Time:495477:30:24.96 | Mem:0.00M, Peak:0.00M | Scene | Updating Images | Loading plated_food_placeholder_1.35_ROUGHNESS
Fra:1 Mem:28.51M (Peak 37.67M) | Time:495477:30:24.97 | Mem:0.00M, Peak:0.00M | Scene | Synchronizing object | plated_food_placeholder_1.35
Fra:1 Mem:28.51M (Peak 37.67M) | Time:495477:30:24.97 | Mem:0.00M, Peak:0.00M | Scene | Initializing
Fra:1 Mem:28.51M (Peak 37.67M) | Time:495477:30:24.97 | Mem:0.00M, Peak:0.00M | Scene | Updating Images | Loading plated_food_placeholder_1.35_NORMAL
Fra:1 Mem:28.53M (Peak 37.72M) | Time:495477:30:24.99 | Mem:0.00M, Peak:0.00M | Scene | Synchronizing object | plated_food_placeholder_2.05
Fra:1 Mem:28.53M (Peak 37.72M) | Time:495477:30:24.99 | Mem:0.00M, Peak:0.00M | Scene | Initializing
Fra:1 Mem:28.53M (Peak 37.72M) | Time:495477:30:24.99 | Mem:0.00M, Peak:0.00M | Scene | Updating Images | Loading plated_food_placeholder_2.05_DIFFUSE
Fra:1 Mem:28.55M (Peak 37.74M) | Time:495477:30:25.00 | Mem:0.00M, Peak:0.00M | Scene | Synchronizing object | plated_food_placeholder_2.05
Fra:1 Mem:28.55M (Peak 37.74M) | Time:495477:30:25.00 | Mem:0.00M, Peak:0.00M | Scene | Initializing
Fra:1 Mem:28.55M (Peak 37.74M) | Time:495477:30:25.00 | Mem:0.00M, Peak:0.00M | Scene | Updating Images | Loading plated_food_placeholder_2.05_ROUGHNESS
Fra:1 Mem:28.58M (Peak 37.74M) | Time:495477:30:25.01 | Mem:0.00M, Peak:0.00M | Scene | Synchronizing object | plated_food_placeholder_2.05
Fra:1 Mem:28.58M (Peak 37.74M) | Time:495477:30:25.01 | Mem:0.00M, Peak:0.00M | Scene | Initializing
Fra:1 Mem:28.57M (Peak 37.74M) | Time:495477:30:25.01 | Mem:0.00M, Peak:0.00M | Scene | Updating Images | Loading plated_food_placeholder_2.05_NORMAL
Fra:1 Mem:28.59M (Peak 37.78M) | Time:495477:30:25.03 | Mem:0.00M, Peak:0.00M | Scene | Synchronizing object | real_high_kitchen_window_glass_0
Fra:1 Mem:28.59M (Peak 37.78M) | Time:495477:30:25.03 | Mem:0.00M, Peak:0.00M | Scene | Initializing
Fra:1 Mem:28.59M (Peak 37.78M) | Time:495477:30:25.03 | Mem:0.00M, Peak:0.00M | Scene | Updating Images | Loading real_high_kitchen_window_glass_0_TRANSMISSION
Fra:1 Mem:28.62M (Peak 37.80M) | Time:495477:30:25.04 | Mem:0.00M, Peak:0.00M | Scene | Synchronizing object | real_high_kitchen_window_glass_0
Fra:1 Mem:28.62M (Peak 37.80M) | Time:495477:30:25.04 | Mem:0.00M, Peak:0.00M | Scene | Initializing
Fra:1 Mem:28.61M (Peak 37.80M) | Time:495477:30:25.04 | Mem:0.00M, Peak:0.00M | Scene | Updating Images | Loading real_high_kitchen_window_glass_0_DIFFUSE
Fra:1 Mem:28.64M (Peak 37.83M) | Time:495477:30:25.05 | Mem:0.00M, Peak:0.00M | Scene | Synchronizing object | real_high_kitchen_window_glass_0
Fra:1 Mem:28.64M (Peak 37.83M) | Time:495477:30:25.05 | Mem:0.00M, Peak:0.00M | Scene | Initializing
Fra:1 Mem:28.64M (Peak 37.83M) | Time:495477:30:25.05 | Mem:0.00M, Peak:0.00M | Scene | Updating Images | Loading real_high_kitchen_window_glass_0_ROUGHNESS
Fra:1 Mem:28.66M (Peak 37.83M) | Time:495477:30:25.06 | Mem:0.00M, Peak:0.00M | Scene | Synchronizing object | real_high_kitchen_window_glass_0
Fra:1 Mem:28.66M (Peak 37.83M) | Time:495477:30:25.06 | Mem:0.00M, Peak:0.00M | Scene | Initializing
Fra:1 Mem:28.66M (Peak 37.83M) | Time:495477:30:25.06 | Mem:0.00M, Peak:0.00M | Scene | Updating Images | Loading real_high_kitchen_window_glass_0_NORMAL
Fra:1 Mem:28.68M (Peak 37.87M) | Time:495477:30:25.07 | Mem:0.00M, Peak:0.00M | Scene | Synchronizing object | real_high_kitchen_window_glass_1
Fra:1 Mem:28.68M (Peak 37.87M) | Time:495477:30:25.07 | Mem:0.00M, Peak:0.00M | Scene | Initializing
Fra:1 Mem:28.67M (Peak 37.87M) | Time:495477:30:25.07 | Mem:0.00M, Peak:0.00M | Scene | Updating Images | Loading real_high_kitchen_window_glass_1_TRANSMISSION
Fra:1 Mem:28.70M (Peak 37.89M) | Time:495477:30:25.08 | Mem:0.00M, Peak:0.00M | Scene | Synchronizing object | real_high_kitchen_window_glass_1
Fra:1 Mem:28.70M (Peak 37.89M) | Time:495477:30:25.08 | Mem:0.00M, Peak:0.00M | Scene | Initializing
Fra:1 Mem:28.70M (Peak 37.89M) | Time:495477:30:25.08 | Mem:0.00M, Peak:0.00M | Scene | Updating Images | Loading real_high_kitchen_window_glass_1_DIFFUSE
Fra:1 Mem:28.72M (Peak 37.91M) | Time:495477:30:25.09 | Mem:0.00M, Peak:0.00M | Scene | Synchronizing object | real_high_kitchen_window_glass_1
Fra:1 Mem:28.72M (Peak 37.91M) | Time:495477:30:25.09 | Mem:0.00M, Peak:0.00M | Scene | Initializing
Fra:1 Mem:28.72M (Peak 37.91M) | Time:495477:30:25.09 | Mem:0.00M, Peak:0.00M | Scene | Updating Images | Loading real_high_kitchen_window_glass_1_ROUGHNESS
Fra:1 Mem:28.74M (Peak 37.91M) | Time:495477:30:25.11 | Mem:0.00M, Peak:0.00M | Scene | Synchronizing object | real_high_kitchen_window_glass_1
Fra:1 Mem:28.75M (Peak 37.91M) | Time:495477:30:25.11 | Mem:0.00M, Peak:0.00M | Scene | Initializing
Fra:1 Mem:28.74M (Peak 37.91M) | Time:495477:30:25.11 | Mem:0.00M, Peak:0.00M | Scene | Updating Images | Loading real_high_kitchen_window_glass_1_NORMAL
Fra:1 Mem:28.75M (Peak 37.95M) | Time:495477:30:25.12 | Mem:0.00M, Peak:0.00M | Scene | Synchronizing object | real_high_kitchen_window_glass_2
Fra:1 Mem:28.75M (Peak 37.95M) | Time:495477:30:25.12 | Mem:0.00M, Peak:0.00M | Scene | Initializing
Fra:1 Mem:28.75M (Peak 37.95M) | Time:495477:30:25.12 | Mem:0.00M, Peak:0.00M | Scene | Updating Images | Loading real_high_kitchen_window_glass_2_TRANSMISSION
Fra:1 Mem:28.77M (Peak 37.96M) | Time:495477:30:25.13 | Mem:0.00M, Peak:0.00M | Scene | Synchronizing object | real_high_kitchen_window_glass_2
Fra:1 Mem:28.77M (Peak 37.96M) | Time:495477:30:25.13 | Mem:0.00M, Peak:0.00M | Scene | Initializing
Fra:1 Mem:28.77M (Peak 37.96M) | Time:495477:30:25.13 | Mem:0.00M, Peak:0.00M | Scene | Updating Images | Loading real_high_kitchen_window_glass_2_DIFFUSE
Fra:1 Mem:28.79M (Peak 37.98M) | Time:495477:30:25.14 | Mem:0.00M, Peak:0.00M | Scene | Synchronizing object | real_high_kitchen_window_glass_2
Fra:1 Mem:28.79M (Peak 37.98M) | Time:495477:30:25.14 | Mem:0.00M, Peak:0.00M | Scene | Initializing
Fra:1 Mem:28.79M (Peak 37.98M) | Time:495477:30:25.14 | Mem:0.00M, Peak:0.00M | Scene | Updating Images | Loading real_high_kitchen_window_glass_2_ROUGHNESS
Fra:1 Mem:28.82M (Peak 37.98M) | Time:495477:30:25.15 | Mem:0.00M, Peak:0.00M | Scene | Synchronizing object | real_high_kitchen_window_glass_2
Fra:1 Mem:28.82M (Peak 37.98M) | Time:495477:30:25.15 | Mem:0.00M, Peak:0.00M | Scene | Initializing
Fra:1 Mem:28.81M (Peak 37.98M) | Time:495477:30:25.15 | Mem:0.00M, Peak:0.00M | Scene | Updating Images | Loading real_high_kitchen_window_glass_2_NORMAL
Fra:1 Mem:28.82M (Peak 38.02M) | Time:495477:30:25.17 | Mem:0.00M, Peak:0.00M | Scene | Synchronizing object | real_high_kitchen_window_glass_3
Fra:1 Mem:28.82M (Peak 38.02M) | Time:495477:30:25.17 | Mem:0.00M, Peak:0.00M | Scene | Initializing
Fra:1 Mem:28.82M (Peak 38.02M) | Time:495477:30:25.17 | Mem:0.00M, Peak:0.00M | Scene | Updating Images | Loading real_high_kitchen_window_glass_3_TRANSMISSION
Fra:1 Mem:28.84M (Peak 38.03M) | Time:495477:30:25.18 | Mem:0.00M, Peak:0.00M | Scene | Synchronizing object | real_high_kitchen_window_glass_3
Fra:1 Mem:28.84M (Peak 38.03M) | Time:495477:30:25.18 | Mem:0.00M, Peak:0.00M | Scene | Initializing
Fra:1 Mem:28.84M (Peak 38.03M) | Time:495477:30:25.18 | Mem:0.00M, Peak:0.00M | Scene | Updating Images | Loading real_high_kitchen_window_glass_3_DIFFUSE
Fra:1 Mem:28.86M (Peak 38.05M) | Time:495477:30:25.19 | Mem:0.00M, Peak:0.00M | Scene | Synchronizing object | real_high_kitchen_window_glass_3
Fra:1 Mem:28.87M (Peak 38.05M) | Time:495477:30:25.19 | Mem:0.00M, Peak:0.00M | Scene | Initializing
Fra:1 Mem:28.86M (Peak 38.05M) | Time:495477:30:25.19 | Mem:0.00M, Peak:0.00M | Scene | Updating Images | Loading real_high_kitchen_window_glass_3_ROUGHNESS
Fra:1 Mem:28.89M (Peak 38.05M) | Time:495477:30:25.20 | Mem:0.00M, Peak:0.00M | Scene | Synchronizing object | real_high_kitchen_window_glass_3
Fra:1 Mem:28.89M (Peak 38.05M) | Time:495477:30:25.20 | Mem:0.00M, Peak:0.00M | Scene | Initializing
Fra:1 Mem:28.88M (Peak 38.05M) | Time:495477:30:25.20 | Mem:0.00M, Peak:0.00M | Scene | Updating Images | Loading real_high_kitchen_window_glass_3_NORMAL
Fra:1 Mem:28.89M (Peak 38.10M) | Time:495477:30:25.22 | Mem:0.00M, Peak:0.00M | Scene | Synchronizing object | rear_receiving_door_metal_panel
Fra:1 Mem:28.90M (Peak 38.10M) | Time:495477:30:25.22 | Mem:0.00M, Peak:0.00M | Scene | Initializing
Fra:1 Mem:28.90M (Peak 38.10M) | Time:495477:30:25.22 | Mem:0.00M, Peak:0.00M | Scene | Updating Images | Loading rear_receiving_door_metal_panel_METAL
Fra:1 Mem:28.92M (Peak 38.12M) | Time:495477:30:25.23 | Mem:0.00M, Peak:0.00M | Scene | Synchronizing object | rear_receiving_door_metal_panel
Fra:1 Mem:28.94M (Peak 38.12M) | Time:495477:30:25.23 | Mem:0.00M, Peak:0.00M | Scene | Initializing
Fra:1 Mem:28.93M (Peak 38.12M) | Time:495477:30:25.23 | Mem:0.00M, Peak:0.00M | Scene | Updating Images | Loading rear_receiving_door_metal_panel_DIFFUSE
Fra:1 Mem:28.95M (Peak 38.16M) | Time:495477:30:25.24 | Mem:0.00M, Peak:0.00M | Scene | Synchronizing object | rear_receiving_door_metal_panel
Fra:1 Mem:28.96M (Peak 38.16M) | Time:495477:30:25.24 | Mem:0.00M, Peak:0.00M | Scene | Initializing
Fra:1 Mem:28.95M (Peak 38.16M) | Time:495477:30:25.24 | Mem:0.00M, Peak:0.00M | Scene | Updating Images | Loading rear_receiving_door_metal_panel_ROUGHNESS
Fra:1 Mem:28.97M (Peak 38.16M) | Time:495477:30:25.26 | Mem:0.00M, Peak:0.00M | Scene | Synchronizing object | rear_receiving_door_metal_panel
Fra:1 Mem:28.98M (Peak 38.16M) | Time:495477:30:25.26 | Mem:0.00M, Peak:0.00M | Scene | Initializing
Fra:1 Mem:28.98M (Peak 38.16M) | Time:495477:30:25.26 | Mem:0.00M, Peak:0.00M | Scene | Updating Images | Loading rear_receiving_door_metal_panel_NORMAL
Fra:1 Mem:28.96M (Peak 38.20M) | Time:495477:30:25.27 | Mem:0.00M, Peak:0.00M | Scene | Synchronizing object | receiving_door_pull_bar
Fra:1 Mem:28.96M (Peak 38.20M) | Time:495477:30:25.27 | Mem:0.00M, Peak:0.00M | Scene | Initializing
Fra:1 Mem:28.96M (Peak 38.20M) | Time:495477:30:25.27 | Mem:0.00M, Peak:0.00M | Scene | Updating Images | Loading receiving_door_pull_bar_METAL
Fra:1 Mem:28.99M (Peak 38.20M) | Time:495477:30:25.28 | Mem:0.00M, Peak:0.00M | Scene | Synchronizing object | receiving_door_pull_bar
Fra:1 Mem:28.99M (Peak 38.20M) | Time:495477:30:25.28 | Mem:0.00M, Peak:0.00M | Scene | Initializing
Fra:1 Mem:28.99M (Peak 38.20M) | Time:495477:30:25.28 | Mem:0.00M, Peak:0.00M | Scene | Updating Images | Loading receiving_door_pull_bar_DIFFUSE
Fra:1 Mem:29.01M (Peak 38.20M) | Time:495477:30:25.29 | Mem:0.00M, Peak:0.00M | Scene | Synchronizing object | receiving_door_pull_bar
Fra:1 Mem:29.01M (Peak 38.20M) | Time:495477:30:25.29 | Mem:0.00M, Peak:0.00M | Scene | Initializing
Fra:1 Mem:29.01M (Peak 38.20M) | Time:495477:30:25.29 | Mem:0.00M, Peak:0.00M | Scene | Updating Images | Loading receiving_door_pull_bar_ROUGHNESS
Fra:1 Mem:29.03M (Peak 38.20M) | Time:495477:30:25.30 | Mem:0.00M, Peak:0.00M | Scene | Synchronizing object | receiving_door_pull_bar
Fra:1 Mem:29.03M (Peak 38.20M) | Time:495477:30:25.30 | Mem:0.00M, Peak:0.00M | Scene | Initializing
Fra:1 Mem:29.03M (Peak 38.20M) | Time:495477:30:25.30 | Mem:0.00M, Peak:0.00M | Scene | Updating Images | Loading receiving_door_pull_bar_NORMAL
Fra:1 Mem:29.03M (Peak 38.24M) | Time:495477:30:25.32 | Mem:0.00M, Peak:0.00M | Scene | Synchronizing object | rolling_speed_rack_frame_0
Fra:1 Mem:29.03M (Peak 38.24M) | Time:495477:30:25.32 | Mem:0.00M, Peak:0.00M | Scene | Initializing
Fra:1 Mem:29.03M (Peak 38.24M) | Time:495477:30:25.32 | Mem:0.00M, Peak:0.00M | Scene | Updating Images | Loading rolling_speed_rack_frame_0_METAL
Info: Baking map saved to internal image, save it externally or pack it
Info: Baking map saved to internal image, save it externally or pack it
Info: Baking map saved to internal image, save it externally or pack it
Info: Baking map saved to internal image, save it externally or pack it
Info: Baking map saved to internal image, save it externally or pack it
Info: Baking map saved to internal image, save it externally or pack it
Info: Baking map saved to internal image, save it externally or pack it
Info: Baking map saved to internal image, save it externally or pack it
Info: Baking map saved to internal image, save it externally or pack it
Info: Baking map saved to internal image, save it externally or pack it
Info: Baking map saved to internal image, save it externally or pack it
Info: Baking map saved to internal image, save it externally or pack it
Info: Baking map saved to internal image, save it externally or pack it
Info: Baking map saved to internal image, save it externally or pack it
Info: Baking map saved to internal image, save it externally or pack it
Info: Baking map saved to internal image, save it externally or pack it
Info: Baking map saved to internal image, save it externally or pack it
Info: Baking map saved to internal image, save it externally or pack it
Info: Baking map saved to internal image, save it externally or pack it
Info: Baking map saved to internal image, save it externally or pack it
Info: Baking map saved to internal image, save it externally or pack it
Info: Baking map saved to internal image, save it externally or pack it
Info: Baking map saved to internal image, save it externally or pack it
Info: Baking map saved to internal image, save it externally or pack it
Info: Baking map saved to internal image, save it externally or pack it
Info: Baking map saved to internal image, save it externally or pack it
Info: Baking map saved to internal image, save it externally or pack it
Info: Baking map saved to internal image, save it externally or pack it
Info: Baking map saved to internal image, save it externally or pack it
Info: Baking map saved to internal image, save it externally or pack it
Info: Baking map saved to internal image, save it externally or pack it
Info: Baking map saved to internal image, save it externally or pack it
Info: Baking map saved to internal image, save it externally or pack it
Info: Baking map saved to internal image, save it externally or pack it
Info: Baking map saved to internal image, save it externally or pack it
Info: Baking map saved to internal image, save it externally or pack it
Info: Baking map saved to internal image, save it externally or pack it
Info: Baking map saved to internal image, save it externally or pack it
Info: Baking map saved to internal image, save it externally or pack it
Info: Baking map saved to internal image, save it externally or pack it
Info: Baking map saved to internal image, save it externally or pack it
Info: Baking map saved to internal image, save it externally or pack it
Info: Baking map saved to internal image, save it externally or pack it
Info: Baking map saved to internal image, save it externally or pack it
Info: Baking map saved to internal image, save it externally or pack it
Info: Baking map saved to internal image, save it externally or pack it
Info: Baking map saved to internal image, save it externally or pack it
Info: Baking map saved to internal image, save it externally or pack it
Info: Baking map saved to internal image, save it externally or pack it
Info: Baking map saved to internal image, save it externally or pack it
Info: Baking map saved to internal image, save it externally or pack it
Info: Baking map saved to internal image, save it externally or pack it
Info: Baking map saved to internal image, save it externally or pack it
Info: Baking map saved to internal image, save it externally or pack it
Info: Baking map saved to internal image, save it externally or pack it
Info: Baking map saved to internal image, save it externally or pack it
Info: Baking map saved to internal image, save it externally or pack it
Info: Baking map saved to internal image, save it externally or pack it
Info: Baking map saved to internal image, save it externally or pack it
Info: Baking map saved to internal image, save it externally or pack it
Info: Baking map saved to internal image, save it externally or pack it
Info: Baking map saved to internal image, save it externally or pack it
Info: Baking map saved to internal image, save it externally or pack it
Info: Baking map saved to internal image, save it externally or pack it
Info: Baking map saved to internal image, save it externally or pack it
Info: Baking map saved to internal image, save it externally or pack it
Info: Baking map saved to internal image, save it externally or pack it
Info: Baking map saved to internal image, save it externally or pack it
Info: Baking map saved to internal image, save it externally or pack it
Info: Baking map saved to internal image, save it externally or pack it
Info: Baking map saved to internal image, save it externally or pack it
Info: Baking map saved to internal image, save it externally or pack it
Info: Baking map saved to internal image, save it externally or pack it
Info: Baking map saved to internal image, save it externally or pack it
Info: Baking map saved to internal image, save it externally or pack it
Info: Baking map saved to internal image, save it externally or pack it
Info: Baking map saved to internal image, save it externally or pack it
Info: Baking map saved to internal image, save it externally or pack it
Info: Baking map saved to internal image, save it externally or pack it
Info: Baking map saved to internal image, save it externally or pack it
Info: Baking map saved to internal image, save it externally or pack it
Info: Baking map saved to internal image, save it externally or pack it
Info: Baking map saved to internal image, save it externally or pack it
Info: Baking map saved to internal image, save it externally or pack it
Info: Baking map saved to internal image, save it externally or pack it
Info: Baking map saved to internal image, save it externally or pack it
Info: Baking map saved to internal image, save it externally or pack it
Info: Baking map saved to internal image, save it externally or pack it
Info: Baking map saved to internal image, save it externally or pack it
Info: Baking map saved to internal image, save it externally or pack it
Info: Baking map saved to internal image, save it externally or pack it
Info: Baking map saved to internal image, save it externally or pack it
Info: Baking map saved to internal image, save it externally or pack it
Info: Baking map saved to internal image, save it externally or pack it
Info: Baking map saved to internal image, save it externally or pack it
Info: Baking map saved to internal image, save it externally or pack it
Info: Baking map saved to internal image, save it externally or pack it
Info: Baking map saved to internal image, save it externally or pack it
Info: Baking map saved to internal image, save it externally or pack it
Info: Baking map saved to internal image, save it externally or pack it
Info: Baking map saved to internal image, save it externally or pack it
Info: Baking map saved to internal image, save it externally or pack it
Info: Baking map saved to internal image, save it externally or pack it
Info: Baking map saved to internal image, save it externally or pack it
Info: Baking map saved to internal image, save it externally or pack it
Info: Baking map saved to internal image, save it externally or pack it
Info: Baking map saved to internal image, save it externally or pack it
Info: Baking map saved to internal image, save it externally or pack it
Info: Baking map saved to internal image, save it externally or pack it
Info: Baking map saved to internal image, save it externally or pack it
Info: Baking map saved to internal image, save it externally or pack it
Info: Baking map saved to internal image, save it externally or pack it
Info: Baking map saved to internal image, save it externally or pack it
Info: Baking map saved to internal image, save it externally or pack it
Fra:1 Mem:29.06M (Peak 38.24M) | Time:495477:30:25.33 | Mem:0.00M, Peak:0.00M | Scene | Synchronizing object | rolling_speed_rack_frame_0
Fra:1 Mem:29.06M (Peak 38.24M) | Time:495477:30:25.33 | Mem:0.00M, Peak:0.00M | Scene | Initializing
Fra:1 Mem:29.06M (Peak 38.24M) | Time:495477:30:25.33 | Mem:0.00M, Peak:0.00M | Scene | Updating Images | Loading rolling_speed_rack_frame_0_DIFFUSE
Fra:1 Mem:29.08M (Peak 38.27M) | Time:495477:30:25.34 | Mem:0.00M, Peak:0.00M | Scene | Synchronizing object | rolling_speed_rack_frame_0
Fra:1 Mem:29.08M (Peak 38.27M) | Time:495477:30:25.34 | Mem:0.00M, Peak:0.00M | Scene | Initializing
Fra:1 Mem:29.08M (Peak 38.27M) | Time:495477:30:25.34 | Mem:0.00M, Peak:0.00M | Scene | Updating Images | Loading rolling_speed_rack_frame_0_ROUGHNESS
Fra:1 Mem:29.10M (Peak 38.27M) | Time:495477:30:25.35 | Mem:0.00M, Peak:0.00M | Scene | Synchronizing object | rolling_speed_rack_frame_0
Fra:1 Mem:29.10M (Peak 38.27M) | Time:495477:30:25.35 | Mem:0.00M, Peak:0.00M | Scene | Initializing
Fra:1 Mem:29.10M (Peak 38.27M) | Time:495477:30:25.35 | Mem:0.00M, Peak:0.00M | Scene | Updating Images | Loading rolling_speed_rack_frame_0_NORMAL
Fra:1 Mem:29.10M (Peak 38.31M) | Time:495477:30:25.37 | Mem:0.00M, Peak:0.00M | Scene | Synchronizing object | rolling_speed_rack_frame_1
Fra:1 Mem:29.10M (Peak 38.31M) | Time:495477:30:25.37 | Mem:0.00M, Peak:0.00M | Scene | Initializing
Fra:1 Mem:29.10M (Peak 38.31M) | Time:495477:30:25.37 | Mem:0.00M, Peak:0.00M | Scene | Updating Images | Loading rolling_speed_rack_frame_1_METAL
Fra:1 Mem:29.13M (Peak 38.31M) | Time:495477:30:25.38 | Mem:0.00M, Peak:0.00M | Scene | Synchronizing object | rolling_speed_rack_frame_1
Fra:1 Mem:29.13M (Peak 38.31M) | Time:495477:30:25.38 | Mem:0.00M, Peak:0.00M | Scene | Initializing
Fra:1 Mem:29.13M (Peak 38.31M) | Time:495477:30:25.38 | Mem:0.00M, Peak:0.00M | Scene | Updating Images | Loading rolling_speed_rack_frame_1_DIFFUSE
Fra:1 Mem:29.15M (Peak 38.34M) | Time:495477:30:25.39 | Mem:0.00M, Peak:0.00M | Scene | Synchronizing object | rolling_speed_rack_frame_1
Fra:1 Mem:29.15M (Peak 38.34M) | Time:495477:30:25.39 | Mem:0.00M, Peak:0.00M | Scene | Initializing
Fra:1 Mem:29.15M (Peak 38.34M) | Time:495477:30:25.39 | Mem:0.00M, Peak:0.00M | Scene | Updating Images | Loading rolling_speed_rack_frame_1_ROUGHNESS
Fra:1 Mem:29.18M (Peak 38.34M) | Time:495477:30:25.40 | Mem:0.00M, Peak:0.00M | Scene | Synchronizing object | rolling_speed_rack_frame_1
Fra:1 Mem:29.18M (Peak 38.34M) | Time:495477:30:25.40 | Mem:0.00M, Peak:0.00M | Scene | Initializing
Fra:1 Mem:29.17M (Peak 38.34M) | Time:495477:30:25.40 | Mem:0.00M, Peak:0.00M | Scene | Updating Images | Loading rolling_speed_rack_frame_1_NORMAL
Fra:1 Mem:29.17M (Peak 38.38M) | Time:495477:30:25.42 | Mem:0.00M, Peak:0.00M | Scene | Synchronizing object | rolling_speed_rack_frame_2
Fra:1 Mem:29.17M (Peak 38.38M) | Time:495477:30:25.42 | Mem:0.00M, Peak:0.00M | Scene | Initializing
Fra:1 Mem:29.17M (Peak 38.38M) | Time:495477:30:25.42 | Mem:0.00M, Peak:0.00M | Scene | Updating Images | Loading rolling_speed_rack_frame_2_METAL
Fra:1 Mem:29.20M (Peak 38.38M) | Time:495477:30:25.43 | Mem:0.00M, Peak:0.00M | Scene | Synchronizing object | rolling_speed_rack_frame_2
Fra:1 Mem:29.20M (Peak 38.38M) | Time:495477:30:25.43 | Mem:0.00M, Peak:0.00M | Scene | Initializing
Fra:1 Mem:29.20M (Peak 38.38M) | Time:495477:30:25.43 | Mem:0.00M, Peak:0.00M | Scene | Updating Images | Loading rolling_speed_rack_frame_2_DIFFUSE
Fra:1 Mem:29.22M (Peak 38.41M) | Time:495477:30:25.44 | Mem:0.00M, Peak:0.00M | Scene | Synchronizing object | rolling_speed_rack_frame_2
Fra:1 Mem:29.23M (Peak 38.41M) | Time:495477:30:25.44 | Mem:0.00M, Peak:0.00M | Scene | Initializing
Fra:1 Mem:29.22M (Peak 38.41M) | Time:495477:30:25.44 | Mem:0.00M, Peak:0.00M | Scene | Updating Images | Loading rolling_speed_rack_frame_2_ROUGHNESS
Fra:1 Mem:29.25M (Peak 38.41M) | Time:495477:30:25.45 | Mem:0.00M, Peak:0.00M | Scene | Synchronizing object | rolling_speed_rack_frame_2
Fra:1 Mem:29.25M (Peak 38.41M) | Time:495477:30:25.45 | Mem:0.00M, Peak:0.00M | Scene | Initializing
Fra:1 Mem:29.24M (Peak 38.41M) | Time:495477:30:25.45 | Mem:0.00M, Peak:0.00M | Scene | Updating Images | Loading rolling_speed_rack_frame_2_NORMAL
Fra:1 Mem:29.24M (Peak 38.46M) | Time:495477:30:25.47 | Mem:0.00M, Peak:0.00M | Scene | Synchronizing object | rolling_speed_rack_frame_3
Fra:1 Mem:29.24M (Peak 38.46M) | Time:495477:30:25.47 | Mem:0.00M, Peak:0.00M | Scene | Initializing
Fra:1 Mem:29.24M (Peak 38.46M) | Time:495477:30:25.47 | Mem:0.00M, Peak:0.00M | Scene | Updating Images | Loading rolling_speed_rack_frame_3_METAL
Fra:1 Mem:29.28M (Peak 38.46M) | Time:495477:30:25.48 | Mem:0.00M, Peak:0.00M | Scene | Synchronizing object | rolling_speed_rack_frame_3
Fra:1 Mem:29.28M (Peak 38.46M) | Time:495477:30:25.48 | Mem:0.00M, Peak:0.00M | Scene | Initializing
Fra:1 Mem:29.27M (Peak 38.46M) | Time:495477:30:25.48 | Mem:0.00M, Peak:0.00M | Scene | Updating Images | Loading rolling_speed_rack_frame_3_DIFFUSE
Fra:1 Mem:29.30M (Peak 38.48M) | Time:495477:30:25.49 | Mem:0.00M, Peak:0.00M | Scene | Synchronizing object | rolling_speed_rack_frame_3
Fra:1 Mem:29.30M (Peak 38.48M) | Time:495477:30:25.49 | Mem:0.00M, Peak:0.00M | Scene | Initializing
Fra:1 Mem:29.29M (Peak 38.48M) | Time:495477:30:25.49 | Mem:0.00M, Peak:0.00M | Scene | Updating Images | Loading rolling_speed_rack_frame_3_ROUGHNESS
Fra:1 Mem:29.32M (Peak 38.48M) | Time:495477:30:25.50 | Mem:0.00M, Peak:0.00M | Scene | Synchronizing object | rolling_speed_rack_frame_3
Fra:1 Mem:29.32M (Peak 38.48M) | Time:495477:30:25.50 | Mem:0.00M, Peak:0.00M | Scene | Initializing
Fra:1 Mem:29.32M (Peak 38.48M) | Time:495477:30:25.50 | Mem:0.00M, Peak:0.00M | Scene | Updating Images | Loading rolling_speed_rack_frame_3_NORMAL
Fra:1 Mem:29.32M (Peak 38.53M) | Time:495477:30:25.52 | Mem:0.00M, Peak:0.00M | Scene | Synchronizing object | secondary_dim_fixture_lens_0
Fra:1 Mem:29.32M (Peak 38.53M) | Time:495477:30:25.52 | Mem:0.00M, Peak:0.00M | Scene | Initializing
Fra:1 Mem:29.32M (Peak 38.53M) | Time:495477:30:25.52 | Mem:0.00M, Peak:0.00M | Scene | Updating Images | Loading secondary_dim_fixture_lens_0_DIFFUSE
Fra:1 Mem:29.35M (Peak 38.53M) | Time:495477:30:25.53 | Mem:0.00M, Peak:0.00M | Scene | Synchronizing object | secondary_dim_fixture_lens_0
Fra:1 Mem:29.35M (Peak 38.53M) | Time:495477:30:25.53 | Mem:0.00M, Peak:0.00M | Scene | Initializing
Fra:1 Mem:29.34M (Peak 38.53M) | Time:495477:30:25.53 | Mem:0.00M, Peak:0.00M | Scene | Updating Images | Loading secondary_dim_fixture_lens_0_ROUGHNESS
Fra:1 Mem:29.37M (Peak 38.53M) | Time:495477:30:25.54 | Mem:0.00M, Peak:0.00M | Scene | Synchronizing object | secondary_dim_fixture_lens_0
Fra:1 Mem:29.37M (Peak 38.53M) | Time:495477:30:25.54 | Mem:0.00M, Peak:0.00M | Scene | Initializing
Fra:1 Mem:29.36M (Peak 38.53M) | Time:495477:30:25.54 | Mem:0.00M, Peak:0.00M | Scene | Updating Images | Loading secondary_dim_fixture_lens_0_NORMAL
Fra:1 Mem:29.39M (Peak 38.58M) | Time:495477:30:25.55 | Mem:0.00M, Peak:0.00M | Scene | Synchronizing object | secondary_dim_fixture_lens_1
Fra:1 Mem:29.39M (Peak 38.58M) | Time:495477:30:25.55 | Mem:0.00M, Peak:0.00M | Scene | Initializing
Fra:1 Mem:29.38M (Peak 38.58M) | Time:495477:30:25.55 | Mem:0.00M, Peak:0.00M | Scene | Updating Images | Loading secondary_dim_fixture_lens_1_DIFFUSE
Fra:1 Mem:29.41M (Peak 38.60M) | Time:495477:30:25.56 | Mem:0.00M, Peak:0.00M | Scene | Synchronizing object | secondary_dim_fixture_lens_1
Fra:1 Mem:29.41M (Peak 38.60M) | Time:495477:30:25.57 | Mem:0.00M, Peak:0.00M | Scene | Initializing
Fra:1 Mem:29.41M (Peak 38.60M) | Time:495477:30:25.57 | Mem:0.00M, Peak:0.00M | Scene | Updating Images | Loading secondary_dim_fixture_lens_1_ROUGHNESS
Fra:1 Mem:29.43M (Peak 38.60M) | Time:495477:30:25.58 | Mem:0.00M, Peak:0.00M | Scene | Synchronizing object | secondary_dim_fixture_lens_1
Fra:1 Mem:29.43M (Peak 38.60M) | Time:495477:30:25.58 | Mem:0.00M, Peak:0.00M | Scene | Initializing
Fra:1 Mem:29.43M (Peak 38.60M) | Time:495477:30:25.58 | Mem:0.00M, Peak:0.00M | Scene | Updating Images | Loading secondary_dim_fixture_lens_1_NORMAL
Fra:1 Mem:29.46M (Peak 38.64M) | Time:495477:30:25.59 | Mem:0.00M, Peak:0.00M | Scene | Synchronizing object | service_alley_slab_visible_through_windows
Fra:1 Mem:29.47M (Peak 38.64M) | Time:495477:30:25.59 | Mem:0.00M, Peak:0.00M | Scene | Initializing
Fra:1 Mem:29.47M (Peak 38.64M) | Time:495477:30:25.59 | Mem:0.00M, Peak:0.00M | Scene | Updating Images | Loading service_alley_slab_visible_through_windows_DIFFUSE
Fra:1 Mem:29.48M (Peak 38.69M) | Time:495477:30:25.60 | Mem:0.00M, Peak:0.00M | Scene | Synchronizing object | service_alley_slab_visible_through_windows
Fra:1 Mem:29.50M (Peak 38.69M) | Time:495477:30:25.60 | Mem:0.00M, Peak:0.00M | Scene | Initializing
Fra:1 Mem:29.49M (Peak 38.69M) | Time:495477:30:25.60 | Mem:0.00M, Peak:0.00M | Scene | Updating Images | Loading service_alley_slab_visible_through_windows_ROUGHNESS
Fra:1 Mem:29.51M (Peak 38.69M) | Time:495477:30:25.61 | Mem:0.00M, Peak:0.00M | Scene | Synchronizing object | service_alley_slab_visible_through_windows
Fra:1 Mem:29.52M (Peak 38.69M) | Time:495477:30:25.62 | Mem:0.00M, Peak:0.00M | Scene | Initializing
Fra:1 Mem:29.51M (Peak 38.69M) | Time:495477:30:25.62 | Mem:0.00M, Peak:0.00M | Scene | Updating Images | Loading service_alley_slab_visible_through_windows_NORMAL
Fra:1 Mem:29.52M (Peak 38.74M) | Time:495477:30:25.63 | Mem:0.00M, Peak:0.00M | Scene | Synchronizing object | service_pass_heat_lamp_lens
Fra:1 Mem:29.52M (Peak 38.74M) | Time:495477:30:25.63 | Mem:0.00M, Peak:0.00M | Scene | Initializing
Fra:1 Mem:29.51M (Peak 38.74M) | Time:495477:30:25.63 | Mem:0.00M, Peak:0.00M | Scene | Updating Images | Loading service_pass_heat_lamp_lens_DIFFUSE
Fra:1 Mem:29.54M (Peak 38.74M) | Time:495477:30:25.64 | Mem:0.00M, Peak:0.00M | Scene | Synchronizing object | service_pass_heat_lamp_lens
Fra:1 Mem:29.54M (Peak 38.74M) | Time:495477:30:25.64 | Mem:0.00M, Peak:0.00M | Scene | Initializing
Fra:1 Mem:29.54M (Peak 38.74M) | Time:495477:30:25.64 | Mem:0.00M, Peak:0.00M | Scene | Updating Images | Loading service_pass_heat_lamp_lens_ROUGHNESS
Fra:1 Mem:29.56M (Peak 38.74M) | Time:495477:30:25.65 | Mem:0.00M, Peak:0.00M | Scene | Synchronizing object | service_pass_heat_lamp_lens
Fra:1 Mem:29.56M (Peak 38.74M) | Time:495477:30:25.65 | Mem:0.00M, Peak:0.00M | Scene | Initializing
Fra:1 Mem:29.56M (Peak 38.74M) | Time:495477:30:25.65 | Mem:0.00M, Peak:0.00M | Scene | Updating Images | Loading service_pass_heat_lamp_lens_NORMAL
Fra:1 Mem:29.57M (Peak 38.77M) | Time:495477:30:25.66 | Mem:0.00M, Peak:0.00M | Scene | Synchronizing object | sheet_pan_0_0.32
Fra:1 Mem:29.57M (Peak 38.77M) | Time:495477:30:25.66 | Mem:0.00M, Peak:0.00M | Scene | Initializing
Fra:1 Mem:29.57M (Peak 38.77M) | Time:495477:30:25.66 | Mem:0.00M, Peak:0.00M | Scene | Updating Images | Loading sheet_pan_0_0.32_METAL
Fra:1 Mem:29.60M (Peak 38.78M) | Time:495477:30:25.68 | Mem:0.00M, Peak:0.00M | Scene | Synchronizing object | sheet_pan_0_0.32
Fra:1 Mem:29.61M (Peak 38.78M) | Time:495477:30:25.68 | Mem:0.00M, Peak:0.00M | Scene | Initializing
Fra:1 Mem:29.60M (Peak 38.78M) | Time:495477:30:25.68 | Mem:0.00M, Peak:0.00M | Scene | Updating Images | Loading sheet_pan_0_0.32_DIFFUSE
Fra:1 Mem:29.63M (Peak 38.81M) | Time:495477:30:25.69 | Mem:0.00M, Peak:0.00M | Scene | Synchronizing object | sheet_pan_0_0.32
Fra:1 Mem:29.63M (Peak 38.81M) | Time:495477:30:25.69 | Mem:0.00M, Peak:0.00M | Scene | Initializing
Fra:1 Mem:29.62M (Peak 38.81M) | Time:495477:30:25.69 | Mem:0.00M, Peak:0.00M | Scene | Updating Images | Loading sheet_pan_0_0.32_ROUGHNESS
Fra:1 Mem:29.65M (Peak 38.81M) | Time:495477:30:25.70 | Mem:0.00M, Peak:0.00M | Scene | Synchronizing object | sheet_pan_0_0.32
Fra:1 Mem:29.65M (Peak 38.81M) | Time:495477:30:25.70 | Mem:0.00M, Peak:0.00M | Scene | Initializing
Fra:1 Mem:29.64M (Peak 38.81M) | Time:495477:30:25.70 | Mem:0.00M, Peak:0.00M | Scene | Updating Images | Loading sheet_pan_0_0.32_NORMAL
Fra:1 Mem:29.64M (Peak 38.86M) | Time:495477:30:25.71 | Mem:0.00M, Peak:0.00M | Scene | Synchronizing object | sheet_pan_0_0.62
Fra:1 Mem:29.65M (Peak 38.86M) | Time:495477:30:25.71 | Mem:0.00M, Peak:0.00M | Scene | Initializing
Fra:1 Mem:29.64M (Peak 38.86M) | Time:495477:30:25.71 | Mem:0.00M, Peak:0.00M | Scene | Updating Images | Loading sheet_pan_0_0.62_METAL
Fra:1 Mem:29.68M (Peak 38.86M) | Time:495477:30:25.73 | Mem:0.00M, Peak:0.00M | Scene | Synchronizing object | sheet_pan_0_0.62
Fra:1 Mem:29.68M (Peak 38.86M) | Time:495477:30:25.73 | Mem:0.00M, Peak:0.00M | Scene | Initializing
Fra:1 Mem:29.67M (Peak 38.86M) | Time:495477:30:25.73 | Mem:0.00M, Peak:0.00M | Scene | Updating Images | Loading sheet_pan_0_0.62_DIFFUSE
Fra:1 Mem:29.70M (Peak 38.88M) | Time:495477:30:25.74 | Mem:0.00M, Peak:0.00M | Scene | Synchronizing object | sheet_pan_0_0.62
Fra:1 Mem:29.70M (Peak 38.88M) | Time:495477:30:25.74 | Mem:0.00M, Peak:0.00M | Scene | Initializing
Fra:1 Mem:29.69M (Peak 38.88M) | Time:495477:30:25.74 | Mem:0.00M, Peak:0.00M | Scene | Updating Images | Loading sheet_pan_0_0.62_ROUGHNESS
Fra:1 Mem:29.72M (Peak 38.88M) | Time:495477:30:25.75 | Mem:0.00M, Peak:0.00M | Scene | Synchronizing object | sheet_pan_0_0.62
Fra:1 Mem:29.72M (Peak 38.88M) | Time:495477:30:25.75 | Mem:0.00M, Peak:0.00M | Scene | Initializing
Fra:1 Mem:29.72M (Peak 38.88M) | Time:495477:30:25.75 | Mem:0.00M, Peak:0.00M | Scene | Updating Images | Loading sheet_pan_0_0.62_NORMAL
Fra:1 Mem:29.72M (Peak 38.93M) | Time:495477:30:25.77 | Mem:0.00M, Peak:0.00M | Scene | Synchronizing object | sheet_pan_0_0.92
Fra:1 Mem:29.72M (Peak 38.93M) | Time:495477:30:25.77 | Mem:0.00M, Peak:0.00M | Scene | Initializing
Fra:1 Mem:29.71M (Peak 38.93M) | Time:495477:30:25.77 | Mem:0.00M, Peak:0.00M | Scene | Updating Images | Loading sheet_pan_0_0.92_METAL
Fra:1 Mem:29.75M (Peak 38.93M) | Time:495477:30:25.78 | Mem:0.00M, Peak:0.00M | Scene | Synchronizing object | sheet_pan_0_0.92
Fra:1 Mem:29.75M (Peak 38.93M) | Time:495477:30:25.78 | Mem:0.00M, Peak:0.00M | Scene | Initializing
Fra:1 Mem:29.74M (Peak 38.93M) | Time:495477:30:25.78 | Mem:0.00M, Peak:0.00M | Scene | Updating Images | Loading sheet_pan_0_0.92_DIFFUSE
Fra:1 Mem:29.77M (Peak 38.96M) | Time:495477:30:25.79 | Mem:0.00M, Peak:0.00M | Scene | Synchronizing object | sheet_pan_0_0.92
Fra:1 Mem:29.77M (Peak 38.96M) | Time:495477:30:25.79 | Mem:0.00M, Peak:0.00M | Scene | Initializing
Fra:1 Mem:29.77M (Peak 38.96M) | Time:495477:30:25.79 | Mem:0.00M, Peak:0.00M | Scene | Updating Images | Loading sheet_pan_0_0.92_ROUGHNESS
Fra:1 Mem:29.79M (Peak 38.96M) | Time:495477:30:25.80 | Mem:0.00M, Peak:0.00M | Scene | Synchronizing object | sheet_pan_0_0.92
Fra:1 Mem:29.79M (Peak 38.96M) | Time:495477:30:25.80 | Mem:0.00M, Peak:0.00M | Scene | Initializing
Fra:1 Mem:29.79M (Peak 38.96M) | Time:495477:30:25.80 | Mem:0.00M, Peak:0.00M | Scene | Updating Images | Loading sheet_pan_0_0.92_NORMAL
Fra:1 Mem:29.79M (Peak 39.00M) | Time:495477:30:25.82 | Mem:0.00M, Peak:0.00M | Scene | Synchronizing object | sheet_pan_0_1.22
Fra:1 Mem:29.79M (Peak 39.00M) | Time:495477:30:25.82 | Mem:0.00M, Peak:0.00M | Scene | Initializing
Fra:1 Mem:29.78M (Peak 39.00M) | Time:495477:30:25.82 | Mem:0.00M, Peak:0.00M | Scene | Updating Images | Loading sheet_pan_0_1.22_METAL
Fra:1 Mem:29.82M (Peak 39.00M) | Time:495477:30:25.83 | Mem:0.00M, Peak:0.00M | Scene | Synchronizing object | sheet_pan_0_1.22
Fra:1 Mem:29.82M (Peak 39.00M) | Time:495477:30:25.83 | Mem:0.00M, Peak:0.00M | Scene | Initializing
Fra:1 Mem:29.81M (Peak 39.00M) | Time:495477:30:25.83 | Mem:0.00M, Peak:0.00M | Scene | Updating Images | Loading sheet_pan_0_1.22_DIFFUSE
Fra:1 Mem:29.84M (Peak 39.03M) | Time:495477:30:25.84 | Mem:0.00M, Peak:0.00M | Scene | Synchronizing object | sheet_pan_0_1.22
Fra:1 Mem:29.84M (Peak 39.03M) | Time:495477:30:25.84 | Mem:0.00M, Peak:0.00M | Scene | Initializing
Fra:1 Mem:29.84M (Peak 39.03M) | Time:495477:30:25.84 | Mem:0.00M, Peak:0.00M | Scene | Updating Images | Loading sheet_pan_0_1.22_ROUGHNESS
Fra:1 Mem:29.86M (Peak 39.03M) | Time:495477:30:25.85 | Mem:0.00M, Peak:0.00M | Scene | Synchronizing object | sheet_pan_0_1.22
Fra:1 Mem:29.86M (Peak 39.03M) | Time:495477:30:25.85 | Mem:0.00M, Peak:0.00M | Scene | Initializing
Fra:1 Mem:29.86M (Peak 39.03M) | Time:495477:30:25.85 | Mem:0.00M, Peak:0.00M | Scene | Updating Images | Loading sheet_pan_0_1.22_NORMAL
Fra:1 Mem:29.86M (Peak 39.07M) | Time:495477:30:25.87 | Mem:0.00M, Peak:0.00M | Scene | Synchronizing object | sheet_pan_1_0.32
Fra:1 Mem:29.86M (Peak 39.07M) | Time:495477:30:25.87 | Mem:0.00M, Peak:0.00M | Scene | Initializing
Fra:1 Mem:29.86M (Peak 39.07M) | Time:495477:30:25.87 | Mem:0.00M, Peak:0.00M | Scene | Updating Images | Loading sheet_pan_1_0.32_METAL
Fra:1 Mem:29.89M (Peak 39.07M) | Time:495477:30:25.88 | Mem:0.00M, Peak:0.00M | Scene | Synchronizing object | sheet_pan_1_0.32
Fra:1 Mem:29.89M (Peak 39.07M) | Time:495477:30:25.88 | Mem:0.00M, Peak:0.00M | Scene | Initializing
Fra:1 Mem:29.89M (Peak 39.07M) | Time:495477:30:25.88 | Mem:0.00M, Peak:0.00M | Scene | Updating Images | Loading sheet_pan_1_0.32_DIFFUSE
Fra:1 Mem:29.91M (Peak 39.10M) | Time:495477:30:25.89 | Mem:0.00M, Peak:0.00M | Scene | Synchronizing object | sheet_pan_1_0.32
Fra:1 Mem:29.91M (Peak 39.10M) | Time:495477:30:25.89 | Mem:0.00M, Peak:0.00M | Scene | Initializing
Fra:1 Mem:29.91M (Peak 39.10M) | Time:495477:30:25.89 | Mem:0.00M, Peak:0.00M | Scene | Updating Images | Loading sheet_pan_1_0.32_ROUGHNESS
Fra:1 Mem:29.93M (Peak 39.10M) | Time:495477:30:25.91 | Mem:0.00M, Peak:0.00M | Scene | Synchronizing object | sheet_pan_1_0.32
Fra:1 Mem:29.93M (Peak 39.10M) | Time:495477:30:25.91 | Mem:0.00M, Peak:0.00M | Scene | Initializing
Fra:1 Mem:29.93M (Peak 39.10M) | Time:495477:30:25.91 | Mem:0.00M, Peak:0.00M | Scene | Updating Images | Loading sheet_pan_1_0.32_NORMAL
Fra:1 Mem:29.93M (Peak 39.14M) | Time:495477:30:25.92 | Mem:0.00M, Peak:0.00M | Scene | Synchronizing object | sheet_pan_1_0.62
Fra:1 Mem:29.93M (Peak 39.14M) | Time:495477:30:25.92 | Mem:0.00M, Peak:0.00M | Scene | Initializing
Fra:1 Mem:29.93M (Peak 39.14M) | Time:495477:30:25.92 | Mem:0.00M, Peak:0.00M | Scene | Updating Images | Loading sheet_pan_1_0.62_METAL
Fra:1 Mem:29.96M (Peak 39.14M) | Time:495477:30:25.93 | Mem:0.00M, Peak:0.00M | Scene | Synchronizing object | sheet_pan_1_0.62
Fra:1 Mem:29.96M (Peak 39.14M) | Time:495477:30:25.93 | Mem:0.00M, Peak:0.00M | Scene | Initializing
Fra:1 Mem:29.96M (Peak 39.14M) | Time:495477:30:25.93 | Mem:0.00M, Peak:0.00M | Scene | Updating Images | Loading sheet_pan_1_0.62_DIFFUSE
Fra:1 Mem:29.98M (Peak 39.17M) | Time:495477:30:25.94 | Mem:0.00M, Peak:0.00M | Scene | Synchronizing object | sheet_pan_1_0.62
Fra:1 Mem:29.98M (Peak 39.17M) | Time:495477:30:25.94 | Mem:0.00M, Peak:0.00M | Scene | Initializing
Fra:1 Mem:29.98M (Peak 39.17M) | Time:495477:30:25.94 | Mem:0.00M, Peak:0.00M | Scene | Updating Images | Loading sheet_pan_1_0.62_ROUGHNESS
Fra:1 Mem:30.00M (Peak 39.17M) | Time:495477:30:25.96 | Mem:0.00M, Peak:0.00M | Scene | Synchronizing object | sheet_pan_1_0.62
Fra:1 Mem:30.01M (Peak 39.17M) | Time:495477:30:25.96 | Mem:0.00M, Peak:0.00M | Scene | Initializing
Fra:1 Mem:30.00M (Peak 39.17M) | Time:495477:30:25.96 | Mem:0.00M, Peak:0.00M | Scene | Updating Images | Loading sheet_pan_1_0.62_NORMAL
Fra:1 Mem:30.00M (Peak 39.21M) | Time:495477:30:25.97 | Mem:0.00M, Peak:0.00M | Scene | Synchronizing object | sheet_pan_1_0.92
Fra:1 Mem:30.00M (Peak 39.21M) | Time:495477:30:25.97 | Mem:0.00M, Peak:0.00M | Scene | Initializing
Fra:1 Mem:30.00M (Peak 39.21M) | Time:495477:30:25.97 | Mem:0.00M, Peak:0.00M | Scene | Updating Images | Loading sheet_pan_1_0.92_METAL
Fra:1 Mem:30.03M (Peak 39.21M) | Time:495477:30:25.98 | Mem:0.00M, Peak:0.00M | Scene | Synchronizing object | sheet_pan_1_0.92
Fra:1 Mem:30.03M (Peak 39.21M) | Time:495477:30:25.98 | Mem:0.00M, Peak:0.00M | Scene | Initializing
Fra:1 Mem:30.03M (Peak 39.21M) | Time:495477:30:25.98 | Mem:0.00M, Peak:0.00M | Scene | Updating Images | Loading sheet_pan_1_0.92_DIFFUSE
Fra:1 Mem:30.05M (Peak 39.24M) | Time:495477:30:26.00 | Mem:0.00M, Peak:0.00M | Scene | Synchronizing object | sheet_pan_1_0.92
Fra:1 Mem:30.05M (Peak 39.24M) | Time:495477:30:26.00 | Mem:0.00M, Peak:0.00M | Scene | Initializing
Fra:1 Mem:30.05M (Peak 39.24M) | Time:495477:30:26.00 | Mem:0.00M, Peak:0.00M | Scene | Updating Images | Loading sheet_pan_1_0.92_ROUGHNESS
Fra:1 Mem:30.08M (Peak 39.24M) | Time:495477:30:26.01 | Mem:0.00M, Peak:0.00M | Scene | Synchronizing object | sheet_pan_1_0.92
Fra:1 Mem:30.08M (Peak 39.24M) | Time:495477:30:26.01 | Mem:0.00M, Peak:0.00M | Scene | Initializing
Fra:1 Mem:30.07M (Peak 39.24M) | Time:495477:30:26.01 | Mem:0.00M, Peak:0.00M | Scene | Updating Images | Loading sheet_pan_1_0.92_NORMAL
Fra:1 Mem:30.33M (Peak 39.29M) | Time:495477:30:26.02 | Mem:0.00M, Peak:0.00M | Scene | Synchronizing object | sheet_pan_1_1.22
Fra:1 Mem:30.33M (Peak 39.29M) | Time:495477:30:26.02 | Mem:0.00M, Peak:0.00M | Scene | Initializing
Fra:1 Mem:30.33M (Peak 39.29M) | Time:495477:30:26.02 | Mem:0.00M, Peak:0.00M | Scene | Updating Images | Loading sheet_pan_1_1.22_METAL
Fra:1 Mem:30.36M (Peak 39.54M) | Time:495477:30:26.03 | Mem:0.00M, Peak:0.00M | Scene | Synchronizing object | sheet_pan_1_1.22
Fra:1 Mem:30.36M (Peak 39.54M) | Time:495477:30:26.03 | Mem:0.00M, Peak:0.00M | Scene | Initializing
Fra:1 Mem:30.36M (Peak 39.54M) | Time:495477:30:26.03 | Mem:0.00M, Peak:0.00M | Scene | Updating Images | Loading sheet_pan_1_1.22_DIFFUSE
Fra:1 Mem:30.38M (Peak 39.57M) | Time:495477:30:26.05 | Mem:0.00M, Peak:0.00M | Scene | Synchronizing object | sheet_pan_1_1.22
Fra:1 Mem:30.38M (Peak 39.57M) | Time:495477:30:26.05 | Mem:0.00M, Peak:0.00M | Scene | Initializing
Fra:1 Mem:30.38M (Peak 39.57M) | Time:495477:30:26.05 | Mem:0.00M, Peak:0.00M | Scene | Updating Images | Loading sheet_pan_1_1.22_ROUGHNESS
Fra:1 Mem:30.41M (Peak 39.57M) | Time:495477:30:26.06 | Mem:0.00M, Peak:0.00M | Scene | Synchronizing object | sheet_pan_1_1.22
Fra:1 Mem:30.41M (Peak 39.57M) | Time:495477:30:26.06 | Mem:0.00M, Peak:0.00M | Scene | Initializing
Fra:1 Mem:30.40M (Peak 39.57M) | Time:495477:30:26.06 | Mem:0.00M, Peak:0.00M | Scene | Updating Images | Loading sheet_pan_1_1.22_NORMAL
Fra:1 Mem:30.40M (Peak 39.62M) | Time:495477:30:26.07 | Mem:0.00M, Peak:0.00M | Scene | Synchronizing object | sheet_pan_2_0.32
Fra:1 Mem:30.40M (Peak 39.62M) | Time:495477:30:26.07 | Mem:0.00M, Peak:0.00M | Scene | Initializing
Fra:1 Mem:30.40M (Peak 39.62M) | Time:495477:30:26.07 | Mem:0.00M, Peak:0.00M | Scene | Updating Images | Loading sheet_pan_2_0.32_METAL
Fra:1 Mem:30.43M (Peak 39.62M) | Time:495477:30:26.08 | Mem:0.00M, Peak:0.00M | Scene | Synchronizing object | sheet_pan_2_0.32
Fra:1 Mem:30.43M (Peak 39.62M) | Time:495477:30:26.08 | Mem:0.00M, Peak:0.00M | Scene | Initializing
Fra:1 Mem:30.43M (Peak 39.62M) | Time:495477:30:26.08 | Mem:0.00M, Peak:0.00M | Scene | Updating Images | Loading sheet_pan_2_0.32_DIFFUSE
Fra:1 Mem:30.46M (Peak 39.64M) | Time:495477:30:26.09 | Mem:0.00M, Peak:0.00M | Scene | Synchronizing object | sheet_pan_2_0.32
Fra:1 Mem:30.46M (Peak 39.64M) | Time:495477:30:26.10 | Mem:0.00M, Peak:0.00M | Scene | Initializing
Fra:1 Mem:30.45M (Peak 39.64M) | Time:495477:30:26.10 | Mem:0.00M, Peak:0.00M | Scene | Updating Images | Loading sheet_pan_2_0.32_ROUGHNESS
Fra:1 Mem:30.48M (Peak 39.64M) | Time:495477:30:26.11 | Mem:0.00M, Peak:0.00M | Scene | Synchronizing object | sheet_pan_2_0.32
Fra:1 Mem:30.48M (Peak 39.64M) | Time:495477:30:26.11 | Mem:0.00M, Peak:0.00M | Scene | Initializing
Fra:1 Mem:30.47M (Peak 39.64M) | Time:495477:30:26.11 | Mem:0.00M, Peak:0.00M | Scene | Updating Images | Loading sheet_pan_2_0.32_NORMAL
Fra:1 Mem:30.47M (Peak 39.69M) | Time:495477:30:26.12 | Mem:0.00M, Peak:0.00M | Scene | Synchronizing object | sheet_pan_2_0.62
Fra:1 Mem:30.47M (Peak 39.69M) | Time:495477:30:26.12 | Mem:0.00M, Peak:0.00M | Scene | Initializing
Fra:1 Mem:30.47M (Peak 39.69M) | Time:495477:30:26.12 | Mem:0.00M, Peak:0.00M | Scene | Updating Images | Loading sheet_pan_2_0.62_METAL
Fra:1 Mem:30.50M (Peak 39.69M) | Time:495477:30:26.13 | Mem:0.00M, Peak:0.00M | Scene | Synchronizing object | sheet_pan_2_0.62
Fra:1 Mem:30.51M (Peak 39.69M) | Time:495477:30:26.13 | Mem:0.00M, Peak:0.00M | Scene | Initializing
Fra:1 Mem:30.50M (Peak 39.69M) | Time:495477:30:26.13 | Mem:0.00M, Peak:0.00M | Scene | Updating Images | Loading sheet_pan_2_0.62_DIFFUSE
Fra:1 Mem:30.53M (Peak 39.71M) | Time:495477:30:26.14 | Mem:0.00M, Peak:0.00M | Scene | Synchronizing object | sheet_pan_2_0.62
Fra:1 Mem:30.53M (Peak 39.71M) | Time:495477:30:26.14 | Mem:0.00M, Peak:0.00M | Scene | Initializing
Fra:1 Mem:30.52M (Peak 39.71M) | Time:495477:30:26.14 | Mem:0.00M, Peak:0.00M | Scene | Updating Images | Loading sheet_pan_2_0.62_ROUGHNESS
Fra:1 Mem:30.55M (Peak 39.71M) | Time:495477:30:26.16 | Mem:0.00M, Peak:0.00M | Scene | Synchronizing object | sheet_pan_2_0.62
Fra:1 Mem:30.55M (Peak 39.71M) | Time:495477:30:26.16 | Mem:0.00M, Peak:0.00M | Scene | Initializing
Fra:1 Mem:30.55M (Peak 39.71M) | Time:495477:30:26.16 | Mem:0.00M, Peak:0.00M | Scene | Updating Images | Loading sheet_pan_2_0.62_NORMAL
Fra:1 Mem:30.55M (Peak 39.76M) | Time:495477:30:26.17 | Mem:0.00M, Peak:0.00M | Scene | Synchronizing object | sheet_pan_2_0.92
Fra:1 Mem:30.55M (Peak 39.76M) | Time:495477:30:26.17 | Mem:0.00M, Peak:0.00M | Scene | Initializing
Fra:1 Mem:30.54M (Peak 39.76M) | Time:495477:30:26.17 | Mem:0.00M, Peak:0.00M | Scene | Updating Images | Loading sheet_pan_2_0.92_METAL
Fra:1 Mem:30.58M (Peak 39.76M) | Time:495477:30:26.18 | Mem:0.00M, Peak:0.00M | Scene | Synchronizing object | sheet_pan_2_0.92
Fra:1 Mem:30.58M (Peak 39.76M) | Time:495477:30:26.18 | Mem:0.00M, Peak:0.00M | Scene | Initializing
Fra:1 Mem:30.57M (Peak 39.76M) | Time:495477:30:26.18 | Mem:0.00M, Peak:0.00M | Scene | Updating Images | Loading sheet_pan_2_0.92_DIFFUSE
Fra:1 Mem:30.60M (Peak 39.79M) | Time:495477:30:26.20 | Mem:0.00M, Peak:0.00M | Scene | Synchronizing object | sheet_pan_2_0.92
Fra:1 Mem:30.60M (Peak 39.79M) | Time:495477:30:26.20 | Mem:0.00M, Peak:0.00M | Scene | Initializing
Fra:1 Mem:30.60M (Peak 39.79M) | Time:495477:30:26.20 | Mem:0.00M, Peak:0.00M | Scene | Updating Images | Loading sheet_pan_2_0.92_ROUGHNESS
Fra:1 Mem:30.62M (Peak 39.79M) | Time:495477:30:26.21 | Mem:0.00M, Peak:0.00M | Scene | Synchronizing object | sheet_pan_2_0.92
Fra:1 Mem:30.62M (Peak 39.79M) | Time:495477:30:26.21 | Mem:0.00M, Peak:0.00M | Scene | Initializing
Fra:1 Mem:30.62M (Peak 39.79M) | Time:495477:30:26.21 | Mem:0.00M, Peak:0.00M | Scene | Updating Images | Loading sheet_pan_2_0.92_NORMAL
Fra:1 Mem:30.62M (Peak 39.83M) | Time:495477:30:26.22 | Mem:0.00M, Peak:0.00M | Scene | Synchronizing object | sheet_pan_2_1.22
Fra:1 Mem:30.62M (Peak 39.83M) | Time:495477:30:26.22 | Mem:0.00M, Peak:0.00M | Scene | Initializing
Fra:1 Mem:30.61M (Peak 39.83M) | Time:495477:30:26.22 | Mem:0.00M, Peak:0.00M | Scene | Updating Images | Loading sheet_pan_2_1.22_METAL
Fra:1 Mem:30.65M (Peak 39.83M) | Time:495477:30:26.23 | Mem:0.00M, Peak:0.00M | Scene | Synchronizing object | sheet_pan_2_1.22
Fra:1 Mem:30.65M (Peak 39.83M) | Time:495477:30:26.23 | Mem:0.00M, Peak:0.00M | Scene | Initializing
Fra:1 Mem:30.64M (Peak 39.83M) | Time:495477:30:26.23 | Mem:0.00M, Peak:0.00M | Scene | Updating Images | Loading sheet_pan_2_1.22_DIFFUSE
Fra:1 Mem:30.67M (Peak 39.86M) | Time:495477:30:26.25 | Mem:0.00M, Peak:0.00M | Scene | Synchronizing object | sheet_pan_2_1.22
Fra:1 Mem:30.67M (Peak 39.86M) | Time:495477:30:26.25 | Mem:0.00M, Peak:0.00M | Scene | Initializing
Fra:1 Mem:30.67M (Peak 39.86M) | Time:495477:30:26.25 | Mem:0.00M, Peak:0.00M | Scene | Updating Images | Loading sheet_pan_2_1.22_ROUGHNESS
Fra:1 Mem:30.69M (Peak 39.86M) | Time:495477:30:26.26 | Mem:0.00M, Peak:0.00M | Scene | Synchronizing object | sheet_pan_2_1.22
Fra:1 Mem:30.69M (Peak 39.86M) | Time:495477:30:26.26 | Mem:0.00M, Peak:0.00M | Scene | Initializing
Fra:1 Mem:30.69M (Peak 39.86M) | Time:495477:30:26.26 | Mem:0.00M, Peak:0.00M | Scene | Updating Images | Loading sheet_pan_2_1.22_NORMAL
Fra:1 Mem:30.69M (Peak 39.90M) | Time:495477:30:26.27 | Mem:0.00M, Peak:0.00M | Scene | Synchronizing object | sheet_pan_3_0.32
Fra:1 Mem:30.69M (Peak 39.90M) | Time:495477:30:26.27 | Mem:0.00M, Peak:0.00M | Scene | Initializing
Fra:1 Mem:30.69M (Peak 39.90M) | Time:495477:30:26.27 | Mem:0.00M, Peak:0.00M | Scene | Updating Images | Loading sheet_pan_3_0.32_METAL
Fra:1 Mem:30.72M (Peak 39.90M) | Time:495477:30:26.28 | Mem:0.00M, Peak:0.00M | Scene | Synchronizing object | sheet_pan_3_0.32
Fra:1 Mem:30.72M (Peak 39.90M) | Time:495477:30:26.28 | Mem:0.00M, Peak:0.00M | Scene | Initializing
Fra:1 Mem:30.72M (Peak 39.90M) | Time:495477:30:26.28 | Mem:0.00M, Peak:0.00M | Scene | Updating Images | Loading sheet_pan_3_0.32_DIFFUSE
Fra:1 Mem:30.74M (Peak 39.93M) | Time:495477:30:26.30 | Mem:0.00M, Peak:0.00M | Scene | Synchronizing object | sheet_pan_3_0.32
Fra:1 Mem:30.74M (Peak 39.93M) | Time:495477:30:26.30 | Mem:0.00M, Peak:0.00M | Scene | Initializing
Fra:1 Mem:30.74M (Peak 39.93M) | Time:495477:30:26.30 | Mem:0.00M, Peak:0.00M | Scene | Updating Images | Loading sheet_pan_3_0.32_ROUGHNESS
Fra:1 Mem:30.76M (Peak 39.93M) | Time:495477:30:26.31 | Mem:0.00M, Peak:0.00M | Scene | Synchronizing object | sheet_pan_3_0.32
Fra:1 Mem:30.76M (Peak 39.93M) | Time:495477:30:26.31 | Mem:0.00M, Peak:0.00M | Scene | Initializing
Fra:1 Mem:30.76M (Peak 39.93M) | Time:495477:30:26.31 | Mem:0.00M, Peak:0.00M | Scene | Updating Images | Loading sheet_pan_3_0.32_NORMAL
Fra:1 Mem:30.76M (Peak 39.97M) | Time:495477:30:26.32 | Mem:0.00M, Peak:0.00M | Scene | Synchronizing object | sheet_pan_3_0.62
Fra:1 Mem:30.76M (Peak 39.97M) | Time:495477:30:26.32 | Mem:0.00M, Peak:0.00M | Scene | Initializing
Fra:1 Mem:30.76M (Peak 39.97M) | Time:495477:30:26.32 | Mem:0.00M, Peak:0.00M | Scene | Updating Images | Loading sheet_pan_3_0.62_METAL
Fra:1 Mem:30.79M (Peak 39.97M) | Time:495477:30:26.33 | Mem:0.00M, Peak:0.00M | Scene | Synchronizing object | sheet_pan_3_0.62
Fra:1 Mem:30.79M (Peak 39.97M) | Time:495477:30:26.34 | Mem:0.00M, Peak:0.00M | Scene | Initializing
Fra:1 Mem:30.79M (Peak 39.97M) | Time:495477:30:26.34 | Mem:0.00M, Peak:0.00M | Scene | Updating Images | Loading sheet_pan_3_0.62_DIFFUSE
Fra:1 Mem:30.81M (Peak 40.00M) | Time:495477:30:26.35 | Mem:0.00M, Peak:0.00M | Scene | Synchronizing object | sheet_pan_3_0.62
Fra:1 Mem:30.81M (Peak 40.00M) | Time:495477:30:26.35 | Mem:0.00M, Peak:0.00M | Scene | Initializing
Fra:1 Mem:30.81M (Peak 40.00M) | Time:495477:30:26.35 | Mem:0.00M, Peak:0.00M | Scene | Updating Images | Loading sheet_pan_3_0.62_ROUGHNESS
Fra:1 Mem:30.83M (Peak 40.00M) | Time:495477:30:26.36 | Mem:0.00M, Peak:0.00M | Scene | Synchronizing object | sheet_pan_3_0.62
Fra:1 Mem:30.83M (Peak 40.00M) | Time:495477:30:26.36 | Mem:0.00M, Peak:0.00M | Scene | Initializing
Fra:1 Mem:30.83M (Peak 40.00M) | Time:495477:30:26.36 | Mem:0.00M, Peak:0.00M | Scene | Updating Images | Loading sheet_pan_3_0.62_NORMAL
Fra:1 Mem:30.83M (Peak 40.04M) | Time:495477:30:26.37 | Mem:0.00M, Peak:0.00M | Scene | Synchronizing object | sheet_pan_3_0.92
Fra:1 Mem:30.83M (Peak 40.04M) | Time:495477:30:26.37 | Mem:0.00M, Peak:0.00M | Scene | Initializing
Fra:1 Mem:30.83M (Peak 40.04M) | Time:495477:30:26.37 | Mem:0.00M, Peak:0.00M | Scene | Updating Images | Loading sheet_pan_3_0.92_METAL
Fra:1 Mem:30.86M (Peak 40.04M) | Time:495477:30:26.38 | Mem:0.00M, Peak:0.00M | Scene | Synchronizing object | sheet_pan_3_0.92
Fra:1 Mem:30.86M (Peak 40.04M) | Time:495477:30:26.38 | Mem:0.00M, Peak:0.00M | Scene | Initializing
Fra:1 Mem:30.86M (Peak 40.04M) | Time:495477:30:26.38 | Mem:0.00M, Peak:0.00M | Scene | Updating Images | Loading sheet_pan_3_0.92_DIFFUSE
Fra:1 Mem:30.88M (Peak 40.07M) | Time:495477:30:26.40 | Mem:0.00M, Peak:0.00M | Scene | Synchronizing object | sheet_pan_3_0.92
Fra:1 Mem:30.88M (Peak 40.07M) | Time:495477:30:26.40 | Mem:0.00M, Peak:0.00M | Scene | Initializing
Fra:1 Mem:30.88M (Peak 40.07M) | Time:495477:30:26.40 | Mem:0.00M, Peak:0.00M | Scene | Updating Images | Loading sheet_pan_3_0.92_ROUGHNESS
Fra:1 Mem:30.91M (Peak 40.07M) | Time:495477:30:26.41 | Mem:0.00M, Peak:0.00M | Scene | Synchronizing object | sheet_pan_3_0.92
Fra:1 Mem:30.91M (Peak 40.07M) | Time:495477:30:26.41 | Mem:0.00M, Peak:0.00M | Scene | Initializing
Fra:1 Mem:30.90M (Peak 40.07M) | Time:495477:30:26.41 | Mem:0.00M, Peak:0.00M | Scene | Updating Images | Loading sheet_pan_3_0.92_NORMAL
Fra:1 Mem:30.90M (Peak 40.12M) | Time:495477:30:26.42 | Mem:0.00M, Peak:0.00M | Scene | Synchronizing object | sheet_pan_3_1.22
Fra:1 Mem:30.90M (Peak 40.12M) | Time:495477:30:26.42 | Mem:0.00M, Peak:0.00M | Scene | Initializing
Fra:1 Mem:30.90M (Peak 40.12M) | Time:495477:30:26.42 | Mem:0.00M, Peak:0.00M | Scene | Updating Images | Loading sheet_pan_3_1.22_METAL
Fra:1 Mem:30.93M (Peak 40.12M) | Time:495477:30:26.44 | Mem:0.00M, Peak:0.00M | Scene | Synchronizing object | sheet_pan_3_1.22
Fra:1 Mem:30.93M (Peak 40.12M) | Time:495477:30:26.44 | Mem:0.00M, Peak:0.00M | Scene | Initializing
Fra:1 Mem:30.93M (Peak 40.12M) | Time:495477:30:26.44 | Mem:0.00M, Peak:0.00M | Scene | Updating Images | Loading sheet_pan_3_1.22_DIFFUSE
Fra:1 Mem:30.96M (Peak 40.14M) | Time:495477:30:26.45 | Mem:0.00M, Peak:0.00M | Scene | Synchronizing object | sheet_pan_3_1.22
Fra:1 Mem:30.96M (Peak 40.14M) | Time:495477:30:26.45 | Mem:0.00M, Peak:0.00M | Scene | Initializing
Fra:1 Mem:30.95M (Peak 40.14M) | Time:495477:30:26.45 | Mem:0.00M, Peak:0.00M | Scene | Updating Images | Loading sheet_pan_3_1.22_ROUGHNESS
Fra:1 Mem:30.98M (Peak 40.14M) | Time:495477:30:26.46 | Mem:0.00M, Peak:0.00M | Scene | Synchronizing object | sheet_pan_3_1.22
Fra:1 Mem:30.98M (Peak 40.14M) | Time:495477:30:26.46 | Mem:0.00M, Peak:0.00M | Scene | Initializing
Fra:1 Mem:30.97M (Peak 40.14M) | Time:495477:30:26.46 | Mem:0.00M, Peak:0.00M | Scene | Updating Images | Loading sheet_pan_3_1.22_NORMAL
Fra:1 Mem:30.97M (Peak 40.19M) | Time:495477:30:26.47 | Mem:0.00M, Peak:0.00M | Scene | Synchronizing object | sink_basin_dark_insert_0.95
Fra:1 Mem:30.97M (Peak 40.19M) | Time:495477:30:26.47 | Mem:0.00M, Peak:0.00M | Scene | Initializing
Fra:1 Mem:30.97M (Peak 40.19M) | Time:495477:30:26.47 | Mem:0.00M, Peak:0.00M | Scene | Updating Images | Loading sink_basin_dark_insert_0.95_METAL
Fra:1 Mem:31.00M (Peak 40.19M) | Time:495477:30:26.49 | Mem:0.00M, Peak:0.00M | Scene | Synchronizing object | sink_basin_dark_insert_0.95
Fra:1 Mem:31.01M (Peak 40.19M) | Time:495477:30:26.49 | Mem:0.00M, Peak:0.00M | Scene | Initializing
Fra:1 Mem:31.00M (Peak 40.19M) | Time:495477:30:26.49 | Mem:0.00M, Peak:0.00M | Scene | Updating Images | Loading sink_basin_dark_insert_0.95_DIFFUSE
Fra:1 Mem:31.03M (Peak 40.21M) | Time:495477:30:26.50 | Mem:0.00M, Peak:0.00M | Scene | Synchronizing object | sink_basin_dark_insert_0.95
Fra:1 Mem:31.03M (Peak 40.21M) | Time:495477:30:26.50 | Mem:0.00M, Peak:0.00M | Scene | Initializing
Fra:1 Mem:31.02M (Peak 40.21M) | Time:495477:30:26.50 | Mem:0.00M, Peak:0.00M | Scene | Updating Images | Loading sink_basin_dark_insert_0.95_ROUGHNESS
Fra:1 Mem:31.05M (Peak 40.21M) | Time:495477:30:26.51 | Mem:0.00M, Peak:0.00M | Scene | Synchronizing object | sink_basin_dark_insert_0.95
Fra:1 Mem:31.05M (Peak 40.21M) | Time:495477:30:26.51 | Mem:0.00M, Peak:0.00M | Scene | Initializing
Fra:1 Mem:31.05M (Peak 40.21M) | Time:495477:30:26.51 | Mem:0.00M, Peak:0.00M | Scene | Updating Images | Loading sink_basin_dark_insert_0.95_NORMAL
Fra:1 Mem:31.04M (Peak 40.26M) | Time:495477:30:26.53 | Mem:0.00M, Peak:0.00M | Scene | Synchronizing object | sink_basin_dark_insert_1.65
Fra:1 Mem:31.05M (Peak 40.26M) | Time:495477:30:26.53 | Mem:0.00M, Peak:0.00M | Scene | Initializing
Fra:1 Mem:31.04M (Peak 40.26M) | Time:495477:30:26.53 | Mem:0.00M, Peak:0.00M | Scene | Updating Images | Loading sink_basin_dark_insert_1.65_METAL
Fra:1 Mem:31.08M (Peak 40.26M) | Time:495477:30:26.54 | Mem:0.00M, Peak:0.00M | Scene | Synchronizing object | sink_basin_dark_insert_1.65
Fra:1 Mem:31.08M (Peak 40.26M) | Time:495477:30:26.54 | Mem:0.00M, Peak:0.00M | Scene | Initializing
Fra:1 Mem:31.07M (Peak 40.26M) | Time:495477:30:26.54 | Mem:0.00M, Peak:0.00M | Scene | Updating Images | Loading sink_basin_dark_insert_1.65_DIFFUSE
Fra:1 Mem:31.10M (Peak 40.28M) | Time:495477:30:26.55 | Mem:0.00M, Peak:0.00M | Scene | Synchronizing object | sink_basin_dark_insert_1.65
Fra:1 Mem:31.10M (Peak 40.28M) | Time:495477:30:26.55 | Mem:0.00M, Peak:0.00M | Scene | Initializing
Fra:1 Mem:31.09M (Peak 40.28M) | Time:495477:30:26.55 | Mem:0.00M, Peak:0.00M | Scene | Updating Images | Loading sink_basin_dark_insert_1.65_ROUGHNESS
Fra:1 Mem:31.12M (Peak 40.28M) | Time:495477:30:26.56 | Mem:0.00M, Peak:0.00M | Scene | Synchronizing object | sink_basin_dark_insert_1.65
Fra:1 Mem:31.12M (Peak 40.28M) | Time:495477:30:26.56 | Mem:0.00M, Peak:0.00M | Scene | Initializing
Fra:1 Mem:31.12M (Peak 40.28M) | Time:495477:30:26.56 | Mem:0.00M, Peak:0.00M | Scene | Updating Images | Loading sink_basin_dark_insert_1.65_NORMAL
Fra:1 Mem:31.12M (Peak 40.33M) | Time:495477:30:26.58 | Mem:0.00M, Peak:0.00M | Scene | Synchronizing object | sink_basin_dark_insert_2.35
Fra:1 Mem:31.12M (Peak 40.33M) | Time:495477:30:26.58 | Mem:0.00M, Peak:0.00M | Scene | Initializing
Fra:1 Mem:31.11M (Peak 40.33M) | Time:495477:30:26.58 | Mem:0.00M, Peak:0.00M | Scene | Updating Images | Loading sink_basin_dark_insert_2.35_METAL
Fra:1 Mem:31.15M (Peak 40.33M) | Time:495477:30:26.59 | Mem:0.00M, Peak:0.00M | Scene | Synchronizing object | sink_basin_dark_insert_2.35
Fra:1 Mem:31.15M (Peak 40.33M) | Time:495477:30:26.59 | Mem:0.00M, Peak:0.00M | Scene | Initializing
Fra:1 Mem:31.14M (Peak 40.33M) | Time:495477:30:26.59 | Mem:0.00M, Peak:0.00M | Scene | Updating Images | Loading sink_basin_dark_insert_2.35_DIFFUSE
Fra:1 Mem:31.17M (Peak 40.36M) | Time:495477:30:26.60 | Mem:0.00M, Peak:0.00M | Scene | Synchronizing object | sink_basin_dark_insert_2.35
Fra:1 Mem:31.17M (Peak 40.36M) | Time:495477:30:26.60 | Mem:0.00M, Peak:0.00M | Scene | Initializing
Fra:1 Mem:31.17M (Peak 40.36M) | Time:495477:30:26.60 | Mem:0.00M, Peak:0.00M | Scene | Updating Images | Loading sink_basin_dark_insert_2.35_ROUGHNESS
Fra:1 Mem:31.19M (Peak 40.36M) | Time:495477:30:26.62 | Mem:0.00M, Peak:0.00M | Scene | Synchronizing object | sink_basin_dark_insert_2.35
Fra:1 Mem:31.19M (Peak 40.36M) | Time:495477:30:26.62 | Mem:0.00M, Peak:0.00M | Scene | Initializing
Fra:1 Mem:31.19M (Peak 40.36M) | Time:495477:30:26.62 | Mem:0.00M, Peak:0.00M | Scene | Updating Images | Loading sink_basin_dark_insert_2.35_NORMAL
Fra:1 Mem:31.19M (Peak 40.40M) | Time:495477:30:26.63 | Mem:0.00M, Peak:0.00M | Scene | Synchronizing object | six_burner_range_black_cooking_surface
Fra:1 Mem:31.19M (Peak 40.40M) | Time:495477:30:26.63 | Mem:0.00M, Peak:0.00M | Scene | Initializing
Fra:1 Mem:31.18M (Peak 40.40M) | Time:495477:30:26.63 | Mem:0.00M, Peak:0.00M | Scene | Updating Images | Loading six_burner_range_black_cooking_surface_METAL
Fra:1 Mem:31.22M (Peak 40.40M) | Time:495477:30:26.64 | Mem:0.00M, Peak:0.00M | Scene | Synchronizing object | six_burner_range_black_cooking_surface
Fra:1 Mem:31.22M (Peak 40.40M) | Time:495477:30:26.64 | Mem:0.00M, Peak:0.00M | Scene | Initializing
Fra:1 Mem:31.22M (Peak 40.40M) | Time:495477:30:26.64 | Mem:0.00M, Peak:0.00M | Scene | Updating Images | Loading six_burner_range_black_cooking_surface_DIFFUSE
Fra:1 Mem:31.24M (Peak 40.43M) | Time:495477:30:26.65 | Mem:0.00M, Peak:0.00M | Scene | Synchronizing object | six_burner_range_black_cooking_surface
Fra:1 Mem:31.24M (Peak 40.43M) | Time:495477:30:26.65 | Mem:0.00M, Peak:0.00M | Scene | Initializing
Fra:1 Mem:31.24M (Peak 40.43M) | Time:495477:30:26.65 | Mem:0.00M, Peak:0.00M | Scene | Updating Images | Loading six_burner_range_black_cooking_surface_ROUGHNESS
Fra:1 Mem:31.26M (Peak 40.43M) | Time:495477:30:26.67 | Mem:0.00M, Peak:0.00M | Scene | Synchronizing object | six_burner_range_black_cooking_surface
Fra:1 Mem:31.26M (Peak 40.43M) | Time:495477:30:26.67 | Mem:0.00M, Peak:0.00M | Scene | Initializing
Fra:1 Mem:31.26M (Peak 40.43M) | Time:495477:30:26.67 | Mem:0.00M, Peak:0.00M | Scene | Updating Images | Loading six_burner_range_black_cooking_surface_NORMAL
Fra:1 Mem:31.27M (Peak 40.47M) | Time:495477:30:26.68 | Mem:0.00M, Peak:0.00M | Scene | Synchronizing object | six_burner_range_red_control_knob_0
Fra:1 Mem:31.27M (Peak 40.47M) | Time:495477:30:26.68 | Mem:0.00M, Peak:0.00M | Scene | Initializing
Fra:1 Mem:31.27M (Peak 40.47M) | Time:495477:30:26.68 | Mem:0.00M, Peak:0.00M | Scene | Updating Images | Loading six_burner_range_red_control_knob_0_DIFFUSE
Fra:1 Mem:31.29M (Peak 40.48M) | Time:495477:30:26.69 | Mem:0.00M, Peak:0.00M | Scene | Synchronizing object | six_burner_range_red_control_knob_0
Fra:1 Mem:31.30M (Peak 40.48M) | Time:495477:30:26.69 | Mem:0.00M, Peak:0.00M | Scene | Initializing
Fra:1 Mem:31.29M (Peak 40.48M) | Time:495477:30:26.69 | Mem:0.00M, Peak:0.00M | Scene | Updating Images | Loading six_burner_range_red_control_knob_0_ROUGHNESS
Fra:1 Mem:31.32M (Peak 40.48M) | Time:495477:30:26.71 | Mem:0.00M, Peak:0.00M | Scene | Synchronizing object | six_burner_range_red_control_knob_0
Fra:1 Mem:31.32M (Peak 40.48M) | Time:495477:30:26.71 | Mem:0.00M, Peak:0.00M | Scene | Initializing
Fra:1 Mem:31.31M (Peak 40.48M) | Time:495477:30:26.71 | Mem:0.00M, Peak:0.00M | Scene | Updating Images | Loading six_burner_range_red_control_knob_0_NORMAL
Fra:1 Mem:31.34M (Peak 40.53M) | Time:495477:30:26.72 | Mem:0.00M, Peak:0.00M | Scene | Synchronizing object | six_burner_range_red_control_knob_1
Fra:1 Mem:31.34M (Peak 40.53M) | Time:495477:30:26.72 | Mem:0.00M, Peak:0.00M | Scene | Initializing
Fra:1 Mem:31.34M (Peak 40.53M) | Time:495477:30:26.72 | Mem:0.00M, Peak:0.00M | Scene | Updating Images | Loading six_burner_range_red_control_knob_1_DIFFUSE
Fra:1 Mem:31.36M (Peak 40.55M) | Time:495477:30:26.74 | Mem:0.00M, Peak:0.00M | Scene | Synchronizing object | six_burner_range_red_control_knob_1
Fra:1 Mem:31.36M (Peak 40.55M) | Time:495477:30:26.74 | Mem:0.00M, Peak:0.00M | Scene | Initializing
Fra:1 Mem:31.36M (Peak 40.55M) | Time:495477:30:26.74 | Mem:0.00M, Peak:0.00M | Scene | Updating Images | Loading six_burner_range_red_control_knob_1_ROUGHNESS
Fra:1 Mem:31.38M (Peak 40.55M) | Time:495477:30:26.75 | Mem:0.00M, Peak:0.00M | Scene | Synchronizing object | six_burner_range_red_control_knob_1
Fra:1 Mem:31.39M (Peak 40.55M) | Time:495477:30:26.75 | Mem:0.00M, Peak:0.00M | Scene | Initializing
Fra:1 Mem:31.38M (Peak 40.55M) | Time:495477:30:26.75 | Mem:0.00M, Peak:0.00M | Scene | Updating Images | Loading six_burner_range_red_control_knob_1_NORMAL
Fra:1 Mem:31.40M (Peak 40.60M) | Time:495477:30:26.76 | Mem:0.00M, Peak:0.00M | Scene | Synchronizing object | six_burner_range_red_control_knob_2
Fra:1 Mem:31.41M (Peak 40.60M) | Time:495477:30:26.76 | Mem:0.00M, Peak:0.00M | Scene | Initializing
Fra:1 Mem:31.41M (Peak 40.60M) | Time:495477:30:26.76 | Mem:0.00M, Peak:0.00M | Scene | Updating Images | Loading six_burner_range_red_control_knob_2_DIFFUSE
Info: Baking map saved to internal image, save it externally or pack it
Info: Baking map saved to internal image, save it externally or pack it
Info: Baking map saved to internal image, save it externally or pack it
Info: Baking map saved to internal image, save it externally or pack it
Info: Baking map saved to internal image, save it externally or pack it
Info: Baking map saved to internal image, save it externally or pack it
Info: Baking map saved to internal image, save it externally or pack it
Info: Baking map saved to internal image, save it externally or pack it
Info: Baking map saved to internal image, save it externally or pack it
Info: Baking map saved to internal image, save it externally or pack it
Info: Baking map saved to internal image, save it externally or pack it
Info: Baking map saved to internal image, save it externally or pack it
Info: Baking map saved to internal image, save it externally or pack it
Info: Baking map saved to internal image, save it externally or pack it
Info: Baking map saved to internal image, save it externally or pack it
Info: Baking map saved to internal image, save it externally or pack it
Info: Baking map saved to internal image, save it externally or pack it
Info: Baking map saved to internal image, save it externally or pack it
Info: Baking map saved to internal image, save it externally or pack it
Info: Baking map saved to internal image, save it externally or pack it
Info: Baking map saved to internal image, save it externally or pack it
Info: Baking map saved to internal image, save it externally or pack it
Info: Baking map saved to internal image, save it externally or pack it
Info: Baking map saved to internal image, save it externally or pack it
Info: Baking map saved to internal image, save it externally or pack it
Info: Baking map saved to internal image, save it externally or pack it
Info: Baking map saved to internal image, save it externally or pack it
Info: Baking map saved to internal image, save it externally or pack it
Info: Baking map saved to internal image, save it externally or pack it
Info: Baking map saved to internal image, save it externally or pack it
Info: Baking map saved to internal image, save it externally or pack it
Info: Baking map saved to internal image, save it externally or pack it
Info: Baking map saved to internal image, save it externally or pack it
Info: Baking map saved to internal image, save it externally or pack it
Info: Baking map saved to internal image, save it externally or pack it
Info: Baking map saved to internal image, save it externally or pack it
Info: Baking map saved to internal image, save it externally or pack it
Info: Baking map saved to internal image, save it externally or pack it
Info: Baking map saved to internal image, save it externally or pack it
Info: Baking map saved to internal image, save it externally or pack it
Info: Baking map saved to internal image, save it externally or pack it
Info: Baking map saved to internal image, save it externally or pack it
Info: Baking map saved to internal image, save it externally or pack it
Info: Baking map saved to internal image, save it externally or pack it
Info: Baking map saved to internal image, save it externally or pack it
Info: Baking map saved to internal image, save it externally or pack it
Info: Baking map saved to internal image, save it externally or pack it
Info: Baking map saved to internal image, save it externally or pack it
Info: Baking map saved to internal image, save it externally or pack it
Info: Baking map saved to internal image, save it externally or pack it
Info: Baking map saved to internal image, save it externally or pack it
Info: Baking map saved to internal image, save it externally or pack it
Info: Baking map saved to internal image, save it externally or pack it
Info: Baking map saved to internal image, save it externally or pack it
Info: Baking map saved to internal image, save it externally or pack it
Info: Baking map saved to internal image, save it externally or pack it
Info: Baking map saved to internal image, save it externally or pack it
Info: Baking map saved to internal image, save it externally or pack it
Info: Baking map saved to internal image, save it externally or pack it
Info: Baking map saved to internal image, save it externally or pack it
Info: Baking map saved to internal image, save it externally or pack it
Info: Baking map saved to internal image, save it externally or pack it
Info: Baking map saved to internal image, save it externally or pack it
Info: Baking map saved to internal image, save it externally or pack it
Info: Baking map saved to internal image, save it externally or pack it
Info: Baking map saved to internal image, save it externally or pack it
Info: Baking map saved to internal image, save it externally or pack it
Info: Baking map saved to internal image, save it externally or pack it
Info: Baking map saved to internal image, save it externally or pack it
Info: Baking map saved to internal image, save it externally or pack it
Info: Baking map saved to internal image, save it externally or pack it
Info: Baking map saved to internal image, save it externally or pack it
Info: Baking map saved to internal image, save it externally or pack it
Info: Baking map saved to internal image, save it externally or pack it
Info: Baking map saved to internal image, save it externally or pack it
Info: Baking map saved to internal image, save it externally or pack it
Info: Baking map saved to internal image, save it externally or pack it
Info: Baking map saved to internal image, save it externally or pack it
Info: Baking map saved to internal image, save it externally or pack it
Info: Baking map saved to internal image, save it externally or pack it
Info: Baking map saved to internal image, save it externally or pack it
Info: Baking map saved to internal image, save it externally or pack it
Info: Baking map saved to internal image, save it externally or pack it
Info: Baking map saved to internal image, save it externally or pack it
Info: Baking map saved to internal image, save it externally or pack it
Info: Baking map saved to internal image, save it externally or pack it
Info: Baking map saved to internal image, save it externally or pack it
Info: Baking map saved to internal image, save it externally or pack it
Info: Baking map saved to internal image, save it externally or pack it
Info: Baking map saved to internal image, save it externally or pack it
Info: Baking map saved to internal image, save it externally or pack it
Info: Baking map saved to internal image, save it externally or pack it
Info: Baking map saved to internal image, save it externally or pack it
Info: Baking map saved to internal image, save it externally or pack it
Info: Baking map saved to internal image, save it externally or pack it
Info: Baking map saved to internal image, save it externally or pack it
Info: Baking map saved to internal image, save it externally or pack it
Info: Baking map saved to internal image, save it externally or pack it
Info: Baking map saved to internal image, save it externally or pack it
Info: Baking map saved to internal image, save it externally or pack it
Info: Baking map saved to internal image, save it externally or pack it
Info: Baking map saved to internal image, save it externally or pack it
Info: Baking map saved to internal image, save it externally or pack it
Info: Baking map saved to internal image, save it externally or pack it
Info: Baking map saved to internal image, save it externally or pack it
Info: Baking map saved to internal image, save it externally or pack it
Info: Baking map saved to internal image, save it externally or pack it
Info: Baking map saved to internal image, save it externally or pack it
Info: Baking map saved to internal image, save it externally or pack it
Info: Baking map saved to internal image, save it externally or pack it
Info: Baking map saved to internal image, save it externally or pack it
Info: Baking map saved to internal image, save it externally or pack it
Info: Baking map saved to internal image, save it externally or pack it
Info: Baking map saved to internal image, save it externally or pack it
Fra:1 Mem:31.43M (Peak 40.62M) | Time:495477:30:26.78 | Mem:0.00M, Peak:0.00M | Scene | Synchronizing object | six_burner_range_red_control_knob_2
Fra:1 Mem:31.43M (Peak 40.62M) | Time:495477:30:26.78 | Mem:0.00M, Peak:0.00M | Scene | Initializing
Fra:1 Mem:31.43M (Peak 40.62M) | Time:495477:30:26.78 | Mem:0.00M, Peak:0.00M | Scene | Updating Images | Loading six_burner_range_red_control_knob_2_ROUGHNESS
Fra:1 Mem:31.45M (Peak 40.62M) | Time:495477:30:26.79 | Mem:0.00M, Peak:0.00M | Scene | Synchronizing object | six_burner_range_red_control_knob_2
Fra:1 Mem:31.45M (Peak 40.62M) | Time:495477:30:26.79 | Mem:0.00M, Peak:0.00M | Scene | Initializing
Fra:1 Mem:31.45M (Peak 40.62M) | Time:495477:30:26.79 | Mem:0.00M, Peak:0.00M | Scene | Updating Images | Loading six_burner_range_red_control_knob_2_NORMAL
Fra:1 Mem:31.47M (Peak 40.67M) | Time:495477:30:26.81 | Mem:0.00M, Peak:0.00M | Scene | Synchronizing object | six_burner_range_stainless_body
Fra:1 Mem:31.48M (Peak 40.67M) | Time:495477:30:26.81 | Mem:0.00M, Peak:0.00M | Scene | Initializing
Fra:1 Mem:31.48M (Peak 40.67M) | Time:495477:30:26.81 | Mem:0.00M, Peak:0.00M | Scene | Updating Images | Loading six_burner_range_stainless_body_METAL
Fra:1 Mem:31.50M (Peak 40.70M) | Time:495477:30:26.82 | Mem:0.00M, Peak:0.00M | Scene | Synchronizing object | six_burner_range_stainless_body
Fra:1 Mem:31.52M (Peak 40.70M) | Time:495477:30:26.82 | Mem:0.00M, Peak:0.00M | Scene | Initializing
Fra:1 Mem:31.51M (Peak 40.70M) | Time:495477:30:26.82 | Mem:0.00M, Peak:0.00M | Scene | Updating Images | Loading six_burner_range_stainless_body_DIFFUSE
Fra:1 Mem:31.53M (Peak 40.74M) | Time:495477:30:26.83 | Mem:0.00M, Peak:0.00M | Scene | Synchronizing object | six_burner_range_stainless_body
Fra:1 Mem:31.54M (Peak 40.74M) | Time:495477:30:26.83 | Mem:0.00M, Peak:0.00M | Scene | Initializing
Fra:1 Mem:31.53M (Peak 40.74M) | Time:495477:30:26.83 | Mem:0.00M, Peak:0.00M | Scene | Updating Images | Loading six_burner_range_stainless_body_ROUGHNESS
Fra:1 Mem:31.55M (Peak 40.74M) | Time:495477:30:26.84 | Mem:0.00M, Peak:0.00M | Scene | Synchronizing object | six_burner_range_stainless_body
Fra:1 Mem:31.56M (Peak 40.74M) | Time:495477:30:26.84 | Mem:0.00M, Peak:0.00M | Scene | Initializing
Fra:1 Mem:31.56M (Peak 40.74M) | Time:495477:30:26.84 | Mem:0.00M, Peak:0.00M | Scene | Updating Images | Loading six_burner_range_stainless_body_NORMAL
Fra:1 Mem:31.55M (Peak 40.78M) | Time:495477:30:26.86 | Mem:0.00M, Peak:0.00M | Scene | Synchronizing object | south_storage_wall
Fra:1 Mem:31.56M (Peak 40.78M) | Time:495477:30:26.86 | Mem:0.00M, Peak:0.00M | Scene | Initializing
Fra:1 Mem:31.56M (Peak 40.78M) | Time:495477:30:26.86 | Mem:0.00M, Peak:0.00M | Scene | Updating Images | Loading south_storage_wall_DIFFUSE
Fra:1 Mem:31.58M (Peak 40.79M) | Time:495477:30:26.87 | Mem:0.00M, Peak:0.00M | Scene | Synchronizing object | south_storage_wall
Fra:1 Mem:31.59M (Peak 40.79M) | Time:495477:30:26.87 | Mem:0.00M, Peak:0.00M | Scene | Initializing
Fra:1 Mem:31.58M (Peak 40.79M) | Time:495477:30:26.87 | Mem:0.00M, Peak:0.00M | Scene | Updating Images | Loading south_storage_wall_ROUGHNESS
Fra:1 Mem:31.60M (Peak 40.79M) | Time:495477:30:26.88 | Mem:0.00M, Peak:0.00M | Scene | Synchronizing object | south_storage_wall
Fra:1 Mem:31.61M (Peak 40.79M) | Time:495477:30:26.88 | Mem:0.00M, Peak:0.00M | Scene | Initializing
Fra:1 Mem:31.61M (Peak 40.79M) | Time:495477:30:26.88 | Mem:0.00M, Peak:0.00M | Scene | Updating Images | Loading south_storage_wall_NORMAL
Fra:1 Mem:31.60M (Peak 40.83M) | Time:495477:30:26.90 | Mem:0.00M, Peak:0.00M | Scene | Synchronizing object | stainless_stock_pot_0
Fra:1 Mem:31.61M (Peak 40.83M) | Time:495477:30:26.90 | Mem:0.00M, Peak:0.00M | Scene | Initializing
Fra:1 Mem:31.61M (Peak 40.83M) | Time:495477:30:26.90 | Mem:0.00M, Peak:0.00M | Scene | Updating Images | Loading stainless_stock_pot_0_METAL
Fra:1 Mem:31.64M (Peak 40.83M) | Time:495477:30:26.91 | Mem:0.00M, Peak:0.00M | Scene | Synchronizing object | stainless_stock_pot_0
Fra:1 Mem:31.64M (Peak 40.83M) | Time:495477:30:26.91 | Mem:0.00M, Peak:0.00M | Scene | Initializing
Fra:1 Mem:31.64M (Peak 40.83M) | Time:495477:30:26.91 | Mem:0.00M, Peak:0.00M | Scene | Updating Images | Loading stainless_stock_pot_0_DIFFUSE
Fra:1 Mem:31.66M (Peak 40.85M) | Time:495477:30:26.93 | Mem:0.00M, Peak:0.00M | Scene | Synchronizing object | stainless_stock_pot_0
Fra:1 Mem:31.66M (Peak 40.85M) | Time:495477:30:26.93 | Mem:0.00M, Peak:0.00M | Scene | Initializing
Fra:1 Mem:31.66M (Peak 40.85M) | Time:495477:30:26.93 | Mem:0.00M, Peak:0.00M | Scene | Updating Images | Loading stainless_stock_pot_0_ROUGHNESS
Fra:1 Mem:31.68M (Peak 40.85M) | Time:495477:30:26.94 | Mem:0.00M, Peak:0.00M | Scene | Synchronizing object | stainless_stock_pot_0
Fra:1 Mem:31.68M (Peak 40.85M) | Time:495477:30:26.94 | Mem:0.00M, Peak:0.00M | Scene | Initializing
Fra:1 Mem:31.68M (Peak 40.85M) | Time:495477:30:26.94 | Mem:0.00M, Peak:0.00M | Scene | Updating Images | Loading stainless_stock_pot_0_NORMAL
Fra:1 Mem:31.68M (Peak 40.90M) | Time:495477:30:26.95 | Mem:0.00M, Peak:0.00M | Scene | Synchronizing object | stainless_stock_pot_1
Fra:1 Mem:31.69M (Peak 40.90M) | Time:495477:30:26.95 | Mem:0.00M, Peak:0.00M | Scene | Initializing
Fra:1 Mem:31.68M (Peak 40.90M) | Time:495477:30:26.95 | Mem:0.00M, Peak:0.00M | Scene | Updating Images | Loading stainless_stock_pot_1_METAL
Fra:1 Mem:31.71M (Peak 40.90M) | Time:495477:30:26.97 | Mem:0.00M, Peak:0.00M | Scene | Synchronizing object | stainless_stock_pot_1
Fra:1 Mem:31.72M (Peak 40.90M) | Time:495477:30:26.97 | Mem:0.00M, Peak:0.00M | Scene | Initializing
Fra:1 Mem:31.71M (Peak 40.90M) | Time:495477:30:26.97 | Mem:0.00M, Peak:0.00M | Scene | Updating Images | Loading stainless_stock_pot_1_DIFFUSE
Fra:1 Mem:31.74M (Peak 40.93M) | Time:495477:30:26.98 | Mem:0.00M, Peak:0.00M | Scene | Synchronizing object | stainless_stock_pot_1
Fra:1 Mem:31.74M (Peak 40.93M) | Time:495477:30:26.98 | Mem:0.00M, Peak:0.00M | Scene | Initializing
Fra:1 Mem:31.74M (Peak 40.93M) | Time:495477:30:26.98 | Mem:0.00M, Peak:0.00M | Scene | Updating Images | Loading stainless_stock_pot_1_ROUGHNESS
Fra:1 Mem:31.76M (Peak 40.93M) | Time:495477:30:26.99 | Mem:0.00M, Peak:0.00M | Scene | Synchronizing object | stainless_stock_pot_1
Fra:1 Mem:31.76M (Peak 40.93M) | Time:495477:30:26.99 | Mem:0.00M, Peak:0.00M | Scene | Initializing
Fra:1 Mem:31.76M (Peak 40.93M) | Time:495477:30:26.99 | Mem:0.00M, Peak:0.00M | Scene | Updating Images | Loading stainless_stock_pot_1_NORMAL
Fra:1 Mem:31.76M (Peak 40.98M) | Time:495477:30:27.01 | Mem:0.00M, Peak:0.00M | Scene | Synchronizing object | stainless_stock_pot_2
Fra:1 Mem:31.76M (Peak 40.98M) | Time:495477:30:27.01 | Mem:0.00M, Peak:0.00M | Scene | Initializing
Fra:1 Mem:31.76M (Peak 40.98M) | Time:495477:30:27.01 | Mem:0.00M, Peak:0.00M | Scene | Updating Images | Loading stainless_stock_pot_2_METAL
Fra:1 Mem:31.79M (Peak 40.98M) | Time:495477:30:27.02 | Mem:0.00M, Peak:0.00M | Scene | Synchronizing object | stainless_stock_pot_2
Fra:1 Mem:31.80M (Peak 40.98M) | Time:495477:30:27.02 | Mem:0.00M, Peak:0.00M | Scene | Initializing
Fra:1 Mem:31.79M (Peak 40.98M) | Time:495477:30:27.02 | Mem:0.00M, Peak:0.00M | Scene | Updating Images | Loading stainless_stock_pot_2_DIFFUSE
Fra:1 Mem:31.81M (Peak 41.01M) | Time:495477:30:27.03 | Mem:0.00M, Peak:0.00M | Scene | Synchronizing object | stainless_stock_pot_2
Fra:1 Mem:31.82M (Peak 41.01M) | Time:495477:30:27.03 | Mem:0.00M, Peak:0.00M | Scene | Initializing
Fra:1 Mem:31.81M (Peak 41.01M) | Time:495477:30:27.03 | Mem:0.00M, Peak:0.00M | Scene | Updating Images | Loading stainless_stock_pot_2_ROUGHNESS
Fra:1 Mem:31.84M (Peak 41.01M) | Time:495477:30:27.05 | Mem:0.00M, Peak:0.00M | Scene | Synchronizing object | stainless_stock_pot_2
Fra:1 Mem:31.84M (Peak 41.01M) | Time:495477:30:27.05 | Mem:0.00M, Peak:0.00M | Scene | Initializing
Fra:1 Mem:31.84M (Peak 41.01M) | Time:495477:30:27.05 | Mem:0.00M, Peak:0.00M | Scene | Updating Images | Loading stainless_stock_pot_2_NORMAL
Fra:1 Mem:31.84M (Peak 41.05M) | Time:495477:30:27.06 | Mem:0.00M, Peak:0.00M | Scene | Synchronizing object | stainless_stock_pot_3
Fra:1 Mem:31.84M (Peak 41.05M) | Time:495477:30:27.06 | Mem:0.00M, Peak:0.00M | Scene | Initializing
Fra:1 Mem:31.84M (Peak 41.05M) | Time:495477:30:27.06 | Mem:0.00M, Peak:0.00M | Scene | Updating Images | Loading stainless_stock_pot_3_METAL
Fra:1 Mem:31.87M (Peak 41.05M) | Time:495477:30:27.07 | Mem:0.00M, Peak:0.00M | Scene | Synchronizing object | stainless_stock_pot_3
Fra:1 Mem:31.87M (Peak 41.05M) | Time:495477:30:27.07 | Mem:0.00M, Peak:0.00M | Scene | Initializing
Fra:1 Mem:31.87M (Peak 41.05M) | Time:495477:30:27.07 | Mem:0.00M, Peak:0.00M | Scene | Updating Images | Loading stainless_stock_pot_3_DIFFUSE
Fra:1 Mem:31.89M (Peak 41.09M) | Time:495477:30:27.09 | Mem:0.00M, Peak:0.00M | Scene | Synchronizing object | stainless_stock_pot_3
Fra:1 Mem:31.90M (Peak 41.09M) | Time:495477:30:27.09 | Mem:0.00M, Peak:0.00M | Scene | Initializing
Fra:1 Mem:31.89M (Peak 41.09M) | Time:495477:30:27.09 | Mem:0.00M, Peak:0.00M | Scene | Updating Images | Loading stainless_stock_pot_3_ROUGHNESS
Fra:1 Mem:31.91M (Peak 41.09M) | Time:495477:30:27.10 | Mem:0.00M, Peak:0.00M | Scene | Synchronizing object | stainless_stock_pot_3
Fra:1 Mem:31.92M (Peak 41.09M) | Time:495477:30:27.10 | Mem:0.00M, Peak:0.00M | Scene | Initializing
Fra:1 Mem:31.91M (Peak 41.09M) | Time:495477:30:27.10 | Mem:0.00M, Peak:0.00M | Scene | Updating Images | Loading stainless_stock_pot_3_NORMAL
Fra:1 Mem:31.91M (Peak 41.13M) | Time:495477:30:27.12 | Mem:0.00M, Peak:0.00M | Scene | Synchronizing object | stainless_stock_pot_4
Fra:1 Mem:31.92M (Peak 41.13M) | Time:495477:30:27.12 | Mem:0.00M, Peak:0.00M | Scene | Initializing
Fra:1 Mem:31.92M (Peak 41.13M) | Time:495477:30:27.12 | Mem:0.00M, Peak:0.00M | Scene | Updating Images | Loading stainless_stock_pot_4_METAL
Fra:1 Mem:31.95M (Peak 41.13M) | Time:495477:30:27.13 | Mem:0.00M, Peak:0.00M | Scene | Synchronizing object | stainless_stock_pot_4
Fra:1 Mem:31.95M (Peak 41.13M) | Time:495477:30:27.13 | Mem:0.00M, Peak:0.00M | Scene | Initializing
Fra:1 Mem:31.95M (Peak 41.13M) | Time:495477:30:27.13 | Mem:0.00M, Peak:0.00M | Scene | Updating Images | Loading stainless_stock_pot_4_DIFFUSE
Fra:1 Mem:31.97M (Peak 41.17M) | Time:495477:30:27.14 | Mem:0.00M, Peak:0.00M | Scene | Synchronizing object | stainless_stock_pot_4
Fra:1 Mem:31.97M (Peak 41.17M) | Time:495477:30:27.14 | Mem:0.00M, Peak:0.00M | Scene | Initializing
Fra:1 Mem:31.97M (Peak 41.17M) | Time:495477:30:27.14 | Mem:0.00M, Peak:0.00M | Scene | Updating Images | Loading stainless_stock_pot_4_ROUGHNESS
Fra:1 Mem:31.99M (Peak 41.17M) | Time:495477:30:27.16 | Mem:0.00M, Peak:0.00M | Scene | Synchronizing object | stainless_stock_pot_4
Fra:1 Mem:32.00M (Peak 41.17M) | Time:495477:30:27.16 | Mem:0.00M, Peak:0.00M | Scene | Initializing
Fra:1 Mem:31.99M (Peak 41.17M) | Time:495477:30:27.16 | Mem:0.00M, Peak:0.00M | Scene | Updating Images | Loading stainless_stock_pot_4_NORMAL
Fra:1 Mem:31.99M (Peak 41.21M) | Time:495477:30:27.17 | Mem:0.00M, Peak:0.00M | Scene | Synchronizing object | steam_table_black_cooking_surface
Fra:1 Mem:31.99M (Peak 41.21M) | Time:495477:30:27.17 | Mem:0.00M, Peak:0.00M | Scene | Initializing
Fra:1 Mem:31.99M (Peak 41.21M) | Time:495477:30:27.17 | Mem:0.00M, Peak:0.00M | Scene | Updating Images | Loading steam_table_black_cooking_surface_METAL
Fra:1 Mem:32.02M (Peak 41.21M) | Time:495477:30:27.18 | Mem:0.00M, Peak:0.00M | Scene | Synchronizing object | steam_table_black_cooking_surface
Fra:1 Mem:32.02M (Peak 41.21M) | Time:495477:30:27.18 | Mem:0.00M, Peak:0.00M | Scene | Initializing
Fra:1 Mem:32.02M (Peak 41.21M) | Time:495477:30:27.18 | Mem:0.00M, Peak:0.00M | Scene | Updating Images | Loading steam_table_black_cooking_surface_DIFFUSE
Fra:1 Mem:32.04M (Peak 41.23M) | Time:495477:30:27.19 | Mem:0.00M, Peak:0.00M | Scene | Synchronizing object | steam_table_black_cooking_surface
Fra:1 Mem:32.04M (Peak 41.23M) | Time:495477:30:27.19 | Mem:0.00M, Peak:0.00M | Scene | Initializing
Fra:1 Mem:32.04M (Peak 41.23M) | Time:495477:30:27.19 | Mem:0.00M, Peak:0.00M | Scene | Updating Images | Loading steam_table_black_cooking_surface_ROUGHNESS
Fra:1 Mem:32.06M (Peak 41.23M) | Time:495477:30:27.21 | Mem:0.00M, Peak:0.00M | Scene | Synchronizing object | steam_table_black_cooking_surface
Fra:1 Mem:32.06M (Peak 41.23M) | Time:495477:30:27.21 | Mem:0.00M, Peak:0.00M | Scene | Initializing
Fra:1 Mem:32.06M (Peak 41.23M) | Time:495477:30:27.21 | Mem:0.00M, Peak:0.00M | Scene | Updating Images | Loading steam_table_black_cooking_surface_NORMAL
Fra:1 Mem:32.07M (Peak 41.27M) | Time:495477:30:27.22 | Mem:0.00M, Peak:0.00M | Scene | Synchronizing object | steam_table_red_control_knob_0
Fra:1 Mem:32.07M (Peak 41.27M) | Time:495477:30:27.22 | Mem:0.00M, Peak:0.00M | Scene | Initializing
Fra:1 Mem:32.07M (Peak 41.27M) | Time:495477:30:27.22 | Mem:0.00M, Peak:0.00M | Scene | Updating Images | Loading steam_table_red_control_knob_0_DIFFUSE
Fra:1 Mem:32.09M (Peak 41.29M) | Time:495477:30:27.23 | Mem:0.00M, Peak:0.00M | Scene | Synchronizing object | steam_table_red_control_knob_0
Fra:1 Mem:32.10M (Peak 41.29M) | Time:495477:30:27.23 | Mem:0.00M, Peak:0.00M | Scene | Initializing
Fra:1 Mem:32.09M (Peak 41.29M) | Time:495477:30:27.23 | Mem:0.00M, Peak:0.00M | Scene | Updating Images | Loading steam_table_red_control_knob_0_ROUGHNESS
Fra:1 Mem:32.12M (Peak 41.29M) | Time:495477:30:27.25 | Mem:0.00M, Peak:0.00M | Scene | Synchronizing object | steam_table_red_control_knob_0
Fra:1 Mem:32.12M (Peak 41.29M) | Time:495477:30:27.25 | Mem:0.00M, Peak:0.00M | Scene | Initializing
Fra:1 Mem:32.12M (Peak 41.29M) | Time:495477:30:27.25 | Mem:0.00M, Peak:0.00M | Scene | Updating Images | Loading steam_table_red_control_knob_0_NORMAL
Fra:1 Mem:32.14M (Peak 41.33M) | Time:495477:30:27.26 | Mem:0.00M, Peak:0.00M | Scene | Synchronizing object | steam_table_red_control_knob_1
Fra:1 Mem:32.14M (Peak 41.33M) | Time:495477:30:27.26 | Mem:0.00M, Peak:0.00M | Scene | Initializing
Fra:1 Mem:32.14M (Peak 41.33M) | Time:495477:30:27.26 | Mem:0.00M, Peak:0.00M | Scene | Updating Images | Loading steam_table_red_control_knob_1_DIFFUSE
Fra:1 Mem:32.16M (Peak 41.35M) | Time:495477:30:27.28 | Mem:0.00M, Peak:0.00M | Scene | Synchronizing object | steam_table_red_control_knob_1
Fra:1 Mem:32.17M (Peak 41.35M) | Time:495477:30:27.28 | Mem:0.00M, Peak:0.00M | Scene | Initializing
Fra:1 Mem:32.16M (Peak 41.35M) | Time:495477:30:27.28 | Mem:0.00M, Peak:0.00M | Scene | Updating Images | Loading steam_table_red_control_knob_1_ROUGHNESS
Fra:1 Mem:32.18M (Peak 41.35M) | Time:495477:30:27.29 | Mem:0.00M, Peak:0.00M | Scene | Synchronizing object | steam_table_red_control_knob_1
Fra:1 Mem:32.19M (Peak 41.35M) | Time:495477:30:27.29 | Mem:0.00M, Peak:0.00M | Scene | Initializing
Fra:1 Mem:32.18M (Peak 41.35M) | Time:495477:30:27.29 | Mem:0.00M, Peak:0.00M | Scene | Updating Images | Loading steam_table_red_control_knob_1_NORMAL
Fra:1 Mem:32.21M (Peak 41.40M) | Time:495477:30:27.30 | Mem:0.00M, Peak:0.00M | Scene | Synchronizing object | steam_table_red_control_knob_2
Fra:1 Mem:32.21M (Peak 41.40M) | Time:495477:30:27.30 | Mem:0.00M, Peak:0.00M | Scene | Initializing
Fra:1 Mem:32.21M (Peak 41.40M) | Time:495477:30:27.30 | Mem:0.00M, Peak:0.00M | Scene | Updating Images | Loading steam_table_red_control_knob_2_DIFFUSE
Fra:1 Mem:32.23M (Peak 41.42M) | Time:495477:30:27.32 | Mem:0.00M, Peak:0.00M | Scene | Synchronizing object | steam_table_red_control_knob_2
Fra:1 Mem:32.23M (Peak 41.42M) | Time:495477:30:27.32 | Mem:0.00M, Peak:0.00M | Scene | Initializing
Fra:1 Mem:32.23M (Peak 41.42M) | Time:495477:30:27.32 | Mem:0.00M, Peak:0.00M | Scene | Updating Images | Loading steam_table_red_control_knob_2_ROUGHNESS
Fra:1 Mem:32.25M (Peak 41.42M) | Time:495477:30:27.33 | Mem:0.00M, Peak:0.00M | Scene | Synchronizing object | steam_table_red_control_knob_2
Fra:1 Mem:32.26M (Peak 41.42M) | Time:495477:30:27.33 | Mem:0.00M, Peak:0.00M | Scene | Initializing
Fra:1 Mem:32.25M (Peak 41.42M) | Time:495477:30:27.33 | Mem:0.00M, Peak:0.00M | Scene | Updating Images | Loading steam_table_red_control_knob_2_NORMAL
Fra:1 Mem:32.27M (Peak 41.47M) | Time:495477:30:27.35 | Mem:0.00M, Peak:0.00M | Scene | Synchronizing object | steam_table_stainless_body
Fra:1 Mem:32.28M (Peak 41.47M) | Time:495477:30:27.35 | Mem:0.00M, Peak:0.00M | Scene | Initializing
Fra:1 Mem:32.28M (Peak 41.47M) | Time:495477:30:27.35 | Mem:0.00M, Peak:0.00M | Scene | Updating Images | Loading steam_table_stainless_body_METAL
Fra:1 Mem:32.30M (Peak 41.50M) | Time:495477:30:27.36 | Mem:0.00M, Peak:0.00M | Scene | Synchronizing object | steam_table_stainless_body
Fra:1 Mem:32.32M (Peak 41.50M) | Time:495477:30:27.36 | Mem:0.00M, Peak:0.00M | Scene | Initializing
Fra:1 Mem:32.31M (Peak 41.50M) | Time:495477:30:27.36 | Mem:0.00M, Peak:0.00M | Scene | Updating Images | Loading steam_table_stainless_body_DIFFUSE
Fra:1 Mem:32.33M (Peak 41.54M) | Time:495477:30:27.37 | Mem:0.00M, Peak:0.00M | Scene | Synchronizing object | steam_table_stainless_body
Fra:1 Mem:32.34M (Peak 41.54M) | Time:495477:30:27.37 | Mem:0.00M, Peak:0.00M | Scene | Initializing
Fra:1 Mem:32.34M (Peak 41.54M) | Time:495477:30:27.37 | Mem:0.00M, Peak:0.00M | Scene | Updating Images | Loading steam_table_stainless_body_ROUGHNESS
Fra:1 Mem:32.35M (Peak 41.54M) | Time:495477:30:27.39 | Mem:0.00M, Peak:0.00M | Scene | Synchronizing object | steam_table_stainless_body
Fra:1 Mem:32.36M (Peak 41.54M) | Time:495477:30:27.39 | Mem:0.00M, Peak:0.00M | Scene | Initializing
Fra:1 Mem:32.36M (Peak 41.54M) | Time:495477:30:27.39 | Mem:0.00M, Peak:0.00M | Scene | Updating Images | Loading steam_table_stainless_body_NORMAL
Fra:1 Mem:32.34M (Peak 41.58M) | Time:495477:30:27.40 | Mem:0.00M, Peak:0.00M | Scene | Synchronizing object | stock_pot_dark_opening_0
Fra:1 Mem:32.35M (Peak 41.58M) | Time:495477:30:27.40 | Mem:0.00M, Peak:0.00M | Scene | Initializing
Fra:1 Mem:32.34M (Peak 41.58M) | Time:495477:30:27.40 | Mem:0.00M, Peak:0.00M | Scene | Updating Images | Loading stock_pot_dark_opening_0_METAL
Fra:1 Mem:32.37M (Peak 41.58M) | Time:495477:30:27.41 | Mem:0.00M, Peak:0.00M | Scene | Synchronizing object | stock_pot_dark_opening_0
Fra:1 Mem:32.38M (Peak 41.58M) | Time:495477:30:27.41 | Mem:0.00M, Peak:0.00M | Scene | Initializing
Fra:1 Mem:32.37M (Peak 41.58M) | Time:495477:30:27.41 | Mem:0.00M, Peak:0.00M | Scene | Updating Images | Loading stock_pot_dark_opening_0_DIFFUSE
Fra:1 Mem:32.40M (Peak 41.59M) | Time:495477:30:27.43 | Mem:0.00M, Peak:0.00M | Scene | Synchronizing object | stock_pot_dark_opening_0
Fra:1 Mem:32.40M (Peak 41.59M) | Time:495477:30:27.43 | Mem:0.00M, Peak:0.00M | Scene | Initializing
Fra:1 Mem:32.40M (Peak 41.59M) | Time:495477:30:27.43 | Mem:0.00M, Peak:0.00M | Scene | Updating Images | Loading stock_pot_dark_opening_0_ROUGHNESS
Fra:1 Mem:32.42M (Peak 41.59M) | Time:495477:30:27.44 | Mem:0.00M, Peak:0.00M | Scene | Synchronizing object | stock_pot_dark_opening_0
Fra:1 Mem:32.42M (Peak 41.59M) | Time:495477:30:27.44 | Mem:0.00M, Peak:0.00M | Scene | Initializing
Fra:1 Mem:32.42M (Peak 41.59M) | Time:495477:30:27.44 | Mem:0.00M, Peak:0.00M | Scene | Updating Images | Loading stock_pot_dark_opening_0_NORMAL
Fra:1 Mem:32.42M (Peak 41.63M) | Time:495477:30:27.46 | Mem:0.00M, Peak:0.00M | Scene | Synchronizing object | stock_pot_dark_opening_1
Fra:1 Mem:32.42M (Peak 41.63M) | Time:495477:30:27.46 | Mem:0.00M, Peak:0.00M | Scene | Initializing
Fra:1 Mem:32.42M (Peak 41.63M) | Time:495477:30:27.46 | Mem:0.00M, Peak:0.00M | Scene | Updating Images | Loading stock_pot_dark_opening_1_METAL
Fra:1 Mem:32.45M (Peak 41.64M) | Time:495477:30:27.47 | Mem:0.00M, Peak:0.00M | Scene | Synchronizing object | stock_pot_dark_opening_1
Fra:1 Mem:32.46M (Peak 41.64M) | Time:495477:30:27.47 | Mem:0.00M, Peak:0.00M | Scene | Initializing
Fra:1 Mem:32.45M (Peak 41.64M) | Time:495477:30:27.47 | Mem:0.00M, Peak:0.00M | Scene | Updating Images | Loading stock_pot_dark_opening_1_DIFFUSE
Fra:1 Mem:32.47M (Peak 41.67M) | Time:495477:30:27.48 | Mem:0.00M, Peak:0.00M | Scene | Synchronizing object | stock_pot_dark_opening_1
Fra:1 Mem:32.48M (Peak 41.67M) | Time:495477:30:27.48 | Mem:0.00M, Peak:0.00M | Scene | Initializing
Fra:1 Mem:32.47M (Peak 41.67M) | Time:495477:30:27.48 | Mem:0.00M, Peak:0.00M | Scene | Updating Images | Loading stock_pot_dark_opening_1_ROUGHNESS
Fra:1 Mem:32.49M (Peak 41.67M) | Time:495477:30:27.50 | Mem:0.00M, Peak:0.00M | Scene | Synchronizing object | stock_pot_dark_opening_1
Fra:1 Mem:32.50M (Peak 41.67M) | Time:495477:30:27.50 | Mem:0.00M, Peak:0.00M | Scene | Initializing
Fra:1 Mem:32.50M (Peak 41.67M) | Time:495477:30:27.50 | Mem:0.00M, Peak:0.00M | Scene | Updating Images | Loading stock_pot_dark_opening_1_NORMAL
Fra:1 Mem:32.49M (Peak 41.71M) | Time:495477:30:27.51 | Mem:0.00M, Peak:0.00M | Scene | Synchronizing object | stock_pot_dark_opening_2
Fra:1 Mem:32.50M (Peak 41.71M) | Time:495477:30:27.51 | Mem:0.00M, Peak:0.00M | Scene | Initializing
Fra:1 Mem:32.50M (Peak 41.71M) | Time:495477:30:27.51 | Mem:0.00M, Peak:0.00M | Scene | Updating Images | Loading stock_pot_dark_opening_2_METAL
Fra:1 Mem:32.53M (Peak 41.71M) | Time:495477:30:27.52 | Mem:0.00M, Peak:0.00M | Scene | Synchronizing object | stock_pot_dark_opening_2
Fra:1 Mem:32.53M (Peak 41.71M) | Time:495477:30:27.52 | Mem:0.00M, Peak:0.00M | Scene | Initializing
Fra:1 Mem:32.53M (Peak 41.71M) | Time:495477:30:27.52 | Mem:0.00M, Peak:0.00M | Scene | Updating Images | Loading stock_pot_dark_opening_2_DIFFUSE
Fra:1 Mem:32.55M (Peak 41.75M) | Time:495477:30:27.54 | Mem:0.00M, Peak:0.00M | Scene | Synchronizing object | stock_pot_dark_opening_2
Fra:1 Mem:32.55M (Peak 41.75M) | Time:495477:30:27.54 | Mem:0.00M, Peak:0.00M | Scene | Initializing
Fra:1 Mem:32.55M (Peak 41.75M) | Time:495477:30:27.54 | Mem:0.00M, Peak:0.00M | Scene | Updating Images | Loading stock_pot_dark_opening_2_ROUGHNESS
Fra:1 Mem:32.57M (Peak 41.75M) | Time:495477:30:27.55 | Mem:0.00M, Peak:0.00M | Scene | Synchronizing object | stock_pot_dark_opening_2
Fra:1 Mem:32.58M (Peak 41.75M) | Time:495477:30:27.55 | Mem:0.00M, Peak:0.00M | Scene | Initializing
Fra:1 Mem:32.57M (Peak 41.75M) | Time:495477:30:27.55 | Mem:0.00M, Peak:0.00M | Scene | Updating Images | Loading stock_pot_dark_opening_2_NORMAL
Fra:1 Mem:32.57M (Peak 41.79M) | Time:495477:30:27.57 | Mem:0.00M, Peak:0.00M | Scene | Synchronizing object | stock_pot_dark_opening_3
Fra:1 Mem:32.58M (Peak 41.79M) | Time:495477:30:27.57 | Mem:0.00M, Peak:0.00M | Scene | Initializing
Fra:1 Mem:32.58M (Peak 41.79M) | Time:495477:30:27.57 | Mem:0.00M, Peak:0.00M | Scene | Updating Images | Loading stock_pot_dark_opening_3_METAL
Fra:1 Mem:32.61M (Peak 41.79M) | Time:495477:30:27.58 | Mem:0.00M, Peak:0.00M | Scene | Synchronizing object | stock_pot_dark_opening_3
Fra:1 Mem:32.61M (Peak 41.79M) | Time:495477:30:27.58 | Mem:0.00M, Peak:0.00M | Scene | Initializing
Fra:1 Mem:32.61M (Peak 41.79M) | Time:495477:30:27.58 | Mem:0.00M, Peak:0.00M | Scene | Updating Images | Loading stock_pot_dark_opening_3_DIFFUSE
Fra:1 Mem:32.63M (Peak 41.82M) | Time:495477:30:27.59 | Mem:0.00M, Peak:0.00M | Scene | Synchronizing object | stock_pot_dark_opening_3
Fra:1 Mem:32.63M (Peak 41.82M) | Time:495477:30:27.59 | Mem:0.00M, Peak:0.00M | Scene | Initializing
Fra:1 Mem:32.63M (Peak 41.82M) | Time:495477:30:27.59 | Mem:0.00M, Peak:0.00M | Scene | Updating Images | Loading stock_pot_dark_opening_3_ROUGHNESS
Fra:1 Mem:32.65M (Peak 41.82M) | Time:495477:30:27.61 | Mem:0.00M, Peak:0.00M | Scene | Synchronizing object | stock_pot_dark_opening_3
Fra:1 Mem:32.65M (Peak 41.82M) | Time:495477:30:27.61 | Mem:0.00M, Peak:0.00M | Scene | Initializing
Fra:1 Mem:32.65M (Peak 41.82M) | Time:495477:30:27.61 | Mem:0.00M, Peak:0.00M | Scene | Updating Images | Loading stock_pot_dark_opening_3_NORMAL
Fra:1 Mem:32.65M (Peak 41.87M) | Time:495477:30:27.62 | Mem:0.00M, Peak:0.00M | Scene | Synchronizing object | stock_pot_dark_opening_4
Fra:1 Mem:32.66M (Peak 41.87M) | Time:495477:30:27.62 | Mem:0.00M, Peak:0.00M | Scene | Initializing
Fra:1 Mem:32.65M (Peak 41.87M) | Time:495477:30:27.62 | Mem:0.00M, Peak:0.00M | Scene | Updating Images | Loading stock_pot_dark_opening_4_METAL
Fra:1 Mem:32.69M (Peak 41.87M) | Time:495477:30:27.63 | Mem:0.00M, Peak:0.00M | Scene | Synchronizing object | stock_pot_dark_opening_4
Fra:1 Mem:32.69M (Peak 41.87M) | Time:495477:30:27.63 | Mem:0.00M, Peak:0.00M | Scene | Initializing
Fra:1 Mem:32.69M (Peak 41.87M) | Time:495477:30:27.63 | Mem:0.00M, Peak:0.00M | Scene | Updating Images | Loading stock_pot_dark_opening_4_DIFFUSE
Fra:1 Mem:32.71M (Peak 41.90M) | Time:495477:30:27.65 | Mem:0.00M, Peak:0.00M | Scene | Synchronizing object | stock_pot_dark_opening_4
Fra:1 Mem:32.71M (Peak 41.90M) | Time:495477:30:27.65 | Mem:0.00M, Peak:0.00M | Scene | Initializing
Fra:1 Mem:32.71M (Peak 41.90M) | Time:495477:30:27.65 | Mem:0.00M, Peak:0.00M | Scene | Updating Images | Loading stock_pot_dark_opening_4_ROUGHNESS
Fra:1 Mem:32.73M (Peak 41.90M) | Time:495477:30:27.66 | Mem:0.00M, Peak:0.00M | Scene | Synchronizing object | stock_pot_dark_opening_4
Fra:1 Mem:32.73M (Peak 41.90M) | Time:495477:30:27.66 | Mem:0.00M, Peak:0.00M | Scene | Initializing
Fra:1 Mem:32.73M (Peak 41.90M) | Time:495477:30:27.66 | Mem:0.00M, Peak:0.00M | Scene | Updating Images | Loading stock_pot_dark_opening_4_NORMAL
Fra:1 Mem:32.74M (Peak 41.95M) | Time:495477:30:27.68 | Mem:0.00M, Peak:0.00M | Scene | Synchronizing object | three_compartment_sink_stainless_body
Fra:1 Mem:32.74M (Peak 41.95M) | Time:495477:30:27.68 | Mem:0.00M, Peak:0.00M | Scene | Initializing
Fra:1 Mem:32.74M (Peak 41.95M) | Time:495477:30:27.68 | Mem:0.00M, Peak:0.00M | Scene | Updating Images | Loading three_compartment_sink_stainless_body_METAL
Fra:1 Mem:32.77M (Peak 41.96M) | Time:495477:30:27.69 | Mem:0.00M, Peak:0.00M | Scene | Synchronizing object | three_compartment_sink_stainless_body
Fra:1 Mem:32.78M (Peak 41.96M) | Time:495477:30:27.69 | Mem:0.00M, Peak:0.00M | Scene | Initializing
Fra:1 Mem:32.77M (Peak 41.96M) | Time:495477:30:27.69 | Mem:0.00M, Peak:0.00M | Scene | Updating Images | Loading three_compartment_sink_stainless_body_DIFFUSE
Fra:1 Mem:32.79M (Peak 42.00M) | Time:495477:30:27.70 | Mem:0.00M, Peak:0.00M | Scene | Synchronizing object | three_compartment_sink_stainless_body
Fra:1 Mem:32.80M (Peak 42.00M) | Time:495477:30:27.70 | Mem:0.00M, Peak:0.00M | Scene | Initializing
Fra:1 Mem:32.80M (Peak 42.00M) | Time:495477:30:27.70 | Mem:0.00M, Peak:0.00M | Scene | Updating Images | Loading three_compartment_sink_stainless_body_ROUGHNESS
Fra:1 Mem:32.81M (Peak 42.00M) | Time:495477:30:27.72 | Mem:0.00M, Peak:0.00M | Scene | Synchronizing object | three_compartment_sink_stainless_body
Fra:1 Mem:32.82M (Peak 42.00M) | Time:495477:30:27.72 | Mem:0.00M, Peak:0.00M | Scene | Initializing
Fra:1 Mem:32.82M (Peak 42.00M) | Time:495477:30:27.72 | Mem:0.00M, Peak:0.00M | Scene | Updating Images | Loading three_compartment_sink_stainless_body_NORMAL
Fra:1 Mem:32.80M (Peak 42.04M) | Time:495477:30:27.73 | Mem:0.00M, Peak:0.00M | Scene | Synchronizing object | twin_fryer_bank_black_cooking_surface
Fra:1 Mem:32.80M (Peak 42.04M) | Time:495477:30:27.73 | Mem:0.00M, Peak:0.00M | Scene | Initializing
Fra:1 Mem:32.79M (Peak 42.04M) | Time:495477:30:27.73 | Mem:0.00M, Peak:0.00M | Scene | Updating Images | Loading twin_fryer_bank_black_cooking_surface_METAL
Fra:1 Mem:32.83M (Peak 42.04M) | Time:495477:30:27.74 | Mem:0.00M, Peak:0.00M | Scene | Synchronizing object | twin_fryer_bank_black_cooking_surface
Fra:1 Mem:32.83M (Peak 42.04M) | Time:495477:30:27.74 | Mem:0.00M, Peak:0.00M | Scene | Initializing
Fra:1 Mem:32.83M (Peak 42.04M) | Time:495477:30:27.74 | Mem:0.00M, Peak:0.00M | Scene | Updating Images | Loading twin_fryer_bank_black_cooking_surface_DIFFUSE
Fra:1 Mem:32.85M (Peak 42.04M) | Time:495477:30:27.75 | Mem:0.00M, Peak:0.00M | Scene | Synchronizing object | twin_fryer_bank_black_cooking_surface
Fra:1 Mem:32.85M (Peak 42.04M) | Time:495477:30:27.75 | Mem:0.00M, Peak:0.00M | Scene | Initializing
Fra:1 Mem:32.85M (Peak 42.04M) | Time:495477:30:27.75 | Mem:0.00M, Peak:0.00M | Scene | Updating Images | Loading twin_fryer_bank_black_cooking_surface_ROUGHNESS
Fra:1 Mem:32.87M (Peak 42.04M) | Time:495477:30:27.77 | Mem:0.00M, Peak:0.00M | Scene | Synchronizing object | twin_fryer_bank_black_cooking_surface
Fra:1 Mem:32.87M (Peak 42.04M) | Time:495477:30:27.77 | Mem:0.00M, Peak:0.00M | Scene | Initializing
Fra:1 Mem:32.87M (Peak 42.04M) | Time:495477:30:27.77 | Mem:0.00M, Peak:0.00M | Scene | Updating Images | Loading twin_fryer_bank_black_cooking_surface_NORMAL
Fra:1 Mem:32.88M (Peak 42.08M) | Time:495477:30:27.78 | Mem:0.00M, Peak:0.00M | Scene | Synchronizing object | twin_fryer_bank_red_control_knob_0
Fra:1 Mem:32.88M (Peak 42.08M) | Time:495477:30:27.78 | Mem:0.00M, Peak:0.00M | Scene | Initializing
Fra:1 Mem:32.88M (Peak 42.08M) | Time:495477:30:27.78 | Mem:0.00M, Peak:0.00M | Scene | Updating Images | Loading twin_fryer_bank_red_control_knob_0_DIFFUSE
Fra:1 Mem:32.90M (Peak 42.09M) | Time:495477:30:27.79 | Mem:0.00M, Peak:0.00M | Scene | Synchronizing object | twin_fryer_bank_red_control_knob_0
Fra:1 Mem:32.91M (Peak 42.09M) | Time:495477:30:27.79 | Mem:0.00M, Peak:0.00M | Scene | Initializing
Fra:1 Mem:32.90M (Peak 42.09M) | Time:495477:30:27.79 | Mem:0.00M, Peak:0.00M | Scene | Updating Images | Loading twin_fryer_bank_red_control_knob_0_ROUGHNESS
Fra:1 Mem:32.92M (Peak 42.09M) | Time:495477:30:27.81 | Mem:0.00M, Peak:0.00M | Scene | Synchronizing object | twin_fryer_bank_red_control_knob_0
Fra:1 Mem:32.93M (Peak 42.09M) | Time:495477:30:27.81 | Mem:0.00M, Peak:0.00M | Scene | Initializing
Fra:1 Mem:32.92M (Peak 42.09M) | Time:495477:30:27.81 | Mem:0.00M, Peak:0.00M | Scene | Updating Images | Loading twin_fryer_bank_red_control_knob_0_NORMAL
Fra:1 Mem:32.95M (Peak 42.14M) | Time:495477:30:27.82 | Mem:0.00M, Peak:0.00M | Scene | Synchronizing object | twin_fryer_bank_red_control_knob_1
Fra:1 Mem:32.95M (Peak 42.14M) | Time:495477:30:27.82 | Mem:0.00M, Peak:0.00M | Scene | Initializing
Fra:1 Mem:32.95M (Peak 42.14M) | Time:495477:30:27.82 | Mem:0.00M, Peak:0.00M | Scene | Updating Images | Loading twin_fryer_bank_red_control_knob_1_DIFFUSE
Fra:1 Mem:32.97M (Peak 42.16M) | Time:495477:30:27.84 | Mem:0.00M, Peak:0.00M | Scene | Synchronizing object | twin_fryer_bank_red_control_knob_1
Fra:1 Mem:32.97M (Peak 42.16M) | Time:495477:30:27.84 | Mem:0.00M, Peak:0.00M | Scene | Initializing
Fra:1 Mem:32.97M (Peak 42.16M) | Time:495477:30:27.84 | Mem:0.00M, Peak:0.00M | Scene | Updating Images | Loading twin_fryer_bank_red_control_knob_1_ROUGHNESS
Fra:1 Mem:32.99M (Peak 42.16M) | Time:495477:30:27.85 | Mem:0.00M, Peak:0.00M | Scene | Synchronizing object | twin_fryer_bank_red_control_knob_1
Fra:1 Mem:33.00M (Peak 42.16M) | Time:495477:30:27.85 | Mem:0.00M, Peak:0.00M | Scene | Initializing
Fra:1 Mem:32.99M (Peak 42.16M) | Time:495477:30:27.85 | Mem:0.00M, Peak:0.00M | Scene | Updating Images | Loading twin_fryer_bank_red_control_knob_1_NORMAL
Fra:1 Mem:33.01M (Peak 42.21M) | Time:495477:30:27.86 | Mem:0.00M, Peak:0.00M | Scene | Synchronizing object | twin_fryer_bank_red_control_knob_2
Fra:1 Mem:33.02M (Peak 42.21M) | Time:495477:30:27.86 | Mem:0.00M, Peak:0.00M | Scene | Initializing
Fra:1 Mem:33.02M (Peak 42.21M) | Time:495477:30:27.86 | Mem:0.00M, Peak:0.00M | Scene | Updating Images | Loading twin_fryer_bank_red_control_knob_2_DIFFUSE
Fra:1 Mem:33.04M (Peak 42.23M) | Time:495477:30:27.88 | Mem:0.00M, Peak:0.00M | Scene | Synchronizing object | twin_fryer_bank_red_control_knob_2
Fra:1 Mem:33.04M (Peak 42.23M) | Time:495477:30:27.88 | Mem:0.00M, Peak:0.00M | Scene | Initializing
Fra:1 Mem:33.04M (Peak 42.23M) | Time:495477:30:27.88 | Mem:0.00M, Peak:0.00M | Scene | Updating Images | Loading twin_fryer_bank_red_control_knob_2_ROUGHNESS
Fra:1 Mem:33.06M (Peak 42.23M) | Time:495477:30:27.89 | Mem:0.00M, Peak:0.00M | Scene | Synchronizing object | twin_fryer_bank_red_control_knob_2
Fra:1 Mem:33.06M (Peak 42.23M) | Time:495477:30:27.89 | Mem:0.00M, Peak:0.00M | Scene | Initializing
Fra:1 Mem:33.06M (Peak 42.23M) | Time:495477:30:27.89 | Mem:0.00M, Peak:0.00M | Scene | Updating Images | Loading twin_fryer_bank_red_control_knob_2_NORMAL
Fra:1 Mem:33.08M (Peak 42.28M) | Time:495477:30:27.90 | Mem:0.00M, Peak:0.00M | Scene | Synchronizing object | twin_fryer_bank_stainless_body
Fra:1 Mem:33.09M (Peak 42.28M) | Time:495477:30:27.90 | Mem:0.00M, Peak:0.00M | Scene | Initializing
Fra:1 Mem:33.09M (Peak 42.28M) | Time:495477:30:27.90 | Mem:0.00M, Peak:0.00M | Scene | Updating Images | Loading twin_fryer_bank_stainless_body_METAL
Fra:1 Mem:33.11M (Peak 42.31M) | Time:495477:30:27.92 | Mem:0.00M, Peak:0.00M | Scene | Synchronizing object | twin_fryer_bank_stainless_body
Fra:1 Mem:33.13M (Peak 42.31M) | Time:495477:30:27.92 | Mem:0.00M, Peak:0.00M | Scene | Initializing
Fra:1 Mem:33.12M (Peak 42.31M) | Time:495477:30:27.92 | Mem:0.00M, Peak:0.00M | Scene | Updating Images | Loading twin_fryer_bank_stainless_body_DIFFUSE
Fra:1 Mem:33.14M (Peak 42.35M) | Time:495477:30:27.93 | Mem:0.00M, Peak:0.00M | Scene | Synchronizing object | twin_fryer_bank_stainless_body
Fra:1 Mem:33.15M (Peak 42.35M) | Time:495477:30:27.93 | Mem:0.00M, Peak:0.00M | Scene | Initializing
Fra:1 Mem:33.14M (Peak 42.35M) | Time:495477:30:27.93 | Mem:0.00M, Peak:0.00M | Scene | Updating Images | Loading twin_fryer_bank_stainless_body_ROUGHNESS
Fra:1 Mem:33.16M (Peak 42.35M) | Time:495477:30:27.94 | Mem:0.00M, Peak:0.00M | Scene | Synchronizing object | twin_fryer_bank_stainless_body
Fra:1 Mem:33.17M (Peak 42.35M) | Time:495477:30:27.94 | Mem:0.00M, Peak:0.00M | Scene | Initializing
Fra:1 Mem:33.17M (Peak 42.35M) | Time:495477:30:27.94 | Mem:0.00M, Peak:0.00M | Scene | Updating Images | Loading twin_fryer_bank_stainless_body_NORMAL
Fra:1 Mem:33.16M (Peak 42.39M) | Time:495477:30:27.96 | Mem:0.00M, Peak:0.00M | Scene | Synchronizing object | undercounter_refrigerated_drawer_-1.85_stainless_body
Fra:1 Mem:33.16M (Peak 42.39M) | Time:495477:30:27.96 | Mem:0.00M, Peak:0.00M | Scene | Initializing
Fra:1 Mem:33.16M (Peak 42.39M) | Time:495477:30:27.96 | Mem:0.00M, Peak:0.00M | Scene | Updating Images | Loading undercounter_refrigerated_drawer_-1.85_stainless_body_METAL
Fra:1 Mem:33.19M (Peak 42.39M) | Time:495477:30:27.97 | Mem:0.00M, Peak:0.00M | Scene | Synchronizing object | undercounter_refrigerated_drawer_-1.85_stainless_body
Fra:1 Mem:33.20M (Peak 42.39M) | Time:495477:30:27.97 | Mem:0.00M, Peak:0.00M | Scene | Initializing
Fra:1 Mem:33.19M (Peak 42.39M) | Time:495477:30:27.97 | Mem:0.00M, Peak:0.00M | Scene | Updating Images | Loading undercounter_refrigerated_drawer_-1.85_stainless_body_DIFFUSE
Fra:1 Mem:33.21M (Peak 42.42M) | Time:495477:30:27.99 | Mem:0.00M, Peak:0.00M | Scene | Synchronizing object | undercounter_refrigerated_drawer_-1.85_stainless_body
Fra:1 Mem:33.22M (Peak 42.42M) | Time:495477:30:27.99 | Mem:0.00M, Peak:0.00M | Scene | Initializing
Fra:1 Mem:33.22M (Peak 42.42M) | Time:495477:30:27.99 | Mem:0.00M, Peak:0.00M | Scene | Updating Images | Loading undercounter_refrigerated_drawer_-1.85_stainless_body_ROUGHNESS
Fra:1 Mem:33.23M (Peak 42.42M) | Time:495477:30:28.00 | Mem:0.00M, Peak:0.00M | Scene | Synchronizing object | undercounter_refrigerated_drawer_-1.85_stainless_body
Fra:1 Mem:33.24M (Peak 42.42M) | Time:495477:30:28.00 | Mem:0.00M, Peak:0.00M | Scene | Initializing
Fra:1 Mem:33.24M (Peak 42.42M) | Time:495477:30:28.00 | Mem:0.00M, Peak:0.00M | Scene | Updating Images | Loading undercounter_refrigerated_drawer_-1.85_stainless_body_NORMAL
Fra:1 Mem:33.23M (Peak 42.46M) | Time:495477:30:28.01 | Mem:0.00M, Peak:0.00M | Scene | Synchronizing object | undercounter_refrigerated_drawer_1.85_stainless_body
Fra:1 Mem:33.24M (Peak 42.46M) | Time:495477:30:28.01 | Mem:0.00M, Peak:0.00M | Scene | Initializing
Fra:1 Mem:33.23M (Peak 42.46M) | Time:495477:30:28.01 | Mem:0.00M, Peak:0.00M | Scene | Updating Images | Loading undercounter_refrigerated_drawer_1.85_stainless_body_METAL
Fra:1 Mem:33.26M (Peak 42.46M) | Time:495477:30:28.03 | Mem:0.00M, Peak:0.00M | Scene | Synchronizing object | undercounter_refrigerated_drawer_1.85_stainless_body
Fra:1 Mem:33.27M (Peak 42.46M) | Time:495477:30:28.03 | Mem:0.00M, Peak:0.00M | Scene | Initializing
Fra:1 Mem:33.27M (Peak 42.46M) | Time:495477:30:28.03 | Mem:0.00M, Peak:0.00M | Scene | Updating Images | Loading undercounter_refrigerated_drawer_1.85_stainless_body_DIFFUSE
Fra:1 Mem:33.28M (Peak 42.49M) | Time:495477:30:28.04 | Mem:0.00M, Peak:0.00M | Scene | Synchronizing object | undercounter_refrigerated_drawer_1.85_stainless_body
Fra:1 Mem:33.29M (Peak 42.49M) | Time:495477:30:28.04 | Mem:0.00M, Peak:0.00M | Scene | Initializing
Fra:1 Mem:33.29M (Peak 42.49M) | Time:495477:30:28.04 | Mem:0.00M, Peak:0.00M | Scene | Updating Images | Loading undercounter_refrigerated_drawer_1.85_stainless_body_ROUGHNESS
Fra:1 Mem:33.30M (Peak 42.49M) | Time:495477:30:28.05 | Mem:0.00M, Peak:0.00M | Scene | Synchronizing object | undercounter_refrigerated_drawer_1.85_stainless_body
Fra:1 Mem:33.31M (Peak 42.49M) | Time:495477:30:28.05 | Mem:0.00M, Peak:0.00M | Scene | Initializing
Fra:1 Mem:33.31M (Peak 42.49M) | Time:495477:30:28.05 | Mem:0.00M, Peak:0.00M | Scene | Updating Images | Loading undercounter_refrigerated_drawer_1.85_stainless_body_NORMAL
Fra:1 Mem:33.30M (Peak 42.53M) | Time:495477:30:28.07 | Mem:0.00M, Peak:0.00M | Scene | Synchronizing object | walk_in_cooler_box_stainless_body
Fra:1 Mem:33.31M (Peak 42.53M) | Time:495477:30:28.07 | Mem:0.00M, Peak:0.00M | Scene | Initializing
Fra:1 Mem:33.30M (Peak 42.53M) | Time:495477:30:28.07 | Mem:0.00M, Peak:0.00M | Scene | Updating Images | Loading walk_in_cooler_box_stainless_body_METAL
Fra:1 Mem:33.33M (Peak 42.53M) | Time:495477:30:28.08 | Mem:0.00M, Peak:0.00M | Scene | Synchronizing object | walk_in_cooler_box_stainless_body
Fra:1 Mem:33.34M (Peak 42.53M) | Time:495477:30:28.08 | Mem:0.00M, Peak:0.00M | Scene | Initializing
Fra:1 Mem:33.34M (Peak 42.53M) | Time:495477:30:28.08 | Mem:0.00M, Peak:0.00M | Scene | Updating Images | Loading walk_in_cooler_box_stainless_body_DIFFUSE
Fra:1 Mem:33.35M (Peak 42.56M) | Time:495477:30:28.09 | Mem:0.00M, Peak:0.00M | Scene | Synchronizing object | walk_in_cooler_box_stainless_body
Fra:1 Mem:33.36M (Peak 42.56M) | Time:495477:30:28.09 | Mem:0.00M, Peak:0.00M | Scene | Initializing
Fra:1 Mem:33.36M (Peak 42.56M) | Time:495477:30:28.09 | Mem:0.00M, Peak:0.00M | Scene | Updating Images | Loading walk_in_cooler_box_stainless_body_ROUGHNESS
Fra:1 Mem:33.37M (Peak 42.56M) | Time:495477:30:28.11 | Mem:0.00M, Peak:0.00M | Scene | Synchronizing object | walk_in_cooler_box_stainless_body
Fra:1 Mem:33.38M (Peak 42.56M) | Time:495477:30:28.11 | Mem:0.00M, Peak:0.00M | Scene | Initializing
Fra:1 Mem:33.38M (Peak 42.56M) | Time:495477:30:28.11 | Mem:0.00M, Peak:0.00M | Scene | Updating Images | Loading walk_in_cooler_box_stainless_body_NORMAL
Fra:1 Mem:33.36M (Peak 42.61M) | Time:495477:30:28.12 | Mem:0.00M, Peak:0.00M | Scene | Synchronizing object | walk_in_cooler_door
Fra:1 Mem:33.36M (Peak 42.61M) | Time:495477:30:28.12 | Mem:0.00M, Peak:0.00M | Scene | Initializing
Fra:1 Mem:33.36M (Peak 42.61M) | Time:495477:30:28.12 | Mem:0.00M, Peak:0.00M | Scene | Updating Images | Loading walk_in_cooler_door_METAL
Fra:1 Mem:33.39M (Peak 42.61M) | Time:495477:30:28.13 | Mem:0.00M, Peak:0.00M | Scene | Synchronizing object | walk_in_cooler_door
Fra:1 Mem:33.39M (Peak 42.61M) | Time:495477:30:28.13 | Mem:0.00M, Peak:0.00M | Scene | Initializing
Fra:1 Mem:33.39M (Peak 42.61M) | Time:495477:30:28.13 | Mem:0.00M, Peak:0.00M | Scene | Updating Images | Loading walk_in_cooler_door_DIFFUSE
Fra:1 Mem:33.41M (Peak 42.61M) | Time:495477:30:28.15 | Mem:0.00M, Peak:0.00M | Scene | Synchronizing object | walk_in_cooler_door
Fra:1 Mem:33.41M (Peak 42.61M) | Time:495477:30:28.15 | Mem:0.00M, Peak:0.00M | Scene | Initializing
Fra:1 Mem:33.41M (Peak 42.61M) | Time:495477:30:28.15 | Mem:0.00M, Peak:0.00M | Scene | Updating Images | Loading walk_in_cooler_door_ROUGHNESS
Fra:1 Mem:33.44M (Peak 42.61M) | Time:495477:30:28.16 | Mem:0.00M, Peak:0.00M | Scene | Synchronizing object | walk_in_cooler_door
Fra:1 Mem:33.44M (Peak 42.61M) | Time:495477:30:28.16 | Mem:0.00M, Peak:0.00M | Scene | Initializing
Fra:1 Mem:33.43M (Peak 42.61M) | Time:495477:30:28.16 | Mem:0.00M, Peak:0.00M | Scene | Updating Images | Loading walk_in_cooler_door_NORMAL
Fra:1 Mem:33.43M (Peak 42.65M) | Time:495477:30:28.17 | Mem:0.00M, Peak:0.00M | Scene | Synchronizing object | walk_in_cooler_vertical_handle
Fra:1 Mem:33.44M (Peak 42.65M) | Time:495477:30:28.17 | Mem:0.00M, Peak:0.00M | Scene | Initializing
Fra:1 Mem:33.43M (Peak 42.65M) | Time:495477:30:28.17 | Mem:0.00M, Peak:0.00M | Scene | Updating Images | Loading walk_in_cooler_vertical_handle_METAL
Fra:1 Mem:33.47M (Peak 42.65M) | Time:495477:30:28.18 | Mem:0.00M, Peak:0.00M | Scene | Synchronizing object | walk_in_cooler_vertical_handle
Fra:1 Mem:33.47M (Peak 42.65M) | Time:495477:30:28.19 | Mem:0.00M, Peak:0.00M | Scene | Initializing
Fra:1 Mem:33.46M (Peak 42.65M) | Time:495477:30:28.19 | Mem:0.00M, Peak:0.00M | Scene | Updating Images | Loading walk_in_cooler_vertical_handle_DIFFUSE
Fra:1 Mem:33.49M (Peak 42.68M) | Time:495477:30:28.20 | Mem:0.00M, Peak:0.00M | Scene | Synchronizing object | walk_in_cooler_vertical_handle
Fra:1 Mem:33.49M (Peak 42.68M) | Time:495477:30:28.20 | Mem:0.00M, Peak:0.00M | Scene | Initializing
Fra:1 Mem:33.49M (Peak 42.68M) | Time:495477:30:28.20 | Mem:0.00M, Peak:0.00M | Scene | Updating Images | Loading walk_in_cooler_vertical_handle_ROUGHNESS
Fra:1 Mem:33.51M (Peak 42.68M) | Time:495477:30:28.21 | Mem:0.00M, Peak:0.00M | Scene | Synchronizing object | walk_in_cooler_vertical_handle
Fra:1 Mem:33.51M (Peak 42.68M) | Time:495477:30:28.21 | Mem:0.00M, Peak:0.00M | Scene | Initializing
Fra:1 Mem:33.51M (Peak 42.68M) | Time:495477:30:28.21 | Mem:0.00M, Peak:0.00M | Scene | Updating Images | Loading walk_in_cooler_vertical_handle_NORMAL
Fra:1 Mem:33.51M (Peak 42.72M) | Time:495477:30:28.22 | Mem:0.00M, Peak:0.00M | Scene | Synchronizing object | wall_clipboard_order_ticket_0
Fra:1 Mem:33.52M (Peak 42.72M) | Time:495477:30:28.22 | Mem:0.00M, Peak:0.00M | Scene | Initializing
Fra:1 Mem:33.51M (Peak 42.72M) | Time:495477:30:28.22 | Mem:0.00M, Peak:0.00M | Scene | Updating Images | Loading wall_clipboard_order_ticket_0_DIFFUSE
Fra:1 Mem:33.54M (Peak 42.72M) | Time:495477:30:28.23 | Mem:0.00M, Peak:0.00M | Scene | Synchronizing object | wall_clipboard_order_ticket_0
Fra:1 Mem:33.54M (Peak 42.72M) | Time:495477:30:28.23 | Mem:0.00M, Peak:0.00M | Scene | Initializing
Fra:1 Mem:33.53M (Peak 42.72M) | Time:495477:30:28.23 | Mem:0.00M, Peak:0.00M | Scene | Updating Images | Loading wall_clipboard_order_ticket_0_ROUGHNESS
Fra:1 Mem:33.56M (Peak 42.72M) | Time:495477:30:28.25 | Mem:0.00M, Peak:0.00M | Scene | Synchronizing object | wall_clipboard_order_ticket_0
Fra:1 Mem:33.56M (Peak 42.72M) | Time:495477:30:28.25 | Mem:0.00M, Peak:0.00M | Scene | Initializing
Fra:1 Mem:33.56M (Peak 42.72M) | Time:495477:30:28.25 | Mem:0.00M, Peak:0.00M | Scene | Updating Images | Loading wall_clipboard_order_ticket_0_NORMAL
Fra:1 Mem:33.58M (Peak 42.77M) | Time:495477:30:28.26 | Mem:0.00M, Peak:0.00M | Scene | Synchronizing object | wall_clipboard_order_ticket_1
Fra:1 Mem:33.58M (Peak 42.77M) | Time:495477:30:28.26 | Mem:0.00M, Peak:0.00M | Scene | Initializing
Fra:1 Mem:33.58M (Peak 42.77M) | Time:495477:30:28.26 | Mem:0.00M, Peak:0.00M | Scene | Updating Images | Loading wall_clipboard_order_ticket_1_DIFFUSE
Fra:1 Mem:33.60M (Peak 42.79M) | Time:495477:30:28.27 | Mem:0.00M, Peak:0.00M | Scene | Synchronizing object | wall_clipboard_order_ticket_1
Fra:1 Mem:33.60M (Peak 42.79M) | Time:495477:30:28.27 | Mem:0.00M, Peak:0.00M | Scene | Initializing
Fra:1 Mem:33.60M (Peak 42.79M) | Time:495477:30:28.27 | Mem:0.00M, Peak:0.00M | Scene | Updating Images | Loading wall_clipboard_order_ticket_1_ROUGHNESS
Fra:1 Mem:33.62M (Peak 42.79M) | Time:495477:30:28.29 | Mem:0.00M, Peak:0.00M | Scene | Synchronizing object | wall_clipboard_order_ticket_1
Fra:1 Mem:33.62M (Peak 42.79M) | Time:495477:30:28.29 | Mem:0.00M, Peak:0.00M | Scene | Initializing
Fra:1 Mem:33.62M (Peak 42.79M) | Time:495477:30:28.29 | Mem:0.00M, Peak:0.00M | Scene | Updating Images | Loading wall_clipboard_order_ticket_1_NORMAL
Fra:1 Mem:33.64M (Peak 42.83M) | Time:495477:30:28.30 | Mem:0.00M, Peak:0.00M | Scene | Synchronizing object | wall_clipboard_order_ticket_2
Fra:1 Mem:33.64M (Peak 42.83M) | Time:495477:30:28.30 | Mem:0.00M, Peak:0.00M | Scene | Initializing
Fra:1 Mem:33.64M (Peak 42.83M) | Time:495477:30:28.30 | Mem:0.00M, Peak:0.00M | Scene | Updating Images | Loading wall_clipboard_order_ticket_2_DIFFUSE
Info: Baking map saved to internal image, save it externally or pack it
Info: Baking map saved to internal image, save it externally or pack it
Info: Baking map saved to internal image, save it externally or pack it
Info: Baking map saved to internal image, save it externally or pack it
Info: Baking map saved to internal image, save it externally or pack it
Info: Baking map saved to internal image, save it externally or pack it
Info: Baking map saved to internal image, save it externally or pack it
Info: Baking map saved to internal image, save it externally or pack it
Info: Baking map saved to internal image, save it externally or pack it
Info: Baking map saved to internal image, save it externally or pack it
Info: Baking map saved to internal image, save it externally or pack it
Info: Baking map saved to internal image, save it externally or pack it
Info: Baking map saved to internal image, save it externally or pack it
Info: Baking map saved to internal image, save it externally or pack it
Info: Baking map saved to internal image, save it externally or pack it
Info: Baking map saved to internal image, save it externally or pack it
Info: Baking map saved to internal image, save it externally or pack it
Info: Baking map saved to internal image, save it externally or pack it
Info: Baking map saved to internal image, save it externally or pack it
Info: Baking map saved to internal image, save it externally or pack it
Info: Baking map saved to internal image, save it externally or pack it
Info: Baking map saved to internal image, save it externally or pack it
Info: Baking map saved to internal image, save it externally or pack it
Info: Baking map saved to internal image, save it externally or pack it
Info: Baking map saved to internal image, save it externally or pack it
Info: Baking map saved to internal image, save it externally or pack it
Info: Baking map saved to internal image, save it externally or pack it
Info: Baking map saved to internal image, save it externally or pack it
Info: Baking map saved to internal image, save it externally or pack it
Info: Baking map saved to internal image, save it externally or pack it
Info: Baking map saved to internal image, save it externally or pack it
Info: Baking map saved to internal image, save it externally or pack it
Info: Baking map saved to internal image, save it externally or pack it
Info: Baking map saved to internal image, save it externally or pack it
Info: Baking map saved to internal image, save it externally or pack it
Info: Baking map saved to internal image, save it externally or pack it
Info: Baking map saved to internal image, save it externally or pack it
Info: Baking map saved to internal image, save it externally or pack it
Info: Baking map saved to internal image, save it externally or pack it
Info: Baking map saved to internal image, save it externally or pack it
Info: Baking map saved to internal image, save it externally or pack it
Info: Baking map saved to internal image, save it externally or pack it
Info: Baking map saved to internal image, save it externally or pack it
Info: Baking map saved to internal image, save it externally or pack it
Info: Baking map saved to internal image, save it externally or pack it
Info: Baking map saved to internal image, save it externally or pack it
Info: Baking map saved to internal image, save it externally or pack it
Info: Baking map saved to internal image, save it externally or pack it
Info: Baking map saved to internal image, save it externally or pack it
Info: Baking map saved to internal image, save it externally or pack it
Info: Baking map saved to internal image, save it externally or pack it
Info: Baking map saved to internal image, save it externally or pack it
Info: Baking map saved to internal image, save it externally or pack it
Info: Baking map saved to internal image, save it externally or pack it
Info: Baking map saved to internal image, save it externally or pack it
Info: Baking map saved to internal image, save it externally or pack it
Info: Baking map saved to internal image, save it externally or pack it
Info: Baking map saved to internal image, save it externally or pack it
Info: Baking map saved to internal image, save it externally or pack it
Info: Baking map saved to internal image, save it externally or pack it
Info: Baking map saved to internal image, save it externally or pack it
Info: Baking map saved to internal image, save it externally or pack it
Info: Baking map saved to internal image, save it externally or pack it
Info: Baking map saved to internal image, save it externally or pack it
Info: Baking map saved to internal image, save it externally or pack it
Info: Baking map saved to internal image, save it externally or pack it
Info: Baking map saved to internal image, save it externally or pack it
Info: Baking map saved to internal image, save it externally or pack it
Info: Baking map saved to internal image, save it externally or pack it
Info: Baking map saved to internal image, save it externally or pack it
Info: Baking map saved to internal image, save it externally or pack it
Info: Baking map saved to internal image, save it externally or pack it
Info: Baking map saved to internal image, save it externally or pack it
Info: Baking map saved to internal image, save it externally or pack it
Info: Baking map saved to internal image, save it externally or pack it
Info: Baking map saved to internal image, save it externally or pack it
Info: Baking map saved to internal image, save it externally or pack it
Info: Baking map saved to internal image, save it externally or pack it
Info: Baking map saved to internal image, save it externally or pack it
Info: Baking map saved to internal image, save it externally or pack it
Info: Baking map saved to internal image, save it externally or pack it
Info: Baking map saved to internal image, save it externally or pack it
Info: Baking map saved to internal image, save it externally or pack it
Info: Baking map saved to internal image, save it externally or pack it
Info: Baking map saved to internal image, save it externally or pack it
Info: Baking map saved to internal image, save it externally or pack it
Info: Baking map saved to internal image, save it externally or pack it
Info: Baking map saved to internal image, save it externally or pack it
Info: Baking map saved to internal image, save it externally or pack it
Info: Baking map saved to internal image, save it externally or pack it
Info: Baking map saved to internal image, save it externally or pack it
Info: Baking map saved to internal image, save it externally or pack it
Info: Baking map saved to internal image, save it externally or pack it
Info: Baking map saved to internal image, save it externally or pack it
Info: Baking map saved to internal image, save it externally or pack it
Info: Baking map saved to internal image, save it externally or pack it
Info: Baking map saved to internal image, save it externally or pack it
Info: Baking map saved to internal image, save it externally or pack it
Info: Baking map saved to internal image, save it externally or pack it
Info: Baking map saved to internal image, save it externally or pack it
Info: Baking map saved to internal image, save it externally or pack it
Info: Baking map saved to internal image, save it externally or pack it
Info: Baking map saved to internal image, save it externally or pack it
Info: Baking map saved to internal image, save it externally or pack it
Info: Baking map saved to internal image, save it externally or pack it
Info: Baking map saved to internal image, save it externally or pack it
Info: Baking map saved to internal image, save it externally or pack it
Info: Baking map saved to internal image, save it externally or pack it
Info: Baking map saved to internal image, save it externally or pack it
Info: Baking map saved to internal image, save it externally or pack it
Info: Baking map saved to internal image, save it externally or pack it
Info: Baking map saved to internal image, save it externally or pack it
Info: Baking map saved to internal image, save it externally or pack it
Info: Baking map saved to internal image, save it externally or pack it
Fra:1 Mem:33.67M (Peak 42.85M) | Time:495477:30:28.31 | Mem:0.00M, Peak:0.00M | Scene | Synchronizing object | wall_clipboard_order_ticket_2
Fra:1 Mem:33.67M (Peak 42.85M) | Time:495477:30:28.31 | Mem:0.00M, Peak:0.00M | Scene | Initializing
Fra:1 Mem:33.66M (Peak 42.85M) | Time:495477:30:28.31 | Mem:0.00M, Peak:0.00M | Scene | Updating Images | Loading wall_clipboard_order_ticket_2_ROUGHNESS
Fra:1 Mem:33.69M (Peak 42.85M) | Time:495477:30:28.33 | Mem:0.00M, Peak:0.00M | Scene | Synchronizing object | wall_clipboard_order_ticket_2
Fra:1 Mem:33.69M (Peak 42.85M) | Time:495477:30:28.33 | Mem:0.00M, Peak:0.00M | Scene | Initializing
Fra:1 Mem:33.68M (Peak 42.85M) | Time:495477:30:28.33 | Mem:0.00M, Peak:0.00M | Scene | Updating Images | Loading wall_clipboard_order_ticket_2_NORMAL
Fra:1 Mem:33.71M (Peak 42.90M) | Time:495477:30:28.34 | Mem:0.00M, Peak:0.00M | Scene | Synchronizing object | wall_clipboard_order_ticket_3
Fra:1 Mem:33.71M (Peak 42.90M) | Time:495477:30:28.34 | Mem:0.00M, Peak:0.00M | Scene | Initializing
Fra:1 Mem:33.71M (Peak 42.90M) | Time:495477:30:28.34 | Mem:0.00M, Peak:0.00M | Scene | Updating Images | Loading wall_clipboard_order_ticket_3_DIFFUSE
Fra:1 Mem:33.73M (Peak 42.92M) | Time:495477:30:28.35 | Mem:0.00M, Peak:0.00M | Scene | Synchronizing object | wall_clipboard_order_ticket_3
Fra:1 Mem:33.73M (Peak 42.92M) | Time:495477:30:28.35 | Mem:0.00M, Peak:0.00M | Scene | Initializing
Fra:1 Mem:33.73M (Peak 42.92M) | Time:495477:30:28.35 | Mem:0.00M, Peak:0.00M | Scene | Updating Images | Loading wall_clipboard_order_ticket_3_ROUGHNESS
Fra:1 Mem:33.75M (Peak 42.92M) | Time:495477:30:28.37 | Mem:0.00M, Peak:0.00M | Scene | Synchronizing object | wall_clipboard_order_ticket_3
Fra:1 Mem:33.75M (Peak 42.92M) | Time:495477:30:28.37 | Mem:0.00M, Peak:0.00M | Scene | Initializing
Fra:1 Mem:33.75M (Peak 42.92M) | Time:495477:30:28.37 | Mem:0.00M, Peak:0.00M | Scene | Updating Images | Loading wall_clipboard_order_ticket_3_NORMAL
Fra:1 Mem:33.78M (Peak 42.96M) | Time:495477:30:28.38 | Mem:0.00M, Peak:0.00M | Scene | Synchronizing object | west_cookline_wall
Fra:1 Mem:33.79M (Peak 42.96M) | Time:495477:30:28.38 | Mem:0.00M, Peak:0.00M | Scene | Initializing
Fra:1 Mem:33.79M (Peak 42.96M) | Time:495477:30:28.38 | Mem:0.00M, Peak:0.00M | Scene | Updating Images | Loading west_cookline_wall_DIFFUSE
Fra:1 Mem:33.80M (Peak 43.01M) | Time:495477:30:28.39 | Mem:0.00M, Peak:0.00M | Scene | Synchronizing object | west_cookline_wall
Fra:1 Mem:33.82M (Peak 43.01M) | Time:495477:30:28.39 | Mem:0.00M, Peak:0.00M | Scene | Initializing
Fra:1 Mem:33.81M (Peak 43.01M) | Time:495477:30:28.40 | Mem:0.00M, Peak:0.00M | Scene | Updating Images | Loading west_cookline_wall_ROUGHNESS
Fra:1 Mem:33.83M (Peak 43.01M) | Time:495477:30:28.41 | Mem:0.00M, Peak:0.00M | Scene | Synchronizing object | west_cookline_wall
Fra:1 Mem:33.84M (Peak 43.01M) | Time:495477:30:28.41 | Mem:0.00M, Peak:0.00M | Scene | Initializing
Fra:1 Mem:33.83M (Peak 43.01M) | Time:495477:30:28.41 | Mem:0.00M, Peak:0.00M | Scene | Updating Images | Loading west_cookline_wall_NORMAL
Fra:1 Mem:33.83M (Peak 43.06M) | Time:495477:30:28.42 | Mem:0.00M, Peak:0.00M | Scene | Synchronizing object | window_stainless_frame_bottom_0
Fra:1 Mem:33.83M (Peak 43.06M) | Time:495477:30:28.42 | Mem:0.00M, Peak:0.00M | Scene | Initializing
Fra:1 Mem:33.83M (Peak 43.06M) | Time:495477:30:28.42 | Mem:0.00M, Peak:0.00M | Scene | Updating Images | Loading window_stainless_frame_bottom_0_METAL
Fra:1 Mem:33.86M (Peak 43.06M) | Time:495477:30:28.43 | Mem:0.00M, Peak:0.00M | Scene | Synchronizing object | window_stainless_frame_bottom_0
Fra:1 Mem:33.86M (Peak 43.06M) | Time:495477:30:28.43 | Mem:0.00M, Peak:0.00M | Scene | Initializing
Fra:1 Mem:33.86M (Peak 43.06M) | Time:495477:30:28.43 | Mem:0.00M, Peak:0.00M | Scene | Updating Images | Loading window_stainless_frame_bottom_0_DIFFUSE
Fra:1 Mem:33.88M (Peak 43.07M) | Time:495477:30:28.45 | Mem:0.00M, Peak:0.00M | Scene | Synchronizing object | window_stainless_frame_bottom_0
Fra:1 Mem:33.88M (Peak 43.07M) | Time:495477:30:28.45 | Mem:0.00M, Peak:0.00M | Scene | Initializing
Fra:1 Mem:33.88M (Peak 43.07M) | Time:495477:30:28.45 | Mem:0.00M, Peak:0.00M | Scene | Updating Images | Loading window_stainless_frame_bottom_0_ROUGHNESS
Fra:1 Mem:33.90M (Peak 43.07M) | Time:495477:30:28.46 | Mem:0.00M, Peak:0.00M | Scene | Synchronizing object | window_stainless_frame_bottom_0
Fra:1 Mem:33.90M (Peak 43.07M) | Time:495477:30:28.46 | Mem:0.00M, Peak:0.00M | Scene | Initializing
Fra:1 Mem:33.90M (Peak 43.07M) | Time:495477:30:28.46 | Mem:0.00M, Peak:0.00M | Scene | Updating Images | Loading window_stainless_frame_bottom_0_NORMAL
Fra:1 Mem:33.90M (Peak 43.11M) | Time:495477:30:28.47 | Mem:0.00M, Peak:0.00M | Scene | Synchronizing object | window_stainless_frame_bottom_1
Fra:1 Mem:33.90M (Peak 43.11M) | Time:495477:30:28.47 | Mem:0.00M, Peak:0.00M | Scene | Initializing
Fra:1 Mem:33.90M (Peak 43.11M) | Time:495477:30:28.47 | Mem:0.00M, Peak:0.00M | Scene | Updating Images | Loading window_stainless_frame_bottom_1_METAL
Fra:1 Mem:33.93M (Peak 43.11M) | Time:495477:30:28.48 | Mem:0.00M, Peak:0.00M | Scene | Synchronizing object | window_stainless_frame_bottom_1
Fra:1 Mem:33.93M (Peak 43.11M) | Time:495477:30:28.48 | Mem:0.00M, Peak:0.00M | Scene | Initializing
Fra:1 Mem:33.93M (Peak 43.11M) | Time:495477:30:28.48 | Mem:0.00M, Peak:0.00M | Scene | Updating Images | Loading window_stainless_frame_bottom_1_DIFFUSE
Fra:1 Mem:33.95M (Peak 43.14M) | Time:495477:30:28.49 | Mem:0.00M, Peak:0.00M | Scene | Synchronizing object | window_stainless_frame_bottom_1
Fra:1 Mem:33.95M (Peak 43.14M) | Time:495477:30:28.49 | Mem:0.00M, Peak:0.00M | Scene | Initializing
Fra:1 Mem:33.95M (Peak 43.14M) | Time:495477:30:28.49 | Mem:0.00M, Peak:0.00M | Scene | Updating Images | Loading window_stainless_frame_bottom_1_ROUGHNESS
Fra:1 Mem:33.97M (Peak 43.14M) | Time:495477:30:28.50 | Mem:0.00M, Peak:0.00M | Scene | Synchronizing object | window_stainless_frame_bottom_1
Fra:1 Mem:33.98M (Peak 43.14M) | Time:495477:30:28.50 | Mem:0.00M, Peak:0.00M | Scene | Initializing
Fra:1 Mem:33.97M (Peak 43.14M) | Time:495477:30:28.50 | Mem:0.00M, Peak:0.00M | Scene | Updating Images | Loading window_stainless_frame_bottom_1_NORMAL
Fra:1 Mem:33.97M (Peak 43.18M) | Time:495477:30:28.51 | Mem:0.00M, Peak:0.00M | Scene | Synchronizing object | window_stainless_frame_bottom_2
Fra:1 Mem:33.97M (Peak 43.18M) | Time:495477:30:28.51 | Mem:0.00M, Peak:0.00M | Scene | Initializing
Fra:1 Mem:33.97M (Peak 43.18M) | Time:495477:30:28.51 | Mem:0.00M, Peak:0.00M | Scene | Updating Images | Loading window_stainless_frame_bottom_2_METAL
Fra:1 Mem:34.00M (Peak 43.18M) | Time:495477:30:28.52 | Mem:0.00M, Peak:0.00M | Scene | Synchronizing object | window_stainless_frame_bottom_2
Fra:1 Mem:34.00M (Peak 43.18M) | Time:495477:30:28.52 | Mem:0.00M, Peak:0.00M | Scene | Initializing
Fra:1 Mem:34.00M (Peak 43.18M) | Time:495477:30:28.53 | Mem:0.00M, Peak:0.00M | Scene | Updating Images | Loading window_stainless_frame_bottom_2_DIFFUSE
Fra:1 Mem:34.02M (Peak 43.21M) | Time:495477:30:28.54 | Mem:0.00M, Peak:0.00M | Scene | Synchronizing object | window_stainless_frame_bottom_2
Fra:1 Mem:34.02M (Peak 43.21M) | Time:495477:30:28.54 | Mem:0.00M, Peak:0.00M | Scene | Initializing
Fra:1 Mem:34.02M (Peak 43.21M) | Time:495477:30:28.54 | Mem:0.00M, Peak:0.00M | Scene | Updating Images | Loading window_stainless_frame_bottom_2_ROUGHNESS
Fra:1 Mem:34.05M (Peak 43.21M) | Time:495477:30:28.55 | Mem:0.00M, Peak:0.00M | Scene | Synchronizing object | window_stainless_frame_bottom_2
Fra:1 Mem:34.05M (Peak 43.21M) | Time:495477:30:28.55 | Mem:0.00M, Peak:0.00M | Scene | Initializing
Fra:1 Mem:34.04M (Peak 43.21M) | Time:495477:30:28.55 | Mem:0.00M, Peak:0.00M | Scene | Updating Images | Loading window_stainless_frame_bottom_2_NORMAL
Fra:1 Mem:34.04M (Peak 43.25M) | Time:495477:30:28.56 | Mem:0.00M, Peak:0.00M | Scene | Synchronizing object | window_stainless_frame_bottom_3
Fra:1 Mem:34.04M (Peak 43.25M) | Time:495477:30:28.56 | Mem:0.00M, Peak:0.00M | Scene | Initializing
Fra:1 Mem:34.04M (Peak 43.25M) | Time:495477:30:28.56 | Mem:0.00M, Peak:0.00M | Scene | Updating Images | Loading window_stainless_frame_bottom_3_METAL
Fra:1 Mem:34.07M (Peak 43.25M) | Time:495477:30:28.57 | Mem:0.00M, Peak:0.00M | Scene | Synchronizing object | window_stainless_frame_bottom_3
Fra:1 Mem:34.07M (Peak 43.25M) | Time:495477:30:28.57 | Mem:0.00M, Peak:0.00M | Scene | Initializing
Fra:1 Mem:34.07M (Peak 43.25M) | Time:495477:30:28.57 | Mem:0.00M, Peak:0.00M | Scene | Updating Images | Loading window_stainless_frame_bottom_3_DIFFUSE
Fra:1 Mem:34.10M (Peak 43.28M) | Time:495477:30:28.58 | Mem:0.00M, Peak:0.00M | Scene | Synchronizing object | window_stainless_frame_bottom_3
Fra:1 Mem:34.10M (Peak 43.28M) | Time:495477:30:28.58 | Mem:0.00M, Peak:0.00M | Scene | Initializing
Fra:1 Mem:34.09M (Peak 43.28M) | Time:495477:30:28.58 | Mem:0.00M, Peak:0.00M | Scene | Updating Images | Loading window_stainless_frame_bottom_3_ROUGHNESS
Fra:1 Mem:34.12M (Peak 43.28M) | Time:495477:30:28.59 | Mem:0.00M, Peak:0.00M | Scene | Synchronizing object | window_stainless_frame_bottom_3
Fra:1 Mem:34.12M (Peak 43.28M) | Time:495477:30:28.59 | Mem:0.00M, Peak:0.00M | Scene | Initializing
Fra:1 Mem:34.11M (Peak 43.28M) | Time:495477:30:28.59 | Mem:0.00M, Peak:0.00M | Scene | Updating Images | Loading window_stainless_frame_bottom_3_NORMAL
Fra:1 Mem:34.11M (Peak 43.33M) | Time:495477:30:28.61 | Mem:0.00M, Peak:0.00M | Scene | Synchronizing object | window_stainless_frame_top_0
Fra:1 Mem:34.12M (Peak 43.33M) | Time:495477:30:28.61 | Mem:0.00M, Peak:0.00M | Scene | Initializing
Fra:1 Mem:34.11M (Peak 43.33M) | Time:495477:30:28.61 | Mem:0.00M, Peak:0.00M | Scene | Updating Images | Loading window_stainless_frame_top_0_METAL
Fra:1 Mem:34.15M (Peak 43.33M) | Time:495477:30:28.62 | Mem:0.00M, Peak:0.00M | Scene | Synchronizing object | window_stainless_frame_top_0
Fra:1 Mem:34.15M (Peak 43.33M) | Time:495477:30:28.62 | Mem:0.00M, Peak:0.00M | Scene | Initializing
Fra:1 Mem:34.14M (Peak 43.33M) | Time:495477:30:28.62 | Mem:0.00M, Peak:0.00M | Scene | Updating Images | Loading window_stainless_frame_top_0_DIFFUSE
Fra:1 Mem:34.17M (Peak 43.35M) | Time:495477:30:28.63 | Mem:0.00M, Peak:0.00M | Scene | Synchronizing object | window_stainless_frame_top_0
Fra:1 Mem:34.17M (Peak 43.35M) | Time:495477:30:28.63 | Mem:0.00M, Peak:0.00M | Scene | Initializing
Fra:1 Mem:34.16M (Peak 43.35M) | Time:495477:30:28.63 | Mem:0.00M, Peak:0.00M | Scene | Updating Images | Loading window_stainless_frame_top_0_ROUGHNESS
Fra:1 Mem:34.19M (Peak 43.35M) | Time:495477:30:28.64 | Mem:0.00M, Peak:0.00M | Scene | Synchronizing object | window_stainless_frame_top_0
Fra:1 Mem:34.19M (Peak 43.35M) | Time:495477:30:28.64 | Mem:0.00M, Peak:0.00M | Scene | Initializing
Fra:1 Mem:34.19M (Peak 43.35M) | Time:495477:30:28.64 | Mem:0.00M, Peak:0.00M | Scene | Updating Images | Loading window_stainless_frame_top_0_NORMAL
Fra:1 Mem:34.19M (Peak 43.40M) | Time:495477:30:28.65 | Mem:0.00M, Peak:0.00M | Scene | Synchronizing object | window_stainless_frame_top_1
Fra:1 Mem:34.19M (Peak 43.40M) | Time:495477:30:28.65 | Mem:0.00M, Peak:0.00M | Scene | Initializing
Fra:1 Mem:34.18M (Peak 43.40M) | Time:495477:30:28.65 | Mem:0.00M, Peak:0.00M | Scene | Updating Images | Loading window_stainless_frame_top_1_METAL
Fra:1 Mem:34.22M (Peak 43.40M) | Time:495477:30:28.67 | Mem:0.00M, Peak:0.00M | Scene | Synchronizing object | window_stainless_frame_top_1
Fra:1 Mem:34.22M (Peak 43.40M) | Time:495477:30:28.67 | Mem:0.00M, Peak:0.00M | Scene | Initializing
Fra:1 Mem:34.21M (Peak 43.40M) | Time:495477:30:28.67 | Mem:0.00M, Peak:0.00M | Scene | Updating Images | Loading window_stainless_frame_top_1_DIFFUSE
Fra:1 Mem:34.24M (Peak 43.43M) | Time:495477:30:28.68 | Mem:0.00M, Peak:0.00M | Scene | Synchronizing object | window_stainless_frame_top_1
Fra:1 Mem:34.24M (Peak 43.43M) | Time:495477:30:28.68 | Mem:0.00M, Peak:0.00M | Scene | Initializing
Fra:1 Mem:34.24M (Peak 43.43M) | Time:495477:30:28.68 | Mem:0.00M, Peak:0.00M | Scene | Updating Images | Loading window_stainless_frame_top_1_ROUGHNESS
Fra:1 Mem:34.26M (Peak 43.43M) | Time:495477:30:28.69 | Mem:0.00M, Peak:0.00M | Scene | Synchronizing object | window_stainless_frame_top_1
Fra:1 Mem:34.26M (Peak 43.43M) | Time:495477:30:28.69 | Mem:0.00M, Peak:0.00M | Scene | Initializing
Fra:1 Mem:34.26M (Peak 43.43M) | Time:495477:30:28.69 | Mem:0.00M, Peak:0.00M | Scene | Updating Images | Loading window_stainless_frame_top_1_NORMAL
Fra:1 Mem:34.26M (Peak 43.47M) | Time:495477:30:28.70 | Mem:0.00M, Peak:0.00M | Scene | Synchronizing object | window_stainless_frame_top_2
Fra:1 Mem:34.26M (Peak 43.47M) | Time:495477:30:28.70 | Mem:0.00M, Peak:0.00M | Scene | Initializing
Fra:1 Mem:34.25M (Peak 43.47M) | Time:495477:30:28.70 | Mem:0.00M, Peak:0.00M | Scene | Updating Images | Loading window_stainless_frame_top_2_METAL
Fra:1 Mem:34.29M (Peak 43.47M) | Time:495477:30:28.71 | Mem:0.00M, Peak:0.00M | Scene | Synchronizing object | window_stainless_frame_top_2
Fra:1 Mem:34.29M (Peak 43.47M) | Time:495477:30:28.71 | Mem:0.00M, Peak:0.00M | Scene | Initializing
Fra:1 Mem:34.28M (Peak 43.47M) | Time:495477:30:28.71 | Mem:0.00M, Peak:0.00M | Scene | Updating Images | Loading window_stainless_frame_top_2_DIFFUSE
Fra:1 Mem:34.31M (Peak 43.50M) | Time:495477:30:28.72 | Mem:0.00M, Peak:0.00M | Scene | Synchronizing object | window_stainless_frame_top_2
Fra:1 Mem:34.31M (Peak 43.50M) | Time:495477:30:28.72 | Mem:0.00M, Peak:0.00M | Scene | Initializing
Fra:1 Mem:34.31M (Peak 43.50M) | Time:495477:30:28.72 | Mem:0.00M, Peak:0.00M | Scene | Updating Images | Loading window_stainless_frame_top_2_ROUGHNESS
Fra:1 Mem:34.33M (Peak 43.50M) | Time:495477:30:28.74 | Mem:0.00M, Peak:0.00M | Scene | Synchronizing object | window_stainless_frame_top_2
Fra:1 Mem:34.33M (Peak 43.50M) | Time:495477:30:28.74 | Mem:0.00M, Peak:0.00M | Scene | Initializing
Fra:1 Mem:34.33M (Peak 43.50M) | Time:495477:30:28.74 | Mem:0.00M, Peak:0.00M | Scene | Updating Images | Loading window_stainless_frame_top_2_NORMAL
Fra:1 Mem:34.33M (Peak 43.54M) | Time:495477:30:28.75 | Mem:0.00M, Peak:0.00M | Scene | Synchronizing object | window_stainless_frame_top_3
Fra:1 Mem:34.33M (Peak 43.54M) | Time:495477:30:28.75 | Mem:0.00M, Peak:0.00M | Scene | Initializing
Fra:1 Mem:34.33M (Peak 43.54M) | Time:495477:30:28.75 | Mem:0.00M, Peak:0.00M | Scene | Updating Images | Loading window_stainless_frame_top_3_METAL
Fra:1 Mem:34.36M (Peak 43.54M) | Time:495477:30:28.76 | Mem:0.00M, Peak:0.00M | Scene | Synchronizing object | window_stainless_frame_top_3
Fra:1 Mem:34.36M (Peak 43.54M) | Time:495477:30:28.76 | Mem:0.00M, Peak:0.00M | Scene | Initializing
Fra:1 Mem:34.36M (Peak 43.54M) | Time:495477:30:28.76 | Mem:0.00M, Peak:0.00M | Scene | Updating Images | Loading window_stainless_frame_top_3_DIFFUSE
Fra:1 Mem:34.38M (Peak 43.57M) | Time:495477:30:28.77 | Mem:0.00M, Peak:0.00M | Scene | Synchronizing object | window_stainless_frame_top_3
Fra:1 Mem:34.38M (Peak 43.57M) | Time:495477:30:28.77 | Mem:0.00M, Peak:0.00M | Scene | Initializing
Fra:1 Mem:34.38M (Peak 43.57M) | Time:495477:30:28.77 | Mem:0.00M, Peak:0.00M | Scene | Updating Images | Loading window_stainless_frame_top_3_ROUGHNESS
Fra:1 Mem:34.40M (Peak 43.57M) | Time:495477:30:28.78 | Mem:0.00M, Peak:0.00M | Scene | Synchronizing object | window_stainless_frame_top_3
Fra:1 Mem:34.40M (Peak 43.57M) | Time:495477:30:28.78 | Mem:0.00M, Peak:0.00M | Scene | Initializing
Fra:1 Mem:34.40M (Peak 43.57M) | Time:495477:30:28.78 | Mem:0.00M, Peak:0.00M | Scene | Updating Images | Loading window_stainless_frame_top_3_NORMAL
Fra:1 Mem:34.40M (Peak 43.61M) | Time:495477:30:28.79 | Mem:0.00M, Peak:0.00M | Scene | Synchronizing object | wire_shelf_0_0
Fra:1 Mem:34.40M (Peak 43.61M) | Time:495477:30:28.79 | Mem:0.00M, Peak:0.00M | Scene | Initializing
Fra:1 Mem:34.40M (Peak 43.61M) | Time:495477:30:28.79 | Mem:0.00M, Peak:0.00M | Scene | Updating Images | Loading wire_shelf_0_0_METAL
Fra:1 Mem:34.43M (Peak 43.61M) | Time:495477:30:28.81 | Mem:0.00M, Peak:0.00M | Scene | Synchronizing object | wire_shelf_0_0
Fra:1 Mem:34.43M (Peak 43.61M) | Time:495477:30:28.81 | Mem:0.00M, Peak:0.00M | Scene | Initializing
Fra:1 Mem:34.43M (Peak 43.61M) | Time:495477:30:28.81 | Mem:0.00M, Peak:0.00M | Scene | Updating Images | Loading wire_shelf_0_0_DIFFUSE
Fra:1 Mem:34.45M (Peak 43.64M) | Time:495477:30:28.82 | Mem:0.00M, Peak:0.00M | Scene | Synchronizing object | wire_shelf_0_0
Fra:1 Mem:34.45M (Peak 43.64M) | Time:495477:30:28.82 | Mem:0.00M, Peak:0.00M | Scene | Initializing
Fra:1 Mem:34.45M (Peak 43.64M) | Time:495477:30:28.82 | Mem:0.00M, Peak:0.00M | Scene | Updating Images | Loading wire_shelf_0_0_ROUGHNESS
Fra:1 Mem:34.47M (Peak 43.64M) | Time:495477:30:28.83 | Mem:0.00M, Peak:0.00M | Scene | Synchronizing object | wire_shelf_0_0
Fra:1 Mem:34.48M (Peak 43.64M) | Time:495477:30:28.83 | Mem:0.00M, Peak:0.00M | Scene | Initializing
Fra:1 Mem:34.47M (Peak 43.64M) | Time:495477:30:28.83 | Mem:0.00M, Peak:0.00M | Scene | Updating Images | Loading wire_shelf_0_0_NORMAL
Fra:1 Mem:34.47M (Peak 43.68M) | Time:495477:30:28.85 | Mem:0.00M, Peak:0.00M | Scene | Synchronizing object | wire_shelf_0_1
Fra:1 Mem:34.47M (Peak 43.68M) | Time:495477:30:28.85 | Mem:0.00M, Peak:0.00M | Scene | Initializing
Fra:1 Mem:34.47M (Peak 43.68M) | Time:495477:30:28.85 | Mem:0.00M, Peak:0.00M | Scene | Updating Images | Loading wire_shelf_0_1_METAL
Fra:1 Mem:34.50M (Peak 43.68M) | Time:495477:30:28.86 | Mem:0.00M, Peak:0.00M | Scene | Synchronizing object | wire_shelf_0_1
Fra:1 Mem:34.50M (Peak 43.68M) | Time:495477:30:28.86 | Mem:0.00M, Peak:0.00M | Scene | Initializing
Fra:1 Mem:34.50M (Peak 43.68M) | Time:495477:30:28.86 | Mem:0.00M, Peak:0.00M | Scene | Updating Images | Loading wire_shelf_0_1_DIFFUSE
Fra:1 Mem:34.52M (Peak 43.71M) | Time:495477:30:28.87 | Mem:0.00M, Peak:0.00M | Scene | Synchronizing object | wire_shelf_0_1
Fra:1 Mem:34.52M (Peak 43.71M) | Time:495477:30:28.87 | Mem:0.00M, Peak:0.00M | Scene | Initializing
Fra:1 Mem:34.52M (Peak 43.71M) | Time:495477:30:28.87 | Mem:0.00M, Peak:0.00M | Scene | Updating Images | Loading wire_shelf_0_1_ROUGHNESS
Fra:1 Mem:34.55M (Peak 43.71M) | Time:495477:30:28.88 | Mem:0.00M, Peak:0.00M | Scene | Synchronizing object | wire_shelf_0_1
Fra:1 Mem:34.55M (Peak 43.71M) | Time:495477:30:28.88 | Mem:0.00M, Peak:0.00M | Scene | Initializing
Fra:1 Mem:34.54M (Peak 43.71M) | Time:495477:30:28.88 | Mem:0.00M, Peak:0.00M | Scene | Updating Images | Loading wire_shelf_0_1_NORMAL
Fra:1 Mem:34.54M (Peak 43.75M) | Time:495477:30:28.90 | Mem:0.00M, Peak:0.00M | Scene | Synchronizing object | wire_shelf_0_2
Fra:1 Mem:34.54M (Peak 43.75M) | Time:495477:30:28.90 | Mem:0.00M, Peak:0.00M | Scene | Initializing
Fra:1 Mem:34.54M (Peak 43.75M) | Time:495477:30:28.90 | Mem:0.00M, Peak:0.00M | Scene | Updating Images | Loading wire_shelf_0_2_METAL
Fra:1 Mem:34.57M (Peak 43.75M) | Time:495477:30:28.91 | Mem:0.00M, Peak:0.00M | Scene | Synchronizing object | wire_shelf_0_2
Fra:1 Mem:34.57M (Peak 43.75M) | Time:495477:30:28.91 | Mem:0.00M, Peak:0.00M | Scene | Initializing
Fra:1 Mem:34.57M (Peak 43.75M) | Time:495477:30:28.91 | Mem:0.00M, Peak:0.00M | Scene | Updating Images | Loading wire_shelf_0_2_DIFFUSE
Fra:1 Mem:34.60M (Peak 43.78M) | Time:495477:30:28.92 | Mem:0.00M, Peak:0.00M | Scene | Synchronizing object | wire_shelf_0_2
Fra:1 Mem:34.60M (Peak 43.78M) | Time:495477:30:28.92 | Mem:0.00M, Peak:0.00M | Scene | Initializing
Fra:1 Mem:34.59M (Peak 43.78M) | Time:495477:30:28.92 | Mem:0.00M, Peak:0.00M | Scene | Updating Images | Loading wire_shelf_0_2_ROUGHNESS
Fra:1 Mem:34.62M (Peak 43.78M) | Time:495477:30:28.94 | Mem:0.00M, Peak:0.00M | Scene | Synchronizing object | wire_shelf_0_2
Fra:1 Mem:34.62M (Peak 43.78M) | Time:495477:30:28.94 | Mem:0.00M, Peak:0.00M | Scene | Initializing
Fra:1 Mem:34.61M (Peak 43.78M) | Time:495477:30:28.94 | Mem:0.00M, Peak:0.00M | Scene | Updating Images | Loading wire_shelf_0_2_NORMAL
Fra:1 Mem:34.61M (Peak 43.83M) | Time:495477:30:28.95 | Mem:0.00M, Peak:0.00M | Scene | Synchronizing object | wire_shelf_0_3
Fra:1 Mem:34.61M (Peak 43.83M) | Time:495477:30:28.95 | Mem:0.00M, Peak:0.00M | Scene | Initializing
Fra:1 Mem:34.61M (Peak 43.83M) | Time:495477:30:28.95 | Mem:0.00M, Peak:0.00M | Scene | Updating Images | Loading wire_shelf_0_3_METAL
Fra:1 Mem:34.64M (Peak 43.83M) | Time:495477:30:28.96 | Mem:0.00M, Peak:0.00M | Scene | Synchronizing object | wire_shelf_0_3
Fra:1 Mem:34.64M (Peak 43.83M) | Time:495477:30:28.96 | Mem:0.00M, Peak:0.00M | Scene | Initializing
Fra:1 Mem:34.64M (Peak 43.83M) | Time:495477:30:28.96 | Mem:0.00M, Peak:0.00M | Scene | Updating Images | Loading wire_shelf_0_3_DIFFUSE
Fra:1 Mem:34.67M (Peak 43.85M) | Time:495477:30:28.98 | Mem:0.00M, Peak:0.00M | Scene | Synchronizing object | wire_shelf_0_3
Fra:1 Mem:34.67M (Peak 43.85M) | Time:495477:30:28.98 | Mem:0.00M, Peak:0.00M | Scene | Initializing
Fra:1 Mem:34.66M (Peak 43.85M) | Time:495477:30:28.98 | Mem:0.00M, Peak:0.00M | Scene | Updating Images | Loading wire_shelf_0_3_ROUGHNESS
Fra:1 Mem:34.69M (Peak 43.85M) | Time:495477:30:28.99 | Mem:0.00M, Peak:0.00M | Scene | Synchronizing object | wire_shelf_0_3
Fra:1 Mem:34.69M (Peak 43.85M) | Time:495477:30:28.99 | Mem:0.00M, Peak:0.00M | Scene | Initializing
Fra:1 Mem:34.68M (Peak 43.85M) | Time:495477:30:28.99 | Mem:0.00M, Peak:0.00M | Scene | Updating Images | Loading wire_shelf_0_3_NORMAL
Fra:1 Mem:34.68M (Peak 43.90M) | Time:495477:30:29.00 | Mem:0.00M, Peak:0.00M | Scene | Synchronizing object | wire_shelf_1_0
Fra:1 Mem:34.69M (Peak 43.90M) | Time:495477:30:29.00 | Mem:0.00M, Peak:0.00M | Scene | Initializing
Fra:1 Mem:34.68M (Peak 43.90M) | Time:495477:30:29.00 | Mem:0.00M, Peak:0.00M | Scene | Updating Images | Loading wire_shelf_1_0_METAL
Fra:1 Mem:34.72M (Peak 43.90M) | Time:495477:30:29.01 | Mem:0.00M, Peak:0.00M | Scene | Synchronizing object | wire_shelf_1_0
Fra:1 Mem:34.72M (Peak 43.90M) | Time:495477:30:29.01 | Mem:0.00M, Peak:0.00M | Scene | Initializing
Fra:1 Mem:34.71M (Peak 43.90M) | Time:495477:30:29.01 | Mem:0.00M, Peak:0.00M | Scene | Updating Images | Loading wire_shelf_1_0_DIFFUSE
Fra:1 Mem:34.74M (Peak 43.92M) | Time:495477:30:29.03 | Mem:0.00M, Peak:0.00M | Scene | Synchronizing object | wire_shelf_1_0
Fra:1 Mem:34.74M (Peak 43.92M) | Time:495477:30:29.03 | Mem:0.00M, Peak:0.00M | Scene | Initializing
Fra:1 Mem:34.73M (Peak 43.92M) | Time:495477:30:29.03 | Mem:0.00M, Peak:0.00M | Scene | Updating Images | Loading wire_shelf_1_0_ROUGHNESS
Fra:1 Mem:34.76M (Peak 43.92M) | Time:495477:30:29.04 | Mem:0.00M, Peak:0.00M | Scene | Synchronizing object | wire_shelf_1_0
Fra:1 Mem:34.76M (Peak 43.92M) | Time:495477:30:29.04 | Mem:0.00M, Peak:0.00M | Scene | Initializing
Fra:1 Mem:34.76M (Peak 43.92M) | Time:495477:30:29.04 | Mem:0.00M, Peak:0.00M | Scene | Updating Images | Loading wire_shelf_1_0_NORMAL
Fra:1 Mem:34.76M (Peak 43.97M) | Time:495477:30:29.05 | Mem:0.00M, Peak:0.00M | Scene | Synchronizing object | wire_shelf_1_1
Fra:1 Mem:34.76M (Peak 43.97M) | Time:495477:30:29.05 | Mem:0.00M, Peak:0.00M | Scene | Initializing
Fra:1 Mem:34.75M (Peak 43.97M) | Time:495477:30:29.05 | Mem:0.00M, Peak:0.00M | Scene | Updating Images | Loading wire_shelf_1_1_METAL
Fra:1 Mem:34.79M (Peak 43.97M) | Time:495477:30:29.07 | Mem:0.00M, Peak:0.00M | Scene | Synchronizing object | wire_shelf_1_1
Fra:1 Mem:34.79M (Peak 43.97M) | Time:495477:30:29.07 | Mem:0.00M, Peak:0.00M | Scene | Initializing
Fra:1 Mem:34.78M (Peak 43.97M) | Time:495477:30:29.07 | Mem:0.00M, Peak:0.00M | Scene | Updating Images | Loading wire_shelf_1_1_DIFFUSE
Fra:1 Mem:34.81M (Peak 44.00M) | Time:495477:30:29.08 | Mem:0.00M, Peak:0.00M | Scene | Synchronizing object | wire_shelf_1_1
Fra:1 Mem:34.81M (Peak 44.00M) | Time:495477:30:29.08 | Mem:0.00M, Peak:0.00M | Scene | Initializing
Fra:1 Mem:34.81M (Peak 44.00M) | Time:495477:30:29.08 | Mem:0.00M, Peak:0.00M | Scene | Updating Images | Loading wire_shelf_1_1_ROUGHNESS
Fra:1 Mem:34.83M (Peak 44.00M) | Time:495477:30:29.09 | Mem:0.00M, Peak:0.00M | Scene | Synchronizing object | wire_shelf_1_1
Fra:1 Mem:34.83M (Peak 44.00M) | Time:495477:30:29.09 | Mem:0.00M, Peak:0.00M | Scene | Initializing
Fra:1 Mem:34.83M (Peak 44.00M) | Time:495477:30:29.09 | Mem:0.00M, Peak:0.00M | Scene | Updating Images | Loading wire_shelf_1_1_NORMAL
Fra:1 Mem:34.83M (Peak 44.04M) | Time:495477:30:29.11 | Mem:0.00M, Peak:0.00M | Scene | Synchronizing object | wire_shelf_1_2
Fra:1 Mem:34.83M (Peak 44.04M) | Time:495477:30:29.11 | Mem:0.00M, Peak:0.00M | Scene | Initializing
Fra:1 Mem:34.83M (Peak 44.04M) | Time:495477:30:29.11 | Mem:0.00M, Peak:0.00M | Scene | Updating Images | Loading wire_shelf_1_2_METAL
Fra:1 Mem:34.86M (Peak 44.04M) | Time:495477:30:29.12 | Mem:0.00M, Peak:0.00M | Scene | Synchronizing object | wire_shelf_1_2
Fra:1 Mem:34.86M (Peak 44.04M) | Time:495477:30:29.12 | Mem:0.00M, Peak:0.00M | Scene | Initializing
Fra:1 Mem:34.86M (Peak 44.04M) | Time:495477:30:29.12 | Mem:0.00M, Peak:0.00M | Scene | Updating Images | Loading wire_shelf_1_2_DIFFUSE
Fra:1 Mem:34.88M (Peak 44.07M) | Time:495477:30:29.13 | Mem:0.00M, Peak:0.00M | Scene | Synchronizing object | wire_shelf_1_2
Fra:1 Mem:34.88M (Peak 44.07M) | Time:495477:30:29.13 | Mem:0.00M, Peak:0.00M | Scene | Initializing
Fra:1 Mem:34.88M (Peak 44.07M) | Time:495477:30:29.13 | Mem:0.00M, Peak:0.00M | Scene | Updating Images | Loading wire_shelf_1_2_ROUGHNESS
Fra:1 Mem:34.90M (Peak 44.07M) | Time:495477:30:29.14 | Mem:0.00M, Peak:0.00M | Scene | Synchronizing object | wire_shelf_1_2
Fra:1 Mem:34.90M (Peak 44.07M) | Time:495477:30:29.14 | Mem:0.00M, Peak:0.00M | Scene | Initializing
Fra:1 Mem:34.90M (Peak 44.07M) | Time:495477:30:29.14 | Mem:0.00M, Peak:0.00M | Scene | Updating Images | Loading wire_shelf_1_2_NORMAL
Fra:1 Mem:34.90M (Peak 44.11M) | Time:495477:30:29.16 | Mem:0.00M, Peak:0.00M | Scene | Synchronizing object | wire_shelf_1_3
Fra:1 Mem:34.90M (Peak 44.11M) | Time:495477:30:29.16 | Mem:0.00M, Peak:0.00M | Scene | Initializing
Fra:1 Mem:34.90M (Peak 44.11M) | Time:495477:30:29.16 | Mem:0.00M, Peak:0.00M | Scene | Updating Images | Loading wire_shelf_1_3_METAL
Fra:1 Mem:34.93M (Peak 44.11M) | Time:495477:30:29.17 | Mem:0.00M, Peak:0.00M | Scene | Synchronizing object | wire_shelf_1_3
Fra:1 Mem:34.93M (Peak 44.11M) | Time:495477:30:29.17 | Mem:0.00M, Peak:0.00M | Scene | Initializing
Fra:1 Mem:34.93M (Peak 44.11M) | Time:495477:30:29.17 | Mem:0.00M, Peak:0.00M | Scene | Updating Images | Loading wire_shelf_1_3_DIFFUSE
Fra:1 Mem:34.95M (Peak 44.14M) | Time:495477:30:29.18 | Mem:0.00M, Peak:0.00M | Scene | Synchronizing object | wire_shelf_1_3
Fra:1 Mem:34.95M (Peak 44.14M) | Time:495477:30:29.18 | Mem:0.00M, Peak:0.00M | Scene | Initializing
Fra:1 Mem:34.95M (Peak 44.14M) | Time:495477:30:29.18 | Mem:0.00M, Peak:0.00M | Scene | Updating Images | Loading wire_shelf_1_3_ROUGHNESS
Fra:1 Mem:34.97M (Peak 44.14M) | Time:495477:30:29.20 | Mem:0.00M, Peak:0.00M | Scene | Synchronizing object | wire_shelf_1_3
Fra:1 Mem:34.97M (Peak 44.14M) | Time:495477:30:29.20 | Mem:0.00M, Peak:0.00M | Scene | Initializing
Fra:1 Mem:34.97M (Peak 44.14M) | Time:495477:30:29.20 | Mem:0.00M, Peak:0.00M | Scene | Updating Images | Loading wire_shelf_1_3_NORMAL
Fra:1 Mem:34.97M (Peak 44.18M) | Time:495477:30:29.21 | Mem:0.00M, Peak:0.00M | Scene | Synchronizing object | wire_shelf_2_0
Fra:1 Mem:34.97M (Peak 44.18M) | Time:495477:30:29.21 | Mem:0.00M, Peak:0.00M | Scene | Initializing
Fra:1 Mem:34.97M (Peak 44.18M) | Time:495477:30:29.21 | Mem:0.00M, Peak:0.00M | Scene | Updating Images | Loading wire_shelf_2_0_METAL
Fra:1 Mem:35.00M (Peak 44.18M) | Time:495477:30:29.22 | Mem:0.00M, Peak:0.00M | Scene | Synchronizing object | wire_shelf_2_0
Fra:1 Mem:35.00M (Peak 44.18M) | Time:495477:30:29.22 | Mem:0.00M, Peak:0.00M | Scene | Initializing
Fra:1 Mem:35.00M (Peak 44.18M) | Time:495477:30:29.22 | Mem:0.00M, Peak:0.00M | Scene | Updating Images | Loading wire_shelf_2_0_DIFFUSE
Fra:1 Mem:35.02M (Peak 44.21M) | Time:495477:30:29.24 | Mem:0.00M, Peak:0.00M | Scene | Synchronizing object | wire_shelf_2_0
Fra:1 Mem:35.02M (Peak 44.21M) | Time:495477:30:29.24 | Mem:0.00M, Peak:0.00M | Scene | Initializing
Fra:1 Mem:35.02M (Peak 44.21M) | Time:495477:30:29.24 | Mem:0.00M, Peak:0.00M | Scene | Updating Images | Loading wire_shelf_2_0_ROUGHNESS
Fra:1 Mem:35.04M (Peak 44.21M) | Time:495477:30:29.25 | Mem:0.00M, Peak:0.00M | Scene | Synchronizing object | wire_shelf_2_0
Fra:1 Mem:35.05M (Peak 44.21M) | Time:495477:30:29.25 | Mem:0.00M, Peak:0.00M | Scene | Initializing
Fra:1 Mem:35.04M (Peak 44.21M) | Time:495477:30:29.25 | Mem:0.00M, Peak:0.00M | Scene | Updating Images | Loading wire_shelf_2_0_NORMAL
Fra:1 Mem:35.04M (Peak 44.25M) | Time:495477:30:29.26 | Mem:0.00M, Peak:0.00M | Scene | Synchronizing object | wire_shelf_2_1
Fra:1 Mem:35.04M (Peak 44.25M) | Time:495477:30:29.26 | Mem:0.00M, Peak:0.00M | Scene | Initializing
Fra:1 Mem:35.04M (Peak 44.25M) | Time:495477:30:29.26 | Mem:0.00M, Peak:0.00M | Scene | Updating Images | Loading wire_shelf_2_1_METAL
Fra:1 Mem:35.07M (Peak 44.25M) | Time:495477:30:29.27 | Mem:0.00M, Peak:0.00M | Scene | Synchronizing object | wire_shelf_2_1
Fra:1 Mem:35.07M (Peak 44.25M) | Time:495477:30:29.27 | Mem:0.00M, Peak:0.00M | Scene | Initializing
Fra:1 Mem:35.07M (Peak 44.25M) | Time:495477:30:29.27 | Mem:0.00M, Peak:0.00M | Scene | Updating Images | Loading wire_shelf_2_1_DIFFUSE
Fra:1 Mem:35.09M (Peak 44.28M) | Time:495477:30:29.29 | Mem:0.00M, Peak:0.00M | Scene | Synchronizing object | wire_shelf_2_1
Fra:1 Mem:35.09M (Peak 44.28M) | Time:495477:30:29.29 | Mem:0.00M, Peak:0.00M | Scene | Initializing
Fra:1 Mem:35.09M (Peak 44.28M) | Time:495477:30:29.29 | Mem:0.00M, Peak:0.00M | Scene | Updating Images | Loading wire_shelf_2_1_ROUGHNESS
Fra:1 Mem:35.12M (Peak 44.28M) | Time:495477:30:29.30 | Mem:0.00M, Peak:0.00M | Scene | Synchronizing object | wire_shelf_2_1
Fra:1 Mem:35.12M (Peak 44.28M) | Time:495477:30:29.30 | Mem:0.00M, Peak:0.00M | Scene | Initializing
Fra:1 Mem:35.11M (Peak 44.28M) | Time:495477:30:29.30 | Mem:0.00M, Peak:0.00M | Scene | Updating Images | Loading wire_shelf_2_1_NORMAL
Fra:1 Mem:35.11M (Peak 44.33M) | Time:495477:30:29.31 | Mem:0.00M, Peak:0.00M | Scene | Synchronizing object | wire_shelf_2_2
Fra:1 Mem:35.11M (Peak 44.33M) | Time:495477:30:29.31 | Mem:0.00M, Peak:0.00M | Scene | Initializing
Fra:1 Mem:35.11M (Peak 44.33M) | Time:495477:30:29.31 | Mem:0.00M, Peak:0.00M | Scene | Updating Images | Loading wire_shelf_2_2_METAL
Fra:1 Mem:35.14M (Peak 44.33M) | Time:495477:30:29.33 | Mem:0.00M, Peak:0.00M | Scene | Synchronizing object | wire_shelf_2_2
Fra:1 Mem:35.15M (Peak 44.33M) | Time:495477:30:29.33 | Mem:0.00M, Peak:0.00M | Scene | Initializing
Fra:1 Mem:35.14M (Peak 44.33M) | Time:495477:30:29.33 | Mem:0.00M, Peak:0.00M | Scene | Updating Images | Loading wire_shelf_2_2_DIFFUSE
Fra:1 Mem:35.17M (Peak 44.35M) | Time:495477:30:29.34 | Mem:0.00M, Peak:0.00M | Scene | Synchronizing object | wire_shelf_2_2
Fra:1 Mem:35.17M (Peak 44.35M) | Time:495477:30:29.34 | Mem:0.00M, Peak:0.00M | Scene | Initializing
Fra:1 Mem:35.16M (Peak 44.35M) | Time:495477:30:29.34 | Mem:0.00M, Peak:0.00M | Scene | Updating Images | Loading wire_shelf_2_2_ROUGHNESS
Fra:1 Mem:35.19M (Peak 44.35M) | Time:495477:30:29.35 | Mem:0.00M, Peak:0.00M | Scene | Synchronizing object | wire_shelf_2_2
Fra:1 Mem:35.19M (Peak 44.35M) | Time:495477:30:29.35 | Mem:0.00M, Peak:0.00M | Scene | Initializing
Fra:1 Mem:35.18M (Peak 44.35M) | Time:495477:30:29.35 | Mem:0.00M, Peak:0.00M | Scene | Updating Images | Loading wire_shelf_2_2_NORMAL
Fra:1 Mem:35.18M (Peak 44.40M) | Time:495477:30:29.37 | Mem:0.00M, Peak:0.00M | Scene | Synchronizing object | wire_shelf_2_3
Fra:1 Mem:35.19M (Peak 44.40M) | Time:495477:30:29.37 | Mem:0.00M, Peak:0.00M | Scene | Initializing
Fra:1 Mem:35.18M (Peak 44.40M) | Time:495477:30:29.37 | Mem:0.00M, Peak:0.00M | Scene | Updating Images | Loading wire_shelf_2_3_METAL
Fra:1 Mem:35.22M (Peak 44.40M) | Time:495477:30:29.38 | Mem:0.00M, Peak:0.00M | Scene | Synchronizing object | wire_shelf_2_3
Fra:1 Mem:35.22M (Peak 44.40M) | Time:495477:30:29.38 | Mem:0.00M, Peak:0.00M | Scene | Initializing
Fra:1 Mem:35.21M (Peak 44.40M) | Time:495477:30:29.38 | Mem:0.00M, Peak:0.00M | Scene | Updating Images | Loading wire_shelf_2_3_DIFFUSE
Fra:1 Mem:35.24M (Peak 44.42M) | Time:495477:30:29.39 | Mem:0.00M, Peak:0.00M | Scene | Synchronizing object | wire_shelf_2_3
Fra:1 Mem:35.24M (Peak 44.42M) | Time:495477:30:29.39 | Mem:0.00M, Peak:0.00M | Scene | Initializing
Fra:1 Mem:35.23M (Peak 44.42M) | Time:495477:30:29.39 | Mem:0.00M, Peak:0.00M | Scene | Updating Images | Loading wire_shelf_2_3_ROUGHNESS
Fra:1 Mem:35.26M (Peak 44.42M) | Time:495477:30:29.40 | Mem:0.00M, Peak:0.00M | Scene | Synchronizing object | wire_shelf_2_3
Fra:1 Mem:35.26M (Peak 44.42M) | Time:495477:30:29.40 | Mem:0.00M, Peak:0.00M | Scene | Initializing
Fra:1 Mem:35.26M (Peak 44.42M) | Time:495477:30:29.40 | Mem:0.00M, Peak:0.00M | Scene | Updating Images | Loading wire_shelf_2_3_NORMAL
Fra:1 Mem:35.26M (Peak 44.47M) | Time:495477:30:29.42 | Mem:0.00M, Peak:0.00M | Scene | Synchronizing object | wire_shelf_3_0
Fra:1 Mem:35.26M (Peak 44.47M) | Time:495477:30:29.42 | Mem:0.00M, Peak:0.00M | Scene | Initializing
Fra:1 Mem:35.25M (Peak 44.47M) | Time:495477:30:29.42 | Mem:0.00M, Peak:0.00M | Scene | Updating Images | Loading wire_shelf_3_0_METAL
Fra:1 Mem:35.29M (Peak 44.47M) | Time:495477:30:29.43 | Mem:0.00M, Peak:0.00M | Scene | Synchronizing object | wire_shelf_3_0
Fra:1 Mem:35.29M (Peak 44.47M) | Time:495477:30:29.43 | Mem:0.00M, Peak:0.00M | Scene | Initializing
Fra:1 Mem:35.28M (Peak 44.47M) | Time:495477:30:29.43 | Mem:0.00M, Peak:0.00M | Scene | Updating Images | Loading wire_shelf_3_0_DIFFUSE
Fra:1 Mem:35.31M (Peak 44.50M) | Time:495477:30:29.44 | Mem:0.00M, Peak:0.00M | Scene | Synchronizing object | wire_shelf_3_0
Fra:1 Mem:35.31M (Peak 44.50M) | Time:495477:30:29.44 | Mem:0.00M, Peak:0.00M | Scene | Initializing
Fra:1 Mem:35.31M (Peak 44.50M) | Time:495477:30:29.44 | Mem:0.00M, Peak:0.00M | Scene | Updating Images | Loading wire_shelf_3_0_ROUGHNESS
Fra:1 Mem:35.33M (Peak 44.50M) | Time:495477:30:29.45 | Mem:0.00M, Peak:0.00M | Scene | Synchronizing object | wire_shelf_3_0
Fra:1 Mem:35.33M (Peak 44.50M) | Time:495477:30:29.46 | Mem:0.00M, Peak:0.00M | Scene | Initializing
Fra:1 Mem:35.33M (Peak 44.50M) | Time:495477:30:29.46 | Mem:0.00M, Peak:0.00M | Scene | Updating Images | Loading wire_shelf_3_0_NORMAL
Fra:1 Mem:35.33M (Peak 44.54M) | Time:495477:30:29.47 | Mem:0.00M, Peak:0.00M | Scene | Synchronizing object | wire_shelf_3_1
Fra:1 Mem:35.33M (Peak 44.54M) | Time:495477:30:29.47 | Mem:0.00M, Peak:0.00M | Scene | Initializing
Fra:1 Mem:35.32M (Peak 44.54M) | Time:495477:30:29.47 | Mem:0.00M, Peak:0.00M | Scene | Updating Images | Loading wire_shelf_3_1_METAL
Fra:1 Mem:35.36M (Peak 44.54M) | Time:495477:30:29.48 | Mem:0.00M, Peak:0.00M | Scene | Synchronizing object | wire_shelf_3_1
Fra:1 Mem:35.36M (Peak 44.54M) | Time:495477:30:29.48 | Mem:0.00M, Peak:0.00M | Scene | Initializing
Fra:1 Mem:35.35M (Peak 44.54M) | Time:495477:30:29.48 | Mem:0.00M, Peak:0.00M | Scene | Updating Images | Loading wire_shelf_3_1_DIFFUSE
Fra:1 Mem:35.38M (Peak 44.57M) | Time:495477:30:29.49 | Mem:0.00M, Peak:0.00M | Scene | Synchronizing object | wire_shelf_3_1
Fra:1 Mem:35.38M (Peak 44.57M) | Time:495477:30:29.49 | Mem:0.00M, Peak:0.00M | Scene | Initializing
Fra:1 Mem:35.38M (Peak 44.57M) | Time:495477:30:29.49 | Mem:0.00M, Peak:0.00M | Scene | Updating Images | Loading wire_shelf_3_1_ROUGHNESS
Fra:1 Mem:35.40M (Peak 44.57M) | Time:495477:30:29.51 | Mem:0.00M, Peak:0.00M | Scene | Synchronizing object | wire_shelf_3_1
Fra:1 Mem:35.40M (Peak 44.57M) | Time:495477:30:29.51 | Mem:0.00M, Peak:0.00M | Scene | Initializing
Fra:1 Mem:35.40M (Peak 44.57M) | Time:495477:30:29.51 | Mem:0.00M, Peak:0.00M | Scene | Updating Images | Loading wire_shelf_3_1_NORMAL
Fra:1 Mem:35.40M (Peak 44.61M) | Time:495477:30:29.52 | Mem:0.00M, Peak:0.00M | Scene | Synchronizing object | wire_shelf_3_2
Fra:1 Mem:35.40M (Peak 44.61M) | Time:495477:30:29.52 | Mem:0.00M, Peak:0.00M | Scene | Initializing
Fra:1 Mem:35.40M (Peak 44.61M) | Time:495477:30:29.52 | Mem:0.00M, Peak:0.00M | Scene | Updating Images | Loading wire_shelf_3_2_METAL
Fra:1 Mem:35.43M (Peak 44.61M) | Time:495477:30:29.53 | Mem:0.00M, Peak:0.00M | Scene | Synchronizing object | wire_shelf_3_2
Fra:1 Mem:35.43M (Peak 44.61M) | Time:495477:30:29.53 | Mem:0.00M, Peak:0.00M | Scene | Initializing
Fra:1 Mem:35.43M (Peak 44.61M) | Time:495477:30:29.53 | Mem:0.00M, Peak:0.00M | Scene | Updating Images | Loading wire_shelf_3_2_DIFFUSE
Fra:1 Mem:35.45M (Peak 44.64M) | Time:495477:30:29.55 | Mem:0.00M, Peak:0.00M | Scene | Synchronizing object | wire_shelf_3_2
Fra:1 Mem:35.45M (Peak 44.64M) | Time:495477:30:29.55 | Mem:0.00M, Peak:0.00M | Scene | Initializing
Fra:1 Mem:35.45M (Peak 44.64M) | Time:495477:30:29.55 | Mem:0.00M, Peak:0.00M | Scene | Updating Images | Loading wire_shelf_3_2_ROUGHNESS
Fra:1 Mem:35.47M (Peak 44.64M) | Time:495477:30:29.56 | Mem:0.00M, Peak:0.00M | Scene | Synchronizing object | wire_shelf_3_2
Fra:1 Mem:35.47M (Peak 44.64M) | Time:495477:30:29.56 | Mem:0.00M, Peak:0.00M | Scene | Initializing
Fra:1 Mem:35.47M (Peak 44.64M) | Time:495477:30:29.56 | Mem:0.00M, Peak:0.00M | Scene | Updating Images | Loading wire_shelf_3_2_NORMAL
Fra:1 Mem:35.47M (Peak 44.68M) | Time:495477:30:29.57 | Mem:0.00M, Peak:0.00M | Scene | Synchronizing object | wire_shelf_3_3
Fra:1 Mem:35.47M (Peak 44.68M) | Time:495477:30:29.57 | Mem:0.00M, Peak:0.00M | Scene | Initializing
Fra:1 Mem:35.47M (Peak 44.68M) | Time:495477:30:29.57 | Mem:0.00M, Peak:0.00M | Scene | Updating Images | Loading wire_shelf_3_3_METAL
Fra:1 Mem:35.50M (Peak 44.68M) | Time:495477:30:29.59 | Mem:0.00M, Peak:0.00M | Scene | Synchronizing object | wire_shelf_3_3
Fra:1 Mem:35.50M (Peak 44.68M) | Time:495477:30:29.59 | Mem:0.00M, Peak:0.00M | Scene | Initializing
Fra:1 Mem:35.50M (Peak 44.68M) | Time:495477:30:29.59 | Mem:0.00M, Peak:0.00M | Scene | Updating Images | Loading wire_shelf_3_3_DIFFUSE
Fra:1 Mem:35.52M (Peak 44.71M) | Time:495477:30:29.60 | Mem:0.00M, Peak:0.00M | Scene | Synchronizing object | wire_shelf_3_3
Fra:1 Mem:35.52M (Peak 44.71M) | Time:495477:30:29.60 | Mem:0.00M, Peak:0.00M | Scene | Initializing
Fra:1 Mem:35.52M (Peak 44.71M) | Time:495477:30:29.60 | Mem:0.00M, Peak:0.00M | Scene | Updating Images | Loading wire_shelf_3_3_ROUGHNESS
Fra:1 Mem:35.54M (Peak 44.71M) | Time:495477:30:29.61 | Mem:0.00M, Peak:0.00M | Scene | Synchronizing object | wire_shelf_3_3
Fra:1 Mem:35.55M (Peak 44.71M) | Time:495477:30:29.61 | Mem:0.00M, Peak:0.00M | Scene | Initializing
Fra:1 Mem:35.54M (Peak 44.71M) | Time:495477:30:29.61 | Mem:0.00M, Peak:0.00M | Scene | Updating Images | Loading wire_shelf_3_3_NORMAL
Fra:1 Mem:35.54M (Peak 44.75M) | Time:495477:30:29.63 | Mem:0.00M, Peak:0.00M | Scene | Synchronizing object | wire_shelving_back_post_0_left
Fra:1 Mem:35.54M (Peak 44.75M) | Time:495477:30:29.63 | Mem:0.00M, Peak:0.00M | Scene | Initializing
Fra:1 Mem:35.54M (Peak 44.75M) | Time:495477:30:29.63 | Mem:0.00M, Peak:0.00M | Scene | Updating Images | Loading wire_shelving_back_post_0_left_METAL
Fra:1 Mem:35.57M (Peak 44.75M) | Time:495477:30:29.64 | Mem:0.00M, Peak:0.00M | Scene | Synchronizing object | wire_shelving_back_post_0_left
Fra:1 Mem:35.57M (Peak 44.75M) | Time:495477:30:29.64 | Mem:0.00M, Peak:0.00M | Scene | Initializing
Fra:1 Mem:35.57M (Peak 44.75M) | Time:495477:30:29.64 | Mem:0.00M, Peak:0.00M | Scene | Updating Images | Loading wire_shelving_back_post_0_left_DIFFUSE
Fra:1 Mem:35.59M (Peak 44.78M) | Time:495477:30:29.65 | Mem:0.00M, Peak:0.00M | Scene | Synchronizing object | wire_shelving_back_post_0_left
Fra:1 Mem:35.59M (Peak 44.78M) | Time:495477:30:29.65 | Mem:0.00M, Peak:0.00M | Scene | Initializing
Fra:1 Mem:35.59M (Peak 44.78M) | Time:495477:30:29.65 | Mem:0.00M, Peak:0.00M | Scene | Updating Images | Loading wire_shelving_back_post_0_left_ROUGHNESS
Fra:1 Mem:35.62M (Peak 44.78M) | Time:495477:30:29.66 | Mem:0.00M, Peak:0.00M | Scene | Synchronizing object | wire_shelving_back_post_0_left
Fra:1 Mem:35.62M (Peak 44.78M) | Time:495477:30:29.66 | Mem:0.00M, Peak:0.00M | Scene | Initializing
Fra:1 Mem:35.61M (Peak 44.78M) | Time:495477:30:29.66 | Mem:0.00M, Peak:0.00M | Scene | Updating Images | Loading wire_shelving_back_post_0_left_NORMAL
Fra:1 Mem:35.61M (Peak 44.83M) | Time:495477:30:29.67 | Mem:0.00M, Peak:0.00M | Scene | Synchronizing object | wire_shelving_back_post_0_right
Fra:1 Mem:35.61M (Peak 44.83M) | Time:495477:30:29.67 | Mem:0.00M, Peak:0.00M | Scene | Initializing
Fra:1 Mem:35.61M (Peak 44.83M) | Time:495477:30:29.67 | Mem:0.00M, Peak:0.00M | Scene | Updating Images | Loading wire_shelving_back_post_0_right_METAL
Fra:1 Mem:35.64M (Peak 44.83M) | Time:495477:30:29.68 | Mem:0.00M, Peak:0.00M | Scene | Synchronizing object | wire_shelving_back_post_0_right
Fra:1 Mem:35.64M (Peak 44.83M) | Time:495477:30:29.68 | Mem:0.00M, Peak:0.00M | Scene | Initializing
Fra:1 Mem:35.64M (Peak 44.83M) | Time:495477:30:29.68 | Mem:0.00M, Peak:0.00M | Scene | Updating Images | Loading wire_shelving_back_post_0_right_DIFFUSE
Fra:1 Mem:35.67M (Peak 44.85M) | Time:495477:30:29.70 | Mem:0.00M, Peak:0.00M | Scene | Synchronizing object | wire_shelving_back_post_0_right
Fra:1 Mem:35.67M (Peak 44.85M) | Time:495477:30:29.70 | Mem:0.00M, Peak:0.00M | Scene | Initializing
Fra:1 Mem:35.66M (Peak 44.85M) | Time:495477:30:29.70 | Mem:0.00M, Peak:0.00M | Scene | Updating Images | Loading wire_shelving_back_post_0_right_ROUGHNESS
Fra:1 Mem:35.69M (Peak 44.85M) | Time:495477:30:29.71 | Mem:0.00M, Peak:0.00M | Scene | Synchronizing object | wire_shelving_back_post_0_right
Fra:1 Mem:35.69M (Peak 44.85M) | Time:495477:30:29.71 | Mem:0.00M, Peak:0.00M | Scene | Initializing
Fra:1 Mem:35.68M (Peak 44.85M) | Time:495477:30:29.71 | Mem:0.00M, Peak:0.00M | Scene | Updating Images | Loading wire_shelving_back_post_0_right_NORMAL
Fra:1 Mem:35.68M (Peak 44.90M) | Time:495477:30:29.72 | Mem:0.00M, Peak:0.00M | Scene | Synchronizing object | wire_shelving_back_post_1_left
Fra:1 Mem:35.68M (Peak 44.90M) | Time:495477:30:29.72 | Mem:0.00M, Peak:0.00M | Scene | Initializing
Fra:1 Mem:35.68M (Peak 44.90M) | Time:495477:30:29.72 | Mem:0.00M, Peak:0.00M | Scene | Updating Images | Loading wire_shelving_back_post_1_left_METAL
Fra:1 Mem:35.71M (Peak 44.90M) | Time:495477:30:29.73 | Mem:0.00M, Peak:0.00M | Scene | Synchronizing object | wire_shelving_back_post_1_left
Fra:1 Mem:35.72M (Peak 44.90M) | Time:495477:30:29.73 | Mem:0.00M, Peak:0.00M | Scene | Initializing
Fra:1 Mem:35.71M (Peak 44.90M) | Time:495477:30:29.73 | Mem:0.00M, Peak:0.00M | Scene | Updating Images | Loading wire_shelving_back_post_1_left_DIFFUSE
Info: Baking map saved to internal image, save it externally or pack it
Info: Baking map saved to internal image, save it externally or pack it
Info: Baking map saved to internal image, save it externally or pack it
Info: Baking map saved to internal image, save it externally or pack it
Info: Baking map saved to internal image, save it externally or pack it
Info: Baking map saved to internal image, save it externally or pack it
Info: Baking map saved to internal image, save it externally or pack it
Info: Baking map saved to internal image, save it externally or pack it
Info: Baking map saved to internal image, save it externally or pack it
Info: Baking map saved to internal image, save it externally or pack it
Info: Baking map saved to internal image, save it externally or pack it
Info: Baking map saved to internal image, save it externally or pack it
Info: Baking map saved to internal image, save it externally or pack it
Info: Baking map saved to internal image, save it externally or pack it
Info: Baking map saved to internal image, save it externally or pack it
Info: Baking map saved to internal image, save it externally or pack it
Info: Baking map saved to internal image, save it externally or pack it
Info: Baking map saved to internal image, save it externally or pack it
Info: Baking map saved to internal image, save it externally or pack it
Info: Baking map saved to internal image, save it externally or pack it
Info: Baking map saved to internal image, save it externally or pack it
Info: Baking map saved to internal image, save it externally or pack it
Info: Baking map saved to internal image, save it externally or pack it
Info: Baking map saved to internal image, save it externally or pack it
Info: Baking map saved to internal image, save it externally or pack it
Info: Baking map saved to internal image, save it externally or pack it
Info: Baking map saved to internal image, save it externally or pack it
Info: Baking map saved to internal image, save it externally or pack it
Info: Baking map saved to internal image, save it externally or pack it
Info: Baking map saved to internal image, save it externally or pack it
Info: Baking map saved to internal image, save it externally or pack it
Info: Baking map saved to internal image, save it externally or pack it
Info: Baking map saved to internal image, save it externally or pack it
Info: Baking map saved to internal image, save it externally or pack it
Info: Baking map saved to internal image, save it externally or pack it
Info: Baking map saved to internal image, save it externally or pack it
Info: Baking map saved to internal image, save it externally or pack it
Info: Baking map saved to internal image, save it externally or pack it
Info: Baking map saved to internal image, save it externally or pack it
Info: Baking map saved to internal image, save it externally or pack it
Info: Baking map saved to internal image, save it externally or pack it
Info: Baking map saved to internal image, save it externally or pack it
Info: Baking map saved to internal image, save it externally or pack it
Info: Baking map saved to internal image, save it externally or pack it
Info: Baking map saved to internal image, save it externally or pack it
Info: Baking map saved to internal image, save it externally or pack it
Info: Baking map saved to internal image, save it externally or pack it
Info: Baking map saved to internal image, save it externally or pack it
Info: Baking map saved to internal image, save it externally or pack it
Info: Baking map saved to internal image, save it externally or pack it
Info: Baking map saved to internal image, save it externally or pack it
Info: Baking map saved to internal image, save it externally or pack it
Info: Baking map saved to internal image, save it externally or pack it
Info: Baking map saved to internal image, save it externally or pack it
Info: Baking map saved to internal image, save it externally or pack it
Info: Baking map saved to internal image, save it externally or pack it
Info: Baking map saved to internal image, save it externally or pack it
Info: Baking map saved to internal image, save it externally or pack it
Info: Baking map saved to internal image, save it externally or pack it
Info: Baking map saved to internal image, save it externally or pack it
Info: Baking map saved to internal image, save it externally or pack it
Info: Baking map saved to internal image, save it externally or pack it
Info: Baking map saved to internal image, save it externally or pack it
Info: Baking map saved to internal image, save it externally or pack it
Info: Baking map saved to internal image, save it externally or pack it
Info: Baking map saved to internal image, save it externally or pack it
Info: Baking map saved to internal image, save it externally or pack it
Info: Baking map saved to internal image, save it externally or pack it
Info: Baking map saved to internal image, save it externally or pack it
Info: Baking map saved to internal image, save it externally or pack it
Info: Baking map saved to internal image, save it externally or pack it
Info: Baking map saved to internal image, save it externally or pack it
Info: Baking map saved to internal image, save it externally or pack it
Info: Baking map saved to internal image, save it externally or pack it
Info: Baking map saved to internal image, save it externally or pack it
Info: Baking map saved to internal image, save it externally or pack it
Info: Baking map saved to internal image, save it externally or pack it
Info: Baking map saved to internal image, save it externally or pack it
Info: Baking map saved to internal image, save it externally or pack it
Info: Baking map saved to internal image, save it externally or pack it
Info: Baking map saved to internal image, save it externally or pack it
Info: Baking map saved to internal image, save it externally or pack it
Info: Baking map saved to internal image, save it externally or pack it
Info: Baking map saved to internal image, save it externally or pack it
Info: Baking map saved to internal image, save it externally or pack it
Info: Baking map saved to internal image, save it externally or pack it
Info: Baking map saved to internal image, save it externally or pack it
Info: Baking map saved to internal image, save it externally or pack it
Info: Baking map saved to internal image, save it externally or pack it
Info: Baking map saved to internal image, save it externally or pack it
Info: Baking map saved to internal image, save it externally or pack it
Info: Baking map saved to internal image, save it externally or pack it
Info: Baking map saved to internal image, save it externally or pack it
Info: Baking map saved to internal image, save it externally or pack it
Info: Baking map saved to internal image, save it externally or pack it
Info: Baking map saved to internal image, save it externally or pack it
Info: Baking map saved to internal image, save it externally or pack it
Info: Baking map saved to internal image, save it externally or pack it
Info: Baking map saved to internal image, save it externally or pack it
Info: Baking map saved to internal image, save it externally or pack it
Info: Baking map saved to internal image, save it externally or pack it
Info: Baking map saved to internal image, save it externally or pack it
Info: Baking map saved to internal image, save it externally or pack it
Info: Baking map saved to internal image, save it externally or pack it
Info: Baking map saved to internal image, save it externally or pack it
Info: Baking map saved to internal image, save it externally or pack it
Info: Baking map saved to internal image, save it externally or pack it
Info: Baking map saved to internal image, save it externally or pack it
Info: Baking map saved to internal image, save it externally or pack it
Info: Baking map saved to internal image, save it externally or pack it
Info: Baking map saved to internal image, save it externally or pack it
Info: Baking map saved to internal image, save it externally or pack it
Info: Baking map saved to internal image, save it externally or pack it
Info: Baking map saved to internal image, save it externally or pack it
Fra:1 Mem:35.74M (Peak 44.92M) | Time:495477:30:29.74 | Mem:0.00M, Peak:0.00M | Scene | Synchronizing object | wire_shelving_back_post_1_left
Fra:1 Mem:35.74M (Peak 44.92M) | Time:495477:30:29.74 | Mem:0.00M, Peak:0.00M | Scene | Initializing
Fra:1 Mem:35.73M (Peak 44.92M) | Time:495477:30:29.74 | Mem:0.00M, Peak:0.00M | Scene | Updating Images | Loading wire_shelving_back_post_1_left_ROUGHNESS
Fra:1 Mem:35.76M (Peak 44.92M) | Time:495477:30:29.75 | Mem:0.00M, Peak:0.00M | Scene | Synchronizing object | wire_shelving_back_post_1_left
Fra:1 Mem:35.76M (Peak 44.92M) | Time:495477:30:29.75 | Mem:0.00M, Peak:0.00M | Scene | Initializing
Fra:1 Mem:35.76M (Peak 44.92M) | Time:495477:30:29.75 | Mem:0.00M, Peak:0.00M | Scene | Updating Images | Loading wire_shelving_back_post_1_left_NORMAL
Fra:1 Mem:35.75M (Peak 44.97M) | Time:495477:30:29.77 | Mem:0.00M, Peak:0.00M | Scene | Synchronizing object | wire_shelving_back_post_1_right
Fra:1 Mem:35.76M (Peak 44.97M) | Time:495477:30:29.77 | Mem:0.00M, Peak:0.00M | Scene | Initializing
Fra:1 Mem:35.75M (Peak 44.97M) | Time:495477:30:29.77 | Mem:0.00M, Peak:0.00M | Scene | Updating Images | Loading wire_shelving_back_post_1_right_METAL
Fra:1 Mem:35.79M (Peak 44.97M) | Time:495477:30:29.78 | Mem:0.00M, Peak:0.00M | Scene | Synchronizing object | wire_shelving_back_post_1_right
Fra:1 Mem:35.79M (Peak 44.97M) | Time:495477:30:29.78 | Mem:0.00M, Peak:0.00M | Scene | Initializing
Fra:1 Mem:35.78M (Peak 44.97M) | Time:495477:30:29.78 | Mem:0.00M, Peak:0.00M | Scene | Updating Images | Loading wire_shelving_back_post_1_right_DIFFUSE
Fra:1 Mem:35.81M (Peak 44.99M) | Time:495477:30:29.79 | Mem:0.00M, Peak:0.00M | Scene | Synchronizing object | wire_shelving_back_post_1_right
Fra:1 Mem:35.81M (Peak 44.99M) | Time:495477:30:29.79 | Mem:0.00M, Peak:0.00M | Scene | Initializing
Fra:1 Mem:35.80M (Peak 44.99M) | Time:495477:30:29.79 | Mem:0.00M, Peak:0.00M | Scene | Updating Images | Loading wire_shelving_back_post_1_right_ROUGHNESS
Fra:1 Mem:35.83M (Peak 44.99M) | Time:495477:30:29.80 | Mem:0.00M, Peak:0.00M | Scene | Synchronizing object | wire_shelving_back_post_1_right
Fra:1 Mem:35.83M (Peak 44.99M) | Time:495477:30:29.80 | Mem:0.00M, Peak:0.00M | Scene | Initializing
Fra:1 Mem:35.83M (Peak 44.99M) | Time:495477:30:29.80 | Mem:0.00M, Peak:0.00M | Scene | Updating Images | Loading wire_shelving_back_post_1_right_NORMAL
Fra:1 Mem:35.83M (Peak 45.04M) | Time:495477:30:29.81 | Mem:0.00M, Peak:0.00M | Scene | Synchronizing object | wire_shelving_back_post_2_left
Fra:1 Mem:35.83M (Peak 45.04M) | Time:495477:30:29.81 | Mem:0.00M, Peak:0.00M | Scene | Initializing
Fra:1 Mem:35.82M (Peak 45.04M) | Time:495477:30:29.81 | Mem:0.00M, Peak:0.00M | Scene | Updating Images | Loading wire_shelving_back_post_2_left_METAL
Fra:1 Mem:35.86M (Peak 45.04M) | Time:495477:30:29.83 | Mem:0.00M, Peak:0.00M | Scene | Synchronizing object | wire_shelving_back_post_2_left
Fra:1 Mem:35.86M (Peak 45.04M) | Time:495477:30:29.83 | Mem:0.00M, Peak:0.00M | Scene | Initializing
Fra:1 Mem:35.85M (Peak 45.04M) | Time:495477:30:29.83 | Mem:0.00M, Peak:0.00M | Scene | Updating Images | Loading wire_shelving_back_post_2_left_DIFFUSE
Fra:1 Mem:35.88M (Peak 45.07M) | Time:495477:30:29.84 | Mem:0.00M, Peak:0.00M | Scene | Synchronizing object | wire_shelving_back_post_2_left
Fra:1 Mem:35.88M (Peak 45.07M) | Time:495477:30:29.84 | Mem:0.00M, Peak:0.00M | Scene | Initializing
Fra:1 Mem:35.88M (Peak 45.07M) | Time:495477:30:29.84 | Mem:0.00M, Peak:0.00M | Scene | Updating Images | Loading wire_shelving_back_post_2_left_ROUGHNESS
Fra:1 Mem:35.90M (Peak 45.07M) | Time:495477:30:29.85 | Mem:0.00M, Peak:0.00M | Scene | Synchronizing object | wire_shelving_back_post_2_left
Fra:1 Mem:35.90M (Peak 45.07M) | Time:495477:30:29.85 | Mem:0.00M, Peak:0.00M | Scene | Initializing
Fra:1 Mem:35.90M (Peak 45.07M) | Time:495477:30:29.85 | Mem:0.00M, Peak:0.00M | Scene | Updating Images | Loading wire_shelving_back_post_2_left_NORMAL
Fra:1 Mem:35.90M (Peak 45.11M) | Time:495477:30:29.86 | Mem:0.00M, Peak:0.00M | Scene | Synchronizing object | wire_shelving_back_post_2_right
Fra:1 Mem:35.90M (Peak 45.11M) | Time:495477:30:29.86 | Mem:0.00M, Peak:0.00M | Scene | Initializing
Fra:1 Mem:35.90M (Peak 45.11M) | Time:495477:30:29.86 | Mem:0.00M, Peak:0.00M | Scene | Updating Images | Loading wire_shelving_back_post_2_right_METAL
Fra:1 Mem:35.93M (Peak 45.11M) | Time:495477:30:29.87 | Mem:0.00M, Peak:0.00M | Scene | Synchronizing object | wire_shelving_back_post_2_right
Fra:1 Mem:35.93M (Peak 45.11M) | Time:495477:30:29.87 | Mem:0.00M, Peak:0.00M | Scene | Initializing
Fra:1 Mem:35.93M (Peak 45.11M) | Time:495477:30:29.87 | Mem:0.00M, Peak:0.00M | Scene | Updating Images | Loading wire_shelving_back_post_2_right_DIFFUSE
Fra:1 Mem:35.95M (Peak 45.14M) | Time:495477:30:29.88 | Mem:0.00M, Peak:0.00M | Scene | Synchronizing object | wire_shelving_back_post_2_right
Fra:1 Mem:35.95M (Peak 45.14M) | Time:495477:30:29.88 | Mem:0.00M, Peak:0.00M | Scene | Initializing
Fra:1 Mem:35.95M (Peak 45.14M) | Time:495477:30:29.88 | Mem:0.00M, Peak:0.00M | Scene | Updating Images | Loading wire_shelving_back_post_2_right_ROUGHNESS
Fra:1 Mem:35.97M (Peak 45.14M) | Time:495477:30:29.89 | Mem:0.00M, Peak:0.00M | Scene | Synchronizing object | wire_shelving_back_post_2_right
Fra:1 Mem:35.97M (Peak 45.14M) | Time:495477:30:29.89 | Mem:0.00M, Peak:0.00M | Scene | Initializing
Fra:1 Mem:35.97M (Peak 45.14M) | Time:495477:30:29.89 | Mem:0.00M, Peak:0.00M | Scene | Updating Images | Loading wire_shelving_back_post_2_right_NORMAL
Fra:1 Mem:35.97M (Peak 45.18M) | Time:495477:30:29.91 | Mem:0.00M, Peak:0.00M | Scene | Synchronizing object | wire_shelving_back_post_3_left
Fra:1 Mem:35.97M (Peak 45.18M) | Time:495477:30:29.91 | Mem:0.00M, Peak:0.00M | Scene | Initializing
Fra:1 Mem:35.97M (Peak 45.18M) | Time:495477:30:29.91 | Mem:0.00M, Peak:0.00M | Scene | Updating Images | Loading wire_shelving_back_post_3_left_METAL
Fra:1 Mem:36.00M (Peak 45.18M) | Time:495477:30:29.92 | Mem:0.00M, Peak:0.00M | Scene | Synchronizing object | wire_shelving_back_post_3_left
Fra:1 Mem:36.00M (Peak 45.18M) | Time:495477:30:29.92 | Mem:0.00M, Peak:0.00M | Scene | Initializing
Fra:1 Mem:36.00M (Peak 45.18M) | Time:495477:30:29.92 | Mem:0.00M, Peak:0.00M | Scene | Updating Images | Loading wire_shelving_back_post_3_left_DIFFUSE
Fra:1 Mem:36.02M (Peak 45.21M) | Time:495477:30:29.93 | Mem:0.00M, Peak:0.00M | Scene | Synchronizing object | wire_shelving_back_post_3_left
Fra:1 Mem:36.02M (Peak 45.21M) | Time:495477:30:29.93 | Mem:0.00M, Peak:0.00M | Scene | Initializing
Fra:1 Mem:36.02M (Peak 45.21M) | Time:495477:30:29.93 | Mem:0.00M, Peak:0.00M | Scene | Updating Images | Loading wire_shelving_back_post_3_left_ROUGHNESS
Fra:1 Mem:36.04M (Peak 45.21M) | Time:495477:30:29.94 | Mem:0.00M, Peak:0.00M | Scene | Synchronizing object | wire_shelving_back_post_3_left
Fra:1 Mem:36.04M (Peak 45.21M) | Time:495477:30:29.94 | Mem:0.00M, Peak:0.00M | Scene | Initializing
Fra:1 Mem:36.04M (Peak 45.21M) | Time:495477:30:29.94 | Mem:0.00M, Peak:0.00M | Scene | Updating Images | Loading wire_shelving_back_post_3_left_NORMAL
Fra:1 Mem:36.04M (Peak 45.25M) | Time:495477:30:29.95 | Mem:0.00M, Peak:0.00M | Scene | Synchronizing object | wire_shelving_back_post_3_right
Fra:1 Mem:36.04M (Peak 45.25M) | Time:495477:30:29.95 | Mem:0.00M, Peak:0.00M | Scene | Initializing
Fra:1 Mem:36.04M (Peak 45.25M) | Time:495477:30:29.95 | Mem:0.00M, Peak:0.00M | Scene | Updating Images | Loading wire_shelving_back_post_3_right_METAL
Fra:1 Mem:36.07M (Peak 45.25M) | Time:495477:30:29.97 | Mem:0.00M, Peak:0.00M | Scene | Synchronizing object | wire_shelving_back_post_3_right
Fra:1 Mem:36.07M (Peak 45.25M) | Time:495477:30:29.97 | Mem:0.00M, Peak:0.00M | Scene | Initializing
Fra:1 Mem:36.07M (Peak 45.25M) | Time:495477:30:29.97 | Mem:0.00M, Peak:0.00M | Scene | Updating Images | Loading wire_shelving_back_post_3_right_DIFFUSE
Fra:1 Mem:36.09M (Peak 45.28M) | Time:495477:30:29.98 | Mem:0.00M, Peak:0.00M | Scene | Synchronizing object | wire_shelving_back_post_3_right
Fra:1 Mem:36.09M (Peak 45.28M) | Time:495477:30:29.98 | Mem:0.00M, Peak:0.00M | Scene | Initializing
Fra:1 Mem:36.09M (Peak 45.28M) | Time:495477:30:29.98 | Mem:0.00M, Peak:0.00M | Scene | Updating Images | Loading wire_shelving_back_post_3_right_ROUGHNESS
Fra:1 Mem:36.12M (Peak 45.28M) | Time:495477:30:29.99 | Mem:0.00M, Peak:0.00M | Scene | Synchronizing object | wire_shelving_back_post_3_right
Fra:1 Mem:36.12M (Peak 45.28M) | Time:495477:30:29.99 | Mem:0.00M, Peak:0.00M | Scene | Initializing
Fra:1 Mem:36.11M (Peak 45.28M) | Time:495477:30:29.99 | Mem:0.00M, Peak:0.00M | Scene | Updating Images | Loading wire_shelving_back_post_3_right_NORMAL
  adding: home/yashturkar/Workspace/infinigen/outputs/restaurant_kitchen_1000sqft/spear_export_r256/export_scene.blend/ (stored 0%)
  adding: home/yashturkar/Workspace/infinigen/outputs/restaurant_kitchen_1000sqft/spear_export_r256/export_scene.blend/textures/ (stored 0%)
  adding: home/yashturkar/Workspace/infinigen/outputs/restaurant_kitchen_1000sqft/spear_export_r256/export_scene.blend/textures/central_prep_island_left_stainless_top_ROUGHNESS.png (deflated 54%)
  adding: home/yashturkar/Workspace/infinigen/outputs/restaurant_kitchen_1000sqft/spear_export_r256/export_scene.blend/textures/six_burner_range_stainless_body_DIFFUSE.png (deflated 64%)
  adding: home/yashturkar/Workspace/infinigen/outputs/restaurant_kitchen_1000sqft/spear_export_r256/export_scene.blend/textures/service_pass_heat_lamp_lens_DIFFUSE.png (deflated 34%)
  adding: home/yashturkar/Workspace/infinigen/outputs/restaurant_kitchen_1000sqft/spear_export_r256/export_scene.blend/textures/wire_shelf_0_2_ROUGHNESS.png (deflated 68%)
  adding: home/yashturkar/Workspace/infinigen/outputs/restaurant_kitchen_1000sqft/spear_export_r256/export_scene.blend/textures/window_stainless_frame_top_2_DIFFUSE.png (deflated 61%)
  adding: home/yashturkar/Workspace/infinigen/outputs/restaurant_kitchen_1000sqft/spear_export_r256/export_scene.blend/textures/sheet_pan_1_1_22_ROUGHNESS.png (deflated 58%)
  adding: home/yashturkar/Workspace/infinigen/outputs/restaurant_kitchen_1000sqft/spear_export_r256/export_scene.blend/textures/twin_fryer_bank_red_control_knob_0_DIFFUSE.png (deflated 26%)
  adding: home/yashturkar/Workspace/infinigen/outputs/restaurant_kitchen_1000sqft/spear_export_r256/export_scene.blend/textures/stock_pot_dark_opening_2_DIFFUSE.png (deflated 9%)
  adding: home/yashturkar/Workspace/infinigen/outputs/restaurant_kitchen_1000sqft/spear_export_r256/export_scene.blend/textures/central_prep_island_right_stainless_top_ROUGHNESS.png (deflated 54%)
  adding: home/yashturkar/Workspace/infinigen/outputs/restaurant_kitchen_1000sqft/spear_export_r256/export_scene.blend/textures/food_storage_bin_1_2_1_DIFFUSE.png (deflated 52%)
  adding: home/yashturkar/Workspace/infinigen/outputs/restaurant_kitchen_1000sqft/spear_export_r256/export_scene.blend/textures/hood_grease_filter_panel_-3_35_DIFFUSE.png (deflated 65%)
  adding: home/yashturkar/Workspace/infinigen/outputs/restaurant_kitchen_1000sqft/spear_export_r256/export_scene.blend/textures/food_storage_bin_1_2_1_NORMAL.png (deflated 82%)
  adding: home/yashturkar/Workspace/infinigen/outputs/restaurant_kitchen_1000sqft/spear_export_r256/export_scene.blend/textures/window_stainless_frame_bottom_2_NORMAL.png (deflated 82%)
  adding: home/yashturkar/Workspace/infinigen/outputs/restaurant_kitchen_1000sqft/spear_export_r256/export_scene.blend/textures/sheet_pan_1_0_92_METAL.png (deflated 61%)
  adding: home/yashturkar/Workspace/infinigen/outputs/restaurant_kitchen_1000sqft/spear_export_r256/export_scene.blend/textures/wire_shelf_2_3_DIFFUSE.png (deflated 72%)
  adding: home/yashturkar/Workspace/infinigen/outputs/restaurant_kitchen_1000sqft/spear_export_r256/export_scene.blend/textures/food_storage_bin_0_2_1_ROUGHNESS.png (deflated 57%)
  adding: home/yashturkar/Workspace/infinigen/outputs/restaurant_kitchen_1000sqft/spear_export_r256/export_scene.blend/textures/wire_shelving_back_post_1_left_ROUGHNESS.png (deflated 47%)
  adding: home/yashturkar/Workspace/infinigen/outputs/restaurant_kitchen_1000sqft/spear_export_r256/export_scene.blend/textures/undercounter_refrigerated_drawer_-1_85_stainless_body_DIFFUSE.png (deflated 58%)
  adding: home/yashturkar/Workspace/infinigen/outputs/restaurant_kitchen_1000sqft/spear_export_r256/export_scene.blend/textures/rolling_speed_rack_frame_3_NORMAL.png (deflated 82%)
  adding: home/yashturkar/Workspace/infinigen/outputs/restaurant_kitchen_1000sqft/spear_export_r256/export_scene.blend/textures/central_prep_island_left_round_leg_0_9_0_3_DIFFUSE.png (deflated 33%)
  adding: home/yashturkar/Workspace/infinigen/outputs/restaurant_kitchen_1000sqft/spear_export_r256/export_scene.blend/textures/food_storage_bin_1_2_1_ROUGHNESS.png (deflated 54%)
  adding: home/yashturkar/Workspace/infinigen/outputs/restaurant_kitchen_1000sqft/spear_export_r256/export_scene.blend/textures/stainless_stock_pot_4_DIFFUSE.png (deflated 13%)
  adding: home/yashturkar/Workspace/infinigen/outputs/restaurant_kitchen_1000sqft/spear_export_r256/export_scene.blend/textures/window_stainless_frame_top_0_METAL.png (deflated 57%)
  adding: home/yashturkar/Workspace/infinigen/outputs/restaurant_kitchen_1000sqft/spear_export_r256/export_scene.blend/textures/wire_shelf_3_0_ROUGHNESS.png (deflated 68%)
  adding: home/yashturkar/Workspace/infinigen/outputs/restaurant_kitchen_1000sqft/spear_export_r256/export_scene.blend/textures/floor_grout_line_y_4_0_ROUGHNESS.png (deflated 84%)
  adding: home/yashturkar/Workspace/infinigen/outputs/restaurant_kitchen_1000sqft/spear_export_r256/export_scene.blend/textures/food_storage_bin_1_0_1_NORMAL.png (deflated 82%)
  adding: home/yashturkar/Workspace/infinigen/outputs/restaurant_kitchen_1000sqft/spear_export_r256/export_scene.blend/textures/ceiling_linear_fixture_lens_2_ROUGHNESS.png (deflated 76%)
  adding: home/yashturkar/Workspace/infinigen/outputs/restaurant_kitchen_1000sqft/spear_export_r256/export_scene.blend/textures/rolling_speed_rack_frame_3_METAL.png (deflated 69%)
  adding: home/yashturkar/Workspace/infinigen/outputs/restaurant_kitchen_1000sqft/spear_export_r256/export_scene.blend/textures/sheet_pan_1_0_62_DIFFUSE.png (deflated 58%)
  adding: home/yashturkar/Workspace/infinigen/outputs/restaurant_kitchen_1000sqft/spear_export_r256/export_scene.blend/textures/food_storage_bin_2_3_2_NORMAL.png (deflated 82%)
  adding: home/yashturkar/Workspace/infinigen/outputs/restaurant_kitchen_1000sqft/spear_export_r256/export_scene.blend/textures/food_storage_bin_2_1_2_DIFFUSE.png (deflated 52%)
  adding: home/yashturkar/Workspace/infinigen/outputs/restaurant_kitchen_1000sqft/spear_export_r256/export_scene.blend/textures/window_stainless_frame_bottom_0_METAL.png (deflated 57%)
  adding: home/yashturkar/Workspace/infinigen/outputs/restaurant_kitchen_1000sqft/spear_export_r256/export_scene.blend/textures/walk_in_cooler_box_stainless_body_NORMAL.png (deflated 8%)
  adding: home/yashturkar/Workspace/infinigen/outputs/restaurant_kitchen_1000sqft/spear_export_r256/export_scene.blend/textures/floor_grout_line_x_-2_4_DIFFUSE.png (deflated 84%)
  adding: home/yashturkar/Workspace/infinigen/outputs/restaurant_kitchen_1000sqft/spear_export_r256/export_scene.blend/textures/wire_shelving_back_post_3_left_DIFFUSE.png (deflated 45%)
  adding: home/yashturkar/Workspace/infinigen/outputs/restaurant_kitchen_1000sqft/spear_export_r256/export_scene.blend/textures/steam_table_red_control_knob_0_DIFFUSE.png (deflated 26%)
  adding: home/yashturkar/Workspace/infinigen/outputs/restaurant_kitchen_1000sqft/spear_export_r256/export_scene.blend/textures/food_storage_bin_0_1_2_NORMAL.png (deflated 82%)
  adding: home/yashturkar/Workspace/infinigen/outputs/restaurant_kitchen_1000sqft/spear_export_r256/export_scene.blend/textures/hood_grease_filter_panel_-2_0_NORMAL.png (deflated 82%)
  adding: home/yashturkar/Workspace/infinigen/outputs/restaurant_kitchen_1000sqft/spear_export_r256/export_scene.blend/textures/window_stainless_frame_top_2_NORMAL.png (deflated 82%)
  adding: home/yashturkar/Workspace/infinigen/outputs/restaurant_kitchen_1000sqft/spear_export_r256/export_scene.blend/textures/wire_shelving_back_post_3_right_METAL.png (deflated 44%)
  adding: home/yashturkar/Workspace/infinigen/outputs/restaurant_kitchen_1000sqft/spear_export_r256/export_scene.blend/textures/hood_grease_filter_panel_-3_35_NORMAL.png (deflated 82%)
  adding: home/yashturkar/Workspace/infinigen/outputs/restaurant_kitchen_1000sqft/spear_export_r256/export_scene.blend/textures/sheet_pan_1_0_92_DIFFUSE.png (deflated 58%)
  adding: home/yashturkar/Workspace/infinigen/outputs/restaurant_kitchen_1000sqft/spear_export_r256/export_scene.blend/textures/maple_cutting_board_-1_45_NORMAL.png (deflated 82%)
  adding: home/yashturkar/Workspace/infinigen/outputs/restaurant_kitchen_1000sqft/spear_export_r256/export_scene.blend/textures/ceiling_linear_fixture_housing_0_NORMAL.png (deflated 82%)
  adding: home/yashturkar/Workspace/infinigen/outputs/restaurant_kitchen_1000sqft/spear_export_r256/export_scene.blend/textures/wall_clipboard_order_ticket_1_DIFFUSE.png (deflated 65%)
  adding: home/yashturkar/Workspace/infinigen/outputs/restaurant_kitchen_1000sqft/spear_export_r256/export_scene.blend/textures/six_burner_range_red_control_knob_1_NORMAL.png (deflated 82%)
  adding: home/yashturkar/Workspace/infinigen/outputs/restaurant_kitchen_1000sqft/spear_export_r256/export_scene.blend/textures/wire_shelf_0_2_NORMAL.png (deflated 82%)
  adding: home/yashturkar/Workspace/infinigen/outputs/restaurant_kitchen_1000sqft/spear_export_r256/export_scene.blend/textures/wire_shelving_back_post_2_right_ROUGHNESS.png (deflated 47%)
  adding: home/yashturkar/Workspace/infinigen/outputs/restaurant_kitchen_1000sqft/spear_export_r256/export_scene.blend/textures/sheet_pan_2_1_22_DIFFUSE.png (deflated 58%)
  adding: home/yashturkar/Workspace/infinigen/outputs/restaurant_kitchen_1000sqft/spear_export_r256/export_scene.blend/textures/rolling_speed_rack_frame_1_METAL.png (deflated 69%)
  adding: home/yashturkar/Workspace/infinigen/outputs/restaurant_kitchen_1000sqft/spear_export_r256/export_scene.blend/textures/floor_grout_line_y_1_6_ROUGHNESS.png (deflated 84%)
  adding: home/yashturkar/Workspace/infinigen/outputs/restaurant_kitchen_1000sqft/spear_export_r256/export_scene.blend/textures/steam_table_red_control_knob_1_ROUGHNESS.png (deflated 22%)
  adding: home/yashturkar/Workspace/infinigen/outputs/restaurant_kitchen_1000sqft/spear_export_r256/export_scene.blend/textures/steam_table_black_cooking_surface_ROUGHNESS.png (deflated 89%)
  adding: home/yashturkar/Workspace/infinigen/outputs/restaurant_kitchen_1000sqft/spear_export_r256/export_scene.blend/textures/convection_oven_stainless_body_NORMAL.png (deflated 4%)
  adding: home/yashturkar/Workspace/infinigen/outputs/restaurant_kitchen_1000sqft/spear_export_r256/export_scene.blend/textures/food_storage_bin_1_3_1_NORMAL.png (deflated 82%)
  adding: home/yashturkar/Workspace/infinigen/outputs/restaurant_kitchen_1000sqft/spear_export_r256/export_scene.blend/textures/floor_grout_line_x_2_4_ROUGHNESS.png (deflated 84%)
  adding: home/yashturkar/Workspace/infinigen/outputs/restaurant_kitchen_1000sqft/spear_export_r256/export_scene.blend/textures/convection_oven_red_control_knob_1_NORMAL.png (deflated 82%)
  adding: home/yashturkar/Workspace/infinigen/outputs/restaurant_kitchen_1000sqft/spear_export_r256/export_scene.blend/textures/east_window_mullion_or_end_1_NORMAL.png (deflated 2%)
  adding: home/yashturkar/Workspace/infinigen/outputs/restaurant_kitchen_1000sqft/spear_export_r256/export_scene.blend/textures/wire_shelf_2_0_NORMAL.png (deflated 82%)
  adding: home/yashturkar/Workspace/infinigen/outputs/restaurant_kitchen_1000sqft/spear_export_r256/export_scene.blend/textures/food_storage_bin_1_3_0_NORMAL.png (deflated 82%)
  adding: home/yashturkar/Workspace/infinigen/outputs/restaurant_kitchen_1000sqft/spear_export_r256/export_scene.blend/textures/flat_top_griddle_red_control_knob_2_ROUGHNESS.png (deflated 22%)
  adding: home/yashturkar/Workspace/infinigen/outputs/restaurant_kitchen_1000sqft/spear_export_r256/export_scene.blend/textures/cookline_black_anti_fatigue_mat_ROUGHNESS.png (deflated 78%)
  adding: home/yashturkar/Workspace/infinigen/outputs/restaurant_kitchen_1000sqft/spear_export_r256/export_scene.blend/textures/east_window_mullion_or_end_2_DIFFUSE.png (deflated 66%)
  adding: home/yashturkar/Workspace/infinigen/outputs/restaurant_kitchen_1000sqft/spear_export_r256/export_scene.blend/textures/secondary_dim_fixture_lens_1_ROUGHNESS.png (deflated 64%)
  adding: home/yashturkar/Workspace/infinigen/outputs/restaurant_kitchen_1000sqft/spear_export_r256/export_scene.blend/textures/undercounter_refrigerated_drawer_1_85_stainless_body_METAL.png (deflated 59%)
  adding: home/yashturkar/Workspace/infinigen/outputs/restaurant_kitchen_1000sqft/spear_export_r256/export_scene.blend/textures/food_storage_bin_3_0_1_ROUGHNESS.png (deflated 54%)
  adding: home/yashturkar/Workspace/infinigen/outputs/restaurant_kitchen_1000sqft/spear_export_r256/export_scene.blend/textures/wire_shelf_3_1_NORMAL.png (deflated 82%)
  adding: home/yashturkar/Workspace/infinigen/outputs/restaurant_kitchen_1000sqft/spear_export_r256/export_scene.blend/textures/food_storage_bin_3_1_1_NORMAL.png (deflated 82%)
  adding: home/yashturkar/Workspace/infinigen/outputs/restaurant_kitchen_1000sqft/spear_export_r256/export_scene.blend/textures/ceiling_linear_fixture_lens_2_NORMAL.png (deflated 82%)
  adding: home/yashturkar/Workspace/infinigen/outputs/restaurant_kitchen_1000sqft/spear_export_r256/export_scene.blend/textures/walk_in_cooler_vertical_handle_NORMAL.png (deflated 82%)
  adding: home/yashturkar/Workspace/infinigen/outputs/restaurant_kitchen_1000sqft/spear_export_r256/export_scene.blend/textures/twin_fryer_bank_red_control_knob_0_NORMAL.png (deflated 82%)
  adding: home/yashturkar/Workspace/infinigen/outputs/restaurant_kitchen_1000sqft/spear_export_r256/export_scene.blend/textures/real_high_kitchen_window_glass_1_DIFFUSE.png (deflated 85%)
  adding: home/yashturkar/Workspace/infinigen/outputs/restaurant_kitchen_1000sqft/spear_export_r256/export_scene.blend/textures/walk_in_cooler_box_stainless_body_DIFFUSE.png (deflated 55%)
  adding: home/yashturkar/Workspace/infinigen/outputs/restaurant_kitchen_1000sqft/spear_export_r256/export_scene.blend/textures/food_storage_bin_2_0_0_DIFFUSE.png (deflated 52%)
  adding: home/yashturkar/Workspace/infinigen/outputs/restaurant_kitchen_1000sqft/spear_export_r256/export_scene.blend/textures/floor_grout_line_y_1_6_NORMAL.png (deflated 82%)
  adding: home/yashturkar/Workspace/infinigen/outputs/restaurant_kitchen_1000sqft/spear_export_r256/export_scene.blend/textures/flat_top_griddle_red_control_knob_0_DIFFUSE.png (deflated 26%)
  adding: home/yashturkar/Workspace/infinigen/outputs/restaurant_kitchen_1000sqft/spear_export_r256/export_scene.blend/textures/food_storage_bin_3_1_0_NORMAL.png (deflated 82%)
  adding: home/yashturkar/Workspace/infinigen/outputs/restaurant_kitchen_1000sqft/spear_export_r256/export_scene.blend/textures/food_storage_bin_1_3_2_NORMAL.png (deflated 82%)
  adding: home/yashturkar/Workspace/infinigen/outputs/restaurant_kitchen_1000sqft/spear_export_r256/export_scene.blend/textures/ceiling_linear_fixture_housing_0_ROUGHNESS.png (deflated 68%)
  adding: home/yashturkar/Workspace/infinigen/outputs/restaurant_kitchen_1000sqft/spear_export_r256/export_scene.blend/textures/wire_shelf_3_3_NORMAL.png (deflated 82%)
  adding: home/yashturkar/Workspace/infinigen/outputs/restaurant_kitchen_1000sqft/spear_export_r256/export_scene.blend/textures/rolling_speed_rack_frame_3_DIFFUSE.png (deflated 68%)
  adding: home/yashturkar/Workspace/infinigen/outputs/restaurant_kitchen_1000sqft/spear_export_r256/export_scene.blend/textures/east_wall_above_real_windows_NORMAL.png (deflated 37%)
  adding: home/yashturkar/Workspace/infinigen/outputs/restaurant_kitchen_1000sqft/spear_export_r256/export_scene.blend/textures/service_alley_slab_visible_through_windows_DIFFUSE.png (deflated 42%)
  adding: home/yashturkar/Workspace/infinigen/outputs/restaurant_kitchen_1000sqft/spear_export_r256/export_scene.blend/textures/rolling_speed_rack_frame_2_NORMAL.png (deflated 82%)
  adding: home/yashturkar/Workspace/infinigen/outputs/restaurant_kitchen_1000sqft/spear_export_r256/export_scene.blend/textures/ceiling_washable_panel_plane_NORMAL.png (deflated 16%)
  adding: home/yashturkar/Workspace/infinigen/outputs/restaurant_kitchen_1000sqft/spear_export_r256/export_scene.blend/textures/food_storage_bin_0_3_1_NORMAL.png (deflated 82%)
  adding: home/yashturkar/Workspace/infinigen/outputs/restaurant_kitchen_1000sqft/spear_export_r256/export_scene.blend/textures/food_storage_bin_2_0_2_NORMAL.png (deflated 82%)
  adding: home/yashturkar/Workspace/infinigen/outputs/restaurant_kitchen_1000sqft/spear_export_r256/export_scene.blend/textures/wire_shelving_back_post_3_left_NORMAL.png (deflated 82%)
  adding: home/yashturkar/Workspace/infinigen/outputs/restaurant_kitchen_1000sqft/spear_export_r256/export_scene.blend/textures/east_window_mullion_or_end_0_DIFFUSE.png (deflated 68%)
  adding: home/yashturkar/Workspace/infinigen/outputs/restaurant_kitchen_1000sqft/spear_export_r256/export_scene.blend/textures/stock_pot_dark_opening_0_METAL.png (deflated 10%)
  adding: home/yashturkar/Workspace/infinigen/outputs/restaurant_kitchen_1000sqft/spear_export_r256/export_scene.blend/textures/secondary_dim_fixture_lens_0_NORMAL.png (deflated 82%)
  adding: home/yashturkar/Workspace/infinigen/outputs/restaurant_kitchen_1000sqft/spear_export_r256/export_scene.blend/textures/stainless_stock_pot_0_DIFFUSE.png (deflated 13%)
  adding: home/yashturkar/Workspace/infinigen/outputs/restaurant_kitchen_1000sqft/spear_export_r256/export_scene.blend/textures/gooseneck_faucet_1_65_NORMAL.png (deflated 82%)
  adding: home/yashturkar/Workspace/infinigen/outputs/restaurant_kitchen_1000sqft/spear_export_r256/export_scene.blend/textures/plated_food_placeholder_2_05_NORMAL.png (deflated 82%)
  adding: home/yashturkar/Workspace/infinigen/outputs/restaurant_kitchen_1000sqft/spear_export_r256/export_scene.blend/textures/stainless_stock_pot_1_DIFFUSE.png (deflated 13%)
  adding: home/yashturkar/Workspace/infinigen/outputs/restaurant_kitchen_1000sqft/spear_export_r256/export_scene.blend/textures/hood_grease_filter_panel_-3_35_ROUGHNESS.png (deflated 73%)
  adding: home/yashturkar/Workspace/infinigen/outputs/restaurant_kitchen_1000sqft/spear_export_r256/export_scene.blend/textures/wire_shelf_0_1_DIFFUSE.png (deflated 72%)
  adding: home/yashturkar/Workspace/infinigen/outputs/restaurant_kitchen_1000sqft/spear_export_r256/export_scene.blend/textures/twin_fryer_bank_black_cooking_surface_METAL.png (deflated 89%)
  adding: home/yashturkar/Workspace/infinigen/outputs/restaurant_kitchen_1000sqft/spear_export_r256/export_scene.blend/textures/north_prep_wall_with_service_door_ROUGHNESS.png (deflated 52%)
  adding: home/yashturkar/Workspace/infinigen/outputs/restaurant_kitchen_1000sqft/spear_export_r256/export_scene.blend/textures/floor_grout_line_x_-2_4_ROUGHNESS.png (deflated 84%)
  adding: home/yashturkar/Workspace/infinigen/outputs/restaurant_kitchen_1000sqft/spear_export_r256/export_scene.blend/textures/floor_grout_line_x_-4_0_NORMAL.png (deflated 82%)
  adding: home/yashturkar/Workspace/infinigen/outputs/restaurant_kitchen_1000sqft/spear_export_r256/export_scene.blend/textures/wire_shelf_0_0_METAL.png (deflated 72%)
  adding: home/yashturkar/Workspace/infinigen/outputs/restaurant_kitchen_1000sqft/spear_export_r256/export_scene.blend/textures/ceiling_linear_fixture_housing_1_METAL.png (deflated 65%)
  adding: home/yashturkar/Workspace/infinigen/outputs/restaurant_kitchen_1000sqft/spear_export_r256/export_scene.blend/textures/east_wall_above_real_windows_DIFFUSE.png (deflated 80%)
  adding: home/yashturkar/Workspace/infinigen/outputs/restaurant_kitchen_1000sqft/spear_export_r256/export_scene.blend/textures/food_storage_bin_1_1_1_ROUGHNESS.png (deflated 57%)
  adding: home/yashturkar/Workspace/infinigen/outputs/restaurant_kitchen_1000sqft/spear_export_r256/export_scene.blend/textures/food_storage_bin_2_1_2_ROUGHNESS.png (deflated 57%)
  adding: home/yashturkar/Workspace/infinigen/outputs/restaurant_kitchen_1000sqft/spear_export_r256/export_scene.blend/textures/real_high_kitchen_window_glass_2_NORMAL.png (deflated 82%)
  adding: home/yashturkar/Workspace/infinigen/outputs/restaurant_kitchen_1000sqft/spear_export_r256/export_scene.blend/textures/wire_shelving_back_post_0_right_ROUGHNESS.png (deflated 47%)
  adding: home/yashturkar/Workspace/infinigen/outputs/restaurant_kitchen_1000sqft/spear_export_r256/export_scene.blend/textures/wire_shelf_0_0_DIFFUSE.png (deflated 72%)
  adding: home/yashturkar/Workspace/infinigen/outputs/restaurant_kitchen_1000sqft/spear_export_r256/export_scene.blend/textures/ceiling_washable_panel_plane_DIFFUSE.png (deflated 58%)
  adding: home/yashturkar/Workspace/infinigen/outputs/restaurant_kitchen_1000sqft/spear_export_r256/export_scene.blend/textures/central_prep_island_left_round_leg_0_9_-0_3_ROUGHNESS.png (deflated 36%)
  adding: home/yashturkar/Workspace/infinigen/outputs/restaurant_kitchen_1000sqft/spear_export_r256/export_scene.blend/textures/service_pass_heat_lamp_lens_ROUGHNESS.png (deflated 35%)
  adding: home/yashturkar/Workspace/infinigen/outputs/restaurant_kitchen_1000sqft/spear_export_r256/export_scene.blend/textures/plated_food_placeholder_0_65_ROUGHNESS.png (deflated 63%)
  adding: home/yashturkar/Workspace/infinigen/outputs/restaurant_kitchen_1000sqft/spear_export_r256/export_scene.blend/textures/east_wall_below_real_windows_DIFFUSE.png (deflated 70%)
  adding: home/yashturkar/Workspace/infinigen/outputs/restaurant_kitchen_1000sqft/spear_export_r256/export_scene.blend/textures/stainless_stock_pot_0_NORMAL.png (deflated 82%)
  adding: home/yashturkar/Workspace/infinigen/outputs/restaurant_kitchen_1000sqft/spear_export_r256/export_scene.blend/textures/food_storage_bin_0_0_1_ROUGHNESS.png (deflated 57%)
  adding: home/yashturkar/Workspace/infinigen/outputs/restaurant_kitchen_1000sqft/spear_export_r256/export_scene.blend/textures/window_stainless_frame_bottom_3_NORMAL.png (deflated 82%)
  adding: home/yashturkar/Workspace/infinigen/outputs/restaurant_kitchen_1000sqft/spear_export_r256/export_scene.blend/textures/food_storage_bin_3_2_0_NORMAL.png (deflated 82%)
  adding: home/yashturkar/Workspace/infinigen/outputs/restaurant_kitchen_1000sqft/spear_export_r256/export_scene.blend/textures/food_storage_bin_0_1_1_ROUGHNESS.png (deflated 54%)
  adding: home/yashturkar/Workspace/infinigen/outputs/restaurant_kitchen_1000sqft/spear_export_r256/export_scene.blend/textures/wire_shelf_3_3_ROUGHNESS.png (deflated 68%)
  adding: home/yashturkar/Workspace/infinigen/outputs/restaurant_kitchen_1000sqft/spear_export_r256/export_scene.blend/textures/sheet_pan_0_0_62_DIFFUSE.png (deflated 58%)
  adding: home/yashturkar/Workspace/infinigen/outputs/restaurant_kitchen_1000sqft/spear_export_r256/export_scene.blend/textures/food_storage_bin_2_1_0_NORMAL.png (deflated 82%)
  adding: home/yashturkar/Workspace/infinigen/outputs/restaurant_kitchen_1000sqft/spear_export_r256/export_scene.blend/textures/food_storage_bin_0_3_0_NORMAL.png (deflated 82%)
  adding: home/yashturkar/Workspace/infinigen/outputs/restaurant_kitchen_1000sqft/spear_export_r256/export_scene.blend/textures/ceiling_linear_fixture_lens_0_ROUGHNESS.png (deflated 76%)
  adding: home/yashturkar/Workspace/infinigen/outputs/restaurant_kitchen_1000sqft/spear_export_r256/export_scene.blend/textures/floor_grout_line_x_-3_2_ROUGHNESS.png (deflated 84%)
  adding: home/yashturkar/Workspace/infinigen/outputs/restaurant_kitchen_1000sqft/spear_export_r256/export_scene.blend/textures/hood_grease_filter_panel_0_7_METAL.png (deflated 72%)
  adding: home/yashturkar/Workspace/infinigen/outputs/restaurant_kitchen_1000sqft/spear_export_r256/export_scene.blend/textures/sheet_pan_3_1_22_DIFFUSE.png (deflated 58%)
  adding: home/yashturkar/Workspace/infinigen/outputs/restaurant_kitchen_1000sqft/spear_export_r256/export_scene.blend/textures/maple_cutting_board_1_38_ROUGHNESS.png (deflated 60%)
  adding: home/yashturkar/Workspace/infinigen/outputs/restaurant_kitchen_1000sqft/spear_export_r256/export_scene.blend/textures/east_window_mullion_or_end_4_NORMAL.png (deflated 5%)
  adding: home/yashturkar/Workspace/infinigen/outputs/restaurant_kitchen_1000sqft/spear_export_r256/export_scene.blend/textures/central_prep_island_left_stainless_top_NORMAL.png (deflated 1%)
  adding: home/yashturkar/Workspace/infinigen/outputs/restaurant_kitchen_1000sqft/spear_export_r256/export_scene.blend/textures/steam_table_red_control_knob_2_DIFFUSE.png (deflated 26%)
  adding: home/yashturkar/Workspace/infinigen/outputs/restaurant_kitchen_1000sqft/spear_export_r256/export_scene.blend/textures/window_stainless_frame_top_2_METAL.png (deflated 57%)
  adding: home/yashturkar/Workspace/infinigen/outputs/restaurant_kitchen_1000sqft/spear_export_r256/export_scene.blend/textures/six_burner_range_stainless_body_ROUGHNESS.png (deflated 69%)
  adding: home/yashturkar/Workspace/infinigen/outputs/restaurant_kitchen_1000sqft/spear_export_r256/export_scene.blend/textures/stainless_stock_pot_2_DIFFUSE.png (deflated 13%)
  adding: home/yashturkar/Workspace/infinigen/outputs/restaurant_kitchen_1000sqft/spear_export_r256/export_scene.blend/textures/food_storage_bin_2_3_0_ROUGHNESS.png (deflated 57%)
  adding: home/yashturkar/Workspace/infinigen/outputs/restaurant_kitchen_1000sqft/spear_export_r256/export_scene.blend/textures/convection_oven_black_cooking_surface_DIFFUSE.png (deflated 88%)
  adding: home/yashturkar/Workspace/infinigen/outputs/restaurant_kitchen_1000sqft/spear_export_r256/export_scene.blend/textures/food_storage_bin_0_0_2_DIFFUSE.png (deflated 52%)
  adding: home/yashturkar/Workspace/infinigen/outputs/restaurant_kitchen_1000sqft/spear_export_r256/export_scene.blend/textures/hood_grease_filter_panel_0_7_DIFFUSE.png (deflated 65%)
  adding: home/yashturkar/Workspace/infinigen/outputs/restaurant_kitchen_1000sqft/spear_export_r256/export_scene.blend/textures/walk_in_cooler_vertical_handle_ROUGHNESS.png (deflated 27%)
  adding: home/yashturkar/Workspace/infinigen/outputs/restaurant_kitchen_1000sqft/spear_export_r256/export_scene.blend/textures/central_prep_island_right_round_leg_-0_9_-0_3_NORMAL.png (deflated 82%)
  adding: home/yashturkar/Workspace/infinigen/outputs/restaurant_kitchen_1000sqft/spear_export_r256/export_scene.blend/textures/rolling_speed_rack_frame_0_NORMAL.png (deflated 82%)
  adding: home/yashturkar/Workspace/infinigen/outputs/restaurant_kitchen_1000sqft/spear_export_r256/export_scene.blend/textures/sheet_pan_2_0_92_ROUGHNESS.png (deflated 58%)
  adding: home/yashturkar/Workspace/infinigen/outputs/restaurant_kitchen_1000sqft/spear_export_r256/export_scene.blend/textures/food_storage_bin_1_0_1_ROUGHNESS.png (deflated 54%)
  adding: home/yashturkar/Workspace/infinigen/outputs/restaurant_kitchen_1000sqft/spear_export_r256/export_scene.blend/textures/food_storage_bin_3_3_1_ROUGHNESS.png (deflated 57%)
  adding: home/yashturkar/Workspace/infinigen/outputs/restaurant_kitchen_1000sqft/spear_export_r256/export_scene.blend/textures/maple_cutting_board_-0_65_DIFFUSE.png (deflated 59%)
  adding: home/yashturkar/Workspace/infinigen/outputs/restaurant_kitchen_1000sqft/spear_export_r256/export_scene.blend/textures/food_storage_bin_3_3_0_DIFFUSE.png (deflated 52%)
  adding: home/yashturkar/Workspace/infinigen/outputs/restaurant_kitchen_1000sqft/spear_export_r256/export_scene.blend/textures/floor_grout_line_x_-4_0_DIFFUSE.png (deflated 84%)
  adding: home/yashturkar/Workspace/infinigen/outputs/restaurant_kitchen_1000sqft/spear_export_r256/export_scene.blend/textures/food_storage_bin_2_2_2_DIFFUSE.png (deflated 52%)
  adding: home/yashturkar/Workspace/infinigen/outputs/restaurant_kitchen_1000sqft/spear_export_r256/export_scene.blend/textures/continuous_stainless_exhaust_hood_ROUGHNESS.png (deflated 62%)
  adding: home/yashturkar/Workspace/infinigen/outputs/restaurant_kitchen_1000sqft/spear_export_r256/export_scene.blend/textures/convection_oven_red_control_knob_0_DIFFUSE.png (deflated 26%)
  adding: home/yashturkar/Workspace/infinigen/outputs/restaurant_kitchen_1000sqft/spear_export_r256/export_scene.blend/textures/wire_shelf_3_0_DIFFUSE.png (deflated 72%)
  adding: home/yashturkar/Workspace/infinigen/outputs/restaurant_kitchen_1000sqft/spear_export_r256/export_scene.blend/textures/window_stainless_frame_bottom_1_ROUGHNESS.png (deflated 61%)
  adding: home/yashturkar/Workspace/infinigen/outputs/restaurant_kitchen_1000sqft/spear_export_r256/export_scene.blend/textures/sheet_pan_3_0_32_METAL.png (deflated 61%)
  adding: home/yashturkar/Workspace/infinigen/outputs/restaurant_kitchen_1000sqft/spear_export_r256/export_scene.blend/textures/sheet_pan_3_0_62_DIFFUSE.png (deflated 58%)
  adding: home/yashturkar/Workspace/infinigen/outputs/restaurant_kitchen_1000sqft/spear_export_r256/export_scene.blend/textures/wire_shelving_back_post_2_right_METAL.png (deflated 44%)
  adding: home/yashturkar/Workspace/infinigen/outputs/restaurant_kitchen_1000sqft/spear_export_r256/export_scene.blend/textures/six_burner_range_red_control_knob_1_ROUGHNESS.png (deflated 22%)
  adding: home/yashturkar/Workspace/infinigen/outputs/restaurant_kitchen_1000sqft/spear_export_r256/export_scene.blend/textures/wire_shelf_1_0_DIFFUSE.png (deflated 72%)
  adding: home/yashturkar/Workspace/infinigen/outputs/restaurant_kitchen_1000sqft/spear_export_r256/export_scene.blend/textures/food_storage_bin_1_0_1_DIFFUSE.png (deflated 52%)
  adding: home/yashturkar/Workspace/infinigen/outputs/restaurant_kitchen_1000sqft/spear_export_r256/export_scene.blend/textures/wire_shelving_back_post_3_left_METAL.png (deflated 44%)
  adding: home/yashturkar/Workspace/infinigen/outputs/restaurant_kitchen_1000sqft/spear_export_r256/export_scene.blend/textures/food_storage_bin_1_1_0_DIFFUSE.png (deflated 52%)
  adding: home/yashturkar/Workspace/infinigen/outputs/restaurant_kitchen_1000sqft/spear_export_r256/export_scene.blend/textures/real_high_kitchen_window_glass_0_DIFFUSE.png (deflated 85%)
  adding: home/yashturkar/Workspace/infinigen/outputs/restaurant_kitchen_1000sqft/spear_export_r256/export_scene.blend/textures/steam_table_black_cooking_surface_NORMAL.png (deflated 82%)
  adding: home/yashturkar/Workspace/infinigen/outputs/restaurant_kitchen_1000sqft/spear_export_r256/export_scene.blend/textures/central_prep_island_right_round_leg_-0_9_0_3_METAL.png (deflated 32%)
  adding: home/yashturkar/Workspace/infinigen/outputs/restaurant_kitchen_1000sqft/spear_export_r256/export_scene.blend/textures/east_window_mullion_or_end_3_ROUGHNESS.png (deflated 67%)
  adding: home/yashturkar/Workspace/infinigen/outputs/restaurant_kitchen_1000sqft/spear_export_r256/export_scene.blend/textures/food_storage_bin_3_0_2_ROUGHNESS.png (deflated 57%)
  adding: home/yashturkar/Workspace/infinigen/outputs/restaurant_kitchen_1000sqft/spear_export_r256/export_scene.blend/textures/sheet_pan_3_0_92_METAL.png (deflated 61%)
  adding: home/yashturkar/Workspace/infinigen/outputs/restaurant_kitchen_1000sqft/spear_export_r256/export_scene.blend/textures/hood_grease_filter_panel_1_95_ROUGHNESS.png (deflated 73%)
  adding: home/yashturkar/Workspace/infinigen/outputs/restaurant_kitchen_1000sqft/spear_export_r256/export_scene.blend/textures/real_high_kitchen_window_glass_2_ROUGHNESS.png (deflated 85%)
  adding: home/yashturkar/Workspace/infinigen/outputs/restaurant_kitchen_1000sqft/spear_export_r256/export_scene.blend/textures/sheet_pan_0_0_32_NORMAL.png (deflated 82%)
  adding: home/yashturkar/Workspace/infinigen/outputs/restaurant_kitchen_1000sqft/spear_export_r256/export_scene.blend/textures/floor_grout_line_y_0_8_NORMAL.png (deflated 82%)
  adding: home/yashturkar/Workspace/infinigen/outputs/restaurant_kitchen_1000sqft/spear_export_r256/export_scene.blend/textures/wire_shelf_2_3_ROUGHNESS.png (deflated 68%)
  adding: home/yashturkar/Workspace/infinigen/outputs/restaurant_kitchen_1000sqft/spear_export_r256/export_scene.blend/textures/sheet_pan_2_0_62_NORMAL.png (deflated 82%)
  adding: home/yashturkar/Workspace/infinigen/outputs/restaurant_kitchen_1000sqft/spear_export_r256/export_scene.blend/textures/gooseneck_faucet_2_35_ROUGHNESS.png (deflated 24%)
  adding: home/yashturkar/Workspace/infinigen/outputs/restaurant_kitchen_1000sqft/spear_export_r256/export_scene.blend/textures/sheet_pan_1_0_32_METAL.png (deflated 61%)
  adding: home/yashturkar/Workspace/infinigen/outputs/restaurant_kitchen_1000sqft/spear_export_r256/export_scene.blend/textures/stainless_stock_pot_1_ROUGHNESS.png (deflated 14%)
  adding: home/yashturkar/Workspace/infinigen/outputs/restaurant_kitchen_1000sqft/spear_export_r256/export_scene.blend/textures/floor_grout_line_y_-2_4_DIFFUSE.png (deflated 84%)
  adding: home/yashturkar/Workspace/infinigen/outputs/restaurant_kitchen_1000sqft/spear_export_r256/export_scene.blend/textures/ceiling_linear_fixture_housing_1_ROUGHNESS.png (deflated 68%)
  adding: home/yashturkar/Workspace/infinigen/outputs/restaurant_kitchen_1000sqft/spear_export_r256/export_scene.blend/textures/twin_fryer_bank_red_control_knob_1_ROUGHNESS.png (deflated 22%)
  adding: home/yashturkar/Workspace/infinigen/outputs/restaurant_kitchen_1000sqft/spear_export_r256/export_scene.blend/textures/floor_grout_line_y_-3_2_NORMAL.png (deflated 82%)
  adding: home/yashturkar/Workspace/infinigen/outputs/restaurant_kitchen_1000sqft/spear_export_r256/export_scene.blend/textures/convection_oven_stainless_body_METAL.png (deflated 67%)
  adding: home/yashturkar/Workspace/infinigen/outputs/restaurant_kitchen_1000sqft/spear_export_r256/export_scene.blend/textures/food_storage_bin_2_1_0_ROUGHNESS.png (deflated 57%)
  adding: home/yashturkar/Workspace/infinigen/outputs/restaurant_kitchen_1000sqft/spear_export_r256/export_scene.blend/textures/maple_cutting_board_0_55_DIFFUSE.png (deflated 59%)
  adding: home/yashturkar/Workspace/infinigen/outputs/restaurant_kitchen_1000sqft/spear_export_r256/export_scene.blend/textures/wire_shelving_back_post_0_left_METAL.png (deflated 44%)
  adding: home/yashturkar/Workspace/infinigen/outputs/restaurant_kitchen_1000sqft/spear_export_r256/export_scene.blend/textures/food_storage_bin_3_0_1_DIFFUSE.png (deflated 52%)
  adding: home/yashturkar/Workspace/infinigen/outputs/restaurant_kitchen_1000sqft/spear_export_r256/export_scene.blend/textures/sheet_pan_2_0_92_DIFFUSE.png (deflated 58%)
  adding: home/yashturkar/Workspace/infinigen/outputs/restaurant_kitchen_1000sqft/spear_export_r256/export_scene.blend/textures/sheet_pan_1_0_32_ROUGHNESS.png (deflated 58%)
  adding: home/yashturkar/Workspace/infinigen/outputs/restaurant_kitchen_1000sqft/spear_export_r256/export_scene.blend/textures/gooseneck_faucet_0_95_ROUGHNESS.png (deflated 24%)
  adding: home/yashturkar/Workspace/infinigen/outputs/restaurant_kitchen_1000sqft/spear_export_r256/export_scene.blend/textures/floor_grout_line_y_-4_0_NORMAL.png (deflated 82%)
  adding: home/yashturkar/Workspace/infinigen/outputs/restaurant_kitchen_1000sqft/spear_export_r256/export_scene.blend/textures/food_storage_bin_3_1_2_NORMAL.png (deflated 82%)
  adding: home/yashturkar/Workspace/infinigen/outputs/restaurant_kitchen_1000sqft/spear_export_r256/export_scene.blend/textures/rolling_speed_rack_frame_1_DIFFUSE.png (deflated 68%)
  adding: home/yashturkar/Workspace/infinigen/outputs/restaurant_kitchen_1000sqft/spear_export_r256/export_scene.blend/textures/wire_shelf_3_2_DIFFUSE.png (deflated 72%)
  adding: home/yashturkar/Workspace/infinigen/outputs/restaurant_kitchen_1000sqft/spear_export_r256/export_scene.blend/textures/central_prep_island_right_undershelf_ROUGHNESS.png (deflated 69%)
  adding: home/yashturkar/Workspace/infinigen/outputs/restaurant_kitchen_1000sqft/spear_export_r256/export_scene.blend/textures/wire_shelving_back_post_0_left_NORMAL.png (deflated 82%)
  adding: home/yashturkar/Workspace/infinigen/outputs/restaurant_kitchen_1000sqft/spear_export_r256/export_scene.blend/textures/wire_shelf_3_2_ROUGHNESS.png (deflated 68%)
  adding: home/yashturkar/Workspace/infinigen/outputs/restaurant_kitchen_1000sqft/spear_export_r256/export_scene.blend/textures/sheet_pan_3_0_62_METAL.png (deflated 61%)
  adding: home/yashturkar/Workspace/infinigen/outputs/restaurant_kitchen_1000sqft/spear_export_r256/export_scene.blend/textures/floor_grout_line_y_-4_0_DIFFUSE.png (deflated 84%)
  adding: home/yashturkar/Workspace/infinigen/outputs/restaurant_kitchen_1000sqft/spear_export_r256/export_scene.blend/textures/wire_shelf_0_0_ROUGHNESS.png (deflated 68%)
  adding: home/yashturkar/Workspace/infinigen/outputs/restaurant_kitchen_1000sqft/spear_export_r256/export_scene.blend/textures/food_storage_bin_3_2_1_NORMAL.png (deflated 82%)
  adding: home/yashturkar/Workspace/infinigen/outputs/restaurant_kitchen_1000sqft/spear_export_r256/export_scene.blend/textures/east_wall_below_real_windows_ROUGHNESS.png (deflated 68%)
  adding: home/yashturkar/Workspace/infinigen/outputs/restaurant_kitchen_1000sqft/spear_export_r256/export_scene.blend/textures/east_wall_below_real_windows_NORMAL.png (deflated 50%)
  adding: home/yashturkar/Workspace/infinigen/outputs/restaurant_kitchen_1000sqft/spear_export_r256/export_scene.blend/textures/distant_service_alley_wall_NORMAL.png (deflated 11%)
  adding: home/yashturkar/Workspace/infinigen/outputs/restaurant_kitchen_1000sqft/spear_export_r256/export_scene.blend/textures/sheet_pan_0_1_22_NORMAL.png (deflated 82%)
  adding: home/yashturkar/Workspace/infinigen/outputs/restaurant_kitchen_1000sqft/spear_export_r256/export_scene.blend/textures/food_storage_bin_0_2_2_NORMAL.png (deflated 82%)
  adding: home/yashturkar/Workspace/infinigen/outputs/restaurant_kitchen_1000sqft/spear_export_r256/export_scene.blend/textures/floor_grout_line_x_-1_6_NORMAL.png (deflated 82%)
  adding: home/yashturkar/Workspace/infinigen/outputs/restaurant_kitchen_1000sqft/spear_export_r256/export_scene.blend/textures/stainless_stock_pot_3_ROUGHNESS.png (deflated 14%)
  adding: home/yashturkar/Workspace/infinigen/outputs/restaurant_kitchen_1000sqft/spear_export_r256/export_scene.blend/textures/dishwasher_pull_handle_METAL.png (deflated 66%)
  adding: home/yashturkar/Workspace/infinigen/outputs/restaurant_kitchen_1000sqft/spear_export_r256/export_scene.blend/textures/twin_fryer_bank_black_cooking_surface_ROUGHNESS.png (deflated 89%)
  adding: home/yashturkar/Workspace/infinigen/outputs/restaurant_kitchen_1000sqft/spear_export_r256/export_scene.blend/textures/wire_shelf_2_1_ROUGHNESS.png (deflated 68%)
  adding: home/yashturkar/Workspace/infinigen/outputs/restaurant_kitchen_1000sqft/spear_export_r256/export_scene.blend/textures/window_stainless_frame_top_3_ROUGHNESS.png (deflated 61%)
  adding: home/yashturkar/Workspace/infinigen/outputs/restaurant_kitchen_1000sqft/spear_export_r256/export_scene.blend/textures/six_burner_range_stainless_body_NORMAL.png (deflated 4%)
  adding: home/yashturkar/Workspace/infinigen/outputs/restaurant_kitchen_1000sqft/spear_export_r256/export_scene.blend/textures/ceiling_linear_fixture_housing_2_ROUGHNESS.png (deflated 68%)
  adding: home/yashturkar/Workspace/infinigen/outputs/restaurant_kitchen_1000sqft/spear_export_r256/export_scene.blend/textures/wire_shelf_1_3_DIFFUSE.png (deflated 72%)
  adding: home/yashturkar/Workspace/infinigen/outputs/restaurant_kitchen_1000sqft/spear_export_r256/export_scene.blend/textures/food_storage_bin_0_0_2_NORMAL.png (deflated 82%)
  adding: home/yashturkar/Workspace/infinigen/outputs/restaurant_kitchen_1000sqft/spear_export_r256/export_scene.blend/textures/maple_cutting_board_-1_45_ROUGHNESS.png (deflated 60%)
  adding: home/yashturkar/Workspace/infinigen/outputs/restaurant_kitchen_1000sqft/spear_export_r256/export_scene.blend/textures/continuous_stainless_exhaust_hood_NORMAL.png (deflated 82%)
  adding: home/yashturkar/Workspace/infinigen/outputs/restaurant_kitchen_1000sqft/spear_export_r256/export_scene.blend/textures/food_storage_bin_1_3_1_DIFFUSE.png (deflated 52%)
  adding: home/yashturkar/Workspace/infinigen/outputs/restaurant_kitchen_1000sqft/spear_export_r256/export_scene.blend/textures/hood_grease_filter_panel_1_95_METAL.png (deflated 72%)
  adding: home/yashturkar/Workspace/infinigen/outputs/restaurant_kitchen_1000sqft/spear_export_r256/export_scene.blend/textures/sink_basin_dark_insert_1_65_ROUGHNESS.png (deflated 69%)
  adding: home/yashturkar/Workspace/infinigen/outputs/restaurant_kitchen_1000sqft/spear_export_r256/export_scene.blend/textures/six_burner_range_stainless_body_METAL.png (deflated 67%)
  adding: home/yashturkar/Workspace/infinigen/outputs/restaurant_kitchen_1000sqft/spear_export_r256/export_scene.blend/textures/gooseneck_faucet_1_65_ROUGHNESS.png (deflated 24%)
  adding: home/yashturkar/Workspace/infinigen/outputs/restaurant_kitchen_1000sqft/spear_export_r256/export_scene.blend/textures/food_storage_bin_2_2_0_DIFFUSE.png (deflated 52%)
  adding: home/yashturkar/Workspace/infinigen/outputs/restaurant_kitchen_1000sqft/spear_export_r256/export_scene.blend/textures/sheet_pan_3_0_92_NORMAL.png (deflated 82%)
  adding: home/yashturkar/Workspace/infinigen/outputs/restaurant_kitchen_1000sqft/spear_export_r256/export_scene.blend/textures/floor_grout_line_x_0_8_DIFFUSE.png (deflated 84%)
  adding: home/yashturkar/Workspace/infinigen/outputs/restaurant_kitchen_1000sqft/spear_export_r256/export_scene.blend/textures/wire_shelf_2_2_NORMAL.png (deflated 82%)
  adding: home/yashturkar/Workspace/infinigen/outputs/restaurant_kitchen_1000sqft/spear_export_r256/export_scene.blend/textures/window_stainless_frame_bottom_1_DIFFUSE.png (deflated 61%)
  adding: home/yashturkar/Workspace/infinigen/outputs/restaurant_kitchen_1000sqft/spear_export_r256/export_scene.blend/textures/hood_grease_filter_panel_1_95_DIFFUSE.png (deflated 65%)
  adding: home/yashturkar/Workspace/infinigen/outputs/restaurant_kitchen_1000sqft/spear_export_r256/export_scene.blend/textures/floor_grout_line_y_1_6_DIFFUSE.png (deflated 84%)
  adding: home/yashturkar/Workspace/infinigen/outputs/restaurant_kitchen_1000sqft/spear_export_r256/export_scene.blend/textures/food_storage_bin_0_3_0_ROUGHNESS.png (deflated 57%)
  adding: home/yashturkar/Workspace/infinigen/outputs/restaurant_kitchen_1000sqft/spear_export_r256/export_scene.blend/textures/central_prep_island_right_round_leg_0_9_-0_3_METAL.png (deflated 32%)
  adding: home/yashturkar/Workspace/infinigen/outputs/restaurant_kitchen_1000sqft/spear_export_r256/export_scene.blend/textures/food_storage_bin_2_0_2_ROUGHNESS.png (deflated 54%)
  adding: home/yashturkar/Workspace/infinigen/outputs/restaurant_kitchen_1000sqft/spear_export_r256/export_scene.blend/textures/food_storage_bin_0_1_0_DIFFUSE.png (deflated 52%)
  adding: home/yashturkar/Workspace/infinigen/outputs/restaurant_kitchen_1000sqft/spear_export_r256/export_scene.blend/textures/sink_basin_dark_insert_0_95_METAL.png (deflated 69%)
  adding: home/yashturkar/Workspace/infinigen/outputs/restaurant_kitchen_1000sqft/spear_export_r256/export_scene.blend/textures/food_storage_bin_1_3_2_ROUGHNESS.png (deflated 54%)
  adding: home/yashturkar/Workspace/infinigen/outputs/restaurant_kitchen_1000sqft/spear_export_r256/export_scene.blend/textures/walk_in_cooler_door_METAL.png (deflated 67%)
  adding: home/yashturkar/Workspace/infinigen/outputs/restaurant_kitchen_1000sqft/spear_export_r256/export_scene.blend/textures/hood_grease_filter_panel_-2_0_DIFFUSE.png (deflated 65%)
  adding: home/yashturkar/Workspace/infinigen/outputs/restaurant_kitchen_1000sqft/spear_export_r256/export_scene.blend/textures/commercial_dishwasher_stainless_body_NORMAL.png (deflated 3%)
  adding: home/yashturkar/Workspace/infinigen/outputs/restaurant_kitchen_1000sqft/spear_export_r256/export_scene.blend/textures/east_window_mullion_or_end_1_ROUGHNESS.png (deflated 67%)
  adding: home/yashturkar/Workspace/infinigen/outputs/restaurant_kitchen_1000sqft/spear_export_r256/export_scene.blend/textures/ceiling_linear_fixture_housing_1_NORMAL.png (deflated 82%)
  adding: home/yashturkar/Workspace/infinigen/outputs/restaurant_kitchen_1000sqft/spear_export_r256/export_scene.blend/textures/food_storage_bin_1_3_0_DIFFUSE.png (deflated 52%)
  adding: home/yashturkar/Workspace/infinigen/outputs/restaurant_kitchen_1000sqft/spear_export_r256/export_scene.blend/textures/convection_oven_stainless_body_ROUGHNESS.png (deflated 69%)
  adding: home/yashturkar/Workspace/infinigen/outputs/restaurant_kitchen_1000sqft/spear_export_r256/export_scene.blend/textures/food_storage_bin_3_1_1_ROUGHNESS.png (deflated 57%)
  adding: home/yashturkar/Workspace/infinigen/outputs/restaurant_kitchen_1000sqft/spear_export_r256/export_scene.blend/textures/service_alley_slab_visible_through_windows_NORMAL.png (deflated 11%)
  adding: home/yashturkar/Workspace/infinigen/outputs/restaurant_kitchen_1000sqft/spear_export_r256/export_scene.blend/textures/food_storage_bin_2_0_1_ROUGHNESS.png (deflated 57%)
  adding: home/yashturkar/Workspace/infinigen/outputs/restaurant_kitchen_1000sqft/spear_export_r256/export_scene.blend/textures/floor_grout_line_x_-0_8_DIFFUSE.png (deflated 84%)
  adding: home/yashturkar/Workspace/infinigen/outputs/restaurant_kitchen_1000sqft/spear_export_r256/export_scene.blend/textures/food_storage_bin_2_0_1_DIFFUSE.png (deflated 52%)
  adding: home/yashturkar/Workspace/infinigen/outputs/restaurant_kitchen_1000sqft/spear_export_r256/export_scene.blend/textures/flat_top_griddle_red_control_knob_2_NORMAL.png (deflated 82%)
  adding: home/yashturkar/Workspace/infinigen/outputs/restaurant_kitchen_1000sqft/spear_export_r256/export_scene.blend/textures/stock_pot_dark_opening_2_ROUGHNESS.png (deflated 7%)
  adding: home/yashturkar/Workspace/infinigen/outputs/restaurant_kitchen_1000sqft/spear_export_r256/export_scene.blend/textures/window_stainless_frame_top_3_METAL.png (deflated 57%)
  adding: home/yashturkar/Workspace/infinigen/outputs/restaurant_kitchen_1000sqft/spear_export_r256/export_scene.blend/textures/stock_pot_dark_opening_2_NORMAL.png (deflated 82%)
  adding: home/yashturkar/Workspace/infinigen/outputs/restaurant_kitchen_1000sqft/spear_export_r256/export_scene.blend/textures/sheet_pan_2_0_62_ROUGHNESS.png (deflated 58%)
  adding: home/yashturkar/Workspace/infinigen/outputs/restaurant_kitchen_1000sqft/spear_export_r256/export_scene.blend/textures/rolling_speed_rack_frame_2_ROUGHNESS.png (deflated 69%)
  adding: home/yashturkar/Workspace/infinigen/outputs/restaurant_kitchen_1000sqft/spear_export_r256/export_scene.blend/textures/food_storage_bin_3_2_2_NORMAL.png (deflated 82%)
  adding: home/yashturkar/Workspace/infinigen/outputs/restaurant_kitchen_1000sqft/spear_export_r256/export_scene.blend/textures/rolling_speed_rack_frame_2_DIFFUSE.png (deflated 68%)
  adding: home/yashturkar/Workspace/infinigen/outputs/restaurant_kitchen_1000sqft/spear_export_r256/export_scene.blend/textures/window_stainless_frame_top_0_ROUGHNESS.png (deflated 61%)
  adding: home/yashturkar/Workspace/infinigen/outputs/restaurant_kitchen_1000sqft/spear_export_r256/export_scene.blend/textures/food_storage_bin_0_1_0_NORMAL.png (deflated 82%)
  adding: home/yashturkar/Workspace/infinigen/outputs/restaurant_kitchen_1000sqft/spear_export_r256/export_scene.blend/textures/rear_receiving_door_metal_panel_DIFFUSE.png (deflated 77%)
  adding: home/yashturkar/Workspace/infinigen/outputs/restaurant_kitchen_1000sqft/spear_export_r256/export_scene.blend/textures/rolling_speed_rack_frame_3_ROUGHNESS.png (deflated 69%)
  adding: home/yashturkar/Workspace/infinigen/outputs/restaurant_kitchen_1000sqft/spear_export_r256/export_scene.blend/textures/sheet_pan_2_0_92_METAL.png (deflated 61%)
  adding: home/yashturkar/Workspace/infinigen/outputs/restaurant_kitchen_1000sqft/spear_export_r256/export_scene.blend/textures/secondary_dim_fixture_lens_0_ROUGHNESS.png (deflated 64%)
  adding: home/yashturkar/Workspace/infinigen/outputs/restaurant_kitchen_1000sqft/spear_export_r256/export_scene.blend/textures/sheet_pan_0_0_62_ROUGHNESS.png (deflated 58%)
  adding: home/yashturkar/Workspace/infinigen/outputs/restaurant_kitchen_1000sqft/spear_export_r256/export_scene.blend/textures/wall_clipboard_order_ticket_3_NORMAL.png (deflated 82%)
  adding: home/yashturkar/Workspace/infinigen/outputs/restaurant_kitchen_1000sqft/spear_export_r256/export_scene.blend/textures/wire_shelf_1_2_DIFFUSE.png (deflated 72%)
  adding: home/yashturkar/Workspace/infinigen/outputs/restaurant_kitchen_1000sqft/spear_export_r256/export_scene.blend/textures/steam_table_red_control_knob_1_DIFFUSE.png (deflated 26%)
  adding: home/yashturkar/Workspace/infinigen/outputs/restaurant_kitchen_1000sqft/spear_export_r256/export_scene.blend/textures/ceiling_linear_fixture_lens_2_DIFFUSE.png (deflated 70%)
  adding: home/yashturkar/Workspace/infinigen/outputs/restaurant_kitchen_1000sqft/spear_export_r256/export_scene.blend/textures/ceiling_linear_fixture_lens_0_NORMAL.png (deflated 82%)
  adding: home/yashturkar/Workspace/infinigen/outputs/restaurant_kitchen_1000sqft/spear_export_r256/export_scene.blend/textures/gooseneck_faucet_0_95_DIFFUSE.png (deflated 23%)
  adding: home/yashturkar/Workspace/infinigen/outputs/restaurant_kitchen_1000sqft/spear_export_r256/export_scene.blend/textures/floor_grout_line_y_-3_2_DIFFUSE.png (deflated 84%)
  adding: home/yashturkar/Workspace/infinigen/outputs/restaurant_kitchen_1000sqft/spear_export_r256/export_scene.blend/textures/floor_grout_line_x_-3_2_DIFFUSE.png (deflated 84%)
  adding: home/yashturkar/Workspace/infinigen/outputs/restaurant_kitchen_1000sqft/spear_export_r256/export_scene.blend/textures/east_window_mullion_or_end_4_ROUGHNESS.png (deflated 69%)
  adding: home/yashturkar/Workspace/infinigen/outputs/restaurant_kitchen_1000sqft/spear_export_r256/export_scene.blend/textures/twin_fryer_bank_black_cooking_surface_NORMAL.png (deflated 82%)
  adding: home/yashturkar/Workspace/infinigen/outputs/restaurant_kitchen_1000sqft/spear_export_r256/export_scene.blend/textures/wall_clipboard_order_ticket_0_DIFFUSE.png (deflated 65%)
  adding: home/yashturkar/Workspace/infinigen/outputs/restaurant_kitchen_1000sqft/spear_export_r256/export_scene.blend/textures/wire_shelf_1_1_DIFFUSE.png (deflated 72%)
  adding: home/yashturkar/Workspace/infinigen/outputs/restaurant_kitchen_1000sqft/spear_export_r256/export_scene.blend/textures/food_storage_bin_2_0_0_ROUGHNESS.png (deflated 54%)
  adding: home/yashturkar/Workspace/infinigen/outputs/restaurant_kitchen_1000sqft/spear_export_r256/export_scene.blend/textures/food_storage_bin_3_2_2_DIFFUSE.png (deflated 52%)
  adding: home/yashturkar/Workspace/infinigen/outputs/restaurant_kitchen_1000sqft/spear_export_r256/export_scene.blend/textures/wire_shelving_back_post_0_right_NORMAL.png (deflated 82%)
  adding: home/yashturkar/Workspace/infinigen/outputs/restaurant_kitchen_1000sqft/spear_export_r256/export_scene.blend/textures/central_prep_island_left_undershelf_METAL.png (deflated 70%)
  adding: home/yashturkar/Workspace/infinigen/outputs/restaurant_kitchen_1000sqft/spear_export_r256/export_scene.blend/textures/undercounter_refrigerated_drawer_-1_85_stainless_body_METAL.png (deflated 59%)
  adding: home/yashturkar/Workspace/infinigen/outputs/restaurant_kitchen_1000sqft/spear_export_r256/export_scene.blend/textures/floor_grout_line_y_2_4_ROUGHNESS.png (deflated 84%)
  adding: home/yashturkar/Workspace/infinigen/outputs/restaurant_kitchen_1000sqft/spear_export_r256/export_scene.blend/textures/ceiling_linear_fixture_housing_2_NORMAL.png (deflated 82%)
  adding: home/yashturkar/Workspace/infinigen/outputs/restaurant_kitchen_1000sqft/spear_export_r256/export_scene.blend/textures/steam_table_red_control_knob_2_NORMAL.png (deflated 82%)
  adding: home/yashturkar/Workspace/infinigen/outputs/restaurant_kitchen_1000sqft/spear_export_r256/export_scene.blend/textures/food_storage_bin_1_1_2_NORMAL.png (deflated 82%)
  adding: home/yashturkar/Workspace/infinigen/outputs/restaurant_kitchen_1000sqft/spear_export_r256/export_scene.blend/textures/wire_shelf_3_1_METAL.png (deflated 72%)
  adding: home/yashturkar/Workspace/infinigen/outputs/restaurant_kitchen_1000sqft/spear_export_r256/export_scene.blend/textures/food_storage_bin_2_3_2_ROUGHNESS.png (deflated 57%)
  adding: home/yashturkar/Workspace/infinigen/outputs/restaurant_kitchen_1000sqft/spear_export_r256/export_scene.blend/textures/food_storage_bin_0_1_1_NORMAL.png (deflated 82%)
  adding: home/yashturkar/Workspace/infinigen/outputs/restaurant_kitchen_1000sqft/spear_export_r256/export_scene.blend/textures/sheet_pan_0_0_92_NORMAL.png (deflated 82%)
  adding: home/yashturkar/Workspace/infinigen/outputs/restaurant_kitchen_1000sqft/spear_export_r256/export_scene.blend/textures/floor_grout_line_x_-3_2_NORMAL.png (deflated 82%)
  adding: home/yashturkar/Workspace/infinigen/outputs/restaurant_kitchen_1000sqft/spear_export_r256/export_scene.blend/textures/flat_top_griddle_red_control_knob_1_ROUGHNESS.png (deflated 22%)
  adding: home/yashturkar/Workspace/infinigen/outputs/restaurant_kitchen_1000sqft/spear_export_r256/export_scene.blend/textures/window_stainless_frame_top_1_ROUGHNESS.png (deflated 61%)
  adding: home/yashturkar/Workspace/infinigen/outputs/restaurant_kitchen_1000sqft/spear_export_r256/export_scene.blend/textures/sheet_pan_1_0_32_NORMAL.png (deflated 82%)
  adding: home/yashturkar/Workspace/infinigen/outputs/restaurant_kitchen_1000sqft/spear_export_r256/export_scene.blend/textures/convection_oven_black_cooking_surface_ROUGHNESS.png (deflated 89%)
  adding: home/yashturkar/Workspace/infinigen/outputs/restaurant_kitchen_1000sqft/spear_export_r256/export_scene.blend/textures/floor_quarry_tile_slab_approx_1000_sqft_NORMAL.png (deflated 16%)
  adding: home/yashturkar/Workspace/infinigen/outputs/restaurant_kitchen_1000sqft/spear_export_r256/export_scene.blend/textures/food_storage_bin_2_0_0_NORMAL.png (deflated 82%)
  adding: home/yashturkar/Workspace/infinigen/outputs/restaurant_kitchen_1000sqft/spear_export_r256/export_scene.blend/textures/ceiling_linear_fixture_lens_1_ROUGHNESS.png (deflated 76%)
  adding: home/yashturkar/Workspace/infinigen/outputs/restaurant_kitchen_1000sqft/spear_export_r256/export_scene.blend/textures/floor_grout_line_y_0_0_ROUGHNESS.png (deflated 84%)
  adding: home/yashturkar/Workspace/infinigen/outputs/restaurant_kitchen_1000sqft/spear_export_r256/export_scene.blend/textures/floor_grout_line_x_4_0_NORMAL.png (deflated 82%)
  adding: home/yashturkar/Workspace/infinigen/outputs/restaurant_kitchen_1000sqft/spear_export_r256/export_scene.blend/textures/food_storage_bin_0_0_0_DIFFUSE.png (deflated 52%)
  adding: home/yashturkar/Workspace/infinigen/outputs/restaurant_kitchen_1000sqft/spear_export_r256/export_scene.blend/textures/walk_in_cooler_box_stainless_body_METAL.png (deflated 57%)
  adding: home/yashturkar/Workspace/infinigen/outputs/restaurant_kitchen_1000sqft/spear_export_r256/export_scene.blend/textures/sheet_pan_0_0_32_DIFFUSE.png (deflated 58%)
  adding: home/yashturkar/Workspace/infinigen/outputs/restaurant_kitchen_1000sqft/spear_export_r256/export_scene.blend/textures/convection_oven_red_control_knob_2_ROUGHNESS.png (deflated 22%)
  adding: home/yashturkar/Workspace/infinigen/outputs/restaurant_kitchen_1000sqft/spear_export_r256/export_scene.blend/textures/west_cookline_wall_NORMAL.png (deflated 9%)
  adding: home/yashturkar/Workspace/infinigen/outputs/restaurant_kitchen_1000sqft/spear_export_r256/export_scene.blend/textures/floor_grout_line_x_-1_6_DIFFUSE.png (deflated 84%)
  adding: home/yashturkar/Workspace/infinigen/outputs/restaurant_kitchen_1000sqft/spear_export_r256/export_scene.blend/textures/real_high_kitchen_window_glass_2_DIFFUSE.png (deflated 85%)
  adding: home/yashturkar/Workspace/infinigen/outputs/restaurant_kitchen_1000sqft/spear_export_r256/export_scene.blend/textures/floor_grout_line_y_-0_8_ROUGHNESS.png (deflated 84%)
  adding: home/yashturkar/Workspace/infinigen/outputs/restaurant_kitchen_1000sqft/spear_export_r256/export_scene.blend/textures/wire_shelf_2_0_METAL.png (deflated 72%)
  adding: home/yashturkar/Workspace/infinigen/outputs/restaurant_kitchen_1000sqft/spear_export_r256/export_scene.blend/textures/food_storage_bin_1_3_1_ROUGHNESS.png (deflated 57%)
  adding: home/yashturkar/Workspace/infinigen/outputs/restaurant_kitchen_1000sqft/spear_export_r256/export_scene.blend/textures/central_prep_island_left_round_leg_-0_9_-0_3_DIFFUSE.png (deflated 33%)
  adding: home/yashturkar/Workspace/infinigen/outputs/restaurant_kitchen_1000sqft/spear_export_r256/export_scene.blend/textures/wire_shelf_1_3_METAL.png (deflated 72%)
  adding: home/yashturkar/Workspace/infinigen/outputs/restaurant_kitchen_1000sqft/spear_export_r256/export_scene.blend/textures/commercial_dishwasher_stainless_body_ROUGHNESS.png (deflated 58%)
  adding: home/yashturkar/Workspace/infinigen/outputs/restaurant_kitchen_1000sqft/spear_export_r256/export_scene.blend/textures/maple_cutting_board_1_38_NORMAL.png (deflated 82%)
  adding: home/yashturkar/Workspace/infinigen/outputs/restaurant_kitchen_1000sqft/spear_export_r256/export_scene.blend/textures/wire_shelf_2_2_DIFFUSE.png (deflated 72%)
  adding: home/yashturkar/Workspace/infinigen/outputs/restaurant_kitchen_1000sqft/spear_export_r256/export_scene.blend/textures/secondary_dim_fixture_lens_0_DIFFUSE.png (deflated 67%)
  adding: home/yashturkar/Workspace/infinigen/outputs/restaurant_kitchen_1000sqft/spear_export_r256/export_scene.blend/textures/floor_grout_line_y_2_4_NORMAL.png (deflated 82%)
  adding: home/yashturkar/Workspace/infinigen/outputs/restaurant_kitchen_1000sqft/spear_export_r256/export_scene.blend/textures/sheet_pan_2_0_62_METAL.png (deflated 61%)
  adding: home/yashturkar/Workspace/infinigen/outputs/restaurant_kitchen_1000sqft/spear_export_r256/export_scene.blend/textures/food_storage_bin_3_1_2_DIFFUSE.png (deflated 52%)
  adding: home/yashturkar/Workspace/infinigen/outputs/restaurant_kitchen_1000sqft/spear_export_r256/export_scene.blend/textures/convection_oven_red_control_knob_1_ROUGHNESS.png (deflated 22%)
  adding: home/yashturkar/Workspace/infinigen/outputs/restaurant_kitchen_1000sqft/spear_export_r256/export_scene.blend/textures/gooseneck_faucet_0_95_METAL.png (deflated 25%)
  adding: home/yashturkar/Workspace/infinigen/outputs/restaurant_kitchen_1000sqft/spear_export_r256/export_scene.blend/textures/ceiling_linear_fixture_lens_0_DIFFUSE.png (deflated 70%)
  adding: home/yashturkar/Workspace/infinigen/outputs/restaurant_kitchen_1000sqft/spear_export_r256/export_scene.blend/textures/food_storage_bin_3_0_2_NORMAL.png (deflated 82%)
  adding: home/yashturkar/Workspace/infinigen/outputs/restaurant_kitchen_1000sqft/spear_export_r256/export_scene.blend/textures/rolling_speed_rack_frame_2_METAL.png (deflated 69%)
  adding: home/yashturkar/Workspace/infinigen/outputs/restaurant_kitchen_1000sqft/spear_export_r256/export_scene.blend/textures/wire_shelving_back_post_0_right_METAL.png (deflated 44%)
  adding: home/yashturkar/Workspace/infinigen/outputs/restaurant_kitchen_1000sqft/spear_export_r256/export_scene.blend/textures/convection_oven_red_control_knob_0_NORMAL.png (deflated 82%)
  adding: home/yashturkar/Workspace/infinigen/outputs/restaurant_kitchen_1000sqft/spear_export_r256/export_scene.blend/textures/central_prep_island_right_round_leg_0_9_0_3_METAL.png (deflated 32%)
  adding: home/yashturkar/Workspace/infinigen/outputs/restaurant_kitchen_1000sqft/spear_export_r256/export_scene.blend/textures/flat_top_griddle_red_control_knob_0_ROUGHNESS.png (deflated 22%)
  adding: home/yashturkar/Workspace/infinigen/outputs/restaurant_kitchen_1000sqft/spear_export_r256/export_scene.blend/textures/floor_grout_line_x_3_2_ROUGHNESS.png (deflated 84%)
  adding: home/yashturkar/Workspace/infinigen/outputs/restaurant_kitchen_1000sqft/spear_export_r256/export_scene.blend/textures/wire_shelving_back_post_1_right_ROUGHNESS.png (deflated 47%)
  adding: home/yashturkar/Workspace/infinigen/outputs/restaurant_kitchen_1000sqft/spear_export_r256/export_scene.blend/textures/wire_shelving_back_post_2_left_NORMAL.png (deflated 82%)
  adding: home/yashturkar/Workspace/infinigen/outputs/restaurant_kitchen_1000sqft/spear_export_r256/export_scene.blend/textures/wire_shelf_0_3_METAL.png (deflated 72%)
  adding: home/yashturkar/Workspace/infinigen/outputs/restaurant_kitchen_1000sqft/spear_export_r256/export_scene.blend/textures/food_storage_bin_0_3_2_ROUGHNESS.png (deflated 57%)
  adding: home/yashturkar/Workspace/infinigen/outputs/restaurant_kitchen_1000sqft/spear_export_r256/export_scene.blend/textures/wire_shelving_back_post_2_left_ROUGHNESS.png (deflated 47%)
  adding: home/yashturkar/Workspace/infinigen/outputs/restaurant_kitchen_1000sqft/spear_export_r256/export_scene.blend/textures/stainless_stock_pot_1_NORMAL.png (deflated 82%)
  adding: home/yashturkar/Workspace/infinigen/outputs/restaurant_kitchen_1000sqft/spear_export_r256/export_scene.blend/textures/floor_grout_line_x_0_8_NORMAL.png (deflated 82%)
  adding: home/yashturkar/Workspace/infinigen/outputs/restaurant_kitchen_1000sqft/spear_export_r256/export_scene.blend/textures/east_window_mullion_or_end_0_NORMAL.png (deflated 5%)
  adding: home/yashturkar/Workspace/infinigen/outputs/restaurant_kitchen_1000sqft/spear_export_r256/export_scene.blend/textures/floor_grout_line_x_1_6_ROUGHNESS.png (deflated 84%)
  adding: home/yashturkar/Workspace/infinigen/outputs/restaurant_kitchen_1000sqft/spear_export_r256/export_scene.blend/textures/food_storage_bin_2_1_0_DIFFUSE.png (deflated 52%)
  adding: home/yashturkar/Workspace/infinigen/outputs/restaurant_kitchen_1000sqft/spear_export_r256/export_scene.blend/textures/wire_shelving_back_post_1_left_NORMAL.png (deflated 82%)
  adding: home/yashturkar/Workspace/infinigen/outputs/restaurant_kitchen_1000sqft/spear_export_r256/export_scene.blend/textures/dish_area_floor_mat_NORMAL.png (deflated 82%)
  adding: home/yashturkar/Workspace/infinigen/outputs/restaurant_kitchen_1000sqft/spear_export_r256/export_scene.blend/textures/undercounter_refrigerated_drawer_-1_85_stainless_body_ROUGHNESS.png (deflated 58%)
  adding: home/yashturkar/Workspace/infinigen/outputs/restaurant_kitchen_1000sqft/spear_export_r256/export_scene.blend/textures/stock_pot_dark_opening_4_METAL.png (deflated 10%)
  adding: home/yashturkar/Workspace/infinigen/outputs/restaurant_kitchen_1000sqft/spear_export_r256/export_scene.blend/textures/wire_shelf_0_3_DIFFUSE.png (deflated 72%)
  adding: home/yashturkar/Workspace/infinigen/outputs/restaurant_kitchen_1000sqft/spear_export_r256/export_scene.blend/textures/six_burner_range_red_control_knob_2_ROUGHNESS.png (deflated 22%)
  adding: home/yashturkar/Workspace/infinigen/outputs/restaurant_kitchen_1000sqft/spear_export_r256/export_scene.blend/textures/sheet_pan_0_0_62_NORMAL.png (deflated 82%)
  adding: home/yashturkar/Workspace/infinigen/outputs/restaurant_kitchen_1000sqft/spear_export_r256/export_scene.blend/textures/real_high_kitchen_window_glass_3_NORMAL.png (deflated 82%)
  adding: home/yashturkar/Workspace/infinigen/outputs/restaurant_kitchen_1000sqft/spear_export_r256/export_scene.blend/textures/wire_shelving_back_post_0_right_DIFFUSE.png (deflated 45%)
  adding: home/yashturkar/Workspace/infinigen/outputs/restaurant_kitchen_1000sqft/spear_export_r256/export_scene.blend/textures/stainless_stock_pot_3_METAL.png (deflated 16%)
  adding: home/yashturkar/Workspace/infinigen/outputs/restaurant_kitchen_1000sqft/spear_export_r256/export_scene.blend/textures/window_stainless_frame_bottom_3_DIFFUSE.png (deflated 61%)
  adding: home/yashturkar/Workspace/infinigen/outputs/restaurant_kitchen_1000sqft/spear_export_r256/export_scene.blend/textures/floor_grout_line_y_-2_4_ROUGHNESS.png (deflated 84%)
  adding: home/yashturkar/Workspace/infinigen/outputs/restaurant_kitchen_1000sqft/spear_export_r256/export_scene.blend/textures/food_storage_bin_2_2_0_NORMAL.png (deflated 82%)
  adding: home/yashturkar/Workspace/infinigen/outputs/restaurant_kitchen_1000sqft/spear_export_r256/export_scene.blend/textures/floor_grout_line_x_3_2_NORMAL.png (deflated 82%)
  adding: home/yashturkar/Workspace/infinigen/outputs/restaurant_kitchen_1000sqft/spear_export_r256/export_scene.blend/textures/window_stainless_frame_bottom_2_ROUGHNESS.png (deflated 61%)
  adding: home/yashturkar/Workspace/infinigen/outputs/restaurant_kitchen_1000sqft/spear_export_r256/export_scene.blend/textures/wire_shelf_1_2_ROUGHNESS.png (deflated 68%)
  adding: home/yashturkar/Workspace/infinigen/outputs/restaurant_kitchen_1000sqft/spear_export_r256/export_scene.blend/textures/window_stainless_frame_top_0_NORMAL.png (deflated 82%)
  adding: home/yashturkar/Workspace/infinigen/outputs/restaurant_kitchen_1000sqft/spear_export_r256/export_scene.blend/textures/ceiling_linear_fixture_housing_3_METAL.png (deflated 65%)
  adding: home/yashturkar/Workspace/infinigen/outputs/restaurant_kitchen_1000sqft/spear_export_r256/export_scene.blend/textures/twin_fryer_bank_red_control_knob_2_ROUGHNESS.png (deflated 22%)
  adding: home/yashturkar/Workspace/infinigen/outputs/restaurant_kitchen_1000sqft/spear_export_r256/export_scene.blend/textures/maple_cutting_board_-0_65_ROUGHNESS.png (deflated 60%)
  adding: home/yashturkar/Workspace/infinigen/outputs/restaurant_kitchen_1000sqft/spear_export_r256/export_scene.blend/textures/sheet_pan_2_0_62_DIFFUSE.png (deflated 58%)
  adding: home/yashturkar/Workspace/infinigen/outputs/restaurant_kitchen_1000sqft/spear_export_r256/export_scene.blend/textures/food_storage_bin_1_2_0_NORMAL.png (deflated 82%)
  adding: home/yashturkar/Workspace/infinigen/outputs/restaurant_kitchen_1000sqft/spear_export_r256/export_scene.blend/textures/stainless_stock_pot_3_NORMAL.png (deflated 82%)
  adding: home/yashturkar/Workspace/infinigen/outputs/restaurant_kitchen_1000sqft/spear_export_r256/export_scene.blend/textures/stock_pot_dark_opening_1_DIFFUSE.png (deflated 9%)
  adding: home/yashturkar/Workspace/infinigen/outputs/restaurant_kitchen_1000sqft/spear_export_r256/export_scene.blend/textures/dishwasher_pull_handle_NORMAL.png (deflated 82%)
  adding: home/yashturkar/Workspace/infinigen/outputs/restaurant_kitchen_1000sqft/spear_export_r256/export_scene.blend/textures/stock_pot_dark_opening_1_ROUGHNESS.png (deflated 7%)
  adding: home/yashturkar/Workspace/infinigen/outputs/restaurant_kitchen_1000sqft/spear_export_r256/export_scene.blend/textures/real_high_kitchen_window_glass_3_DIFFUSE.png (deflated 85%)
  adding: home/yashturkar/Workspace/infinigen/outputs/restaurant_kitchen_1000sqft/spear_export_r256/export_scene.blend/textures/central_prep_island_left_stainless_top_METAL.png (deflated 55%)
  adding: home/yashturkar/Workspace/infinigen/outputs/restaurant_kitchen_1000sqft/spear_export_r256/export_scene.blend/textures/wire_shelf_1_0_NORMAL.png (deflated 82%)
  adding: home/yashturkar/Workspace/infinigen/outputs/restaurant_kitchen_1000sqft/spear_export_r256/export_scene.blend/textures/hood_grease_filter_panel_-3_35_METAL.png (deflated 72%)
  adding: home/yashturkar/Workspace/infinigen/outputs/restaurant_kitchen_1000sqft/spear_export_r256/export_scene.blend/textures/steam_table_stainless_body_METAL.png (deflated 67%)
  adding: home/yashturkar/Workspace/infinigen/outputs/restaurant_kitchen_1000sqft/spear_export_r256/export_scene.blend/textures/food_storage_bin_1_0_2_NORMAL.png (deflated 82%)
  adding: home/yashturkar/Workspace/infinigen/outputs/restaurant_kitchen_1000sqft/spear_export_r256/export_scene.blend/textures/south_storage_wall_NORMAL.png (deflated 7%)
  adding: home/yashturkar/Workspace/infinigen/outputs/restaurant_kitchen_1000sqft/spear_export_r256/export_scene.blend/textures/ceiling_washable_panel_plane_ROUGHNESS.png (deflated 61%)
  adding: home/yashturkar/Workspace/infinigen/outputs/restaurant_kitchen_1000sqft/spear_export_r256/export_scene.blend/textures/central_prep_island_right_stainless_top_DIFFUSE.png (deflated 54%)
  adding: home/yashturkar/Workspace/infinigen/outputs/restaurant_kitchen_1000sqft/spear_export_r256/export_scene.blend/textures/plated_food_placeholder_1_35_NORMAL.png (deflated 82%)
  adding: home/yashturkar/Workspace/infinigen/outputs/restaurant_kitchen_1000sqft/spear_export_r256/export_scene.blend/textures/real_high_kitchen_window_glass_1_TRANSMISSION.png (deflated 77%)
  adding: home/yashturkar/Workspace/infinigen/outputs/restaurant_kitchen_1000sqft/spear_export_r256/export_scene.blend/textures/sheet_pan_0_0_32_ROUGHNESS.png (deflated 58%)
  adding: home/yashturkar/Workspace/infinigen/outputs/restaurant_kitchen_1000sqft/spear_export_r256/export_scene.blend/textures/food_storage_bin_3_1_1_DIFFUSE.png (deflated 52%)
  adding: home/yashturkar/Workspace/infinigen/outputs/restaurant_kitchen_1000sqft/spear_export_r256/export_scene.blend/textures/wire_shelf_1_1_NORMAL.png (deflated 82%)
  adding: home/yashturkar/Workspace/infinigen/outputs/restaurant_kitchen_1000sqft/spear_export_r256/export_scene.blend/textures/six_burner_range_red_control_knob_1_DIFFUSE.png (deflated 26%)
  adding: home/yashturkar/Workspace/infinigen/outputs/restaurant_kitchen_1000sqft/spear_export_r256/export_scene.blend/textures/central_prep_island_right_stainless_top_METAL.png (deflated 55%)
  adding: home/yashturkar/Workspace/infinigen/outputs/restaurant_kitchen_1000sqft/spear_export_r256/export_scene.blend/textures/wire_shelf_2_2_ROUGHNESS.png (deflated 68%)
  adding: home/yashturkar/Workspace/infinigen/outputs/restaurant_kitchen_1000sqft/spear_export_r256/export_scene.blend/textures/plated_food_placeholder_1_35_ROUGHNESS.png (deflated 63%)
  adding: home/yashturkar/Workspace/infinigen/outputs/restaurant_kitchen_1000sqft/spear_export_r256/export_scene.blend/textures/convection_oven_red_control_knob_0_ROUGHNESS.png (deflated 22%)
  adding: home/yashturkar/Workspace/infinigen/outputs/restaurant_kitchen_1000sqft/spear_export_r256/export_scene.blend/textures/floor_grout_line_x_4_0_DIFFUSE.png (deflated 84%)
  adding: home/yashturkar/Workspace/infinigen/outputs/restaurant_kitchen_1000sqft/spear_export_r256/export_scene.blend/textures/wire_shelving_back_post_2_right_DIFFUSE.png (deflated 45%)
  adding: home/yashturkar/Workspace/infinigen/outputs/restaurant_kitchen_1000sqft/spear_export_r256/export_scene.blend/textures/stainless_stock_pot_3_DIFFUSE.png (deflated 13%)
  adding: home/yashturkar/Workspace/infinigen/outputs/restaurant_kitchen_1000sqft/spear_export_r256/export_scene.blend/textures/food_storage_bin_0_1_2_DIFFUSE.png (deflated 52%)
  adding: home/yashturkar/Workspace/infinigen/outputs/restaurant_kitchen_1000sqft/spear_export_r256/export_scene.blend/textures/wire_shelf_2_0_DIFFUSE.png (deflated 72%)
  adding: home/yashturkar/Workspace/infinigen/outputs/restaurant_kitchen_1000sqft/spear_export_r256/export_scene.blend/textures/ceiling_linear_fixture_housing_1_DIFFUSE.png (deflated 64%)
  adding: home/yashturkar/Workspace/infinigen/outputs/restaurant_kitchen_1000sqft/spear_export_r256/export_scene.blend/textures/wire_shelf_3_0_NORMAL.png (deflated 82%)
  adding: home/yashturkar/Workspace/infinigen/outputs/restaurant_kitchen_1000sqft/spear_export_r256/export_scene.blend/textures/wire_shelving_back_post_2_right_NORMAL.png (deflated 82%)
  adding: home/yashturkar/Workspace/infinigen/outputs/restaurant_kitchen_1000sqft/spear_export_r256/export_scene.blend/textures/wire_shelving_back_post_1_right_DIFFUSE.png (deflated 45%)
  adding: home/yashturkar/Workspace/infinigen/outputs/restaurant_kitchen_1000sqft/spear_export_r256/export_scene.blend/textures/food_storage_bin_3_0_0_DIFFUSE.png (deflated 52%)
  adding: home/yashturkar/Workspace/infinigen/outputs/restaurant_kitchen_1000sqft/spear_export_r256/export_scene.blend/textures/floor_grout_line_y_-0_8_NORMAL.png (deflated 82%)
  adding: home/yashturkar/Workspace/infinigen/outputs/restaurant_kitchen_1000sqft/spear_export_r256/export_scene.blend/textures/six_burner_range_red_control_knob_2_NORMAL.png (deflated 82%)
  adding: home/yashturkar/Workspace/infinigen/outputs/restaurant_kitchen_1000sqft/spear_export_r256/export_scene.blend/textures/rolling_speed_rack_frame_1_ROUGHNESS.png (deflated 69%)
  adding: home/yashturkar/Workspace/infinigen/outputs/restaurant_kitchen_1000sqft/spear_export_r256/export_scene.blend/textures/food_storage_bin_1_0_0_NORMAL.png (deflated 82%)
  adding: home/yashturkar/Workspace/infinigen/outputs/restaurant_kitchen_1000sqft/spear_export_r256/export_scene.blend/textures/sheet_pan_1_0_92_ROUGHNESS.png (deflated 58%)
  adding: home/yashturkar/Workspace/infinigen/outputs/restaurant_kitchen_1000sqft/spear_export_r256/export_scene.blend/textures/central_prep_island_right_round_leg_-0_9_0_3_DIFFUSE.png (deflated 33%)
  adding: home/yashturkar/Workspace/infinigen/outputs/restaurant_kitchen_1000sqft/spear_export_r256/export_scene.blend/textures/six_burner_range_red_control_knob_0_DIFFUSE.png (deflated 26%)
  adding: home/yashturkar/Workspace/infinigen/outputs/restaurant_kitchen_1000sqft/spear_export_r256/export_scene.blend/textures/food_storage_bin_1_2_0_ROUGHNESS.png (deflated 57%)
  adding: home/yashturkar/Workspace/infinigen/outputs/restaurant_kitchen_1000sqft/spear_export_r256/export_scene.blend/textures/floor_grout_line_y_-4_0_ROUGHNESS.png (deflated 84%)
  adding: home/yashturkar/Workspace/infinigen/outputs/restaurant_kitchen_1000sqft/spear_export_r256/export_scene.blend/textures/sheet_pan_1_0_32_DIFFUSE.png (deflated 58%)
  adding: home/yashturkar/Workspace/infinigen/outputs/restaurant_kitchen_1000sqft/spear_export_r256/export_scene.blend/textures/gooseneck_faucet_2_35_METAL.png (deflated 25%)
  adding: home/yashturkar/Workspace/infinigen/outputs/restaurant_kitchen_1000sqft/spear_export_r256/export_scene.blend/textures/food_storage_bin_0_2_1_DIFFUSE.png (deflated 52%)
  adding: home/yashturkar/Workspace/infinigen/outputs/restaurant_kitchen_1000sqft/spear_export_r256/export_scene.blend/textures/central_prep_island_left_stainless_top_DIFFUSE.png (deflated 54%)
  adding: home/yashturkar/Workspace/infinigen/outputs/restaurant_kitchen_1000sqft/spear_export_r256/export_scene.blend/textures/sheet_pan_2_1_22_NORMAL.png (deflated 82%)
  adding: home/yashturkar/Workspace/infinigen/outputs/restaurant_kitchen_1000sqft/spear_export_r256/export_scene.blend/textures/floor_grout_line_y_3_2_ROUGHNESS.png (deflated 84%)
  adding: home/yashturkar/Workspace/infinigen/outputs/restaurant_kitchen_1000sqft/spear_export_r256/export_scene.blend/textures/sink_basin_dark_insert_0_95_NORMAL.png (deflated 82%)
  adding: home/yashturkar/Workspace/infinigen/outputs/restaurant_kitchen_1000sqft/spear_export_r256/export_scene.blend/textures/plated_food_placeholder_2_05_ROUGHNESS.png (deflated 63%)
  adding: home/yashturkar/Workspace/infinigen/outputs/restaurant_kitchen_1000sqft/spear_export_r256/export_scene.blend/textures/three_compartment_sink_stainless_body_DIFFUSE.png (deflated 62%)
  adding: home/yashturkar/Workspace/infinigen/outputs/restaurant_kitchen_1000sqft/spear_export_r256/export_scene.blend/textures/floor_grout_line_y_4_0_NORMAL.png (deflated 82%)
  adding: home/yashturkar/Workspace/infinigen/outputs/restaurant_kitchen_1000sqft/spear_export_r256/export_scene.blend/textures/central_prep_island_left_round_leg_-0_9_0_3_ROUGHNESS.png (deflated 36%)
  adding: home/yashturkar/Workspace/infinigen/outputs/restaurant_kitchen_1000sqft/spear_export_r256/export_scene.blend/textures/rear_receiving_door_metal_panel_ROUGHNESS.png (deflated 77%)
  adding: home/yashturkar/Workspace/infinigen/outputs/restaurant_kitchen_1000sqft/spear_export_r256/export_scene.blend/textures/wire_shelving_back_post_1_right_NORMAL.png (deflated 82%)
  adding: home/yashturkar/Workspace/infinigen/outputs/restaurant_kitchen_1000sqft/spear_export_r256/export_scene.blend/textures/service_alley_slab_visible_through_windows_ROUGHNESS.png (deflated 44%)
  adding: home/yashturkar/Workspace/infinigen/outputs/restaurant_kitchen_1000sqft/spear_export_r256/export_scene.blend/textures/central_prep_island_right_round_leg_0_9_-0_3_NORMAL.png (deflated 82%)
  adding: home/yashturkar/Workspace/infinigen/outputs/restaurant_kitchen_1000sqft/spear_export_r256/export_scene.blend/textures/wire_shelf_1_0_ROUGHNESS.png (deflated 68%)
  adding: home/yashturkar/Workspace/infinigen/outputs/restaurant_kitchen_1000sqft/spear_export_r256/export_scene.blend/textures/rear_receiving_door_metal_panel_METAL.png (deflated 77%)
  adding: home/yashturkar/Workspace/infinigen/outputs/restaurant_kitchen_1000sqft/spear_export_r256/export_scene.blend/textures/ceiling_linear_fixture_housing_0_DIFFUSE.png (deflated 64%)
  adding: home/yashturkar/Workspace/infinigen/outputs/restaurant_kitchen_1000sqft/spear_export_r256/export_scene.blend/textures/east_window_mullion_or_end_3_DIFFUSE.png (deflated 66%)
  adding: home/yashturkar/Workspace/infinigen/outputs/restaurant_kitchen_1000sqft/spear_export_r256/export_scene.blend/textures/flat_top_griddle_black_cooking_surface_NORMAL.png (deflated 82%)
  adding: home/yashturkar/Workspace/infinigen/outputs/restaurant_kitchen_1000sqft/spear_export_r256/export_scene.blend/textures/sheet_pan_0_1_22_ROUGHNESS.png (deflated 58%)
  adding: home/yashturkar/Workspace/infinigen/outputs/restaurant_kitchen_1000sqft/spear_export_r256/export_scene.blend/textures/wire_shelf_0_1_ROUGHNESS.png (deflated 68%)
  adding: home/yashturkar/Workspace/infinigen/outputs/restaurant_kitchen_1000sqft/spear_export_r256/export_scene.blend/textures/open_service_pass_counter_DIFFUSE.png (deflated 69%)
  adding: home/yashturkar/Workspace/infinigen/outputs/restaurant_kitchen_1000sqft/spear_export_r256/export_scene.blend/textures/wire_shelf_1_3_NORMAL.png (deflated 82%)
  adding: home/yashturkar/Workspace/infinigen/outputs/restaurant_kitchen_1000sqft/spear_export_r256/export_scene.blend/textures/ceiling_linear_fixture_housing_0_METAL.png (deflated 65%)
  adding: home/yashturkar/Workspace/infinigen/outputs/restaurant_kitchen_1000sqft/spear_export_r256/export_scene.blend/textures/convection_oven_red_control_knob_1_DIFFUSE.png (deflated 26%)
  adding: home/yashturkar/Workspace/infinigen/outputs/restaurant_kitchen_1000sqft/spear_export_r256/export_scene.blend/textures/receiving_door_pull_bar_METAL.png (deflated 29%)
  adding: home/yashturkar/Workspace/infinigen/outputs/restaurant_kitchen_1000sqft/spear_export_r256/export_scene.blend/textures/floor_grout_line_y_0_8_DIFFUSE.png (deflated 84%)
  adding: home/yashturkar/Workspace/infinigen/outputs/restaurant_kitchen_1000sqft/spear_export_r256/export_scene.blend/textures/wall_clipboard_order_ticket_1_ROUGHNESS.png (deflated 65%)
  adding: home/yashturkar/Workspace/infinigen/outputs/restaurant_kitchen_1000sqft/spear_export_r256/export_scene.blend/textures/floor_grout_line_y_-2_4_NORMAL.png (deflated 82%)
  adding: home/yashturkar/Workspace/infinigen/outputs/restaurant_kitchen_1000sqft/spear_export_r256/export_scene.blend/textures/wire_shelf_2_1_DIFFUSE.png (deflated 72%)
  adding: home/yashturkar/Workspace/infinigen/outputs/restaurant_kitchen_1000sqft/spear_export_r256/export_scene.blend/textures/wire_shelf_0_0_NORMAL.png (deflated 82%)
  adding: home/yashturkar/Workspace/infinigen/outputs/restaurant_kitchen_1000sqft/spear_export_r256/export_scene.blend/textures/wire_shelf_3_1_ROUGHNESS.png (deflated 68%)
  adding: home/yashturkar/Workspace/infinigen/outputs/restaurant_kitchen_1000sqft/spear_export_r256/export_scene.blend/textures/commercial_dishwasher_stainless_body_METAL.png (deflated 61%)
  adding: home/yashturkar/Workspace/infinigen/outputs/restaurant_kitchen_1000sqft/spear_export_r256/export_scene.blend/textures/food_storage_bin_2_3_1_NORMAL.png (deflated 82%)
  adding: home/yashturkar/Workspace/infinigen/outputs/restaurant_kitchen_1000sqft/spear_export_r256/export_scene.blend/textures/sheet_pan_3_0_62_NORMAL.png (deflated 82%)
  adding: home/yashturkar/Workspace/infinigen/outputs/restaurant_kitchen_1000sqft/spear_export_r256/export_scene.blend/textures/food_storage_bin_2_2_1_ROUGHNESS.png (deflated 57%)
  adding: home/yashturkar/Workspace/infinigen/outputs/restaurant_kitchen_1000sqft/spear_export_r256/export_scene.blend/textures/undercounter_refrigerated_drawer_1_85_stainless_body_DIFFUSE.png (deflated 58%)
  adding: home/yashturkar/Workspace/infinigen/outputs/restaurant_kitchen_1000sqft/spear_export_r256/export_scene.blend/textures/food_storage_bin_3_3_0_NORMAL.png (deflated 82%)
  adding: home/yashturkar/Workspace/infinigen/outputs/restaurant_kitchen_1000sqft/spear_export_r256/export_scene.blend/textures/stock_pot_dark_opening_3_DIFFUSE.png (deflated 9%)
  adding: home/yashturkar/Workspace/infinigen/outputs/restaurant_kitchen_1000sqft/spear_export_r256/export_scene.blend/textures/three_compartment_sink_stainless_body_METAL.png (deflated 69%)
  adding: home/yashturkar/Workspace/infinigen/outputs/restaurant_kitchen_1000sqft/spear_export_r256/export_scene.blend/textures/continuous_stainless_exhaust_hood_METAL.png (deflated 61%)
  adding: home/yashturkar/Workspace/infinigen/outputs/restaurant_kitchen_1000sqft/spear_export_r256/export_scene.blend/textures/food_storage_bin_3_3_2_ROUGHNESS.png (deflated 54%)
  adding: home/yashturkar/Workspace/infinigen/outputs/restaurant_kitchen_1000sqft/spear_export_r256/export_scene.blend/textures/floor_grout_line_x_0_0_ROUGHNESS.png (deflated 84%)
  adding: home/yashturkar/Workspace/infinigen/outputs/restaurant_kitchen_1000sqft/spear_export_r256/export_scene.blend/textures/ceiling_linear_fixture_housing_2_DIFFUSE.png (deflated 64%)
  adding: home/yashturkar/Workspace/infinigen/outputs/restaurant_kitchen_1000sqft/spear_export_r256/export_scene.blend/textures/dishwasher_pull_handle_DIFFUSE.png (deflated 66%)
  adding: home/yashturkar/Workspace/infinigen/outputs/restaurant_kitchen_1000sqft/spear_export_r256/export_scene.blend/textures/food_storage_bin_1_2_2_DIFFUSE.png (deflated 52%)
  adding: home/yashturkar/Workspace/infinigen/outputs/restaurant_kitchen_1000sqft/spear_export_r256/export_scene.blend/textures/rolling_speed_rack_frame_0_ROUGHNESS.png (deflated 69%)
  adding: home/yashturkar/Workspace/infinigen/outputs/restaurant_kitchen_1000sqft/spear_export_r256/export_scene.blend/textures/food_storage_bin_2_3_0_NORMAL.png (deflated 82%)
  adding: home/yashturkar/Workspace/infinigen/outputs/restaurant_kitchen_1000sqft/spear_export_r256/export_scene.blend/textures/central_prep_island_left_round_leg_0_9_0_3_METAL.png (deflated 32%)
  adding: home/yashturkar/Workspace/infinigen/outputs/restaurant_kitchen_1000sqft/spear_export_r256/export_scene.blend/textures/stainless_stock_pot_2_METAL.png (deflated 16%)
  adding: home/yashturkar/Workspace/infinigen/outputs/restaurant_kitchen_1000sqft/spear_export_r256/export_scene.blend/textures/wire_shelving_back_post_3_right_ROUGHNESS.png (deflated 47%)
  adding: home/yashturkar/Workspace/infinigen/outputs/restaurant_kitchen_1000sqft/spear_export_r256/export_scene.blend/textures/food_storage_bin_2_2_1_DIFFUSE.png (deflated 52%)
  adding: home/yashturkar/Workspace/infinigen/outputs/restaurant_kitchen_1000sqft/spear_export_r256/export_scene.blend/textures/food_storage_bin_1_1_0_ROUGHNESS.png (deflated 54%)
  adding: home/yashturkar/Workspace/infinigen/outputs/restaurant_kitchen_1000sqft/spear_export_r256/export_scene.blend/textures/flat_top_griddle_red_control_knob_1_NORMAL.png (deflated 82%)
  adding: home/yashturkar/Workspace/infinigen/outputs/restaurant_kitchen_1000sqft/spear_export_r256/export_scene.blend/textures/stainless_stock_pot_4_METAL.png (deflated 16%)
  adding: home/yashturkar/Workspace/infinigen/outputs/restaurant_kitchen_1000sqft/spear_export_r256/export_scene.blend/textures/central_prep_island_left_undershelf_ROUGHNESS.png (deflated 69%)
  adding: home/yashturkar/Workspace/infinigen/outputs/restaurant_kitchen_1000sqft/spear_export_r256/export_scene.blend/textures/three_compartment_sink_stainless_body_ROUGHNESS.png (deflated 68%)
  adding: home/yashturkar/Workspace/infinigen/outputs/restaurant_kitchen_1000sqft/spear_export_r256/export_scene.blend/textures/sheet_pan_0_1_22_METAL.png (deflated 61%)
  adding: home/yashturkar/Workspace/infinigen/outputs/restaurant_kitchen_1000sqft/spear_export_r256/export_scene.blend/textures/convection_oven_red_control_knob_2_DIFFUSE.png (deflated 26%)
  adding: home/yashturkar/Workspace/infinigen/outputs/restaurant_kitchen_1000sqft/spear_export_r256/export_scene.blend/textures/food_storage_bin_3_3_2_NORMAL.png (deflated 82%)
  adding: home/yashturkar/Workspace/infinigen/outputs/restaurant_kitchen_1000sqft/spear_export_r256/export_scene.blend/textures/window_stainless_frame_top_0_DIFFUSE.png (deflated 61%)
  adding: home/yashturkar/Workspace/infinigen/outputs/restaurant_kitchen_1000sqft/spear_export_r256/export_scene.blend/textures/food_storage_bin_3_3_0_ROUGHNESS.png (deflated 54%)
  adding: home/yashturkar/Workspace/infinigen/outputs/restaurant_kitchen_1000sqft/spear_export_r256/export_scene.blend/textures/north_prep_wall_with_service_door_DIFFUSE.png (deflated 54%)
  adding: home/yashturkar/Workspace/infinigen/outputs/restaurant_kitchen_1000sqft/spear_export_r256/export_scene.blend/textures/steam_table_red_control_knob_1_NORMAL.png (deflated 82%)
  adding: home/yashturkar/Workspace/infinigen/outputs/restaurant_kitchen_1000sqft/spear_export_r256/export_scene.blend/textures/wire_shelf_2_1_NORMAL.png (deflated 82%)
  adding: home/yashturkar/Workspace/infinigen/outputs/restaurant_kitchen_1000sqft/spear_export_r256/export_scene.blend/textures/wire_shelf_1_2_NORMAL.png (deflated 82%)
  adding: home/yashturkar/Workspace/infinigen/outputs/restaurant_kitchen_1000sqft/spear_export_r256/export_scene.blend/textures/floor_grout_line_y_-0_8_DIFFUSE.png (deflated 84%)
  adding: home/yashturkar/Workspace/infinigen/outputs/restaurant_kitchen_1000sqft/spear_export_r256/export_scene.blend/textures/central_prep_island_left_round_leg_0_9_-0_3_DIFFUSE.png (deflated 33%)
  adding: home/yashturkar/Workspace/infinigen/outputs/restaurant_kitchen_1000sqft/spear_export_r256/export_scene.blend/textures/food_storage_bin_3_2_1_DIFFUSE.png (deflated 52%)
  adding: home/yashturkar/Workspace/infinigen/outputs/restaurant_kitchen_1000sqft/spear_export_r256/export_scene.blend/textures/food_storage_bin_0_3_1_ROUGHNESS.png (deflated 54%)
  adding: home/yashturkar/Workspace/infinigen/outputs/restaurant_kitchen_1000sqft/spear_export_r256/export_scene.blend/textures/real_high_kitchen_window_glass_0_TRANSMISSION.png (deflated 77%)
  adding: home/yashturkar/Workspace/infinigen/outputs/restaurant_kitchen_1000sqft/spear_export_r256/export_scene.blend/textures/window_stainless_frame_bottom_1_NORMAL.png (deflated 82%)
  adding: home/yashturkar/Workspace/infinigen/outputs/restaurant_kitchen_1000sqft/spear_export_r256/export_scene.blend/textures/plated_food_placeholder_0_65_DIFFUSE.png (deflated 67%)
  adding: home/yashturkar/Workspace/infinigen/outputs/restaurant_kitchen_1000sqft/spear_export_r256/export_scene.blend/textures/flat_top_griddle_red_control_knob_0_NORMAL.png (deflated 82%)
  adding: home/yashturkar/Workspace/infinigen/outputs/restaurant_kitchen_1000sqft/spear_export_r256/export_scene.blend/textures/central_prep_island_left_round_leg_0_9_0_3_NORMAL.png (deflated 82%)
  adding: home/yashturkar/Workspace/infinigen/outputs/restaurant_kitchen_1000sqft/spear_export_r256/export_scene.blend/textures/food_storage_bin_1_1_2_ROUGHNESS.png (deflated 54%)
  adding: home/yashturkar/Workspace/infinigen/outputs/restaurant_kitchen_1000sqft/spear_export_r256/export_scene.blend/textures/food_storage_bin_3_2_2_ROUGHNESS.png (deflated 57%)
  adding: home/yashturkar/Workspace/infinigen/outputs/restaurant_kitchen_1000sqft/spear_export_r256/export_scene.blend/textures/floor_grout_line_x_1_6_DIFFUSE.png (deflated 84%)
  adding: home/yashturkar/Workspace/infinigen/outputs/restaurant_kitchen_1000sqft/spear_export_r256/export_scene.blend/textures/window_stainless_frame_bottom_3_METAL.png (deflated 57%)
  adding: home/yashturkar/Workspace/infinigen/outputs/restaurant_kitchen_1000sqft/spear_export_r256/export_scene.blend/textures/open_service_pass_counter_NORMAL.png (deflated 82%)
  adding: home/yashturkar/Workspace/infinigen/outputs/restaurant_kitchen_1000sqft/spear_export_r256/export_scene.blend/textures/stock_pot_dark_opening_3_NORMAL.png (deflated 82%)
  adding: home/yashturkar/Workspace/infinigen/outputs/restaurant_kitchen_1000sqft/spear_export_r256/export_scene.blend/textures/food_storage_bin_0_1_0_ROUGHNESS.png (deflated 57%)
  adding: home/yashturkar/Workspace/infinigen/outputs/restaurant_kitchen_1000sqft/spear_export_r256/export_scene.blend/textures/window_stainless_frame_top_1_DIFFUSE.png (deflated 61%)
  adding: home/yashturkar/Workspace/infinigen/outputs/restaurant_kitchen_1000sqft/spear_export_r256/export_scene.blend/textures/steam_table_stainless_body_ROUGHNESS.png (deflated 69%)
  adding: home/yashturkar/Workspace/infinigen/outputs/restaurant_kitchen_1000sqft/spear_export_r256/export_scene.blend/textures/food_storage_bin_0_3_2_DIFFUSE.png (deflated 52%)
  adding: home/yashturkar/Workspace/infinigen/outputs/restaurant_kitchen_1000sqft/spear_export_r256/export_scene.blend/textures/floor_quarry_tile_slab_approx_1000_sqft_ROUGHNESS.png (deflated 61%)
  adding: home/yashturkar/Workspace/infinigen/outputs/restaurant_kitchen_1000sqft/spear_export_r256/export_scene.blend/textures/floor_grout_line_y_-3_2_ROUGHNESS.png (deflated 84%)
  adding: home/yashturkar/Workspace/infinigen/outputs/restaurant_kitchen_1000sqft/spear_export_r256/export_scene.blend/textures/wire_shelving_back_post_2_left_DIFFUSE.png (deflated 45%)
  adding: home/yashturkar/Workspace/infinigen/outputs/restaurant_kitchen_1000sqft/spear_export_r256/export_scene.blend/textures/hood_grease_filter_panel_1_95_NORMAL.png (deflated 82%)
  adding: home/yashturkar/Workspace/infinigen/outputs/restaurant_kitchen_1000sqft/spear_export_r256/export_scene.blend/textures/food_storage_bin_3_0_0_ROUGHNESS.png (deflated 57%)
  adding: home/yashturkar/Workspace/infinigen/outputs/restaurant_kitchen_1000sqft/spear_export_r256/export_scene.blend/textures/floor_grout_line_x_3_2_DIFFUSE.png (deflated 84%)
  adding: home/yashturkar/Workspace/infinigen/outputs/restaurant_kitchen_1000sqft/spear_export_r256/export_scene.blend/textures/food_storage_bin_2_3_1_ROUGHNESS.png (deflated 54%)
  adding: home/yashturkar/Workspace/infinigen/outputs/restaurant_kitchen_1000sqft/spear_export_r256/export_scene.blend/textures/floor_grout_line_x_-1_6_ROUGHNESS.png (deflated 84%)
  adding: home/yashturkar/Workspace/infinigen/outputs/restaurant_kitchen_1000sqft/spear_export_r256/export_scene.blend/textures/ceiling_linear_fixture_housing_2_METAL.png (deflated 65%)
  adding: home/yashturkar/Workspace/infinigen/outputs/restaurant_kitchen_1000sqft/spear_export_r256/export_scene.blend/textures/sink_basin_dark_insert_2_35_ROUGHNESS.png (deflated 69%)
  adding: home/yashturkar/Workspace/infinigen/outputs/restaurant_kitchen_1000sqft/spear_export_r256/export_scene.blend/textures/wire_shelf_1_1_METAL.png (deflated 72%)
  adding: home/yashturkar/Workspace/infinigen/outputs/restaurant_kitchen_1000sqft/spear_export_r256/export_scene.blend/textures/food_storage_bin_1_3_2_DIFFUSE.png (deflated 52%)
  adding: home/yashturkar/Workspace/infinigen/outputs/restaurant_kitchen_1000sqft/spear_export_r256/export_scene.blend/textures/window_stainless_frame_bottom_2_METAL.png (deflated 57%)
  adding: home/yashturkar/Workspace/infinigen/outputs/restaurant_kitchen_1000sqft/spear_export_r256/export_scene.blend/textures/plated_food_placeholder_-0_05_NORMAL.png (deflated 82%)
  adding: home/yashturkar/Workspace/infinigen/outputs/restaurant_kitchen_1000sqft/spear_export_r256/export_scene.blend/textures/twin_fryer_bank_black_cooking_surface_DIFFUSE.png (deflated 88%)
  adding: home/yashturkar/Workspace/infinigen/outputs/restaurant_kitchen_1000sqft/spear_export_r256/export_scene.blend/textures/plated_food_placeholder_-0_05_ROUGHNESS.png (deflated 63%)
  adding: home/yashturkar/Workspace/infinigen/outputs/restaurant_kitchen_1000sqft/spear_export_r256/export_scene.blend/textures/wall_clipboard_order_ticket_2_NORMAL.png (deflated 82%)
  adding: home/yashturkar/Workspace/infinigen/outputs/restaurant_kitchen_1000sqft/spear_export_r256/export_scene.blend/textures/food_storage_bin_0_0_0_NORMAL.png (deflated 82%)
  adding: home/yashturkar/Workspace/infinigen/outputs/restaurant_kitchen_1000sqft/spear_export_r256/export_scene.blend/textures/wire_shelf_0_3_ROUGHNESS.png (deflated 68%)
  adding: home/yashturkar/Workspace/infinigen/outputs/restaurant_kitchen_1000sqft/spear_export_r256/export_scene.blend/textures/central_prep_island_left_undershelf_DIFFUSE.png (deflated 69%)
  adding: home/yashturkar/Workspace/infinigen/outputs/restaurant_kitchen_1000sqft/spear_export_r256/export_scene.blend/textures/maple_cutting_board_0_55_ROUGHNESS.png (deflated 60%)
  adding: home/yashturkar/Workspace/infinigen/outputs/restaurant_kitchen_1000sqft/spear_export_r256/export_scene.blend/textures/hood_grease_filter_panel_-0_65_DIFFUSE.png (deflated 65%)
  adding: home/yashturkar/Workspace/infinigen/outputs/restaurant_kitchen_1000sqft/spear_export_r256/export_scene.blend/textures/floor_grout_line_x_0_8_ROUGHNESS.png (deflated 84%)
  adding: home/yashturkar/Workspace/infinigen/outputs/restaurant_kitchen_1000sqft/spear_export_r256/export_scene.blend/textures/sheet_pan_0_0_92_METAL.png (deflated 61%)
  adding: home/yashturkar/Workspace/infinigen/outputs/restaurant_kitchen_1000sqft/spear_export_r256/export_scene.blend/textures/stock_pot_dark_opening_3_METAL.png (deflated 10%)
  adding: home/yashturkar/Workspace/infinigen/outputs/restaurant_kitchen_1000sqft/spear_export_r256/export_scene.blend/textures/continuous_stainless_exhaust_hood_DIFFUSE.png (deflated 60%)
  adding: home/yashturkar/Workspace/infinigen/outputs/restaurant_kitchen_1000sqft/spear_export_r256/export_scene.blend/textures/wire_shelf_2_1_METAL.png (deflated 72%)
  adding: home/yashturkar/Workspace/infinigen/outputs/restaurant_kitchen_1000sqft/spear_export_r256/export_scene.blend/textures/twin_fryer_bank_red_control_knob_1_NORMAL.png (deflated 82%)
  adding: home/yashturkar/Workspace/infinigen/outputs/restaurant_kitchen_1000sqft/spear_export_r256/export_scene.blend/textures/stock_pot_dark_opening_0_NORMAL.png (deflated 82%)
  adding: home/yashturkar/Workspace/infinigen/outputs/restaurant_kitchen_1000sqft/spear_export_r256/export_scene.blend/textures/sheet_pan_1_0_62_ROUGHNESS.png (deflated 58%)
  adding: home/yashturkar/Workspace/infinigen/outputs/restaurant_kitchen_1000sqft/spear_export_r256/export_scene.blend/textures/sheet_pan_3_1_22_METAL.png (deflated 61%)
  adding: home/yashturkar/Workspace/infinigen/outputs/restaurant_kitchen_1000sqft/spear_export_r256/export_scene.blend/textures/wire_shelf_2_3_NORMAL.png (deflated 82%)
  adding: home/yashturkar/Workspace/infinigen/outputs/restaurant_kitchen_1000sqft/spear_export_r256/export_scene.blend/textures/floor_grout_line_x_-2_4_NORMAL.png (deflated 82%)
  adding: home/yashturkar/Workspace/infinigen/outputs/restaurant_kitchen_1000sqft/spear_export_r256/export_scene.blend/textures/wire_shelf_3_2_METAL.png (deflated 72%)
  adding: home/yashturkar/Workspace/infinigen/outputs/restaurant_kitchen_1000sqft/spear_export_r256/export_scene.blend/textures/food_storage_bin_3_2_1_ROUGHNESS.png (deflated 54%)
  adding: home/yashturkar/Workspace/infinigen/outputs/restaurant_kitchen_1000sqft/spear_export_r256/export_scene.blend/textures/plated_food_placeholder_-0_05_DIFFUSE.png (deflated 67%)
  adding: home/yashturkar/Workspace/infinigen/outputs/restaurant_kitchen_1000sqft/spear_export_r256/export_scene.blend/textures/sheet_pan_3_0_92_DIFFUSE.png (deflated 58%)
  adding: home/yashturkar/Workspace/infinigen/outputs/restaurant_kitchen_1000sqft/spear_export_r256/export_scene.blend/textures/real_high_kitchen_window_glass_0_ROUGHNESS.png (deflated 85%)
  adding: home/yashturkar/Workspace/infinigen/outputs/restaurant_kitchen_1000sqft/spear_export_r256/export_scene.blend/textures/convection_oven_black_cooking_surface_METAL.png (deflated 89%)
  adding: home/yashturkar/Workspace/infinigen/outputs/restaurant_kitchen_1000sqft/spear_export_r256/export_scene.blend/textures/floor_quarry_tile_slab_approx_1000_sqft_DIFFUSE.png (deflated 60%)
  adding: home/yashturkar/Workspace/infinigen/outputs/restaurant_kitchen_1000sqft/spear_export_r256/export_scene.blend/textures/food_storage_bin_0_1_1_DIFFUSE.png (deflated 52%)
  adding: home/yashturkar/Workspace/infinigen/outputs/restaurant_kitchen_1000sqft/spear_export_r256/export_scene.blend/textures/wall_clipboard_order_ticket_0_NORMAL.png (deflated 82%)
  adding: home/yashturkar/Workspace/infinigen/outputs/restaurant_kitchen_1000sqft/spear_export_r256/export_scene.blend/textures/window_stainless_frame_bottom_0_ROUGHNESS.png (deflated 61%)
  adding: home/yashturkar/Workspace/infinigen/outputs/restaurant_kitchen_1000sqft/spear_export_r256/export_scene.blend/textures/floor_grout_line_x_-0_8_ROUGHNESS.png (deflated 84%)
  adding: home/yashturkar/Workspace/infinigen/outputs/restaurant_kitchen_1000sqft/spear_export_r256/export_scene.blend/textures/food_storage_bin_0_1_2_ROUGHNESS.png (deflated 57%)
  adding: home/yashturkar/Workspace/infinigen/outputs/restaurant_kitchen_1000sqft/spear_export_r256/export_scene.blend/textures/food_storage_bin_1_1_0_NORMAL.png (deflated 82%)
  adding: home/yashturkar/Workspace/infinigen/outputs/restaurant_kitchen_1000sqft/spear_export_r256/export_scene.blend/textures/twin_fryer_bank_red_control_knob_2_NORMAL.png (deflated 82%)
  adding: home/yashturkar/Workspace/infinigen/outputs/restaurant_kitchen_1000sqft/spear_export_r256/export_scene.blend/textures/commercial_dishwasher_stainless_body_DIFFUSE.png (deflated 60%)
  adding: home/yashturkar/Workspace/infinigen/outputs/restaurant_kitchen_1000sqft/spear_export_r256/export_scene.blend/textures/secondary_dim_fixture_lens_1_DIFFUSE.png (deflated 67%)
  adding: home/yashturkar/Workspace/infinigen/outputs/restaurant_kitchen_1000sqft/spear_export_r256/export_scene.blend/textures/sheet_pan_3_1_22_NORMAL.png (deflated 82%)
  adding: home/yashturkar/Workspace/infinigen/outputs/restaurant_kitchen_1000sqft/spear_export_r256/export_scene.blend/textures/plated_food_placeholder_2_05_DIFFUSE.png (deflated 67%)
  adding: home/yashturkar/Workspace/infinigen/outputs/restaurant_kitchen_1000sqft/spear_export_r256/export_scene.blend/textures/sheet_pan_2_0_32_ROUGHNESS.png (deflated 58%)
  adding: home/yashturkar/Workspace/infinigen/outputs/restaurant_kitchen_1000sqft/spear_export_r256/export_scene.blend/textures/steam_table_red_control_knob_0_NORMAL.png (deflated 82%)
  adding: home/yashturkar/Workspace/infinigen/outputs/restaurant_kitchen_1000sqft/spear_export_r256/export_scene.blend/textures/wire_shelving_back_post_3_right_DIFFUSE.png (deflated 45%)
  adding: home/yashturkar/Workspace/infinigen/outputs/restaurant_kitchen_1000sqft/spear_export_r256/export_scene.blend/textures/stainless_stock_pot_2_ROUGHNESS.png (deflated 14%)
  adding: home/yashturkar/Workspace/infinigen/outputs/restaurant_kitchen_1000sqft/spear_export_r256/export_scene.blend/textures/window_stainless_frame_top_3_NORMAL.png (deflated 82%)
  adding: home/yashturkar/Workspace/infinigen/outputs/restaurant_kitchen_1000sqft/spear_export_r256/export_scene.blend/textures/flat_top_griddle_stainless_body_NORMAL.png (deflated 4%)
  adding: home/yashturkar/Workspace/infinigen/outputs/restaurant_kitchen_1000sqft/spear_export_r256/export_scene.blend/textures/east_window_mullion_or_end_3_NORMAL.png (deflated 2%)
  adding: home/yashturkar/Workspace/infinigen/outputs/restaurant_kitchen_1000sqft/spear_export_r256/export_scene.blend/textures/central_prep_island_right_round_leg_-0_9_-0_3_METAL.png (deflated 32%)
  adding: home/yashturkar/Workspace/infinigen/outputs/restaurant_kitchen_1000sqft/spear_export_r256/export_scene.blend/textures/west_cookline_wall_DIFFUSE.png (deflated 54%)
  adding: home/yashturkar/Workspace/infinigen/outputs/restaurant_kitchen_1000sqft/spear_export_r256/export_scene.blend/textures/sink_basin_dark_insert_0_95_ROUGHNESS.png (deflated 69%)
  adding: home/yashturkar/Workspace/infinigen/outputs/restaurant_kitchen_1000sqft/spear_export_r256/export_scene.blend/textures/convection_oven_stainless_body_DIFFUSE.png (deflated 64%)
  adding: home/yashturkar/Workspace/infinigen/outputs/restaurant_kitchen_1000sqft/spear_export_r256/export_scene.blend/textures/stock_pot_dark_opening_4_DIFFUSE.png (deflated 9%)
  adding: home/yashturkar/Workspace/infinigen/outputs/restaurant_kitchen_1000sqft/spear_export_r256/export_scene.blend/textures/twin_fryer_bank_red_control_knob_2_DIFFUSE.png (deflated 26%)
  adding: home/yashturkar/Workspace/infinigen/outputs/restaurant_kitchen_1000sqft/spear_export_r256/export_scene.blend/textures/floor_grout_line_x_-4_0_ROUGHNESS.png (deflated 84%)
  adding: home/yashturkar/Workspace/infinigen/outputs/restaurant_kitchen_1000sqft/spear_export_r256/export_scene.blend/textures/central_prep_island_right_round_leg_0_9_0_3_DIFFUSE.png (deflated 33%)
  adding: home/yashturkar/Workspace/infinigen/outputs/restaurant_kitchen_1000sqft/spear_export_r256/export_scene.blend/textures/sheet_pan_1_1_22_METAL.png (deflated 61%)
  adding: home/yashturkar/Workspace/infinigen/outputs/restaurant_kitchen_1000sqft/spear_export_r256/export_scene.blend/textures/food_storage_bin_1_3_0_ROUGHNESS.png (deflated 54%)
  adding: home/yashturkar/Workspace/infinigen/outputs/restaurant_kitchen_1000sqft/spear_export_r256/export_scene.blend/textures/dishwasher_pull_handle_ROUGHNESS.png (deflated 60%)
  adding: home/yashturkar/Workspace/infinigen/outputs/restaurant_kitchen_1000sqft/spear_export_r256/export_scene.blend/textures/twin_fryer_bank_stainless_body_NORMAL.png (deflated 4%)
  adding: home/yashturkar/Workspace/infinigen/outputs/restaurant_kitchen_1000sqft/spear_export_r256/export_scene.blend/textures/ceiling_linear_fixture_housing_3_NORMAL.png (deflated 82%)
  adding: home/yashturkar/Workspace/infinigen/outputs/restaurant_kitchen_1000sqft/spear_export_r256/export_scene.blend/textures/central_prep_island_right_undershelf_METAL.png (deflated 70%)
  adding: home/yashturkar/Workspace/infinigen/outputs/restaurant_kitchen_1000sqft/spear_export_r256/export_scene.blend/textures/food_storage_bin_2_0_2_DIFFUSE.png (deflated 52%)
  adding: home/yashturkar/Workspace/infinigen/outputs/restaurant_kitchen_1000sqft/spear_export_r256/export_scene.blend/textures/undercounter_refrigerated_drawer_-1_85_stainless_body_NORMAL.png (deflated 2%)
  adding: home/yashturkar/Workspace/infinigen/outputs/restaurant_kitchen_1000sqft/spear_export_r256/export_scene.blend/textures/stock_pot_dark_opening_0_DIFFUSE.png (deflated 9%)
  adding: home/yashturkar/Workspace/infinigen/outputs/restaurant_kitchen_1000sqft/spear_export_r256/export_scene.blend/textures/wall_clipboard_order_ticket_2_DIFFUSE.png (deflated 65%)
  adding: home/yashturkar/Workspace/infinigen/outputs/restaurant_kitchen_1000sqft/spear_export_r256/export_scene.blend/textures/floor_grout_line_x_4_0_ROUGHNESS.png (deflated 84%)
  adding: home/yashturkar/Workspace/infinigen/outputs/restaurant_kitchen_1000sqft/spear_export_r256/export_scene.blend/textures/food_storage_bin_2_1_1_DIFFUSE.png (deflated 52%)
  adding: home/yashturkar/Workspace/infinigen/outputs/restaurant_kitchen_1000sqft/spear_export_r256/export_scene.blend/textures/stock_pot_dark_opening_1_METAL.png (deflated 10%)
  adding: home/yashturkar/Workspace/infinigen/outputs/restaurant_kitchen_1000sqft/spear_export_r256/export_scene.blend/textures/sink_basin_dark_insert_1_65_NORMAL.png (deflated 82%)
  adding: home/yashturkar/Workspace/infinigen/outputs/restaurant_kitchen_1000sqft/spear_export_r256/export_scene.blend/textures/sheet_pan_0_0_92_DIFFUSE.png (deflated 58%)
  adding: home/yashturkar/Workspace/infinigen/outputs/restaurant_kitchen_1000sqft/spear_export_r256/export_scene.blend/textures/east_window_mullion_or_end_0_ROUGHNESS.png (deflated 69%)
  adding: home/yashturkar/Workspace/infinigen/outputs/restaurant_kitchen_1000sqft/spear_export_r256/export_scene.blend/textures/wire_shelving_back_post_0_left_DIFFUSE.png (deflated 45%)
  adding: home/yashturkar/Workspace/infinigen/outputs/restaurant_kitchen_1000sqft/spear_export_r256/export_scene.blend/textures/wire_shelving_back_post_1_left_METAL.png (deflated 44%)
  adding: home/yashturkar/Workspace/infinigen/outputs/restaurant_kitchen_1000sqft/spear_export_r256/export_scene.blend/textures/food_storage_bin_3_0_1_NORMAL.png (deflated 82%)
  adding: home/yashturkar/Workspace/infinigen/outputs/restaurant_kitchen_1000sqft/spear_export_r256/export_scene.blend/textures/flat_top_griddle_black_cooking_surface_METAL.png (deflated 89%)
  adding: home/yashturkar/Workspace/infinigen/outputs/restaurant_kitchen_1000sqft/spear_export_r256/export_scene.blend/textures/steam_table_red_control_knob_2_ROUGHNESS.png (deflated 22%)
  adding: home/yashturkar/Workspace/infinigen/outputs/restaurant_kitchen_1000sqft/spear_export_r256/export_scene.blend/textures/hood_grease_filter_panel_-0_65_ROUGHNESS.png (deflated 73%)
  adding: home/yashturkar/Workspace/infinigen/outputs/restaurant_kitchen_1000sqft/spear_export_r256/export_scene.blend/textures/stock_pot_dark_opening_3_ROUGHNESS.png (deflated 7%)
  adding: home/yashturkar/Workspace/infinigen/outputs/restaurant_kitchen_1000sqft/spear_export_r256/export_scene.blend/textures/wall_clipboard_order_ticket_3_DIFFUSE.png (deflated 65%)
  adding: home/yashturkar/Workspace/infinigen/outputs/restaurant_kitchen_1000sqft/spear_export_r256/export_scene.blend/textures/east_window_mullion_or_end_1_DIFFUSE.png (deflated 66%)
  adding: home/yashturkar/Workspace/infinigen/outputs/restaurant_kitchen_1000sqft/spear_export_r256/export_scene.blend/textures/walk_in_cooler_vertical_handle_DIFFUSE.png (deflated 24%)
  adding: home/yashturkar/Workspace/infinigen/outputs/restaurant_kitchen_1000sqft/spear_export_r256/export_scene.blend/textures/gooseneck_faucet_2_35_DIFFUSE.png (deflated 23%)
  adding: home/yashturkar/Workspace/infinigen/outputs/restaurant_kitchen_1000sqft/spear_export_r256/export_scene.blend/textures/wall_clipboard_order_ticket_0_ROUGHNESS.png (deflated 65%)
  adding: home/yashturkar/Workspace/infinigen/outputs/restaurant_kitchen_1000sqft/spear_export_r256/export_scene.blend/textures/food_storage_bin_2_1_1_NORMAL.png (deflated 82%)
  adding: home/yashturkar/Workspace/infinigen/outputs/restaurant_kitchen_1000sqft/spear_export_r256/export_scene.blend/textures/flat_top_griddle_red_control_knob_2_DIFFUSE.png (deflated 26%)
  adding: home/yashturkar/Workspace/infinigen/outputs/restaurant_kitchen_1000sqft/spear_export_r256/export_scene.blend/textures/food_storage_bin_1_0_0_DIFFUSE.png (deflated 52%)
  adding: home/yashturkar/Workspace/infinigen/outputs/restaurant_kitchen_1000sqft/spear_export_r256/export_scene.blend/textures/sheet_pan_2_1_22_ROUGHNESS.png (deflated 58%)
  adding: home/yashturkar/Workspace/infinigen/outputs/restaurant_kitchen_1000sqft/spear_export_r256/export_scene.blend/textures/south_storage_wall_ROUGHNESS.png (deflated 52%)
  adding: home/yashturkar/Workspace/infinigen/outputs/restaurant_kitchen_1000sqft/spear_export_r256/export_scene.blend/textures/central_prep_island_right_round_leg_-0_9_0_3_NORMAL.png (deflated 82%)
  adding: home/yashturkar/Workspace/infinigen/outputs/restaurant_kitchen_1000sqft/spear_export_r256/export_scene.blend/textures/food_storage_bin_3_0_2_DIFFUSE.png (deflated 52%)
  adding: home/yashturkar/Workspace/infinigen/outputs/restaurant_kitchen_1000sqft/spear_export_r256/export_scene.blend/textures/rear_receiving_door_metal_panel_NORMAL.png (deflated 2%)
  adding: home/yashturkar/Workspace/infinigen/outputs/restaurant_kitchen_1000sqft/spear_export_r256/export_scene.blend/textures/east_window_mullion_or_end_4_DIFFUSE.png (deflated 68%)
  adding: home/yashturkar/Workspace/infinigen/outputs/restaurant_kitchen_1000sqft/spear_export_r256/export_scene.blend/textures/floor_grout_line_y_4_0_DIFFUSE.png (deflated 84%)
  adding: home/yashturkar/Workspace/infinigen/outputs/restaurant_kitchen_1000sqft/spear_export_r256/export_scene.blend/textures/floor_grout_line_y_2_4_DIFFUSE.png (deflated 84%)
  adding: home/yashturkar/Workspace/infinigen/outputs/restaurant_kitchen_1000sqft/spear_export_r256/export_scene.blend/textures/wire_shelf_1_0_METAL.png (deflated 72%)
  adding: home/yashturkar/Workspace/infinigen/outputs/restaurant_kitchen_1000sqft/spear_export_r256/export_scene.blend/textures/six_burner_range_black_cooking_surface_NORMAL.png (deflated 82%)
  adding: home/yashturkar/Workspace/infinigen/outputs/restaurant_kitchen_1000sqft/spear_export_r256/export_scene.blend/textures/undercounter_refrigerated_drawer_1_85_stainless_body_NORMAL.png (deflated 2%)
  adding: home/yashturkar/Workspace/infinigen/outputs/restaurant_kitchen_1000sqft/spear_export_r256/export_scene.blend/textures/central_prep_island_left_round_leg_-0_9_-0_3_NORMAL.png (deflated 82%)
  adding: home/yashturkar/Workspace/infinigen/outputs/restaurant_kitchen_1000sqft/spear_export_r256/export_scene.blend/textures/food_storage_bin_3_1_0_ROUGHNESS.png (deflated 54%)
  adding: home/yashturkar/Workspace/infinigen/outputs/restaurant_kitchen_1000sqft/spear_export_r256/export_scene.blend/textures/food_storage_bin_0_2_0_ROUGHNESS.png (deflated 54%)
  adding: home/yashturkar/Workspace/infinigen/outputs/restaurant_kitchen_1000sqft/spear_export_r256/export_scene.blend/textures/real_high_kitchen_window_glass_1_NORMAL.png (deflated 82%)
  adding: home/yashturkar/Workspace/infinigen/outputs/restaurant_kitchen_1000sqft/spear_export_r256/export_scene.blend/textures/steam_table_stainless_body_DIFFUSE.png (deflated 64%)
  adding: home/yashturkar/Workspace/infinigen/outputs/restaurant_kitchen_1000sqft/spear_export_r256/export_scene.blend/textures/floor_grout_line_y_-1_6_DIFFUSE.png (deflated 84%)
  adding: home/yashturkar/Workspace/infinigen/outputs/restaurant_kitchen_1000sqft/spear_export_r256/export_scene.blend/textures/food_storage_bin_3_3_1_NORMAL.png (deflated 82%)
  adding: home/yashturkar/Workspace/infinigen/outputs/restaurant_kitchen_1000sqft/spear_export_r256/export_scene.blend/textures/food_storage_bin_0_3_0_DIFFUSE.png (deflated 52%)
  adding: home/yashturkar/Workspace/infinigen/outputs/restaurant_kitchen_1000sqft/spear_export_r256/export_scene.blend/textures/window_stainless_frame_bottom_0_NORMAL.png (deflated 82%)
  adding: home/yashturkar/Workspace/infinigen/outputs/restaurant_kitchen_1000sqft/spear_export_r256/export_scene.blend/textures/wire_shelf_3_3_DIFFUSE.png (deflated 72%)
  adding: home/yashturkar/Workspace/infinigen/outputs/restaurant_kitchen_1000sqft/spear_export_r256/export_scene.blend/textures/wire_shelf_1_2_METAL.png (deflated 72%)
  adding: home/yashturkar/Workspace/infinigen/outputs/restaurant_kitchen_1000sqft/spear_export_r256/export_scene.blend/textures/hood_grease_filter_panel_-2_0_ROUGHNESS.png (deflated 73%)
  adding: home/yashturkar/Workspace/infinigen/outputs/restaurant_kitchen_1000sqft/spear_export_r256/export_scene.blend/textures/window_stainless_frame_bottom_1_METAL.png (deflated 57%)
  adding: home/yashturkar/Workspace/infinigen/outputs/restaurant_kitchen_1000sqft/spear_export_r256/export_scene.blend/textures/floor_grout_line_y_3_2_DIFFUSE.png (deflated 84%)
  adding: home/yashturkar/Workspace/infinigen/outputs/restaurant_kitchen_1000sqft/spear_export_r256/export_scene.blend/textures/sheet_pan_2_0_32_DIFFUSE.png (deflated 58%)
  adding: home/yashturkar/Workspace/infinigen/outputs/restaurant_kitchen_1000sqft/spear_export_r256/export_scene.blend/textures/window_stainless_frame_top_1_NORMAL.png (deflated 82%)
  adding: home/yashturkar/Workspace/infinigen/outputs/restaurant_kitchen_1000sqft/spear_export_r256/export_scene.blend/textures/ceiling_linear_fixture_lens_1_DIFFUSE.png (deflated 70%)
  adding: home/yashturkar/Workspace/infinigen/outputs/restaurant_kitchen_1000sqft/spear_export_r256/export_scene.blend/textures/dish_area_floor_mat_ROUGHNESS.png (deflated 71%)
  adding: home/yashturkar/Workspace/infinigen/outputs/restaurant_kitchen_1000sqft/spear_export_r256/export_scene.blend/textures/sheet_pan_3_0_32_ROUGHNESS.png (deflated 58%)
  adding: home/yashturkar/Workspace/infinigen/outputs/restaurant_kitchen_1000sqft/spear_export_r256/export_scene.blend/textures/floor_grout_line_y_0_0_NORMAL.png (deflated 82%)
  adding: home/yashturkar/Workspace/infinigen/outputs/restaurant_kitchen_1000sqft/spear_export_r256/export_scene.blend/textures/wall_clipboard_order_ticket_2_ROUGHNESS.png (deflated 65%)
  adding: home/yashturkar/Workspace/infinigen/outputs/restaurant_kitchen_1000sqft/spear_export_r256/export_scene.blend/textures/wire_shelf_2_2_METAL.png (deflated 72%)
  adding: home/yashturkar/Workspace/infinigen/outputs/restaurant_kitchen_1000sqft/spear_export_r256/export_scene.blend/textures/gooseneck_faucet_2_35_NORMAL.png (deflated 82%)
  adding: home/yashturkar/Workspace/infinigen/outputs/restaurant_kitchen_1000sqft/spear_export_r256/export_scene.blend/textures/service_pass_heat_lamp_lens_NORMAL.png (deflated 82%)
  adding: home/yashturkar/Workspace/infinigen/outputs/restaurant_kitchen_1000sqft/spear_export_r256/export_scene.blend/textures/food_storage_bin_0_0_1_NORMAL.png (deflated 82%)
  adding: home/yashturkar/Workspace/infinigen/outputs/restaurant_kitchen_1000sqft/spear_export_r256/export_scene.blend/textures/plated_food_placeholder_1_35_DIFFUSE.png (deflated 67%)
  adding: home/yashturkar/Workspace/infinigen/outputs/restaurant_kitchen_1000sqft/spear_export_r256/export_scene.blend/textures/central_prep_island_left_round_leg_-0_9_-0_3_ROUGHNESS.png (deflated 36%)
  adding: home/yashturkar/Workspace/infinigen/outputs/restaurant_kitchen_1000sqft/spear_export_r256/export_scene.blend/textures/food_storage_bin_3_3_2_DIFFUSE.png (deflated 52%)
  adding: home/yashturkar/Workspace/infinigen/outputs/restaurant_kitchen_1000sqft/spear_export_r256/export_scene.blend/textures/twin_fryer_bank_stainless_body_DIFFUSE.png (deflated 64%)
  adding: home/yashturkar/Workspace/infinigen/outputs/restaurant_kitchen_1000sqft/spear_export_r256/export_scene.blend/textures/real_high_kitchen_window_glass_3_ROUGHNESS.png (deflated 85%)
  adding: home/yashturkar/Workspace/infinigen/outputs/restaurant_kitchen_1000sqft/spear_export_r256/export_scene.blend/textures/maple_cutting_board_-1_45_DIFFUSE.png (deflated 59%)
  adding: home/yashturkar/Workspace/infinigen/outputs/restaurant_kitchen_1000sqft/spear_export_r256/export_scene.blend/textures/window_stainless_frame_bottom_0_DIFFUSE.png (deflated 61%)
  adding: home/yashturkar/Workspace/infinigen/outputs/restaurant_kitchen_1000sqft/spear_export_r256/export_scene.blend/textures/window_stainless_frame_bottom_2_DIFFUSE.png (deflated 61%)
  adding: home/yashturkar/Workspace/infinigen/outputs/restaurant_kitchen_1000sqft/spear_export_r256/export_scene.blend/textures/flat_top_griddle_black_cooking_surface_ROUGHNESS.png (deflated 89%)
  adding: home/yashturkar/Workspace/infinigen/outputs/restaurant_kitchen_1000sqft/spear_export_r256/export_scene.blend/textures/floor_grout_line_y_3_2_NORMAL.png (deflated 82%)
  adding: home/yashturkar/Workspace/infinigen/outputs/restaurant_kitchen_1000sqft/spear_export_r256/export_scene.blend/textures/sheet_pan_3_0_32_DIFFUSE.png (deflated 58%)
  adding: home/yashturkar/Workspace/infinigen/outputs/restaurant_kitchen_1000sqft/spear_export_r256/export_scene.blend/textures/flat_top_griddle_stainless_body_DIFFUSE.png (deflated 64%)
  adding: home/yashturkar/Workspace/infinigen/outputs/restaurant_kitchen_1000sqft/spear_export_r256/export_scene.blend/textures/gooseneck_faucet_1_65_METAL.png (deflated 25%)
  adding: home/yashturkar/Workspace/infinigen/outputs/restaurant_kitchen_1000sqft/spear_export_r256/export_scene.blend/textures/gooseneck_faucet_0_95_NORMAL.png (deflated 82%)
  adding: home/yashturkar/Workspace/infinigen/outputs/restaurant_kitchen_1000sqft/spear_export_r256/export_scene.blend/textures/stock_pot_dark_opening_0_ROUGHNESS.png (deflated 7%)
  adding: home/yashturkar/Workspace/infinigen/outputs/restaurant_kitchen_1000sqft/spear_export_r256/export_scene.blend/textures/wire_shelving_back_post_3_left_ROUGHNESS.png (deflated 47%)
  adding: home/yashturkar/Workspace/infinigen/outputs/restaurant_kitchen_1000sqft/spear_export_r256/export_scene.blend/textures/twin_fryer_bank_red_control_knob_0_ROUGHNESS.png (deflated 22%)
  adding: home/yashturkar/Workspace/infinigen/outputs/restaurant_kitchen_1000sqft/spear_export_r256/export_scene.blend/textures/west_cookline_wall_ROUGHNESS.png (deflated 52%)
  adding: home/yashturkar/Workspace/infinigen/outputs/restaurant_kitchen_1000sqft/spear_export_r256/export_scene.blend/textures/food_storage_bin_0_0_0_ROUGHNESS.png (deflated 54%)
  adding: home/yashturkar/Workspace/infinigen/outputs/restaurant_kitchen_1000sqft/spear_export_r256/export_scene.blend/textures/rolling_speed_rack_frame_1_NORMAL.png (deflated 82%)
  adding: home/yashturkar/Workspace/infinigen/outputs/restaurant_kitchen_1000sqft/spear_export_r256/export_scene.blend/textures/sink_basin_dark_insert_2_35_METAL.png (deflated 69%)
  adding: home/yashturkar/Workspace/infinigen/outputs/restaurant_kitchen_1000sqft/spear_export_r256/export_scene.blend/textures/floor_grout_line_y_-1_6_NORMAL.png (deflated 82%)
  adding: home/yashturkar/Workspace/infinigen/outputs/restaurant_kitchen_1000sqft/spear_export_r256/export_scene.blend/textures/central_prep_island_right_round_leg_0_9_-0_3_DIFFUSE.png (deflated 33%)
  adding: home/yashturkar/Workspace/infinigen/outputs/restaurant_kitchen_1000sqft/spear_export_r256/export_scene.blend/textures/floor_grout_line_x_1_6_NORMAL.png (deflated 82%)
  adding: home/yashturkar/Workspace/infinigen/outputs/restaurant_kitchen_1000sqft/spear_export_r256/export_scene.blend/textures/stock_pot_dark_opening_4_NORMAL.png (deflated 82%)
  adding: home/yashturkar/Workspace/infinigen/outputs/restaurant_kitchen_1000sqft/spear_export_r256/export_scene.blend/textures/food_storage_bin_2_2_2_NORMAL.png (deflated 82%)
  adding: home/yashturkar/Workspace/infinigen/outputs/restaurant_kitchen_1000sqft/spear_export_r256/export_scene.blend/textures/floor_grout_line_y_-1_6_ROUGHNESS.png (deflated 84%)
  adding: home/yashturkar/Workspace/infinigen/outputs/restaurant_kitchen_1000sqft/spear_export_r256/export_scene.blend/textures/plated_food_placeholder_0_65_NORMAL.png (deflated 82%)
  adding: home/yashturkar/Workspace/infinigen/outputs/restaurant_kitchen_1000sqft/spear_export_r256/export_scene.blend/textures/wire_shelf_0_3_NORMAL.png (deflated 82%)
  adding: home/yashturkar/Workspace/infinigen/outputs/restaurant_kitchen_1000sqft/spear_export_r256/export_scene.blend/textures/food_storage_bin_3_2_0_DIFFUSE.png (deflated 52%)
  adding: home/yashturkar/Workspace/infinigen/outputs/restaurant_kitchen_1000sqft/spear_export_r256/export_scene.blend/textures/food_storage_bin_1_1_1_DIFFUSE.png (deflated 52%)
  adding: home/yashturkar/Workspace/infinigen/outputs/restaurant_kitchen_1000sqft/spear_export_r256/export_scene.blend/textures/sheet_pan_1_1_22_DIFFUSE.png (deflated 58%)
  adding: home/yashturkar/Workspace/infinigen/outputs/restaurant_kitchen_1000sqft/spear_export_r256/export_scene.blend/textures/food_storage_bin_0_3_1_DIFFUSE.png (deflated 52%)
  adding: home/yashturkar/Workspace/infinigen/outputs/restaurant_kitchen_1000sqft/spear_export_r256/export_scene.blend/textures/central_prep_island_right_stainless_top_NORMAL.png (deflated 1%)
  adding: home/yashturkar/Workspace/infinigen/outputs/restaurant_kitchen_1000sqft/spear_export_r256/export_scene.blend/textures/central_prep_island_left_round_leg_-0_9_0_3_DIFFUSE.png (deflated 33%)
  adding: home/yashturkar/Workspace/infinigen/outputs/restaurant_kitchen_1000sqft/spear_export_r256/export_scene.blend/textures/cookline_black_anti_fatigue_mat_DIFFUSE.png (deflated 78%)
  adding: home/yashturkar/Workspace/infinigen/outputs/restaurant_kitchen_1000sqft/spear_export_r256/export_scene.blend/textures/convection_oven_black_cooking_surface_NORMAL.png (deflated 82%)
  adding: home/yashturkar/Workspace/infinigen/outputs/restaurant_kitchen_1000sqft/spear_export_r256/export_scene.blend/textures/six_burner_range_red_control_knob_0_NORMAL.png (deflated 82%)
  adding: home/yashturkar/Workspace/infinigen/outputs/restaurant_kitchen_1000sqft/spear_export_r256/export_scene.blend/textures/food_storage_bin_1_0_2_DIFFUSE.png (deflated 52%)
  adding: home/yashturkar/Workspace/infinigen/outputs/restaurant_kitchen_1000sqft/spear_export_r256/export_scene.blend/textures/ceiling_linear_fixture_housing_3_DIFFUSE.png (deflated 64%)
  adding: home/yashturkar/Workspace/infinigen/outputs/restaurant_kitchen_1000sqft/spear_export_r256/export_scene.blend/textures/ceiling_linear_fixture_lens_3_DIFFUSE.png (deflated 70%)
  adding: home/yashturkar/Workspace/infinigen/outputs/restaurant_kitchen_1000sqft/spear_export_r256/export_scene.blend/textures/six_burner_range_black_cooking_surface_METAL.png (deflated 89%)
  adding: home/yashturkar/Workspace/infinigen/outputs/restaurant_kitchen_1000sqft/spear_export_r256/export_scene.blend/textures/sink_basin_dark_insert_2_35_NORMAL.png (deflated 82%)
  adding: home/yashturkar/Workspace/infinigen/outputs/restaurant_kitchen_1000sqft/spear_export_r256/export_scene.blend/textures/hood_grease_filter_panel_-0_65_METAL.png (deflated 72%)
  adding: home/yashturkar/Workspace/infinigen/outputs/restaurant_kitchen_1000sqft/spear_export_r256/export_scene.blend/textures/stainless_stock_pot_4_ROUGHNESS.png (deflated 14%)
  adding: home/yashturkar/Workspace/infinigen/outputs/restaurant_kitchen_1000sqft/spear_export_r256/export_scene.blend/textures/sheet_pan_2_0_32_NORMAL.png (deflated 82%)
  adding: home/yashturkar/Workspace/infinigen/outputs/restaurant_kitchen_1000sqft/spear_export_r256/export_scene.blend/textures/walk_in_cooler_door_DIFFUSE.png (deflated 66%)
  adding: home/yashturkar/Workspace/infinigen/outputs/restaurant_kitchen_1000sqft/spear_export_r256/export_scene.blend/textures/sheet_pan_1_0_92_NORMAL.png (deflated 82%)
  adding: home/yashturkar/Workspace/infinigen/outputs/restaurant_kitchen_1000sqft/spear_export_r256/export_scene.blend/textures/wire_shelf_2_3_METAL.png (deflated 72%)
  adding: home/yashturkar/Workspace/infinigen/outputs/restaurant_kitchen_1000sqft/spear_export_r256/export_scene.blend/textures/wire_shelf_0_1_METAL.png (deflated 72%)
  adding: home/yashturkar/Workspace/infinigen/outputs/restaurant_kitchen_1000sqft/spear_export_r256/export_scene.blend/textures/central_prep_island_right_round_leg_0_9_0_3_NORMAL.png (deflated 82%)
  adding: home/yashturkar/Workspace/infinigen/outputs/restaurant_kitchen_1000sqft/spear_export_r256/export_scene.blend/textures/sheet_pan_3_0_62_ROUGHNESS.png (deflated 58%)
  adding: home/yashturkar/Workspace/infinigen/outputs/restaurant_kitchen_1000sqft/spear_export_r256/export_scene.blend/textures/food_storage_bin_3_3_1_DIFFUSE.png (deflated 52%)
  adding: home/yashturkar/Workspace/infinigen/outputs/restaurant_kitchen_1000sqft/spear_export_r256/export_scene.blend/textures/sheet_pan_0_0_32_METAL.png (deflated 61%)
  adding: home/yashturkar/Workspace/infinigen/outputs/restaurant_kitchen_1000sqft/spear_export_r256/export_scene.blend/textures/floor_grout_line_x_2_4_NORMAL.png (deflated 82%)
  adding: home/yashturkar/Workspace/infinigen/outputs/restaurant_kitchen_1000sqft/spear_export_r256/export_scene.blend/textures/wire_shelf_3_3_METAL.png (deflated 72%)
  adding: home/yashturkar/Workspace/infinigen/outputs/restaurant_kitchen_1000sqft/spear_export_r256/export_scene.blend/textures/twin_fryer_bank_red_control_knob_1_DIFFUSE.png (deflated 26%)
  adding: home/yashturkar/Workspace/infinigen/outputs/restaurant_kitchen_1000sqft/spear_export_r256/export_scene.blend/textures/real_high_kitchen_window_glass_3_TRANSMISSION.png (deflated 77%)
  adding: home/yashturkar/Workspace/infinigen/outputs/restaurant_kitchen_1000sqft/spear_export_r256/export_scene.blend/textures/cookline_black_anti_fatigue_mat_NORMAL.png (deflated 82%)
  adding: home/yashturkar/Workspace/infinigen/outputs/restaurant_kitchen_1000sqft/spear_export_r256/export_scene.blend/textures/food_storage_bin_0_2_2_ROUGHNESS.png (deflated 54%)
  adding: home/yashturkar/Workspace/infinigen/outputs/restaurant_kitchen_1000sqft/spear_export_r256/export_scene.blend/textures/steam_table_stainless_body_NORMAL.png (deflated 4%)
  adding: home/yashturkar/Workspace/infinigen/outputs/restaurant_kitchen_1000sqft/spear_export_r256/export_scene.blend/textures/central_prep_island_left_round_leg_0_9_0_3_ROUGHNESS.png (deflated 36%)
  adding: home/yashturkar/Workspace/infinigen/outputs/restaurant_kitchen_1000sqft/spear_export_r256/export_scene.blend/textures/food_storage_bin_1_1_1_NORMAL.png (deflated 82%)
  adding: home/yashturkar/Workspace/infinigen/outputs/restaurant_kitchen_1000sqft/spear_export_r256/export_scene.blend/textures/window_stainless_frame_top_2_ROUGHNESS.png (deflated 61%)
  adding: home/yashturkar/Workspace/infinigen/outputs/restaurant_kitchen_1000sqft/spear_export_r256/export_scene.blend/textures/floor_grout_line_x_0_0_DIFFUSE.png (deflated 84%)
  adding: home/yashturkar/Workspace/infinigen/outputs/restaurant_kitchen_1000sqft/spear_export_r256/export_scene.blend/textures/wall_clipboard_order_ticket_3_ROUGHNESS.png (deflated 65%)
  adding: home/yashturkar/Workspace/infinigen/outputs/restaurant_kitchen_1000sqft/spear_export_r256/export_scene.blend/textures/distant_service_alley_wall_ROUGHNESS.png (deflated 87%)
  adding: home/yashturkar/Workspace/infinigen/outputs/restaurant_kitchen_1000sqft/spear_export_r256/export_scene.blend/textures/sheet_pan_3_0_32_NORMAL.png (deflated 82%)
  adding: home/yashturkar/Workspace/infinigen/outputs/restaurant_kitchen_1000sqft/spear_export_r256/export_scene.blend/textures/wire_shelving_back_post_0_left_ROUGHNESS.png (deflated 47%)
  adding: home/yashturkar/Workspace/infinigen/outputs/restaurant_kitchen_1000sqft/spear_export_r256/export_scene.blend/textures/food_storage_bin_0_2_2_DIFFUSE.png (deflated 52%)
  adding: home/yashturkar/Workspace/infinigen/outputs/restaurant_kitchen_1000sqft/spear_export_r256/export_scene.blend/textures/food_storage_bin_3_1_2_ROUGHNESS.png (deflated 54%)
  adding: home/yashturkar/Workspace/infinigen/outputs/restaurant_kitchen_1000sqft/spear_export_r256/export_scene.blend/textures/sheet_pan_0_0_62_METAL.png (deflated 61%)
  adding: home/yashturkar/Workspace/infinigen/outputs/restaurant_kitchen_1000sqft/spear_export_r256/export_scene.blend/textures/food_storage_bin_2_1_2_NORMAL.png (deflated 82%)
  adding: home/yashturkar/Workspace/infinigen/outputs/restaurant_kitchen_1000sqft/spear_export_r256/export_scene.blend/textures/wire_shelf_2_0_ROUGHNESS.png (deflated 68%)
  adding: home/yashturkar/Workspace/infinigen/outputs/restaurant_kitchen_1000sqft/spear_export_r256/export_scene.blend/textures/sheet_pan_0_1_22_DIFFUSE.png (deflated 58%)
  adding: home/yashturkar/Workspace/infinigen/outputs/restaurant_kitchen_1000sqft/spear_export_r256/export_scene.blend/textures/stock_pot_dark_opening_4_ROUGHNESS.png (deflated 7%)
  adding: home/yashturkar/Workspace/infinigen/outputs/restaurant_kitchen_1000sqft/spear_export_r256/export_scene.blend/textures/hood_grease_filter_panel_-0_65_NORMAL.png (deflated 82%)
  adding: home/yashturkar/Workspace/infinigen/outputs/restaurant_kitchen_1000sqft/spear_export_r256/export_scene.blend/textures/sink_basin_dark_insert_0_95_DIFFUSE.png (deflated 66%)
  adding: home/yashturkar/Workspace/infinigen/outputs/restaurant_kitchen_1000sqft/spear_export_r256/export_scene.blend/textures/central_prep_island_left_undershelf_NORMAL.png (deflated 82%)
  adding: home/yashturkar/Workspace/infinigen/outputs/restaurant_kitchen_1000sqft/spear_export_r256/export_scene.blend/textures/central_prep_island_left_round_leg_0_9_-0_3_NORMAL.png (deflated 82%)
  adding: home/yashturkar/Workspace/infinigen/outputs/restaurant_kitchen_1000sqft/spear_export_r256/export_scene.blend/textures/central_prep_island_left_round_leg_-0_9_0_3_METAL.png (deflated 32%)
  adding: home/yashturkar/Workspace/infinigen/outputs/restaurant_kitchen_1000sqft/spear_export_r256/export_scene.blend/textures/sheet_pan_2_0_92_NORMAL.png (deflated 82%)
  adding: home/yashturkar/Workspace/infinigen/outputs/restaurant_kitchen_1000sqft/spear_export_r256/export_scene.blend/textures/hood_grease_filter_panel_0_7_NORMAL.png (deflated 82%)
  adding: home/yashturkar/Workspace/infinigen/outputs/restaurant_kitchen_1000sqft/spear_export_r256/export_scene.blend/textures/six_burner_range_black_cooking_surface_DIFFUSE.png (deflated 88%)
  adding: home/yashturkar/Workspace/infinigen/outputs/restaurant_kitchen_1000sqft/spear_export_r256/export_scene.blend/textures/six_burner_range_black_cooking_surface_ROUGHNESS.png (deflated 89%)
  adding: home/yashturkar/Workspace/infinigen/outputs/restaurant_kitchen_1000sqft/spear_export_r256/export_scene.blend/textures/hood_grease_filter_panel_-2_0_METAL.png (deflated 72%)
  adding: home/yashturkar/Workspace/infinigen/outputs/restaurant_kitchen_1000sqft/spear_export_r256/export_scene.blend/textures/food_storage_bin_2_0_1_NORMAL.png (deflated 82%)
  adding: home/yashturkar/Workspace/infinigen/outputs/restaurant_kitchen_1000sqft/spear_export_r256/export_scene.blend/textures/stainless_stock_pot_2_NORMAL.png (deflated 82%)
  adding: home/yashturkar/Workspace/infinigen/outputs/restaurant_kitchen_1000sqft/spear_export_r256/export_scene.blend/textures/central_prep_island_right_undershelf_NORMAL.png (deflated 82%)
  adding: home/yashturkar/Workspace/infinigen/outputs/restaurant_kitchen_1000sqft/spear_export_r256/export_scene.blend/textures/sheet_pan_0_0_92_ROUGHNESS.png (deflated 58%)
  adding: home/yashturkar/Workspace/infinigen/outputs/restaurant_kitchen_1000sqft/spear_export_r256/export_scene.blend/textures/hood_grease_filter_panel_0_7_ROUGHNESS.png (deflated 73%)
  adding: home/yashturkar/Workspace/infinigen/outputs/restaurant_kitchen_1000sqft/spear_export_r256/export_scene.blend/textures/real_high_kitchen_window_glass_2_TRANSMISSION.png (deflated 77%)
  adding: home/yashturkar/Workspace/infinigen/outputs/restaurant_kitchen_1000sqft/spear_export_r256/export_scene.blend/textures/central_prep_island_right_undershelf_DIFFUSE.png (deflated 69%)
  adding: home/yashturkar/Workspace/infinigen/outputs/restaurant_kitchen_1000sqft/spear_export_r256/export_scene.blend/textures/receiving_door_pull_bar_DIFFUSE.png (deflated 32%)
  adding: home/yashturkar/Workspace/infinigen/outputs/restaurant_kitchen_1000sqft/spear_export_r256/export_scene.blend/textures/sheet_pan_1_0_62_NORMAL.png (deflated 82%)
  adding: home/yashturkar/Workspace/infinigen/outputs/restaurant_kitchen_1000sqft/spear_export_r256/export_scene.blend/textures/gooseneck_faucet_1_65_DIFFUSE.png (deflated 23%)
  adding: home/yashturkar/Workspace/infinigen/outputs/restaurant_kitchen_1000sqft/spear_export_r256/export_scene.blend/textures/food_storage_bin_3_2_0_ROUGHNESS.png (deflated 57%)
  adding: home/yashturkar/Workspace/infinigen/outputs/restaurant_kitchen_1000sqft/spear_export_r256/export_scene.blend/textures/food_storage_bin_1_2_2_ROUGHNESS.png (deflated 57%)
  adding: home/yashturkar/Workspace/infinigen/outputs/restaurant_kitchen_1000sqft/spear_export_r256/export_scene.blend/textures/food_storage_bin_2_3_2_DIFFUSE.png (deflated 52%)
  adding: home/yashturkar/Workspace/infinigen/outputs/restaurant_kitchen_1000sqft/spear_export_r256/export_scene.blend/textures/dish_area_floor_mat_DIFFUSE.png (deflated 71%)
  adding: home/yashturkar/Workspace/infinigen/outputs/restaurant_kitchen_1000sqft/spear_export_r256/export_scene.blend/textures/central_prep_island_left_round_leg_-0_9_0_3_NORMAL.png (deflated 82%)
  adding: home/yashturkar/Workspace/infinigen/outputs/restaurant_kitchen_1000sqft/spear_export_r256/export_scene.blend/textures/convection_oven_red_control_knob_2_NORMAL.png (deflated 82%)
  adding: home/yashturkar/Workspace/infinigen/outputs/restaurant_kitchen_1000sqft/spear_export_r256/export_scene.blend/textures/wire_shelf_0_2_DIFFUSE.png (deflated 72%)
  adding: home/yashturkar/Workspace/infinigen/outputs/restaurant_kitchen_1000sqft/spear_export_r256/export_scene.blend/textures/flat_top_griddle_black_cooking_surface_DIFFUSE.png (deflated 88%)
  adding: home/yashturkar/Workspace/infinigen/outputs/restaurant_kitchen_1000sqft/spear_export_r256/export_scene.blend/textures/food_storage_bin_0_2_0_DIFFUSE.png (deflated 52%)
  adding: home/yashturkar/Workspace/infinigen/outputs/restaurant_kitchen_1000sqft/spear_export_r256/export_scene.blend/textures/ceiling_linear_fixture_lens_3_NORMAL.png (deflated 82%)
  adding: home/yashturkar/Workspace/infinigen/outputs/restaurant_kitchen_1000sqft/spear_export_r256/export_scene.blend/textures/three_compartment_sink_stainless_body_NORMAL.png (deflated 6%)
  adding: home/yashturkar/Workspace/infinigen/outputs/restaurant_kitchen_1000sqft/spear_export_r256/export_scene.blend/textures/distant_service_alley_wall_DIFFUSE.png (deflated 87%)
  adding: home/yashturkar/Workspace/infinigen/outputs/restaurant_kitchen_1000sqft/spear_export_r256/export_scene.blend/textures/rolling_speed_rack_frame_0_DIFFUSE.png (deflated 68%)
  adding: home/yashturkar/Workspace/infinigen/outputs/restaurant_kitchen_1000sqft/spear_export_r256/export_scene.blend/textures/stainless_stock_pot_1_METAL.png (deflated 16%)
  adding: home/yashturkar/Workspace/infinigen/outputs/restaurant_kitchen_1000sqft/spear_export_r256/export_scene.blend/textures/wire_shelving_back_post_2_left_METAL.png (deflated 44%)
  adding: home/yashturkar/Workspace/infinigen/outputs/restaurant_kitchen_1000sqft/spear_export_r256/export_scene.blend/textures/wall_clipboard_order_ticket_1_NORMAL.png (deflated 82%)
  adding: home/yashturkar/Workspace/infinigen/outputs/restaurant_kitchen_1000sqft/spear_export_r256/export_scene.blend/textures/wire_shelf_1_3_ROUGHNESS.png (deflated 68%)
  adding: home/yashturkar/Workspace/infinigen/outputs/restaurant_kitchen_1000sqft/spear_export_r256/export_scene.blend/textures/maple_cutting_board_-0_65_NORMAL.png (deflated 82%)
  adding: home/yashturkar/Workspace/infinigen/outputs/restaurant_kitchen_1000sqft/spear_export_r256/export_scene.blend/textures/undercounter_refrigerated_drawer_1_85_stainless_body_ROUGHNESS.png (deflated 58%)
  adding: home/yashturkar/Workspace/infinigen/outputs/restaurant_kitchen_1000sqft/spear_export_r256/export_scene.blend/textures/central_prep_island_left_round_leg_-0_9_-0_3_METAL.png (deflated 32%)
  adding: home/yashturkar/Workspace/infinigen/outputs/restaurant_kitchen_1000sqft/spear_export_r256/export_scene.blend/textures/wire_shelving_back_post_1_left_DIFFUSE.png (deflated 45%)
  adding: home/yashturkar/Workspace/infinigen/outputs/restaurant_kitchen_1000sqft/spear_export_r256/export_scene.blend/textures/food_storage_bin_1_0_0_ROUGHNESS.png (deflated 57%)
  adding: home/yashturkar/Workspace/infinigen/outputs/restaurant_kitchen_1000sqft/spear_export_r256/export_scene.blend/textures/central_prep_island_right_round_leg_-0_9_-0_3_DIFFUSE.png (deflated 33%)
  adding: home/yashturkar/Workspace/infinigen/outputs/restaurant_kitchen_1000sqft/spear_export_r256/export_scene.blend/textures/food_storage_bin_0_3_2_NORMAL.png (deflated 82%)
  adding: home/yashturkar/Workspace/infinigen/outputs/restaurant_kitchen_1000sqft/spear_export_r256/export_scene.blend/textures/walk_in_cooler_door_NORMAL.png (deflated 82%)
  adding: home/yashturkar/Workspace/infinigen/outputs/restaurant_kitchen_1000sqft/spear_export_r256/export_scene.blend/textures/walk_in_cooler_door_ROUGHNESS.png (deflated 66%)
  adding: home/yashturkar/Workspace/infinigen/outputs/restaurant_kitchen_1000sqft/spear_export_r256/export_scene.blend/textures/open_service_pass_counter_ROUGHNESS.png (deflated 69%)
  adding: home/yashturkar/Workspace/infinigen/outputs/restaurant_kitchen_1000sqft/spear_export_r256/export_scene.blend/textures/food_storage_bin_3_0_0_NORMAL.png (deflated 82%)
  adding: home/yashturkar/Workspace/infinigen/outputs/restaurant_kitchen_1000sqft/spear_export_r256/export_scene.blend/textures/rolling_speed_rack_frame_0_METAL.png (deflated 69%)
  adding: home/yashturkar/Workspace/infinigen/outputs/restaurant_kitchen_1000sqft/spear_export_r256/export_scene.blend/textures/walk_in_cooler_vertical_handle_METAL.png (deflated 27%)
  adding: home/yashturkar/Workspace/infinigen/outputs/restaurant_kitchen_1000sqft/spear_export_r256/export_scene.blend/textures/food_storage_bin_1_2_2_NORMAL.png (deflated 82%)
  adding: home/yashturkar/Workspace/infinigen/outputs/restaurant_kitchen_1000sqft/spear_export_r256/export_scene.blend/textures/maple_cutting_board_0_55_NORMAL.png (deflated 82%)
  adding: home/yashturkar/Workspace/infinigen/outputs/restaurant_kitchen_1000sqft/spear_export_r256/export_scene.blend/textures/central_prep_island_right_round_leg_0_9_0_3_ROUGHNESS.png (deflated 36%)
  adding: home/yashturkar/Workspace/infinigen/outputs/restaurant_kitchen_1000sqft/spear_export_r256/export_scene.blend/textures/window_stainless_frame_top_3_DIFFUSE.png (deflated 61%)
  adding: home/yashturkar/Workspace/infinigen/outputs/restaurant_kitchen_1000sqft/spear_export_r256/export_scene.blend/textures/real_high_kitchen_window_glass_1_ROUGHNESS.png (deflated 85%)
  adding: home/yashturkar/Workspace/infinigen/outputs/restaurant_kitchen_1000sqft/spear_export_r256/export_scene.blend/textures/receiving_door_pull_bar_NORMAL.png (deflated 82%)
  adding: home/yashturkar/Workspace/infinigen/outputs/restaurant_kitchen_1000sqft/spear_export_r256/export_scene.blend/textures/stainless_stock_pot_0_METAL.png (deflated 16%)
  adding: home/yashturkar/Workspace/infinigen/outputs/restaurant_kitchen_1000sqft/spear_export_r256/export_scene.blend/textures/food_storage_bin_0_0_1_DIFFUSE.png (deflated 52%)
  adding: home/yashturkar/Workspace/infinigen/outputs/restaurant_kitchen_1000sqft/spear_export_r256/export_scene.blend/textures/receiving_door_pull_bar_ROUGHNESS.png (deflated 31%)
  adding: home/yashturkar/Workspace/infinigen/outputs/restaurant_kitchen_1000sqft/spear_export_r256/export_scene.blend/textures/food_storage_bin_2_1_1_ROUGHNESS.png (deflated 54%)
  adding: home/yashturkar/Workspace/infinigen/outputs/restaurant_kitchen_1000sqft/spear_export_r256/export_scene.blend/textures/food_storage_bin_0_2_1_NORMAL.png (deflated 82%)
  adding: home/yashturkar/Workspace/infinigen/outputs/restaurant_kitchen_1000sqft/spear_export_r256/export_scene.blend/textures/window_stainless_frame_bottom_3_ROUGHNESS.png (deflated 61%)
  adding: home/yashturkar/Workspace/infinigen/outputs/restaurant_kitchen_1000sqft/spear_export_r256/export_scene.blend/textures/wire_shelf_3_0_METAL.png (deflated 72%)
  adding: home/yashturkar/Workspace/infinigen/outputs/restaurant_kitchen_1000sqft/spear_export_r256/export_scene.blend/textures/wire_shelving_back_post_1_right_METAL.png (deflated 44%)
  adding: home/yashturkar/Workspace/infinigen/outputs/restaurant_kitchen_1000sqft/spear_export_r256/export_scene.blend/textures/sheet_pan_3_1_22_ROUGHNESS.png (deflated 58%)
  adding: home/yashturkar/Workspace/infinigen/outputs/restaurant_kitchen_1000sqft/spear_export_r256/export_scene.blend/textures/food_storage_bin_2_2_0_ROUGHNESS.png (deflated 54%)
  adding: home/yashturkar/Workspace/infinigen/outputs/restaurant_kitchen_1000sqft/spear_export_r256/export_scene.blend/textures/ceiling_linear_fixture_lens_3_ROUGHNESS.png (deflated 76%)
  adding: home/yashturkar/Workspace/infinigen/outputs/restaurant_kitchen_1000sqft/spear_export_r256/export_scene.blend/textures/ceiling_linear_fixture_lens_1_NORMAL.png (deflated 82%)
  adding: home/yashturkar/Workspace/infinigen/outputs/restaurant_kitchen_1000sqft/spear_export_r256/export_scene.blend/textures/steam_table_red_control_knob_0_ROUGHNESS.png (deflated 22%)
  adding: home/yashturkar/Workspace/infinigen/outputs/restaurant_kitchen_1000sqft/spear_export_r256/export_scene.blend/textures/twin_fryer_bank_stainless_body_ROUGHNESS.png (deflated 69%)
  adding: home/yashturkar/Workspace/infinigen/outputs/restaurant_kitchen_1000sqft/spear_export_r256/export_scene.blend/textures/food_storage_bin_2_3_0_DIFFUSE.png (deflated 52%)
  adding: home/yashturkar/Workspace/infinigen/outputs/restaurant_kitchen_1000sqft/spear_export_r256/export_scene.blend/textures/stock_pot_dark_opening_2_METAL.png (deflated 10%)
  adding: home/yashturkar/Workspace/infinigen/outputs/restaurant_kitchen_1000sqft/spear_export_r256/export_scene.blend/textures/stainless_stock_pot_4_NORMAL.png (deflated 82%)
  adding: home/yashturkar/Workspace/infinigen/outputs/restaurant_kitchen_1000sqft/spear_export_r256/export_scene.blend/textures/central_prep_island_right_round_leg_0_9_-0_3_ROUGHNESS.png (deflated 36%)
  adding: home/yashturkar/Workspace/infinigen/outputs/restaurant_kitchen_1000sqft/spear_export_r256/export_scene.blend/textures/twin_fryer_bank_stainless_body_METAL.png (deflated 67%)
  adding: home/yashturkar/Workspace/infinigen/outputs/restaurant_kitchen_1000sqft/spear_export_r256/export_scene.blend/textures/central_prep_island_right_round_leg_-0_9_-0_3_ROUGHNESS.png (deflated 36%)
  adding: home/yashturkar/Workspace/infinigen/outputs/restaurant_kitchen_1000sqft/spear_export_r256/export_scene.blend/textures/secondary_dim_fixture_lens_1_NORMAL.png (deflated 82%)
  adding: home/yashturkar/Workspace/infinigen/outputs/restaurant_kitchen_1000sqft/spear_export_r256/export_scene.blend/textures/wire_shelf_0_2_METAL.png (deflated 72%)
  adding: home/yashturkar/Workspace/infinigen/outputs/restaurant_kitchen_1000sqft/spear_export_r256/export_scene.blend/textures/maple_cutting_board_1_38_DIFFUSE.png (deflated 59%)
  adding: home/yashturkar/Workspace/infinigen/outputs/restaurant_kitchen_1000sqft/spear_export_r256/export_scene.blend/textures/stock_pot_dark_opening_1_NORMAL.png (deflated 82%)
  adding: home/yashturkar/Workspace/infinigen/outputs/restaurant_kitchen_1000sqft/spear_export_r256/export_scene.blend/textures/open_service_pass_counter_METAL.png (deflated 70%)
  adding: home/yashturkar/Workspace/infinigen/outputs/restaurant_kitchen_1000sqft/spear_export_r256/export_scene.blend/textures/sheet_pan_2_0_32_METAL.png (deflated 61%)
  adding: home/yashturkar/Workspace/infinigen/outputs/restaurant_kitchen_1000sqft/spear_export_r256/export_scene.blend/textures/sink_basin_dark_insert_1_65_METAL.png (deflated 69%)
  adding: home/yashturkar/Workspace/infinigen/outputs/restaurant_kitchen_1000sqft/spear_export_r256/export_scene.blend/textures/floor_grout_line_y_0_8_ROUGHNESS.png (deflated 84%)
  adding: home/yashturkar/Workspace/infinigen/outputs/restaurant_kitchen_1000sqft/spear_export_r256/export_scene.blend/textures/wire_shelf_3_1_DIFFUSE.png (deflated 72%)
  adding: home/yashturkar/Workspace/infinigen/outputs/restaurant_kitchen_1000sqft/spear_export_r256/export_scene.blend/textures/wire_shelving_back_post_3_right_NORMAL.png (deflated 82%)
  adding: home/yashturkar/Workspace/infinigen/outputs/restaurant_kitchen_1000sqft/spear_export_r256/export_scene.blend/textures/food_storage_bin_1_1_2_DIFFUSE.png (deflated 52%)
  adding: home/yashturkar/Workspace/infinigen/outputs/restaurant_kitchen_1000sqft/spear_export_r256/export_scene.blend/textures/food_storage_bin_0_0_2_ROUGHNESS.png (deflated 54%)
  adding: home/yashturkar/Workspace/infinigen/outputs/restaurant_kitchen_1000sqft/spear_export_r256/export_scene.blend/textures/six_burner_range_red_control_knob_0_ROUGHNESS.png (deflated 22%)
  adding: home/yashturkar/Workspace/infinigen/outputs/restaurant_kitchen_1000sqft/spear_export_r256/export_scene.blend/textures/sheet_pan_1_0_62_METAL.png (deflated 61%)
  adding: home/yashturkar/Workspace/infinigen/outputs/restaurant_kitchen_1000sqft/spear_export_r256/export_scene.blend/textures/wire_shelf_1_1_ROUGHNESS.png (deflated 68%)
  adding: home/yashturkar/Workspace/infinigen/outputs/restaurant_kitchen_1000sqft/spear_export_r256/export_scene.blend/textures/stainless_stock_pot_0_ROUGHNESS.png (deflated 14%)
  adding: home/yashturkar/Workspace/infinigen/outputs/restaurant_kitchen_1000sqft/spear_export_r256/export_scene.blend/textures/floor_grout_line_x_2_4_DIFFUSE.png (deflated 84%)
  adding: home/yashturkar/Workspace/infinigen/outputs/restaurant_kitchen_1000sqft/spear_export_r256/export_scene.blend/textures/sink_basin_dark_insert_1_65_DIFFUSE.png (deflated 66%)
  adding: home/yashturkar/Workspace/infinigen/outputs/restaurant_kitchen_1000sqft/spear_export_r256/export_scene.blend/textures/central_prep_island_right_round_leg_-0_9_0_3_ROUGHNESS.png (deflated 36%)
  adding: home/yashturkar/Workspace/infinigen/outputs/restaurant_kitchen_1000sqft/spear_export_r256/export_scene.blend/textures/flat_top_griddle_red_control_knob_1_DIFFUSE.png (deflated 26%)
  adding: home/yashturkar/Workspace/infinigen/outputs/restaurant_kitchen_1000sqft/spear_export_r256/export_scene.blend/textures/food_storage_bin_1_2_0_DIFFUSE.png (deflated 52%)
  adding: home/yashturkar/Workspace/infinigen/outputs/restaurant_kitchen_1000sqft/spear_export_r256/export_scene.blend/textures/wire_shelf_3_2_NORMAL.png (deflated 82%)
  adding: home/yashturkar/Workspace/infinigen/outputs/restaurant_kitchen_1000sqft/spear_export_r256/export_scene.blend/textures/east_wall_above_real_windows_ROUGHNESS.png (deflated 80%)
  adding: home/yashturkar/Workspace/infinigen/outputs/restaurant_kitchen_1000sqft/spear_export_r256/export_scene.blend/textures/food_storage_bin_1_0_2_ROUGHNESS.png (deflated 57%)
  adding: home/yashturkar/Workspace/infinigen/outputs/restaurant_kitchen_1000sqft/spear_export_r256/export_scene.blend/textures/food_storage_bin_2_3_1_DIFFUSE.png (deflated 52%)
  adding: home/yashturkar/Workspace/infinigen/outputs/restaurant_kitchen_1000sqft/spear_export_r256/export_scene.blend/textures/floor_grout_line_x_0_0_NORMAL.png (deflated 82%)
  adding: home/yashturkar/Workspace/infinigen/outputs/restaurant_kitchen_1000sqft/spear_export_r256/export_scene.blend/textures/window_stainless_frame_top_1_METAL.png (deflated 57%)
  adding: home/yashturkar/Workspace/infinigen/outputs/restaurant_kitchen_1000sqft/spear_export_r256/export_scene.blend/textures/food_storage_bin_2_2_1_NORMAL.png (deflated 82%)
  adding: home/yashturkar/Workspace/infinigen/outputs/restaurant_kitchen_1000sqft/spear_export_r256/export_scene.blend/textures/south_storage_wall_DIFFUSE.png (deflated 54%)
  adding: home/yashturkar/Workspace/infinigen/outputs/restaurant_kitchen_1000sqft/spear_export_r256/export_scene.blend/textures/real_high_kitchen_window_glass_0_NORMAL.png (deflated 82%)
  adding: home/yashturkar/Workspace/infinigen/outputs/restaurant_kitchen_1000sqft/spear_export_r256/export_scene.blend/textures/east_window_mullion_or_end_2_NORMAL.png (deflated 2%)
  adding: home/yashturkar/Workspace/infinigen/outputs/restaurant_kitchen_1000sqft/spear_export_r256/export_scene.blend/textures/ceiling_linear_fixture_housing_3_ROUGHNESS.png (deflated 68%)
  adding: home/yashturkar/Workspace/infinigen/outputs/restaurant_kitchen_1000sqft/spear_export_r256/export_scene.blend/textures/sink_basin_dark_insert_2_35_DIFFUSE.png (deflated 66%)
  adding: home/yashturkar/Workspace/infinigen/outputs/restaurant_kitchen_1000sqft/spear_export_r256/export_scene.blend/textures/north_prep_wall_with_service_door_NORMAL.png (deflated 7%)
  adding: home/yashturkar/Workspace/infinigen/outputs/restaurant_kitchen_1000sqft/spear_export_r256/export_scene.blend/textures/flat_top_griddle_stainless_body_ROUGHNESS.png (deflated 69%)
  adding: home/yashturkar/Workspace/infinigen/outputs/restaurant_kitchen_1000sqft/spear_export_r256/export_scene.blend/textures/six_burner_range_red_control_knob_2_DIFFUSE.png (deflated 26%)
  adding: home/yashturkar/Workspace/infinigen/outputs/restaurant_kitchen_1000sqft/spear_export_r256/export_scene.blend/textures/sheet_pan_2_1_22_METAL.png (deflated 61%)
  adding: home/yashturkar/Workspace/infinigen/outputs/restaurant_kitchen_1000sqft/spear_export_r256/export_scene.blend/textures/flat_top_griddle_stainless_body_METAL.png (deflated 67%)
  adding: home/yashturkar/Workspace/infinigen/outputs/restaurant_kitchen_1000sqft/spear_export_r256/export_scene.blend/textures/steam_table_black_cooking_surface_DIFFUSE.png (deflated 88%)
  adding: home/yashturkar/Workspace/infinigen/outputs/restaurant_kitchen_1000sqft/spear_export_r256/export_scene.blend/textures/floor_grout_line_y_0_0_DIFFUSE.png (deflated 84%)
  adding: home/yashturkar/Workspace/infinigen/outputs/restaurant_kitchen_1000sqft/spear_export_r256/export_scene.blend/textures/sheet_pan_1_1_22_NORMAL.png (deflated 82%)
  adding: home/yashturkar/Workspace/infinigen/outputs/restaurant_kitchen_1000sqft/spear_export_r256/export_scene.blend/textures/central_prep_island_left_round_leg_0_9_-0_3_METAL.png (deflated 32%)
  adding: home/yashturkar/Workspace/infinigen/outputs/restaurant_kitchen_1000sqft/spear_export_r256/export_scene.blend/textures/wire_shelf_0_1_NORMAL.png (deflated 82%)
  adding: home/yashturkar/Workspace/infinigen/outputs/restaurant_kitchen_1000sqft/spear_export_r256/export_scene.blend/textures/floor_grout_line_x_-0_8_NORMAL.png (deflated 82%)
  adding: home/yashturkar/Workspace/infinigen/outputs/restaurant_kitchen_1000sqft/spear_export_r256/export_scene.blend/textures/food_storage_bin_3_1_0_DIFFUSE.png (deflated 52%)
  adding: home/yashturkar/Workspace/infinigen/outputs/restaurant_kitchen_1000sqft/spear_export_r256/export_scene.blend/textures/steam_table_black_cooking_surface_METAL.png (deflated 89%)
  adding: home/yashturkar/Workspace/infinigen/outputs/restaurant_kitchen_1000sqft/spear_export_r256/export_scene.blend/textures/east_window_mullion_or_end_2_ROUGHNESS.png (deflated 67%)
  adding: home/yashturkar/Workspace/infinigen/outputs/restaurant_kitchen_1000sqft/spear_export_r256/export_scene.blend/textures/food_storage_bin_0_2_0_NORMAL.png (deflated 82%)
  adding: home/yashturkar/Workspace/infinigen/outputs/restaurant_kitchen_1000sqft/spear_export_r256/export_scene.blend/textures/walk_in_cooler_box_stainless_body_ROUGHNESS.png (deflated 54%)
  adding: home/yashturkar/Workspace/infinigen/outputs/restaurant_kitchen_1000sqft/spear_export_r256/export_scene.blend/textures/sheet_pan_3_0_92_ROUGHNESS.png (deflated 58%)
  adding: home/yashturkar/Workspace/infinigen/outputs/restaurant_kitchen_1000sqft/spear_export_r256/export_scene.blend/textures/food_storage_bin_2_2_2_ROUGHNESS.png (deflated 54%)
  adding: home/yashturkar/Workspace/infinigen/outputs/restaurant_kitchen_1000sqft/spear_export_r256/export_scene.blend/export_scene.fbx (deflated 84%)
Info: Baking map saved to internal image, save it externally or pack it
Info: Baking map saved to internal image, save it externally or pack it
Info: Baking map saved to internal image, save it externally or pack it
Info: Baking map saved to internal image, save it externally or pack it
Info: Baking map saved to internal image, save it externally or pack it
Info: Baking map saved to internal image, save it externally or pack it
Info: Baking map saved to internal image, save it externally or pack it
Info: Baking map saved to internal image, save it externally or pack it
Info: Baking map saved to internal image, save it externally or pack it
Info: Baking map saved to internal image, save it externally or pack it
Info: Baking map saved to internal image, save it externally or pack it
Info: Baking map saved to internal image, save it externally or pack it
Info: Baking map saved to internal image, save it externally or pack it
Info: Baking map saved to internal image, save it externally or pack it
Info: Baking map saved to internal image, save it externally or pack it
Info: Baking map saved to internal image, save it externally or pack it
Info: Baking map saved to internal image, save it externally or pack it
Info: Baking map saved to internal image, save it externally or pack it
Info: Baking map saved to internal image, save it externally or pack it
Info: Baking map saved to internal image, save it externally or pack it
Info: Baking map saved to internal image, save it externally or pack it
Info: Baking map saved to internal image, save it externally or pack it

FBX export starting... '/home/yashturkar/Workspace/infinigen/outputs/restaurant_kitchen_1000sqft/spear_export_r256/export_scene.blend/export_scene.fbx'
export finished in 0.3227 sec.
