Read blend: "/home/yashturkar/Workspace/spear/.control-tower/runs/infinigen_189cc130_import_20260713T235505Z/fine_blend_source/scene.blend"
Fra:1 Mem:1294.77M (Peak 3939.10M) | Time:495551:55:52.41 | Mem:0.00M, Peak:0.00M | Scene | Synchronizing object | bathroom_0/0.ceiling
Fra:1 Mem:1294.77M (Peak 3939.10M) | Time:495551:55:52.41 | Mem:0.00M, Peak:0.00M | Scene | Initializing
Fra:1 Mem:1294.77M (Peak 3939.10M) | Time:495551:55:52.41 | Mem:0.00M, Peak:0.00M | Scene | Updating Images | Loading bathroom_0/0.ceiling_DIFFUSE
Fra:1 Mem:1294.79M (Peak 3939.10M) | Time:495551:55:52.73 | Mem:0.00M, Peak:0.00M | Scene | Synchronizing object | bathroom_0/0.ceiling
Fra:1 Mem:1294.79M (Peak 3939.10M) | Time:495551:55:52.73 | Mem:0.00M, Peak:0.00M | Scene | Initializing
Fra:1 Mem:1294.79M (Peak 3939.10M) | Time:495551:55:52.73 | Mem:0.00M, Peak:0.00M | Scene | Updating Images | Loading bathroom_0/0.ceiling_ROUGHNESS
Fra:1 Mem:1294.81M (Peak 3939.10M) | Time:495551:55:52.98 | Mem:0.00M, Peak:0.00M | Scene | Synchronizing object | bathroom_0/0.ceiling
Fra:1 Mem:1294.82M (Peak 3939.10M) | Time:495551:55:52.98 | Mem:0.00M, Peak:0.00M | Scene | Initializing
Fra:1 Mem:1294.81M (Peak 3939.10M) | Time:495551:55:52.98 | Mem:0.00M, Peak:0.00M | Scene | Updating Images | Loading bathroom_0/0.ceiling_NORMAL
Fra:1 Mem:1295.51M (Peak 3939.10M) | Time:495551:55:53.27 | Mem:0.00M, Peak:0.00M | Scene | Synchronizing object | bathroom_0/0.floor
Fra:1 Mem:1295.51M (Peak 3939.10M) | Time:495551:55:53.27 | Mem:0.00M, Peak:0.00M | Scene | Initializing
Fra:1 Mem:1295.50M (Peak 3939.10M) | Time:495551:55:53.27 | Mem:0.00M, Peak:0.00M | Scene | Updating Images | Loading bathroom_0/0.floor_TRANSMISSION
Fra:1 Mem:1295.53M (Peak 3939.10M) | Time:495551:55:53.56 | Mem:0.00M, Peak:0.00M | Scene | Synchronizing object | bathroom_0/0.floor
Fra:1 Mem:1295.53M (Peak 3939.10M) | Time:495551:55:53.56 | Mem:0.00M, Peak:0.00M | Scene | Initializing
Fra:1 Mem:1295.53M (Peak 3939.10M) | Time:495551:55:53.56 | Mem:0.00M, Peak:0.00M | Scene | Updating Images | Loading bathroom_0/0.floor_DIFFUSE
Fra:1 Mem:1295.55M (Peak 3939.10M) | Time:495551:55:53.85 | Mem:0.00M, Peak:0.00M | Scene | Synchronizing object | bathroom_0/0.floor
Fra:1 Mem:1295.55M (Peak 3939.10M) | Time:495551:55:53.85 | Mem:0.00M, Peak:0.00M | Scene | Initializing
Fra:1 Mem:1295.55M (Peak 3939.10M) | Time:495551:55:53.85 | Mem:0.00M, Peak:0.00M | Scene | Updating Images | Loading bathroom_0/0.floor_ROUGHNESS
Fra:1 Mem:1295.58M (Peak 3939.10M) | Time:495551:55:54.15 | Mem:0.00M, Peak:0.00M | Scene | Synchronizing object | bathroom_0/0.floor
Fra:1 Mem:1295.58M (Peak 3939.10M) | Time:495551:55:54.15 | Mem:0.00M, Peak:0.00M | Scene | Initializing
Fra:1 Mem:1295.57M (Peak 3939.10M) | Time:495551:55:54.15 | Mem:0.00M, Peak:0.00M | Scene | Updating Images | Loading bathroom_0/0.floor_NORMAL
Fra:1 Mem:1298.32M (Peak 3939.10M) | Time:495551:55:54.48 | Mem:0.00M, Peak:0.00M | Scene | Synchronizing object | bathroom_0/0.wall
Fra:1 Mem:1298.34M (Peak 3939.10M) | Time:495551:55:54.48 | Mem:0.00M, Peak:0.00M | Scene | Initializing
Fra:1 Mem:1298.34M (Peak 3939.10M) | Time:495551:55:54.48 | Mem:0.00M, Peak:0.00M | Scene | Updating Images | Loading bathroom_0/0.wall_DIFFUSE
Fra:1 Mem:1298.35M (Peak 3939.10M) | Time:495551:55:55.03 | Mem:0.00M, Peak:0.00M | Scene | Synchronizing object | bathroom_0/0.wall
Fra:1 Mem:1298.36M (Peak 3939.10M) | Time:495551:55:55.03 | Mem:0.00M, Peak:0.00M | Scene | Initializing
Fra:1 Mem:1298.36M (Peak 3939.10M) | Time:495551:55:55.03 | Mem:0.00M, Peak:0.00M | Scene | Updating Images | Loading bathroom_0/0.wall_ROUGHNESS
Fra:1 Mem:1298.37M (Peak 3939.10M) | Time:495551:55:55.58 | Mem:0.00M, Peak:0.00M | Scene | Synchronizing object | bathroom_0/0.wall
Fra:1 Mem:1298.38M (Peak 3939.10M) | Time:495551:55:55.58 | Mem:0.00M, Peak:0.00M | Scene | Initializing
Fra:1 Mem:1298.38M (Peak 3939.10M) | Time:495551:55:55.58 | Mem:0.00M, Peak:0.00M | Scene | Updating Images | Loading bathroom_0/0.wall_NORMAL
Fra:1 Mem:1299.40M (Peak 3939.10M) | Time:495551:55:56.42 | Mem:0.00M, Peak:0.00M | Scene | Synchronizing object | BedFactory(1250394).spawn_asset(4644385)
Fra:1 Mem:1307.39M (Peak 3939.10M) | Time:495551:55:56.42 | Mem:0.00M, Peak:0.00M | Scene | Initializing
Fra:1 Mem:1307.38M (Peak 3939.10M) | Time:495551:55:56.42 | Mem:0.00M, Peak:0.00M | Scene | Updating Images | Loading BedFactory(1250394).spawn_asset(4644385)_DIFFUSE
Fra:1 Mem:1303.59M (Peak 3939.10M) | Time:495551:55:56.99 | Mem:0.00M, Peak:0.00M | Scene | Synchronizing object | BedFactory(1250394).spawn_asset(4644385)
Fra:1 Mem:1307.44M (Peak 3939.10M) | Time:495551:55:56.99 | Mem:0.00M, Peak:0.00M | Scene | Initializing
Fra:1 Mem:1307.44M (Peak 3939.10M) | Time:495551:55:56.99 | Mem:0.00M, Peak:0.00M | Scene | Updating Images | Loading BedFactory(1250394).spawn_asset(4644385)_ROUGHNESS
Fra:1 Mem:1303.64M (Peak 3939.10M) | Time:495551:55:57.55 | Mem:0.00M, Peak:0.00M | Scene | Synchronizing object | BedFactory(1250394).spawn_asset(4644385)
Fra:1 Mem:1307.49M (Peak 3939.10M) | Time:495551:55:57.55 | Mem:0.00M, Peak:0.00M | Scene | Initializing
Fra:1 Mem:1307.49M (Peak 3939.10M) | Time:495551:55:57.55 | Mem:0.00M, Peak:0.00M | Scene | Updating Images | Loading BedFactory(1250394).spawn_asset(4644385)_NORMAL
Fra:1 Mem:1303.23M (Peak 3939.10M) | Time:495551:55:58.06 | Mem:0.00M, Peak:0.00M | Scene | Synchronizing object | bedroom_0/0.ceiling
Fra:1 Mem:1303.23M (Peak 3939.10M) | Time:495551:55:58.06 | Mem:0.00M, Peak:0.00M | Scene | Initializing
Fra:1 Mem:1303.23M (Peak 3939.10M) | Time:495551:55:58.06 | Mem:0.00M, Peak:0.00M | Scene | Updating Images | Loading bedroom_0/0.ceiling_DIFFUSE
Fra:1 Mem:1303.26M (Peak 3939.10M) | Time:495551:55:58.29 | Mem:0.00M, Peak:0.00M | Scene | Synchronizing object | bedroom_0/0.ceiling
Fra:1 Mem:1303.26M (Peak 3939.10M) | Time:495551:55:58.29 | Mem:0.00M, Peak:0.00M | Scene | Initializing
Fra:1 Mem:1303.26M (Peak 3939.10M) | Time:495551:55:58.29 | Mem:0.00M, Peak:0.00M | Scene | Updating Images | Loading bedroom_0/0.ceiling_ROUGHNESS
Fra:1 Mem:1303.28M (Peak 3939.10M) | Time:495551:55:58.51 | Mem:0.00M, Peak:0.00M | Scene | Synchronizing object | bedroom_0/0.ceiling
Fra:1 Mem:1303.28M (Peak 3939.10M) | Time:495551:55:58.51 | Mem:0.00M, Peak:0.00M | Scene | Initializing
Fra:1 Mem:1303.28M (Peak 3939.10M) | Time:495551:55:58.51 | Mem:0.00M, Peak:0.00M | Scene | Updating Images | Loading bedroom_0/0.ceiling_NORMAL
Fra:1 Mem:1307.42M (Peak 3939.10M) | Time:495551:55:58.77 | Mem:0.00M, Peak:0.00M | Scene | Synchronizing object | bedroom_0/0.floor
Fra:1 Mem:1307.43M (Peak 3939.10M) | Time:495551:55:58.77 | Mem:0.00M, Peak:0.00M | Scene | Initializing
Fra:1 Mem:1307.42M (Peak 3939.10M) | Time:495551:55:58.77 | Mem:0.00M, Peak:0.00M | Scene | Updating Images | Loading bedroom_0/0.floor_DIFFUSE
Fra:1 Mem:1307.45M (Peak 3939.10M) | Time:495551:55:59.26 | Mem:0.00M, Peak:0.00M | Scene | Synchronizing object | bedroom_0/0.floor
Fra:1 Mem:1307.45M (Peak 3939.10M) | Time:495551:55:59.26 | Mem:0.00M, Peak:0.00M | Scene | Initializing
Fra:1 Mem:1307.45M (Peak 3939.10M) | Time:495551:55:59.26 | Mem:0.00M, Peak:0.00M | Scene | Updating Images | Loading bedroom_0/0.floor_ROUGHNESS
Fra:1 Mem:1307.47M (Peak 3939.10M) | Time:495551:55:59.73 | Mem:0.00M, Peak:0.00M | Scene | Synchronizing object | bedroom_0/0.floor
Fra:1 Mem:1307.47M (Peak 3939.10M) | Time:495551:55:59.73 | Mem:0.00M, Peak:0.00M | Scene | Initializing
Fra:1 Mem:1307.47M (Peak 3939.10M) | Time:495551:55:59.73 | Mem:0.00M, Peak:0.00M | Scene | Updating Images | Loading bedroom_0/0.floor_NORMAL
Fra:1 Mem:1303.92M (Peak 3939.10M) | Time:495551:56:00.28 | Mem:0.00M, Peak:0.00M | Scene | Synchronizing object | bedroom_0/0.wall
Fra:1 Mem:1303.97M (Peak 3939.10M) | Time:495551:56:00.28 | Mem:0.00M, Peak:0.00M | Scene | Initializing
Fra:1 Mem:1303.96M (Peak 3939.10M) | Time:495551:56:00.28 | Mem:0.00M, Peak:0.00M | Scene | Updating Images | Loading bedroom_0/0.wall_DIFFUSE
Fra:1 Mem:1303.98M (Peak 3939.10M) | Time:495551:56:00.62 | Mem:0.00M, Peak:0.00M | Scene | Synchronizing object | bedroom_0/0.wall
Fra:1 Mem:1304.00M (Peak 3939.10M) | Time:495551:56:00.62 | Mem:0.00M, Peak:0.00M | Scene | Initializing
Fra:1 Mem:1304.00M (Peak 3939.10M) | Time:495551:56:00.62 | Mem:0.00M, Peak:0.00M | Scene | Updating Images | Loading bedroom_0/0.wall_ROUGHNESS
Fra:1 Mem:1304.01M (Peak 3939.10M) | Time:495551:56:00.93 | Mem:0.00M, Peak:0.00M | Scene | Synchronizing object | bedroom_0/0.wall
Fra:1 Mem:1304.04M (Peak 3939.10M) | Time:495551:56:00.93 | Mem:0.00M, Peak:0.00M | Scene | Initializing
Fra:1 Mem:1304.04M (Peak 3939.10M) | Time:495551:56:00.93 | Mem:0.00M, Peak:0.00M | Scene | Updating Images | Loading bedroom_0/0.wall_NORMAL
Fra:1 Mem:1304.62M (Peak 3939.10M) | Time:495551:56:01.34 | Mem:0.00M, Peak:0.00M | Scene | Synchronizing object | BlanketFactory(1250394).spawn_asset(4644385)
Fra:1 Mem:1306.97M (Peak 3939.10M) | Time:495551:56:01.34 | Mem:0.00M, Peak:0.00M | Scene | Initializing
Fra:1 Mem:1306.96M (Peak 3939.10M) | Time:495551:56:01.34 | Mem:0.00M, Peak:0.00M | Scene | Updating Images | Loading BlanketFactory(1250394).spawn_asset(4644385)_DIFFUSE
Fra:1 Mem:1305.85M (Peak 3939.10M) | Time:495551:56:01.72 | Mem:0.00M, Peak:0.00M | Scene | Synchronizing object | BlanketFactory(1250394).spawn_asset(4644385)
Fra:1 Mem:1306.99M (Peak 3939.10M) | Time:495551:56:01.72 | Mem:0.00M, Peak:0.00M | Scene | Initializing
Fra:1 Mem:1306.98M (Peak 3939.10M) | Time:495551:56:01.72 | Mem:0.00M, Peak:0.00M | Scene | Updating Images | Loading BlanketFactory(1250394).spawn_asset(4644385)_ROUGHNESS
Fra:1 Mem:1305.87M (Peak 3939.10M) | Time:495551:56:02.07 | Mem:0.00M, Peak:0.00M | Scene | Synchronizing object | BlanketFactory(1250394).spawn_asset(4644385)
Fra:1 Mem:1307.01M (Peak 3939.10M) | Time:495551:56:02.07 | Mem:0.00M, Peak:0.00M | Scene | Initializing
Fra:1 Mem:1307.01M (Peak 3939.10M) | Time:495551:56:02.07 | Mem:0.00M, Peak:0.00M | Scene | Updating Images | Loading BlanketFactory(1250394).spawn_asset(4644385)_NORMAL
Fra:1 Mem:1312.70M (Peak 3939.10M) | Time:495551:56:02.47 | Mem:0.00M, Peak:0.00M | Scene | Synchronizing object | BookColumnFactory(6179786).spawn_asset(8414146)
Fra:1 Mem:1312.73M (Peak 3939.10M) | Time:495551:56:02.47 | Mem:0.00M, Peak:0.00M | Scene | Initializing
Fra:1 Mem:1312.73M (Peak 3939.10M) | Time:495551:56:02.47 | Mem:0.00M, Peak:0.00M | Scene | Updating Images | Loading text_texture.128
Fra:1 Mem:1312.73M (Peak 3939.10M) | Time:495551:56:02.47 | Mem:0.00M, Peak:0.00M | Scene | Updating Images | Loading BookColumnFactory(6179786).spawn_asset(8414146)_METAL
Fra:1 Mem:1313.35M (Peak 3939.10M) | Time:495551:56:02.78 | Mem:0.00M, Peak:0.00M | Scene | Synchronizing object | BookColumnFactory(6179786).spawn_asset(8414146)
Fra:1 Mem:1313.38M (Peak 3939.10M) | Time:495551:56:02.78 | Mem:0.00M, Peak:0.00M | Scene | Initializing
Fra:1 Mem:1313.37M (Peak 3939.10M) | Time:495551:56:02.78 | Mem:0.00M, Peak:0.00M | Scene | Updating Images | Loading text_texture.128
Fra:1 Mem:1313.37M (Peak 3939.10M) | Time:495551:56:02.78 | Mem:0.00M, Peak:0.00M | Scene | Updating Images | Loading BookColumnFactory(6179786).spawn_asset(8414146)_DIFFUSE
Fra:1 Mem:1313.65M (Peak 3939.10M) | Time:495551:56:03.22 | Mem:0.00M, Peak:0.00M | Scene | Synchronizing object | BookColumnFactory(6179786).spawn_asset(8414146)
Fra:1 Mem:1313.68M (Peak 3939.10M) | Time:495551:56:03.22 | Mem:0.00M, Peak:0.00M | Scene | Initializing
Fra:1 Mem:1313.67M (Peak 3939.10M) | Time:495551:56:03.22 | Mem:0.00M, Peak:0.00M | Scene | Updating Images | Loading text_texture.128
Fra:1 Mem:1313.67M (Peak 3939.10M) | Time:495551:56:03.22 | Mem:0.00M, Peak:0.00M | Scene | Updating Images | Loading BookColumnFactory(6179786).spawn_asset(8414146)_ROUGHNESS
Fra:1 Mem:1313.95M (Peak 3939.10M) | Time:495551:56:03.64 | Mem:0.00M, Peak:0.00M | Scene | Synchronizing object | BookColumnFactory(6179786).spawn_asset(8414146)
Fra:1 Mem:1313.98M (Peak 3939.10M) | Time:495551:56:03.64 | Mem:0.00M, Peak:0.00M | Scene | Initializing
Fra:1 Mem:1313.97M (Peak 3939.10M) | Time:495551:56:03.64 | Mem:0.00M, Peak:0.00M | Scene | Updating Images | Loading text_texture.128
Fra:1 Mem:1313.97M (Peak 3939.10M) | Time:495551:56:03.64 | Mem:0.00M, Peak:0.00M | Scene | Updating Images | Loading BookColumnFactory(6179786).spawn_asset(8414146)_NORMAL
Fra:1 Mem:1311.39M (Peak 3939.10M) | Time:495551:56:04.08 | Mem:0.00M, Peak:0.00M | Scene | Synchronizing object | BookStackFactory(1105440).spawn_asset(7479020)
Fra:1 Mem:1311.42M (Peak 3939.10M) | Time:495551:56:04.08 | Mem:0.00M, Peak:0.00M | Scene | Initializing
Fra:1 Mem:1311.41M (Peak 3939.10M) | Time:495551:56:04.08 | Mem:0.00M, Peak:0.00M | Scene | Updating Images | Loading text_texture.189
Fra:1 Mem:1311.41M (Peak 3939.10M) | Time:495551:56:04.08 | Mem:0.00M, Peak:0.00M | Scene | Updating Images | Loading BookStackFactory(1105440).spawn_asset(7479020)_METAL
Fra:1 Mem:1312.02M (Peak 3939.10M) | Time:495551:56:04.08 | Mem:0.00M, Peak:0.00M | Scene | Updating Images | Loading text_texture.188
Fra:1 Mem:1311.75M (Peak 3939.10M) | Time:495551:56:04.38 | Mem:0.00M, Peak:0.00M | Scene | Synchronizing object | BookStackFactory(1105440).spawn_asset(7479020)
Fra:1 Mem:1311.77M (Peak 3939.10M) | Time:495551:56:04.38 | Mem:0.00M, Peak:0.00M | Scene | Initializing
Fra:1 Mem:1311.76M (Peak 3939.10M) | Time:495551:56:04.38 | Mem:0.00M, Peak:0.00M | Scene | Updating Images | Loading text_texture.189
Fra:1 Mem:1311.76M (Peak 3939.10M) | Time:495551:56:04.38 | Mem:0.00M, Peak:0.00M | Scene | Updating Images | Loading text_texture.187
Fra:1 Mem:1311.92M (Peak 3939.10M) | Time:495551:56:04.81 | Mem:0.00M, Peak:0.00M | Scene | Synchronizing object | BookStackFactory(1105440).spawn_asset(7479020)
Fra:1 Mem:1311.93M (Peak 3939.10M) | Time:495551:56:04.81 | Mem:0.00M, Peak:0.00M | Scene | Initializing
Fra:1 Mem:1311.93M (Peak 3939.10M) | Time:495551:56:04.81 | Mem:0.00M, Peak:0.00M | Scene | Updating Images | Loading text_texture.189
Fra:1 Mem:1311.93M (Peak 3939.10M) | Time:495551:56:04.81 | Mem:0.00M, Peak:0.00M | Scene | Updating Images | Loading BookStackFactory(1105440).spawn_asset(7479020)_ROUGHNESS
Fra:1 Mem:1311.93M (Peak 3939.10M) | Time:495551:56:04.81 | Mem:0.00M, Peak:0.00M | Scene | Updating Images | Loading text_texture.187
Fra:1 Mem:1312.09M (Peak 3939.10M) | Time:495551:56:05.20 | Mem:0.00M, Peak:0.00M | Scene | Synchronizing object | BookStackFactory(1105440).spawn_asset(7479020)
Fra:1 Mem:1312.10M (Peak 3939.10M) | Time:495551:56:05.20 | Mem:0.00M, Peak:0.00M | Scene | Initializing
Fra:1 Mem:1312.10M (Peak 3939.10M) | Time:495551:56:05.20 | Mem:0.00M, Peak:0.00M | Scene | Updating Images | Loading text_texture.189
Fra:1 Mem:1312.10M (Peak 3939.10M) | Time:495551:56:05.20 | Mem:0.00M, Peak:0.00M | Scene | Updating Images | Loading BookStackFactory(1105440).spawn_asset(7479020)_NORMAL
Fra:1 Mem:1312.71M (Peak 3939.10M) | Time:495551:56:05.20 | Mem:0.00M, Peak:0.00M | Scene | Updating Images | Loading text_texture.187
Fra:1 Mem:1310.08M (Peak 3939.10M) | Time:495551:56:05.59 | Mem:0.00M, Peak:0.00M | Scene | Synchronizing object | BookStackFactory(2509525).spawn_asset(7280888)
Fra:1 Mem:1310.09M (Peak 3939.10M) | Time:495551:56:05.59 | Mem:0.00M, Peak:0.00M | Scene | Initializing
Fra:1 Mem:1310.09M (Peak 3939.10M) | Time:495551:56:05.59 | Mem:0.00M, Peak:0.00M | Scene | Updating Images | Loading text_texture.168
Fra:1 Mem:1310.09M (Peak 3939.10M) | Time:495551:56:05.59 | Mem:0.00M, Peak:0.00M | Scene | Updating Images | Loading BookStackFactory(2509525).spawn_asset(7280888)_METAL
Fra:1 Mem:1310.28M (Peak 3939.10M) | Time:495551:56:05.86 | Mem:0.00M, Peak:0.00M | Scene | Synchronizing object | BookStackFactory(2509525).spawn_asset(7280888)
Fra:1 Mem:1310.29M (Peak 3939.10M) | Time:495551:56:05.87 | Mem:0.00M, Peak:0.00M | Scene | Initializing
Fra:1 Mem:1310.28M (Peak 3939.10M) | Time:495551:56:05.87 | Mem:0.00M, Peak:0.00M | Scene | Updating Images | Loading text_texture.168
Fra:1 Mem:1310.28M (Peak 3939.10M) | Time:495551:56:05.87 | Mem:0.00M, Peak:0.00M | Scene | Updating Images | Loading BookStackFactory(2509525).spawn_asset(7280888)_DIFFUSE
Fra:1 Mem:1310.37M (Peak 3939.10M) | Time:495551:56:06.29 | Mem:0.00M, Peak:0.00M | Scene | Synchronizing object | BookStackFactory(2509525).spawn_asset(7280888)
Fra:1 Mem:1310.38M (Peak 3939.10M) | Time:495551:56:06.29 | Mem:0.00M, Peak:0.00M | Scene | Initializing
Fra:1 Mem:1310.38M (Peak 3939.10M) | Time:495551:56:06.29 | Mem:0.00M, Peak:0.00M | Scene | Updating Images | Loading text_texture.168
Fra:1 Mem:1310.38M (Peak 3939.10M) | Time:495551:56:06.29 | Mem:0.00M, Peak:0.00M | Scene | Updating Images | Loading BookStackFactory(2509525).spawn_asset(7280888)_ROUGHNESS
Fra:1 Mem:1310.47M (Peak 3939.10M) | Time:495551:56:06.71 | Mem:0.00M, Peak:0.00M | Scene | Synchronizing object | BookStackFactory(2509525).spawn_asset(7280888)
Fra:1 Mem:1310.48M (Peak 3939.10M) | Time:495551:56:06.71 | Mem:0.00M, Peak:0.00M | Scene | Initializing
Fra:1 Mem:1310.47M (Peak 3939.10M) | Time:495551:56:06.71 | Mem:0.00M, Peak:0.00M | Scene | Updating Images | Loading text_texture.168
Fra:1 Mem:1310.47M (Peak 3939.10M) | Time:495551:56:06.71 | Mem:0.00M, Peak:0.00M | Scene | Updating Images | Loading BookStackFactory(2509525).spawn_asset(7280888)_NORMAL
Fra:1 Mem:1311.84M (Peak 3939.10M) | Time:495551:56:07.12 | Mem:0.00M, Peak:0.00M | Scene | Synchronizing object | BookStackFactory(2543730).spawn_asset(150670)
Fra:1 Mem:1311.86M (Peak 3939.10M) | Time:495551:56:07.12 | Mem:0.00M, Peak:0.00M | Scene | Initializing
Fra:1 Mem:1311.85M (Peak 3939.10M) | Time:495551:56:07.12 | Mem:0.00M, Peak:0.00M | Scene | Updating Images | Loading text_texture.075
Fra:1 Mem:1311.85M (Peak 3939.10M) | Time:495551:56:07.12 | Mem:0.00M, Peak:0.00M | Scene | Updating Images | Loading BookStackFactory(2543730).spawn_asset(150670)_METAL
Fra:1 Mem:1312.17M (Peak 3939.10M) | Time:495551:56:07.41 | Mem:0.00M, Peak:0.00M | Scene | Synchronizing object | BookStackFactory(2543730).spawn_asset(150670)
Fra:1 Mem:1312.18M (Peak 3939.10M) | Time:495551:56:07.41 | Mem:0.00M, Peak:0.00M | Scene | Initializing
Fra:1 Mem:1312.18M (Peak 3939.10M) | Time:495551:56:07.41 | Mem:0.00M, Peak:0.00M | Scene | Updating Images | Loading text_texture.075
Fra:1 Mem:1312.18M (Peak 3939.10M) | Time:495551:56:07.41 | Mem:0.00M, Peak:0.00M | Scene | Updating Images | Loading BookStackFactory(2543730).spawn_asset(150670)_DIFFUSE
Fra:1 Mem:1312.32M (Peak 3939.10M) | Time:495551:56:07.80 | Mem:0.00M, Peak:0.00M | Scene | Synchronizing object | BookStackFactory(2543730).spawn_asset(150670)
Fra:1 Mem:1312.33M (Peak 3939.10M) | Time:495551:56:07.80 | Mem:0.00M, Peak:0.00M | Scene | Initializing
Fra:1 Mem:1312.33M (Peak 3939.10M) | Time:495551:56:07.80 | Mem:0.00M, Peak:0.00M | Scene | Updating Images | Loading text_texture.075
Fra:1 Mem:1312.33M (Peak 3939.10M) | Time:495551:56:07.80 | Mem:0.00M, Peak:0.00M | Scene | Updating Images | Loading BookStackFactory(2543730).spawn_asset(150670)_ROUGHNESS
Fra:1 Mem:1312.47M (Peak 3939.10M) | Time:495551:56:08.18 | Mem:0.00M, Peak:0.00M | Scene | Synchronizing object | BookStackFactory(2543730).spawn_asset(150670)
Fra:1 Mem:1312.49M (Peak 3939.10M) | Time:495551:56:08.18 | Mem:0.00M, Peak:0.00M | Scene | Initializing
Fra:1 Mem:1312.48M (Peak 3939.10M) | Time:495551:56:08.18 | Mem:0.00M, Peak:0.00M | Scene | Updating Images | Loading text_texture.075
Fra:1 Mem:1312.48M (Peak 3939.10M) | Time:495551:56:08.18 | Mem:0.00M, Peak:0.00M | Scene | Updating Images | Loading BookStackFactory(2543730).spawn_asset(150670)_NORMAL
Fra:1 Mem:1312.17M (Peak 3939.10M) | Time:495551:56:08.58 | Mem:0.00M, Peak:0.00M | Scene | Synchronizing object | BookStackFactory(3472359).spawn_asset(7187058)
Fra:1 Mem:1312.19M (Peak 3939.10M) | Time:495551:56:08.58 | Mem:0.00M, Peak:0.00M | Scene | Initializing
Fra:1 Mem:1312.18M (Peak 3939.10M) | Time:495551:56:08.58 | Mem:0.00M, Peak:0.00M | Scene | Updating Images | Loading text_texture.138
Fra:1 Mem:1312.18M (Peak 3939.10M) | Time:495551:56:08.58 | Mem:0.00M, Peak:0.00M | Scene | Updating Images | Loading BookStackFactory(3472359).spawn_asset(7187058)_METAL
Fra:1 Mem:1312.46M (Peak 3939.10M) | Time:495551:56:08.87 | Mem:0.00M, Peak:0.00M | Scene | Synchronizing object | BookStackFactory(3472359).spawn_asset(7187058)
Fra:1 Mem:1312.48M (Peak 3939.10M) | Time:495551:56:08.87 | Mem:0.00M, Peak:0.00M | Scene | Initializing
Fra:1 Mem:1312.47M (Peak 3939.10M) | Time:495551:56:08.87 | Mem:0.00M, Peak:0.00M | Scene | Updating Images | Loading text_texture.138
Fra:1 Mem:1312.47M (Peak 3939.10M) | Time:495551:56:08.87 | Mem:0.00M, Peak:0.00M | Scene | Updating Images | Loading BookStackFactory(3472359).spawn_asset(7187058)_DIFFUSE
Fra:1 Mem:1312.60M (Peak 3939.10M) | Time:495551:56:09.33 | Mem:0.00M, Peak:0.00M | Scene | Synchronizing object | BookStackFactory(3472359).spawn_asset(7187058)
Fra:1 Mem:1312.61M (Peak 3939.10M) | Time:495551:56:09.33 | Mem:0.00M, Peak:0.00M | Scene | Initializing
Fra:1 Mem:1312.61M (Peak 3939.10M) | Time:495551:56:09.33 | Mem:0.00M, Peak:0.00M | Scene | Updating Images | Loading text_texture.138
Fra:1 Mem:1312.61M (Peak 3939.10M) | Time:495551:56:09.33 | Mem:0.00M, Peak:0.00M | Scene | Updating Images | Loading BookStackFactory(3472359).spawn_asset(7187058)_ROUGHNESS
Fra:1 Mem:1312.74M (Peak 3939.10M) | Time:495551:56:09.76 | Mem:0.00M, Peak:0.00M | Scene | Synchronizing object | BookStackFactory(3472359).spawn_asset(7187058)
Fra:1 Mem:1312.75M (Peak 3939.10M) | Time:495551:56:09.76 | Mem:0.00M, Peak:0.00M | Scene | Initializing
Fra:1 Mem:1312.75M (Peak 3939.10M) | Time:495551:56:09.76 | Mem:0.00M, Peak:0.00M | Scene | Updating Images | Loading text_texture.138
Fra:1 Mem:1312.75M (Peak 3939.10M) | Time:495551:56:09.76 | Mem:0.00M, Peak:0.00M | Scene | Updating Images | Loading BookStackFactory(3472359).spawn_asset(7187058)_NORMAL
Fra:1 Mem:1314.99M (Peak 3939.10M) | Time:495551:56:10.19 | Mem:0.00M, Peak:0.00M | Scene | Synchronizing object | BookStackFactory(3861683).spawn_asset(5428391)
Fra:1 Mem:1315.01M (Peak 3939.10M) | Time:495551:56:10.19 | Mem:0.00M, Peak:0.00M | Scene | Initializing
Fra:1 Mem:1315.01M (Peak 3939.10M) | Time:495551:56:10.19 | Mem:0.00M, Peak:0.00M | Scene | Updating Images | Loading text_texture.160
Fra:1 Mem:1315.01M (Peak 3939.10M) | Time:495551:56:10.19 | Mem:0.00M, Peak:0.00M | Scene | Updating Images | Loading text_texture.159
Fra:1 Mem:1315.47M (Peak 3939.10M) | Time:495551:56:10.49 | Mem:0.00M, Peak:0.00M | Scene | Synchronizing object | BookStackFactory(3861683).spawn_asset(5428391)
Fra:1 Mem:1315.49M (Peak 3939.10M) | Time:495551:56:10.49 | Mem:0.00M, Peak:0.00M | Scene | Initializing
Fra:1 Mem:1315.48M (Peak 3939.10M) | Time:495551:56:10.49 | Mem:0.00M, Peak:0.00M | Scene | Updating Images | Loading text_texture.160
Fra:1 Mem:1315.48M (Peak 3939.10M) | Time:495551:56:10.49 | Mem:0.00M, Peak:0.00M | Scene | Updating Images | Loading BookStackFactory(3861683).spawn_asset(5428391)_DIFFUSE
Fra:1 Mem:1315.48M (Peak 3939.10M) | Time:495551:56:10.49 | Mem:0.00M, Peak:0.00M | Scene | Updating Images | Loading text_texture.159
Fra:1 Mem:1315.69M (Peak 3939.10M) | Time:495551:56:10.94 | Mem:0.00M, Peak:0.00M | Scene | Synchronizing object | BookStackFactory(3861683).spawn_asset(5428391)
Fra:1 Mem:1315.71M (Peak 3939.10M) | Time:495551:56:10.94 | Mem:0.00M, Peak:0.00M | Scene | Initializing
Fra:1 Mem:1315.71M (Peak 3939.10M) | Time:495551:56:10.94 | Mem:0.00M, Peak:0.00M | Scene | Updating Images | Loading text_texture.160
Fra:1 Mem:1315.71M (Peak 3939.10M) | Time:495551:56:10.94 | Mem:0.00M, Peak:0.00M | Scene | Updating Images | Loading BookStackFactory(3861683).spawn_asset(5428391)_ROUGHNESS
Fra:1 Mem:1316.32M (Peak 3939.10M) | Time:495551:56:10.94 | Mem:0.00M, Peak:0.00M | Scene | Updating Images | Loading text_texture.159
Fra:1 Mem:1315.92M (Peak 3939.10M) | Time:495551:56:11.38 | Mem:0.00M, Peak:0.00M | Scene | Synchronizing object | BookStackFactory(3861683).spawn_asset(5428391)
Fra:1 Mem:1315.94M (Peak 3939.10M) | Time:495551:56:11.38 | Mem:0.00M, Peak:0.00M | Scene | Initializing
Fra:1 Mem:1315.94M (Peak 3939.10M) | Time:495551:56:11.38 | Mem:0.00M, Peak:0.00M | Scene | Updating Images | Loading text_texture.160
Fra:1 Mem:1315.94M (Peak 3939.10M) | Time:495551:56:11.38 | Mem:0.00M, Peak:0.00M | Scene | Updating Images | Loading text_texture.159
Fra:1 Mem:1315.94M (Peak 3939.10M) | Time:495551:56:11.38 | Mem:0.00M, Peak:0.00M | Scene | Updating Images | Loading BookStackFactory(3861683).spawn_asset(5428391)_NORMAL
Fra:1 Mem:1313.85M (Peak 3939.10M) | Time:495551:56:11.81 | Mem:0.00M, Peak:0.00M | Scene | Synchronizing object | BookStackFactory(7863600).spawn_asset(2454881)
Fra:1 Mem:1313.92M (Peak 3939.10M) | Time:495551:56:11.81 | Mem:0.00M, Peak:0.00M | Scene | Initializing
Fra:1 Mem:1313.91M (Peak 3939.10M) | Time:495551:56:11.81 | Mem:0.00M, Peak:0.00M | Scene | Updating Images | Loading text_texture.150
Fra:1 Mem:1313.91M (Peak 3939.10M) | Time:495551:56:11.81 | Mem:0.00M, Peak:0.00M | Scene | Updating Images | Loading BookStackFactory(7863600).spawn_asset(2454881)_METAL
Fra:1 Mem:1314.17M (Peak 3939.10M) | Time:495551:56:12.09 | Mem:0.00M, Peak:0.00M | Scene | Synchronizing object | BookStackFactory(7863600).spawn_asset(2454881)
Fra:1 Mem:1314.22M (Peak 3939.10M) | Time:495551:56:12.09 | Mem:0.00M, Peak:0.00M | Scene | Initializing
Fra:1 Mem:1314.22M (Peak 3939.10M) | Time:495551:56:12.09 | Mem:0.00M, Peak:0.00M | Scene | Updating Images | Loading text_texture.150
Fra:1 Mem:1314.22M (Peak 3939.10M) | Time:495551:56:12.09 | Mem:0.00M, Peak:0.00M | Scene | Updating Images | Loading BookStackFactory(7863600).spawn_asset(2454881)_DIFFUSE
Fra:1 Mem:1314.32M (Peak 3939.10M) | Time:495551:56:12.55 | Mem:0.00M, Peak:0.00M | Scene | Synchronizing object | BookStackFactory(7863600).spawn_asset(2454881)
Fra:1 Mem:1314.37M (Peak 3939.10M) | Time:495551:56:12.55 | Mem:0.00M, Peak:0.00M | Scene | Initializing
Fra:1 Mem:1314.37M (Peak 3939.10M) | Time:495551:56:12.55 | Mem:0.00M, Peak:0.00M | Scene | Updating Images | Loading text_texture.150
Fra:1 Mem:1314.37M (Peak 3939.10M) | Time:495551:56:12.55 | Mem:0.00M, Peak:0.00M | Scene | Updating Images | Loading BookStackFactory(7863600).spawn_asset(2454881)_ROUGHNESS
Fra:1 Mem:1314.46M (Peak 3939.10M) | Time:495551:56:12.99 | Mem:0.00M, Peak:0.00M | Scene | Synchronizing object | BookStackFactory(7863600).spawn_asset(2454881)
Fra:1 Mem:1314.51M (Peak 3939.10M) | Time:495551:56:12.99 | Mem:0.00M, Peak:0.00M | Scene | Initializing
Fra:1 Mem:1314.50M (Peak 3939.10M) | Time:495551:56:12.99 | Mem:0.00M, Peak:0.00M | Scene | Updating Images | Loading text_texture.150
Fra:1 Mem:1314.50M (Peak 3939.10M) | Time:495551:56:12.99 | Mem:0.00M, Peak:0.00M | Scene | Updating Images | Loading BookStackFactory(7863600).spawn_asset(2454881)_NORMAL
Fra:1 Mem:1311.51M (Peak 3939.10M) | Time:495551:56:13.36 | Mem:0.00M, Peak:0.00M | Scene | Synchronizing object | BézierCurve
Fra:1 Mem:1311.57M (Peak 3939.10M) | Time:495551:56:13.36 | Mem:0.00M, Peak:0.00M | Scene | Initializing
Fra:1 Mem:1311.57M (Peak 3939.10M) | Time:495551:56:13.36 | Mem:0.00M, Peak:0.00M | Scene | Updating Images | Loading BézierCurve_METAL
Fra:1 Mem:1311.57M (Peak 3939.10M) | Time:495551:56:13.66 | Mem:0.00M, Peak:0.00M | Scene | Synchronizing object | BézierCurve
Fra:1 Mem:1311.61M (Peak 3939.10M) | Time:495551:56:13.66 | Mem:0.00M, Peak:0.00M | Scene | Initializing
Fra:1 Mem:1311.61M (Peak 3939.10M) | Time:495551:56:13.66 | Mem:0.00M, Peak:0.00M | Scene | Updating Images | Loading BézierCurve_DIFFUSE
Fra:1 Mem:1311.59M (Peak 3939.10M) | Time:495551:56:13.99 | Mem:0.00M, Peak:0.00M | Scene | Synchronizing object | BézierCurve
Fra:1 Mem:1311.64M (Peak 3939.10M) | Time:495551:56:13.99 | Mem:0.00M, Peak:0.00M | Scene | Initializing
Fra:1 Mem:1311.63M (Peak 3939.10M) | Time:495551:56:13.99 | Mem:0.00M, Peak:0.00M | Scene | Updating Images | Loading BézierCurve_ROUGHNESS
Fra:1 Mem:1311.62M (Peak 3939.10M) | Time:495551:56:14.32 | Mem:0.00M, Peak:0.00M | Scene | Synchronizing object | BézierCurve
Fra:1 Mem:1311.66M (Peak 3939.10M) | Time:495551:56:14.32 | Mem:0.00M, Peak:0.00M | Scene | Initializing
Fra:1 Mem:1311.66M (Peak 3939.10M) | Time:495551:56:14.32 | Mem:0.00M, Peak:0.00M | Scene | Updating Images | Loading BézierCurve_NORMAL
Fra:1 Mem:1311.66M (Peak 3939.10M) | Time:495551:56:14.61 | Mem:0.00M, Peak:0.00M | Scene | Synchronizing object | BézierCurve.001
Fra:1 Mem:1311.73M (Peak 3939.10M) | Time:495551:56:14.61 | Mem:0.00M, Peak:0.00M | Scene | Initializing
Fra:1 Mem:1311.72M (Peak 3939.10M) | Time:495551:56:14.61 | Mem:0.00M, Peak:0.00M | Scene | Updating Images | Loading BézierCurve.001_METAL
Fra:1 Mem:1311.73M (Peak 3939.10M) | Time:495551:56:14.90 | Mem:0.00M, Peak:0.00M | Scene | Synchronizing object | BézierCurve.001
Fra:1 Mem:1311.77M (Peak 3939.10M) | Time:495551:56:14.90 | Mem:0.00M, Peak:0.00M | Scene | Initializing
Fra:1 Mem:1311.76M (Peak 3939.10M) | Time:495551:56:14.90 | Mem:0.00M, Peak:0.00M | Scene | Updating Images | Loading BézierCurve.001_DIFFUSE
Fra:1 Mem:1311.75M (Peak 3939.10M) | Time:495551:56:15.23 | Mem:0.00M, Peak:0.00M | Scene | Synchronizing object | BézierCurve.001
Fra:1 Mem:1311.79M (Peak 3939.10M) | Time:495551:56:15.23 | Mem:0.00M, Peak:0.00M | Scene | Initializing
Fra:1 Mem:1311.79M (Peak 3939.10M) | Time:495551:56:15.23 | Mem:0.00M, Peak:0.00M | Scene | Updating Images | Loading BézierCurve.001_ROUGHNESS
Fra:1 Mem:1311.77M (Peak 3939.10M) | Time:495551:56:15.55 | Mem:0.00M, Peak:0.00M | Scene | Synchronizing object | BézierCurve.001
Fra:1 Mem:1311.81M (Peak 3939.10M) | Time:495551:56:15.55 | Mem:0.00M, Peak:0.00M | Scene | Initializing
Fra:1 Mem:1311.81M (Peak 3939.10M) | Time:495551:56:15.55 | Mem:0.00M, Peak:0.00M | Scene | Updating Images | Loading BézierCurve.001_NORMAL
Fra:1 Mem:1313.05M (Peak 3939.10M) | Time:495551:56:15.85 | Mem:0.00M, Peak:0.00M | Scene | Synchronizing object | CeilingLightFactory(4992283).spawn_asset(1605105)
Fra:1 Mem:1314.42M (Peak 3939.10M) | Time:495551:56:15.85 | Mem:0.00M, Peak:0.00M | Scene | Initializing
Fra:1 Mem:1314.41M (Peak 3939.10M) | Time:495551:56:15.85 | Mem:0.00M, Peak:0.00M | Scene | Updating Images | Loading CeilingLightFactory(4992283).spawn_asset(1605105)_DIFFUSE
Fra:1 Mem:1313.10M (Peak 3939.10M) | Time:495551:56:16.17 | Mem:0.00M, Peak:0.00M | Scene | Synchronizing object | CeilingLightFactory(4992283).spawn_asset(1605105)
Fra:1 Mem:1314.46M (Peak 3939.10M) | Time:495551:56:16.17 | Mem:0.00M, Peak:0.00M | Scene | Initializing
Fra:1 Mem:1314.46M (Peak 3939.10M) | Time:495551:56:16.17 | Mem:0.00M, Peak:0.00M | Scene | Updating Images | Loading CeilingLightFactory(4992283).spawn_asset(1605105)_ROUGHNESS
Fra:1 Mem:1313.12M (Peak 3939.10M) | Time:495551:56:16.48 | Mem:0.00M, Peak:0.00M | Scene | Synchronizing object | CeilingLightFactory(4992283).spawn_asset(1605105)
Fra:1 Mem:1314.49M (Peak 3939.10M) | Time:495551:56:16.49 | Mem:0.00M, Peak:0.00M | Scene | Initializing
Fra:1 Mem:1314.48M (Peak 3939.10M) | Time:495551:56:16.49 | Mem:0.00M, Peak:0.00M | Scene | Updating Images | Loading CeilingLightFactory(4992283).spawn_asset(1605105)_NORMAL
Fra:1 Mem:1313.60M (Peak 3939.10M) | Time:495551:56:16.79 | Mem:0.00M, Peak:0.00M | Scene | Synchronizing object | CeilingLightFactory(4992283).spawn_asset(4619103)
Fra:1 Mem:1314.97M (Peak 3939.10M) | Time:495551:56:16.79 | Mem:0.00M, Peak:0.00M | Scene | Initializing
Fra:1 Mem:1314.97M (Peak 3939.10M) | Time:495551:56:16.79 | Mem:0.00M, Peak:0.00M | Scene | Updating Images | Loading CeilingLightFactory(4992283).spawn_asset(4619103)_DIFFUSE
Fra:1 Mem:1313.63M (Peak 3939.10M) | Time:495551:56:17.11 | Mem:0.00M, Peak:0.00M | Scene | Synchronizing object | CeilingLightFactory(4992283).spawn_asset(4619103)
Fra:1 Mem:1314.99M (Peak 3939.10M) | Time:495551:56:17.11 | Mem:0.00M, Peak:0.00M | Scene | Initializing
Fra:1 Mem:1314.99M (Peak 3939.10M) | Time:495551:56:17.11 | Mem:0.00M, Peak:0.00M | Scene | Updating Images | Loading CeilingLightFactory(4992283).spawn_asset(4619103)_ROUGHNESS
Fra:1 Mem:1313.65M (Peak 3939.10M) | Time:495551:56:17.42 | Mem:0.00M, Peak:0.00M | Scene | Synchronizing object | CeilingLightFactory(4992283).spawn_asset(4619103)
Fra:1 Mem:1315.02M (Peak 3939.10M) | Time:495551:56:17.43 | Mem:0.00M, Peak:0.00M | Scene | Initializing
Fra:1 Mem:1315.01M (Peak 3939.10M) | Time:495551:56:17.43 | Mem:0.00M, Peak:0.00M | Scene | Updating Images | Loading CeilingLightFactory(4992283).spawn_asset(4619103)_NORMAL
Fra:1 Mem:1314.14M (Peak 3939.10M) | Time:495551:56:17.73 | Mem:0.00M, Peak:0.00M | Scene | Synchronizing object | CeilingLightFactory(4992283).spawn_asset(6161506)
Fra:1 Mem:1315.50M (Peak 3939.10M) | Time:495551:56:17.74 | Mem:0.00M, Peak:0.00M | Scene | Initializing
Fra:1 Mem:1315.50M (Peak 3939.10M) | Time:495551:56:17.74 | Mem:0.00M, Peak:0.00M | Scene | Updating Images | Loading CeilingLightFactory(4992283).spawn_asset(6161506)_DIFFUSE
Fra:1 Mem:1314.16M (Peak 3939.10M) | Time:495551:56:18.05 | Mem:0.00M, Peak:0.00M | Scene | Synchronizing object | CeilingLightFactory(4992283).spawn_asset(6161506)
Fra:1 Mem:1315.53M (Peak 3939.10M) | Time:495551:56:18.06 | Mem:0.00M, Peak:0.00M | Scene | Initializing
Fra:1 Mem:1315.52M (Peak 3939.10M) | Time:495551:56:18.06 | Mem:0.00M, Peak:0.00M | Scene | Updating Images | Loading CeilingLightFactory(4992283).spawn_asset(6161506)_ROUGHNESS
Fra:1 Mem:1314.18M (Peak 3939.10M) | Time:495551:56:18.37 | Mem:0.00M, Peak:0.00M | Scene | Synchronizing object | CeilingLightFactory(4992283).spawn_asset(6161506)
Fra:1 Mem:1315.55M (Peak 3939.10M) | Time:495551:56:18.37 | Mem:0.00M, Peak:0.00M | Scene | Initializing
Fra:1 Mem:1315.54M (Peak 3939.10M) | Time:495551:56:18.37 | Mem:0.00M, Peak:0.00M | Scene | Updating Images | Loading CeilingLightFactory(4992283).spawn_asset(6161506)_NORMAL
Fra:1 Mem:1314.67M (Peak 3939.10M) | Time:495551:56:18.68 | Mem:0.00M, Peak:0.00M | Scene | Synchronizing object | CeilingLightFactory(4992283).spawn_asset(7968778)
Fra:1 Mem:1316.03M (Peak 3939.10M) | Time:495551:56:18.68 | Mem:0.00M, Peak:0.00M | Scene | Initializing
Fra:1 Mem:1316.03M (Peak 3939.10M) | Time:495551:56:18.68 | Mem:0.00M, Peak:0.00M | Scene | Updating Images | Loading CeilingLightFactory(4992283).spawn_asset(7968778)_DIFFUSE
Fra:1 Mem:1314.69M (Peak 3939.10M) | Time:495551:56:19.00 | Mem:0.00M, Peak:0.00M | Scene | Synchronizing object | CeilingLightFactory(4992283).spawn_asset(7968778)
Fra:1 Mem:1316.06M (Peak 3939.10M) | Time:495551:56:19.00 | Mem:0.00M, Peak:0.00M | Scene | Initializing
Fra:1 Mem:1316.05M (Peak 3939.10M) | Time:495551:56:19.00 | Mem:0.00M, Peak:0.00M | Scene | Updating Images | Loading CeilingLightFactory(4992283).spawn_asset(7968778)_ROUGHNESS
Fra:1 Mem:1314.71M (Peak 3939.10M) | Time:495551:56:19.31 | Mem:0.00M, Peak:0.00M | Scene | Synchronizing object | CeilingLightFactory(4992283).spawn_asset(7968778)
Fra:1 Mem:1316.08M (Peak 3939.10M) | Time:495551:56:19.32 | Mem:0.00M, Peak:0.00M | Scene | Initializing
Fra:1 Mem:1316.07M (Peak 3939.10M) | Time:495551:56:19.32 | Mem:0.00M, Peak:0.00M | Scene | Updating Images | Loading CeilingLightFactory(4992283).spawn_asset(7968778)_NORMAL
Fra:1 Mem:1314.75M (Peak 3939.10M) | Time:495551:56:19.62 | Mem:0.00M, Peak:0.00M | Scene | Synchronizing object | CellShelfFactory(1375221).spawn_asset(4804677)
Fra:1 Mem:1314.83M (Peak 3939.10M) | Time:495551:56:19.62 | Mem:0.00M, Peak:0.00M | Scene | Initializing
Fra:1 Mem:1314.83M (Peak 3939.10M) | Time:495551:56:19.62 | Mem:0.00M, Peak:0.00M | Scene | Updating Images | Loading CellShelfFactory(1375221).spawn_asset(4804677)_METAL
Fra:1 Mem:1314.85M (Peak 3939.10M) | Time:495551:56:19.88 | Mem:0.00M, Peak:0.00M | Scene | Synchronizing object | CellShelfFactory(1375221).spawn_asset(4804677)
Fra:1 Mem:1314.90M (Peak 3939.10M) | Time:495551:56:19.88 | Mem:0.00M, Peak:0.00M | Scene | Initializing
Fra:1 Mem:1314.90M (Peak 3939.10M) | Time:495551:56:19.88 | Mem:0.00M, Peak:0.00M | Scene | Updating Images | Loading CellShelfFactory(1375221).spawn_asset(4804677)_DIFFUSE
Fra:1 Mem:1314.89M (Peak 3939.10M) | Time:495551:56:20.68 | Mem:0.00M, Peak:0.00M | Scene | Synchronizing object | CellShelfFactory(1375221).spawn_asset(4804677)
Fra:1 Mem:1314.94M (Peak 3939.10M) | Time:495551:56:20.68 | Mem:0.00M, Peak:0.00M | Scene | Initializing
Fra:1 Mem:1314.93M (Peak 3939.10M) | Time:495551:56:20.68 | Mem:0.00M, Peak:0.00M | Scene | Updating Images | Loading CellShelfFactory(1375221).spawn_asset(4804677)_ROUGHNESS
Fra:1 Mem:1314.93M (Peak 3939.10M) | Time:495551:56:21.43 | Mem:0.00M, Peak:0.00M | Scene | Synchronizing object | CellShelfFactory(1375221).spawn_asset(4804677)
Fra:1 Mem:1314.97M (Peak 3939.10M) | Time:495551:56:21.43 | Mem:0.00M, Peak:0.00M | Scene | Initializing
Fra:1 Mem:1314.97M (Peak 3939.10M) | Time:495551:56:21.43 | Mem:0.00M, Peak:0.00M | Scene | Updating Images | Loading CellShelfFactory(1375221).spawn_asset(4804677)_NORMAL
Fra:1 Mem:1321.61M (Peak 3939.10M) | Time:495551:56:22.86 | Mem:0.00M, Peak:0.00M | Scene | Synchronizing object | ComforterFactory(1250394).spawn_asset(4644385)
Fra:1 Mem:1342.89M (Peak 3939.10M) | Time:495551:56:22.87 | Mem:0.00M, Peak:0.00M | Scene | Initializing
Fra:1 Mem:1342.89M (Peak 3939.10M) | Time:495551:56:22.87 | Mem:0.00M, Peak:0.00M | Scene | Updating Images | Loading ComforterFactory(1250394).spawn_asset(4644385)_DIFFUSE
Fra:1 Mem:1332.65M (Peak 3939.10M) | Time:495551:56:23.42 | Mem:0.00M, Peak:0.00M | Scene | Synchronizing object | ComforterFactory(1250394).spawn_asset(4644385)
Fra:1 Mem:1342.91M (Peak 3939.10M) | Time:495551:56:23.43 | Mem:0.00M, Peak:0.00M | Scene | Initializing
Fra:1 Mem:1342.91M (Peak 3939.10M) | Time:495551:56:23.43 | Mem:0.00M, Peak:0.00M | Scene | Updating Images | Loading ComforterFactory(1250394).spawn_asset(4644385)_ROUGHNESS
Fra:1 Mem:1332.67M (Peak 3939.10M) | Time:495551:56:23.92 | Mem:0.00M, Peak:0.00M | Scene | Synchronizing object | ComforterFactory(1250394).spawn_asset(4644385)
Fra:1 Mem:1342.94M (Peak 3939.10M) | Time:495551:56:23.92 | Mem:0.00M, Peak:0.00M | Scene | Initializing
Fra:1 Mem:1342.93M (Peak 3939.10M) | Time:495551:56:23.92 | Mem:0.00M, Peak:0.00M | Scene | Updating Images | Loading ComforterFactory(1250394).spawn_asset(4644385)_NORMAL
Fra:1 Mem:1336.21M (Peak 3939.10M) | Time:495551:56:24.43 | Mem:0.00M, Peak:0.00M | Scene | Synchronizing object | Cube
Fra:1 Mem:1336.27M (Peak 3939.10M) | Time:495551:56:24.43 | Mem:0.00M, Peak:0.00M | Scene | Initializing
Fra:1 Mem:1336.26M (Peak 3939.10M) | Time:495551:56:24.43 | Mem:0.00M, Peak:0.00M | Scene | Updating Images | Loading Cube_TRANSMISSION
Fra:1 Mem:1336.29M (Peak 3939.10M) | Time:495551:56:24.75 | Mem:0.00M, Peak:0.00M | Scene | Synchronizing object | Cube
Fra:1 Mem:1336.33M (Peak 3939.10M) | Time:495551:56:24.75 | Mem:0.00M, Peak:0.00M | Scene | Initializing
Fra:1 Mem:1336.32M (Peak 3939.10M) | Time:495551:56:24.75 | Mem:0.00M, Peak:0.00M | Scene | Updating Images | Loading Cube_DIFFUSE
Fra:1 Mem:1336.35M (Peak 3939.10M) | Time:495551:56:25.19 | Mem:0.00M, Peak:0.00M | Scene | Synchronizing object | Cube
Fra:1 Mem:1336.38M (Peak 3939.10M) | Time:495551:56:25.19 | Mem:0.00M, Peak:0.00M | Scene | Initializing
Fra:1 Mem:1336.38M (Peak 3939.10M) | Time:495551:56:25.19 | Mem:0.00M, Peak:0.00M | Scene | Updating Images | Loading Cube_ROUGHNESS
Fra:1 Mem:1336.40M (Peak 3939.10M) | Time:495551:56:25.61 | Mem:0.00M, Peak:0.00M | Scene | Synchronizing object | Cube
Fra:1 Mem:1336.43M (Peak 3939.10M) | Time:495551:56:25.61 | Mem:0.00M, Peak:0.00M | Scene | Initializing
Fra:1 Mem:1336.43M (Peak 3939.10M) | Time:495551:56:25.61 | Mem:0.00M, Peak:0.00M | Scene | Updating Images | Loading Cube_NORMAL
Fra:1 Mem:1336.68M (Peak 3939.10M) | Time:495551:56:26.03 | Mem:0.00M, Peak:0.00M | Scene | Synchronizing object | Cube.002
Fra:1 Mem:1336.74M (Peak 3939.10M) | Time:495551:56:26.03 | Mem:0.00M, Peak:0.00M | Scene | Initializing
Fra:1 Mem:1336.73M (Peak 3939.10M) | Time:495551:56:26.03 | Mem:0.00M, Peak:0.00M | Scene | Updating Images | Loading Cube.002_TRANSMISSION
Fra:1 Mem:1336.76M (Peak 3939.10M) | Time:495551:56:26.29 | Mem:0.00M, Peak:0.00M | Scene | Synchronizing object | Cube.002
Fra:1 Mem:1336.80M (Peak 3939.10M) | Time:495551:56:26.29 | Mem:0.00M, Peak:0.00M | Scene | Initializing
Fra:1 Mem:1336.80M (Peak 3939.10M) | Time:495551:56:26.29 | Mem:0.00M, Peak:0.00M | Scene | Updating Images | Loading Cube.002_DIFFUSE
Fra:1 Mem:1336.81M (Peak 3939.10M) | Time:495551:56:26.74 | Mem:0.00M, Peak:0.00M | Scene | Synchronizing object | Cube.002
Fra:1 Mem:1336.85M (Peak 3939.10M) | Time:495551:56:26.74 | Mem:0.00M, Peak:0.00M | Scene | Initializing
Fra:1 Mem:1336.85M (Peak 3939.10M) | Time:495551:56:26.74 | Mem:0.00M, Peak:0.00M | Scene | Updating Images | Loading Cube.002_ROUGHNESS
Fra:1 Mem:1336.87M (Peak 3939.10M) | Time:495551:56:27.18 | Mem:0.00M, Peak:0.00M | Scene | Synchronizing object | Cube.002
Fra:1 Mem:1336.90M (Peak 3939.10M) | Time:495551:56:27.18 | Mem:0.00M, Peak:0.00M | Scene | Initializing
Fra:1 Mem:1336.90M (Peak 3939.10M) | Time:495551:56:27.18 | Mem:0.00M, Peak:0.00M | Scene | Updating Images | Loading Cube.002_NORMAL
Fra:1 Mem:1337.03M (Peak 3939.10M) | Time:495551:56:27.67 | Mem:0.00M, Peak:0.00M | Scene | Synchronizing object | Cube.004
Fra:1 Mem:1337.15M (Peak 3939.10M) | Time:495551:56:27.67 | Mem:0.00M, Peak:0.00M | Scene | Initializing
Fra:1 Mem:1337.14M (Peak 3939.10M) | Time:495551:56:27.67 | Mem:0.00M, Peak:0.00M | Scene | Updating Images | Loading Cube.004_METAL
Fra:1 Mem:1337.16M (Peak 3939.10M) | Time:495551:56:29.38 | Mem:0.00M, Peak:0.00M | Scene | Synchronizing object | Cube.004
Fra:1 Mem:1337.22M (Peak 3939.10M) | Time:495551:56:29.38 | Mem:0.00M, Peak:0.00M | Scene | Initializing
Fra:1 Mem:1337.22M (Peak 3939.10M) | Time:495551:56:29.38 | Mem:0.00M, Peak:0.00M | Scene | Updating Images | Loading Cube.004_TRANSMISSION
Fra:1 Mem:1337.22M (Peak 3939.10M) | Time:495551:56:29.64 | Mem:0.00M, Peak:0.00M | Scene | Synchronizing object | Cube.004
Fra:1 Mem:1337.29M (Peak 3939.10M) | Time:495551:56:29.64 | Mem:0.00M, Peak:0.00M | Scene | Initializing
Fra:1 Mem:1337.29M (Peak 3939.10M) | Time:495551:56:29.64 | Mem:0.00M, Peak:0.00M | Scene | Updating Images | Loading Cube.004_DIFFUSE
Fra:1 Mem:1337.27M (Peak 3939.10M) | Time:495551:56:32.26 | Mem:0.00M, Peak:0.00M | Scene | Synchronizing object | Cube.004
Fra:1 Mem:1337.34M (Peak 3939.10M) | Time:495551:56:32.26 | Mem:0.00M, Peak:0.00M | Scene | Initializing
Fra:1 Mem:1337.34M (Peak 3939.10M) | Time:495551:56:32.26 | Mem:0.00M, Peak:0.00M | Scene | Updating Images | Loading Cube.004_ROUGHNESS
Fra:1 Mem:1337.32M (Peak 3939.10M) | Time:495551:56:34.87 | Mem:0.00M, Peak:0.00M | Scene | Synchronizing object | Cube.004
Fra:1 Mem:1337.39M (Peak 3939.10M) | Time:495551:56:34.87 | Mem:0.00M, Peak:0.00M | Scene | Initializing
Fra:1 Mem:1337.39M (Peak 3939.10M) | Time:495551:56:34.87 | Mem:0.00M, Peak:0.00M | Scene | Updating Images | Loading Cube.004_NORMAL
Fra:1 Mem:1337.48M (Peak 3939.10M) | Time:495551:56:37.55 | Mem:0.00M, Peak:0.00M | Scene | Synchronizing object | Cube.006
Fra:1 Mem:1337.60M (Peak 3939.10M) | Time:495551:56:37.55 | Mem:0.00M, Peak:0.00M | Scene | Initializing
Fra:1 Mem:1337.60M (Peak 3939.10M) | Time:495551:56:37.55 | Mem:0.00M, Peak:0.00M | Scene | Updating Images | Loading Cube.006_METAL
Fra:1 Mem:1337.62M (Peak 3939.10M) | Time:495551:56:39.28 | Mem:0.00M, Peak:0.00M | Scene | Synchronizing object | Cube.006
Fra:1 Mem:1337.67M (Peak 3939.10M) | Time:495551:56:39.28 | Mem:0.00M, Peak:0.00M | Scene | Initializing
Fra:1 Mem:1337.67M (Peak 3939.10M) | Time:495551:56:39.28 | Mem:0.00M, Peak:0.00M | Scene | Updating Images | Loading Cube.006_TRANSMISSION
Fra:1 Mem:1337.67M (Peak 3939.10M) | Time:495551:56:39.54 | Mem:0.00M, Peak:0.00M | Scene | Synchronizing object | Cube.006
Fra:1 Mem:1337.74M (Peak 3939.10M) | Time:495551:56:39.54 | Mem:0.00M, Peak:0.00M | Scene | Initializing
Fra:1 Mem:1337.74M (Peak 3939.10M) | Time:495551:56:39.54 | Mem:0.00M, Peak:0.00M | Scene | Updating Images | Loading Cube.006_DIFFUSE
Fra:1 Mem:1337.72M (Peak 3939.10M) | Time:495551:56:42.17 | Mem:0.00M, Peak:0.00M | Scene | Synchronizing object | Cube.006
Fra:1 Mem:1337.79M (Peak 3939.10M) | Time:495551:56:42.17 | Mem:0.00M, Peak:0.00M | Scene | Initializing
Fra:1 Mem:1337.79M (Peak 3939.10M) | Time:495551:56:42.17 | Mem:0.00M, Peak:0.00M | Scene | Updating Images | Loading Cube.006_ROUGHNESS
Fra:1 Mem:1337.77M (Peak 3939.10M) | Time:495551:56:44.80 | Mem:0.00M, Peak:0.00M | Scene | Synchronizing object | Cube.006
Fra:1 Mem:1337.84M (Peak 3939.10M) | Time:495551:56:44.80 | Mem:0.00M, Peak:0.00M | Scene | Initializing
Fra:1 Mem:1337.84M (Peak 3939.10M) | Time:495551:56:44.80 | Mem:0.00M, Peak:0.00M | Scene | Updating Images | Loading Cube.006_NORMAL
Fra:1 Mem:1337.97M (Peak 3939.10M) | Time:495551:56:47.47 | Mem:0.00M, Peak:0.00M | Scene | Synchronizing object | Cube.008
Fra:1 Mem:1338.00M (Peak 3939.10M) | Time:495551:56:47.47 | Mem:0.00M, Peak:0.00M | Scene | Initializing
Fra:1 Mem:1337.99M (Peak 3939.10M) | Time:495551:56:47.47 | Mem:0.00M, Peak:0.00M | Scene | Updating Images | Loading Cube.008_TRANSMISSION
Fra:1 Mem:1338.04M (Peak 3939.10M) | Time:495551:56:47.79 | Mem:0.00M, Peak:0.00M | Scene | Synchronizing object | Cube.008
Fra:1 Mem:1338.06M (Peak 3939.10M) | Time:495551:56:47.79 | Mem:0.00M, Peak:0.00M | Scene | Initializing
Fra:1 Mem:1338.06M (Peak 3939.10M) | Time:495551:56:47.79 | Mem:0.00M, Peak:0.00M | Scene | Updating Images | Loading Cube.008_DIFFUSE
Fra:1 Mem:1338.09M (Peak 3939.10M) | Time:495551:56:48.24 | Mem:0.00M, Peak:0.00M | Scene | Synchronizing object | Cube.008
Fra:1 Mem:1338.11M (Peak 3939.10M) | Time:495551:56:48.24 | Mem:0.00M, Peak:0.00M | Scene | Initializing
Fra:1 Mem:1338.11M (Peak 3939.10M) | Time:495551:56:48.24 | Mem:0.00M, Peak:0.00M | Scene | Updating Images | Loading Cube.008_ROUGHNESS
Fra:1 Mem:1338.14M (Peak 3939.10M) | Time:495551:56:48.68 | Mem:0.00M, Peak:0.00M | Scene | Synchronizing object | Cube.008
Fra:1 Mem:1338.16M (Peak 3939.10M) | Time:495551:56:48.68 | Mem:0.00M, Peak:0.00M | Scene | Initializing
Fra:1 Mem:1338.16M (Peak 3939.10M) | Time:495551:56:48.68 | Mem:0.00M, Peak:0.00M | Scene | Updating Images | Loading Cube.008_NORMAL
/home/yashturkar/Workspace/infinigen/src/infinigen/tools/export.py:547: DeprecationWarning: The 'warn' function is deprecated, use 'warning' instead
  logging.warn("No Principled BSDF, skipping...")
Fra:1 Mem:1339.37M (Peak 3939.10M) | Time:495551:56:49.16 | Mem:0.00M, Peak:0.00M | Scene | Synchronizing object | DeskLampFactory(8507126).spawn_asset(7901138)
Fra:1 Mem:1344.49M (Peak 3939.10M) | Time:495551:56:49.16 | Mem:0.00M, Peak:0.00M | Scene | Initializing
Fra:1 Mem:1344.49M (Peak 3939.10M) | Time:495551:56:49.16 | Mem:0.00M, Peak:0.00M | Scene | Updating Images | Loading DeskLampFactory(8507126).spawn_asset(7901138)_TRANSMISSION
Fra:1 Mem:1342.06M (Peak 3939.10M) | Time:495551:56:49.51 | Mem:0.00M, Peak:0.00M | Scene | Synchronizing object | DeskLampFactory(8507126).spawn_asset(7901138)
Fra:1 Mem:1344.53M (Peak 3939.10M) | Time:495551:56:49.51 | Mem:0.00M, Peak:0.00M | Scene | Initializing
Fra:1 Mem:1344.53M (Peak 3939.10M) | Time:495551:56:49.51 | Mem:0.00M, Peak:0.00M | Scene | Updating Images | Loading DeskLampFactory(8507126).spawn_asset(7901138)_DIFFUSE
Fra:1 Mem:1342.09M (Peak 3939.10M) | Time:495551:56:49.86 | Mem:0.00M, Peak:0.00M | Scene | Synchronizing object | DeskLampFactory(8507126).spawn_asset(7901138)
Fra:1 Mem:1344.57M (Peak 3939.10M) | Time:495551:56:49.86 | Mem:0.00M, Peak:0.00M | Scene | Initializing
Fra:1 Mem:1344.56M (Peak 3939.10M) | Time:495551:56:49.86 | Mem:0.00M, Peak:0.00M | Scene | Updating Images | Loading DeskLampFactory(8507126).spawn_asset(7901138)_ROUGHNESS
Fra:1 Mem:1342.13M (Peak 3939.10M) | Time:495551:56:50.21 | Mem:0.00M, Peak:0.00M | Scene | Synchronizing object | DeskLampFactory(8507126).spawn_asset(7901138)
Fra:1 Mem:1344.60M (Peak 3939.10M) | Time:495551:56:50.21 | Mem:0.00M, Peak:0.00M | Scene | Initializing
Fra:1 Mem:1344.60M (Peak 3939.10M) | Time:495551:56:50.21 | Mem:0.00M, Peak:0.00M | Scene | Updating Images | Loading DeskLampFactory(8507126).spawn_asset(7901138)_NORMAL
Fra:1 Mem:1344.10M (Peak 3939.10M) | Time:495551:56:50.49 | Mem:0.00M, Peak:0.00M | Scene | Synchronizing object | dining-room_0/0.ceiling
Fra:1 Mem:1344.10M (Peak 3939.10M) | Time:495551:56:50.49 | Mem:0.00M, Peak:0.00M | Scene | Initializing
Fra:1 Mem:1344.10M (Peak 3939.10M) | Time:495551:56:50.49 | Mem:0.00M, Peak:0.00M | Scene | Updating Images | Loading dining-room_0/0.ceiling_DIFFUSE
Fra:1 Mem:1344.12M (Peak 3939.10M) | Time:495551:56:50.71 | Mem:0.00M, Peak:0.00M | Scene | Synchronizing object | dining-room_0/0.ceiling
Fra:1 Mem:1344.12M (Peak 3939.10M) | Time:495551:56:50.71 | Mem:0.00M, Peak:0.00M | Scene | Initializing
Fra:1 Mem:1344.12M (Peak 3939.10M) | Time:495551:56:50.71 | Mem:0.00M, Peak:0.00M | Scene | Updating Images | Loading dining-room_0/0.ceiling_ROUGHNESS
Fra:1 Mem:1344.14M (Peak 3939.10M) | Time:495551:56:50.94 | Mem:0.00M, Peak:0.00M | Scene | Synchronizing object | dining-room_0/0.ceiling
Fra:1 Mem:1344.14M (Peak 3939.10M) | Time:495551:56:50.94 | Mem:0.00M, Peak:0.00M | Scene | Initializing
Fra:1 Mem:1344.14M (Peak 3939.10M) | Time:495551:56:50.94 | Mem:0.00M, Peak:0.00M | Scene | Updating Images | Loading dining-room_0/0.ceiling_NORMAL
Fra:1 Mem:1345.03M (Peak 3939.10M) | Time:495551:56:51.19 | Mem:0.00M, Peak:0.00M | Scene | Synchronizing object | dining-room_0/0.floor
Fra:1 Mem:1345.04M (Peak 3939.10M) | Time:495551:56:51.19 | Mem:0.00M, Peak:0.00M | Scene | Initializing
Fra:1 Mem:1345.03M (Peak 3939.10M) | Time:495551:56:51.19 | Mem:0.00M, Peak:0.00M | Scene | Updating Images | Loading dining-room_0/0.floor_DIFFUSE
Fra:1 Mem:1345.05M (Peak 3939.10M) | Time:495551:56:51.62 | Mem:0.00M, Peak:0.00M | Scene | Synchronizing object | dining-room_0/0.floor
Fra:1 Mem:1345.06M (Peak 3939.10M) | Time:495551:56:51.62 | Mem:0.00M, Peak:0.00M | Scene | Initializing
Fra:1 Mem:1345.05M (Peak 3939.10M) | Time:495551:56:51.62 | Mem:0.00M, Peak:0.00M | Scene | Updating Images | Loading dining-room_0/0.floor_ROUGHNESS
Fra:1 Mem:1345.08M (Peak 3939.10M) | Time:495551:56:52.04 | Mem:0.00M, Peak:0.00M | Scene | Synchronizing object | dining-room_0/0.floor
Fra:1 Mem:1345.08M (Peak 3939.10M) | Time:495551:56:52.04 | Mem:0.00M, Peak:0.00M | Scene | Initializing
Fra:1 Mem:1345.08M (Peak 3939.10M) | Time:495551:56:52.04 | Mem:0.00M, Peak:0.00M | Scene | Updating Images | Loading dining-room_0/0.floor_NORMAL
Fra:1 Mem:1344.39M (Peak 3939.10M) | Time:495551:56:52.48 | Mem:0.00M, Peak:0.00M | Scene | Synchronizing object | dining-room_0/0.wall
Fra:1 Mem:1344.41M (Peak 3939.10M) | Time:495551:56:52.48 | Mem:0.00M, Peak:0.00M | Scene | Initializing
Fra:1 Mem:1344.40M (Peak 3939.10M) | Time:495551:56:52.48 | Mem:0.00M, Peak:0.00M | Scene | Updating Images | Loading dining-room_0/0.wall_DIFFUSE
Fra:1 Mem:1344.42M (Peak 3939.10M) | Time:495551:56:52.82 | Mem:0.00M, Peak:0.00M | Scene | Synchronizing object | dining-room_0/0.wall
Fra:1 Mem:1344.43M (Peak 3939.10M) | Time:495551:56:52.82 | Mem:0.00M, Peak:0.00M | Scene | Initializing
Fra:1 Mem:1344.43M (Peak 3939.10M) | Time:495551:56:52.82 | Mem:0.00M, Peak:0.00M | Scene | Updating Images | Loading dining-room_0/0.wall_ROUGHNESS
Info: Baking map saved to internal image, save it externally or pack it
Info: Baking map saved to internal image, save it externally or pack it
Info: Baking map saved to internal image, save it externally or pack it
Info: Baking map saved to internal image, save it externally or pack it
Info: Baking map saved to internal image, save it externally or pack it
Info: Baking map saved to internal image, save it externally or pack it
Info: Baking map saved to internal image, save it externally or pack it
Info: Baking map saved to internal image, save it externally or pack it
Info: Baking map saved to internal image, save it externally or pack it
Info: Baking map saved to internal image, save it externally or pack it
Info: Baking map saved to internal image, save it externally or pack it
Info: Baking map saved to internal image, save it externally or pack it
Info: Baking map saved to internal image, save it externally or pack it
Info: Baking map saved to internal image, save it externally or pack it
Info: Baking map saved to internal image, save it externally or pack it
Info: Baking map saved to internal image, save it externally or pack it
Info: Baking map saved to internal image, save it externally or pack it
Info: Baking map saved to internal image, save it externally or pack it
Info: Baking map saved to internal image, save it externally or pack it
Info: Baking map saved to internal image, save it externally or pack it
Info: Baking map saved to internal image, save it externally or pack it
Info: Baking map saved to internal image, save it externally or pack it
Info: Baking map saved to internal image, save it externally or pack it
Info: Baking map saved to internal image, save it externally or pack it
Info: Baking map saved to internal image, save it externally or pack it
Info: Baking map saved to internal image, save it externally or pack it
Info: Baking map saved to internal image, save it externally or pack it
Info: Baking map saved to internal image, save it externally or pack it
Info: Baking map saved to internal image, save it externally or pack it
Info: Baking map saved to internal image, save it externally or pack it
Info: Baking map saved to internal image, save it externally or pack it
Info: Baking map saved to internal image, save it externally or pack it
Info: Baking map saved to internal image, save it externally or pack it
Info: Baking map saved to internal image, save it externally or pack it
Info: Baking map saved to internal image, save it externally or pack it
Info: Baking map saved to internal image, save it externally or pack it
Info: Baking map saved to internal image, save it externally or pack it
Info: Baking map saved to internal image, save it externally or pack it
Info: Baking map saved to internal image, save it externally or pack it
Info: Baking map saved to internal image, save it externally or pack it
Info: Baking map saved to internal image, save it externally or pack it
Info: Baking map saved to internal image, save it externally or pack it
Info: Baking map saved to internal image, save it externally or pack it
Info: Baking map saved to internal image, save it externally or pack it
Info: Baking map saved to internal image, save it externally or pack it
Info: Baking map saved to internal image, save it externally or pack it
Info: Baking map saved to internal image, save it externally or pack it
Info: Baking map saved to internal image, save it externally or pack it
Info: Baking map saved to internal image, save it externally or pack it
Info: Baking map saved to internal image, save it externally or pack it
Info: Baking map saved to internal image, save it externally or pack it
Info: Baking map saved to internal image, save it externally or pack it
Info: Baking map saved to internal image, save it externally or pack it
Info: Baking map saved to internal image, save it externally or pack it
Info: Baking map saved to internal image, save it externally or pack it
Info: Baking map saved to internal image, save it externally or pack it
Info: Baking map saved to internal image, save it externally or pack it
Info: Baking map saved to internal image, save it externally or pack it
Info: Baking map saved to internal image, save it externally or pack it
Info: Baking map saved to internal image, save it externally or pack it
Info: Baking map saved to internal image, save it externally or pack it
Info: Baking map saved to internal image, save it externally or pack it
Info: Baking map saved to internal image, save it externally or pack it
Info: Baking map saved to internal image, save it externally or pack it
Info: Baking map saved to internal image, save it externally or pack it
Info: Baking map saved to internal image, save it externally or pack it
Info: Baking map saved to internal image, save it externally or pack it
Info: Baking map saved to internal image, save it externally or pack it
Info: Baking map saved to internal image, save it externally or pack it
Info: Baking map saved to internal image, save it externally or pack it
Info: Baking map saved to internal image, save it externally or pack it
Info: Baking map saved to internal image, save it externally or pack it
Info: Baking map saved to internal image, save it externally or pack it
Info: Baking map saved to internal image, save it externally or pack it
Info: Baking map saved to internal image, save it externally or pack it
Info: Baking map saved to internal image, save it externally or pack it
Info: Baking map saved to internal image, save it externally or pack it
Info: Baking map saved to internal image, save it externally or pack it
Info: Baking map saved to internal image, save it externally or pack it
Info: Baking map saved to internal image, save it externally or pack it
Info: Baking map saved to internal image, save it externally or pack it
Info: Baking map saved to internal image, save it externally or pack it
Info: Baking map saved to internal image, save it externally or pack it
Info: Baking map saved to internal image, save it externally or pack it
Info: Baking map saved to internal image, save it externally or pack it
Info: Baking map saved to internal image, save it externally or pack it
Info: Baking map saved to internal image, save it externally or pack it
Info: Baking map saved to internal image, save it externally or pack it
Info: Baking map saved to internal image, save it externally or pack it
Info: Baking map saved to internal image, save it externally or pack it
Info: Baking map saved to internal image, save it externally or pack it
Info: Baking map saved to internal image, save it externally or pack it
Info: Baking map saved to internal image, save it externally or pack it
Info: Baking map saved to internal image, save it externally or pack it
Info: Baking map saved to internal image, save it externally or pack it
Info: Baking map saved to internal image, save it externally or pack it
Info: Baking map saved to internal image, save it externally or pack it
Info: Baking map saved to internal image, save it externally or pack it
Info: Baking map saved to internal image, save it externally or pack it
Info: Baking map saved to internal image, save it externally or pack it
Info: Baking map saved to internal image, save it externally or pack it
Info: Baking map saved to internal image, save it externally or pack it
Info: Baking map saved to internal image, save it externally or pack it
Info: Baking map saved to internal image, save it externally or pack it
Info: Baking map saved to internal image, save it externally or pack it
Info: Baking map saved to internal image, save it externally or pack it
Info: Baking map saved to internal image, save it externally or pack it
Info: Baking map saved to internal image, save it externally or pack it
Info: Baking map saved to internal image, save it externally or pack it
Info: Baking map saved to internal image, save it externally or pack it
Info: Baking map saved to internal image, save it externally or pack it
Info: Baking map saved to internal image, save it externally or pack it
Info: Baking map saved to internal image, save it externally or pack it
Info: Baking map saved to internal image, save it externally or pack it
Fra:1 Mem:1344.44M (Peak 3939.10M) | Time:495551:56:53.14 | Mem:0.00M, Peak:0.00M | Scene | Synchronizing object | dining-room_0/0.wall
Fra:1 Mem:1344.45M (Peak 3939.10M) | Time:495551:56:53.14 | Mem:0.00M, Peak:0.00M | Scene | Initializing
Fra:1 Mem:1344.45M (Peak 3939.10M) | Time:495551:56:53.14 | Mem:0.00M, Peak:0.00M | Scene | Updating Images | Loading dining-room_0/0.wall_NORMAL
Fra:1 Mem:1346.12M (Peak 3939.10M) | Time:495551:56:53.50 | Mem:0.00M, Peak:0.00M | Scene | Synchronizing object | GlassPanelDoorFactory(7281651).spawn_asset(1)
Fra:1 Mem:1346.26M (Peak 3939.10M) | Time:495551:56:53.50 | Mem:0.00M, Peak:0.00M | Scene | Initializing
Fra:1 Mem:1346.25M (Peak 3939.10M) | Time:495551:56:53.50 | Mem:0.00M, Peak:0.00M | Scene | Updating Images | Loading GlassPanelDoorFactory(7281651).spawn_asset(1)_METAL
Fra:1 Mem:1346.22M (Peak 3939.10M) | Time:495551:56:53.83 | Mem:0.00M, Peak:0.00M | Scene | Synchronizing object | GlassPanelDoorFactory(7281651).spawn_asset(1)
Fra:1 Mem:1346.36M (Peak 3939.10M) | Time:495551:56:53.83 | Mem:0.00M, Peak:0.00M | Scene | Initializing
Fra:1 Mem:1346.35M (Peak 3939.10M) | Time:495551:56:53.83 | Mem:0.00M, Peak:0.00M | Scene | Updating Images | Loading GlassPanelDoorFactory(7281651).spawn_asset(1)_TRANSMISSION
Fra:1 Mem:1346.29M (Peak 3939.10M) | Time:495551:56:54.16 | Mem:0.00M, Peak:0.00M | Scene | Synchronizing object | GlassPanelDoorFactory(7281651).spawn_asset(1)
Fra:1 Mem:1346.48M (Peak 3939.10M) | Time:495551:56:54.16 | Mem:0.00M, Peak:0.00M | Scene | Initializing
Fra:1 Mem:1346.48M (Peak 3939.10M) | Time:495551:56:54.16 | Mem:0.00M, Peak:0.00M | Scene | Updating Images | Loading GlassPanelDoorFactory(7281651).spawn_asset(1)_DIFFUSE
Fra:1 Mem:1346.36M (Peak 3939.10M) | Time:495551:56:54.64 | Mem:0.00M, Peak:0.00M | Scene | Synchronizing object | GlassPanelDoorFactory(7281651).spawn_asset(1)
Fra:1 Mem:1346.55M (Peak 3939.10M) | Time:495551:56:54.64 | Mem:0.00M, Peak:0.00M | Scene | Initializing
Fra:1 Mem:1346.54M (Peak 3939.10M) | Time:495551:56:54.64 | Mem:0.00M, Peak:0.00M | Scene | Updating Images | Loading GlassPanelDoorFactory(7281651).spawn_asset(1)_ROUGHNESS
Fra:1 Mem:1346.43M (Peak 3939.10M) | Time:495551:56:55.09 | Mem:0.00M, Peak:0.00M | Scene | Synchronizing object | GlassPanelDoorFactory(7281651).spawn_asset(1)
Fra:1 Mem:1346.61M (Peak 3939.10M) | Time:495551:56:55.09 | Mem:0.00M, Peak:0.00M | Scene | Initializing
Fra:1 Mem:1346.61M (Peak 3939.10M) | Time:495551:56:55.09 | Mem:0.00M, Peak:0.00M | Scene | Updating Images | Loading GlassPanelDoorFactory(7281651).spawn_asset(1)_NORMAL
Fra:1 Mem:1344.77M (Peak 3939.10M) | Time:495551:56:55.51 | Mem:0.00M, Peak:0.00M | Scene | Synchronizing object | kitchen_0/0.ceiling
Fra:1 Mem:1344.78M (Peak 3939.10M) | Time:495551:56:55.51 | Mem:0.00M, Peak:0.00M | Scene | Initializing
Fra:1 Mem:1344.77M (Peak 3939.10M) | Time:495551:56:55.51 | Mem:0.00M, Peak:0.00M | Scene | Updating Images | Loading kitchen_0/0.ceiling_DIFFUSE
Fra:1 Mem:1344.80M (Peak 3939.10M) | Time:495551:56:55.74 | Mem:0.00M, Peak:0.00M | Scene | Synchronizing object | kitchen_0/0.ceiling
Fra:1 Mem:1344.80M (Peak 3939.10M) | Time:495551:56:55.74 | Mem:0.00M, Peak:0.00M | Scene | Initializing
Fra:1 Mem:1344.79M (Peak 3939.10M) | Time:495551:56:55.74 | Mem:0.00M, Peak:0.00M | Scene | Updating Images | Loading kitchen_0/0.ceiling_ROUGHNESS
Fra:1 Mem:1344.82M (Peak 3939.10M) | Time:495551:56:55.97 | Mem:0.00M, Peak:0.00M | Scene | Synchronizing object | kitchen_0/0.ceiling
Fra:1 Mem:1344.82M (Peak 3939.10M) | Time:495551:56:55.97 | Mem:0.00M, Peak:0.00M | Scene | Initializing
Fra:1 Mem:1344.82M (Peak 3939.10M) | Time:495551:56:55.97 | Mem:0.00M, Peak:0.00M | Scene | Updating Images | Loading kitchen_0/0.ceiling_NORMAL
Fra:1 Mem:1346.21M (Peak 3939.10M) | Time:495551:56:56.22 | Mem:0.00M, Peak:0.00M | Scene | Synchronizing object | kitchen_0/0.floor
Fra:1 Mem:1346.21M (Peak 3939.10M) | Time:495551:56:56.22 | Mem:0.00M, Peak:0.00M | Scene | Initializing
Fra:1 Mem:1346.21M (Peak 3939.10M) | Time:495551:56:56.22 | Mem:0.00M, Peak:0.00M | Scene | Updating Images | Loading kitchen_0/0.floor_DIFFUSE
Fra:1 Mem:1346.23M (Peak 3939.10M) | Time:495551:56:56.53 | Mem:0.00M, Peak:0.00M | Scene | Synchronizing object | kitchen_0/0.floor
Fra:1 Mem:1346.23M (Peak 3939.10M) | Time:495551:56:56.53 | Mem:0.00M, Peak:0.00M | Scene | Initializing
Fra:1 Mem:1346.23M (Peak 3939.10M) | Time:495551:56:56.53 | Mem:0.00M, Peak:0.00M | Scene | Updating Images | Loading kitchen_0/0.floor_ROUGHNESS
Fra:1 Mem:1346.26M (Peak 3939.10M) | Time:495551:56:56.83 | Mem:0.00M, Peak:0.00M | Scene | Synchronizing object | kitchen_0/0.floor
Fra:1 Mem:1346.26M (Peak 3939.10M) | Time:495551:56:56.83 | Mem:0.00M, Peak:0.00M | Scene | Initializing
Fra:1 Mem:1346.26M (Peak 3939.10M) | Time:495551:56:56.83 | Mem:0.00M, Peak:0.00M | Scene | Updating Images | Loading kitchen_0/0.floor_NORMAL
Fra:1 Mem:1345.12M (Peak 3939.10M) | Time:495551:56:57.15 | Mem:0.00M, Peak:0.00M | Scene | Synchronizing object | kitchen_0/0.wall
Fra:1 Mem:1345.14M (Peak 3939.10M) | Time:495551:56:57.15 | Mem:0.00M, Peak:0.00M | Scene | Initializing
Fra:1 Mem:1345.13M (Peak 3939.10M) | Time:495551:56:57.15 | Mem:0.00M, Peak:0.00M | Scene | Updating Images | Loading kitchen_0/0.wall_DIFFUSE
Fra:1 Mem:1345.15M (Peak 3939.10M) | Time:495551:56:57.50 | Mem:0.00M, Peak:0.00M | Scene | Synchronizing object | kitchen_0/0.wall
Fra:1 Mem:1345.16M (Peak 3939.10M) | Time:495551:56:57.50 | Mem:0.00M, Peak:0.00M | Scene | Initializing
Fra:1 Mem:1345.16M (Peak 3939.10M) | Time:495551:56:57.50 | Mem:0.00M, Peak:0.00M | Scene | Updating Images | Loading kitchen_0/0.wall_ROUGHNESS
Fra:1 Mem:1345.17M (Peak 3939.10M) | Time:495551:56:57.84 | Mem:0.00M, Peak:0.00M | Scene | Synchronizing object | kitchen_0/0.wall
Fra:1 Mem:1345.18M (Peak 3939.10M) | Time:495551:56:57.84 | Mem:0.00M, Peak:0.00M | Scene | Initializing
Fra:1 Mem:1345.18M (Peak 3939.10M) | Time:495551:56:57.84 | Mem:0.00M, Peak:0.00M | Scene | Updating Images | Loading kitchen_0/0.wall_NORMAL
Fra:1 Mem:1355.44M (Peak 3939.10M) | Time:495551:56:58.31 | Mem:0.00M, Peak:0.00M | Scene | Synchronizing object | KitchenCabinetFactory(1387523).spawn_asset(4630190)
Fra:1 Mem:1365.42M (Peak 3939.10M) | Time:495551:56:58.32 | Mem:0.00M, Peak:0.00M | Scene | Initializing
Fra:1 Mem:1365.42M (Peak 3939.10M) | Time:495551:56:58.32 | Mem:0.00M, Peak:0.00M | Scene | Updating Images | Loading KitchenCabinetFactory(1387523).spawn_asset(4630190)_DIFFUSE
Fra:1 Mem:1355.51M (Peak 3939.10M) | Time:495551:56:58.71 | Mem:0.00M, Peak:0.00M | Scene | Synchronizing object | KitchenCabinetFactory(1387523).spawn_asset(4630190)
Fra:1 Mem:1365.49M (Peak 3939.10M) | Time:495551:56:58.72 | Mem:0.00M, Peak:0.00M | Scene | Initializing
Fra:1 Mem:1365.49M (Peak 3939.10M) | Time:495551:56:58.72 | Mem:0.00M, Peak:0.00M | Scene | Updating Images | Loading KitchenCabinetFactory(1387523).spawn_asset(4630190)_ROUGHNESS
Fra:1 Mem:1355.57M (Peak 3939.10M) | Time:495551:56:59.10 | Mem:0.00M, Peak:0.00M | Scene | Synchronizing object | KitchenCabinetFactory(1387523).spawn_asset(4630190)
Fra:1 Mem:1365.56M (Peak 3939.10M) | Time:495551:56:59.12 | Mem:0.00M, Peak:0.00M | Scene | Initializing
Fra:1 Mem:1365.55M (Peak 3939.10M) | Time:495551:56:59.12 | Mem:0.00M, Peak:0.00M | Scene | Updating Images | Loading KitchenCabinetFactory(1387523).spawn_asset(4630190)_NORMAL
Fra:1 Mem:1375.05M (Peak 3939.10M) | Time:495551:57:01.94 | Mem:0.00M, Peak:0.00M | Scene | Synchronizing object | LargePlantContainerFactory(4128982).spawn_asset(8920034)
Fra:1 Mem:1443.03M (Peak 3939.10M) | Time:495551:57:01.96 | Mem:0.00M, Peak:0.00M | Scene | Initializing
Fra:1 Mem:1443.03M (Peak 3939.10M) | Time:495551:57:01.96 | Mem:0.00M, Peak:0.00M | Scene | Updating Images | Loading LargePlantContainerFactory(4128982).spawn_asset(8920034)_TRANSM
Fra:1 Mem:1413.93M (Peak 3939.10M) | Time:495551:57:02.47 | Mem:0.00M, Peak:0.00M | Scene | Synchronizing object | LargePlantContainerFactory(4128982).spawn_asset(8920034)
Fra:1 Mem:1450.24M (Peak 3939.10M) | Time:495551:57:02.48 | Mem:0.00M, Peak:0.00M | Scene | Initializing
Fra:1 Mem:1450.23M (Peak 3939.10M) | Time:495551:57:02.48 | Mem:0.00M, Peak:0.00M | Scene | Updating Images | Loading LargePlantContainerFactory(4128982).spawn_asset(8920034)_DIFFUS
Fra:1 Mem:1413.98M (Peak 3939.10M) | Time:495551:57:03.08 | Mem:0.00M, Peak:0.00M | Scene | Synchronizing object | LargePlantContainerFactory(4128982).spawn_asset(8920034)
Fra:1 Mem:1450.29M (Peak 3939.10M) | Time:495551:57:03.09 | Mem:0.00M, Peak:0.00M | Scene | Initializing
Fra:1 Mem:1450.28M (Peak 3939.10M) | Time:495551:57:03.09 | Mem:0.00M, Peak:0.00M | Scene | Updating Images | Loading LargePlantContainerFactory(4128982).spawn_asset(8920034)_ROUGHN
Fra:1 Mem:1414.03M (Peak 3939.10M) | Time:495551:57:03.67 | Mem:0.00M, Peak:0.00M | Scene | Synchronizing object | LargePlantContainerFactory(4128982).spawn_asset(8920034)
Fra:1 Mem:1450.34M (Peak 3939.10M) | Time:495551:57:03.68 | Mem:0.00M, Peak:0.00M | Scene | Initializing
Fra:1 Mem:1450.34M (Peak 3939.10M) | Time:495551:57:03.68 | Mem:0.00M, Peak:0.00M | Scene | Updating Images | Loading LargePlantContainerFactory(4128982).spawn_asset(8920034)_NORMAL
Fra:1 Mem:1423.55M (Peak 3939.10M) | Time:495551:57:04.37 | Mem:0.00M, Peak:0.00M | Scene | Synchronizing object | LargeShelfFactory(1583174).spawn_asset(642900)
Fra:1 Mem:1423.99M (Peak 3939.10M) | Time:495551:57:04.37 | Mem:0.00M, Peak:0.00M | Scene | Initializing
Fra:1 Mem:1423.98M (Peak 3939.10M) | Time:495551:57:04.37 | Mem:0.00M, Peak:0.00M | Scene | Updating Images | Loading LargeShelfFactory(1583174).spawn_asset(642900)_DIFFUSE
Fra:1 Mem:1423.81M (Peak 3939.10M) | Time:495551:57:04.65 | Mem:0.00M, Peak:0.00M | Scene | Synchronizing object | LargeShelfFactory(1583174).spawn_asset(642900)
Fra:1 Mem:1424.03M (Peak 3939.10M) | Time:495551:57:04.65 | Mem:0.00M, Peak:0.00M | Scene | Initializing
Fra:1 Mem:1424.02M (Peak 3939.10M) | Time:495551:57:04.65 | Mem:0.00M, Peak:0.00M | Scene | Updating Images | Loading LargeShelfFactory(1583174).spawn_asset(642900)_ROUGHNESS
Fra:1 Mem:1423.85M (Peak 3939.10M) | Time:495551:57:04.94 | Mem:0.00M, Peak:0.00M | Scene | Synchronizing object | LargeShelfFactory(1583174).spawn_asset(642900)
Fra:1 Mem:1424.06M (Peak 3939.10M) | Time:495551:57:04.94 | Mem:0.00M, Peak:0.00M | Scene | Initializing
Fra:1 Mem:1424.06M (Peak 3939.10M) | Time:495551:57:04.94 | Mem:0.00M, Peak:0.00M | Scene | Updating Images | Loading LargeShelfFactory(1583174).spawn_asset(642900)_NORMAL
Fra:1 Mem:1424.13M (Peak 3939.10M) | Time:495551:57:05.22 | Mem:0.00M, Peak:0.00M | Scene | Synchronizing object | LargeShelfFactory(4322682).spawn_asset(5471509)
Fra:1 Mem:1424.31M (Peak 3939.10M) | Time:495551:57:05.22 | Mem:0.00M, Peak:0.00M | Scene | Initializing
Fra:1 Mem:1424.31M (Peak 3939.10M) | Time:495551:57:05.22 | Mem:0.00M, Peak:0.00M | Scene | Updating Images | Loading LargeShelfFactory(4322682).spawn_asset(5471509)_DIFFUSE
Fra:1 Mem:1424.26M (Peak 3939.10M) | Time:495551:57:05.50 | Mem:0.00M, Peak:0.00M | Scene | Synchronizing object | LargeShelfFactory(4322682).spawn_asset(5471509)
Fra:1 Mem:1424.35M (Peak 3939.10M) | Time:495551:57:05.51 | Mem:0.00M, Peak:0.00M | Scene | Initializing
Fra:1 Mem:1424.35M (Peak 3939.10M) | Time:495551:57:05.51 | Mem:0.00M, Peak:0.00M | Scene | Updating Images | Loading LargeShelfFactory(4322682).spawn_asset(5471509)_ROUGHNESS
Fra:1 Mem:1424.30M (Peak 3939.10M) | Time:495551:57:05.78 | Mem:0.00M, Peak:0.00M | Scene | Synchronizing object | LargeShelfFactory(4322682).spawn_asset(5471509)
Fra:1 Mem:1424.39M (Peak 3939.10M) | Time:495551:57:05.78 | Mem:0.00M, Peak:0.00M | Scene | Initializing
Fra:1 Mem:1424.38M (Peak 3939.10M) | Time:495551:57:05.78 | Mem:0.00M, Peak:0.00M | Scene | Updating Images | Loading LargeShelfFactory(4322682).spawn_asset(5471509)_NORMAL
Fra:1 Mem:1424.34M (Peak 3939.10M) | Time:495551:57:06.03 | Mem:0.00M, Peak:0.00M | Scene | Synchronizing object | living-room_0/0.ceiling
Fra:1 Mem:1424.34M (Peak 3939.10M) | Time:495551:57:06.03 | Mem:0.00M, Peak:0.00M | Scene | Initializing
Fra:1 Mem:1424.34M (Peak 3939.10M) | Time:495551:57:06.03 | Mem:0.00M, Peak:0.00M | Scene | Updating Images | Loading living-room_0/0.ceiling_DIFFUSE
Fra:1 Mem:1424.36M (Peak 3939.10M) | Time:495551:57:06.27 | Mem:0.00M, Peak:0.00M | Scene | Synchronizing object | living-room_0/0.ceiling
Fra:1 Mem:1424.36M (Peak 3939.10M) | Time:495551:57:06.27 | Mem:0.00M, Peak:0.00M | Scene | Initializing
Fra:1 Mem:1424.36M (Peak 3939.10M) | Time:495551:57:06.27 | Mem:0.00M, Peak:0.00M | Scene | Updating Images | Loading living-room_0/0.ceiling_ROUGHNESS
Fra:1 Mem:1424.38M (Peak 3939.10M) | Time:495551:57:06.51 | Mem:0.00M, Peak:0.00M | Scene | Synchronizing object | living-room_0/0.ceiling
Fra:1 Mem:1424.39M (Peak 3939.10M) | Time:495551:57:06.51 | Mem:0.00M, Peak:0.00M | Scene | Initializing
Fra:1 Mem:1424.38M (Peak 3939.10M) | Time:495551:57:06.51 | Mem:0.00M, Peak:0.00M | Scene | Updating Images | Loading living-room_0/0.ceiling_NORMAL
Fra:1 Mem:1425.84M (Peak 3939.10M) | Time:495551:57:06.78 | Mem:0.00M, Peak:0.00M | Scene | Synchronizing object | living-room_0/0.floor
Fra:1 Mem:1425.85M (Peak 3939.10M) | Time:495551:57:06.78 | Mem:0.00M, Peak:0.00M | Scene | Initializing
Fra:1 Mem:1425.85M (Peak 3939.10M) | Time:495551:57:06.78 | Mem:0.00M, Peak:0.00M | Scene | Updating Images | Loading living-room_0/0.floor_DIFFUSE
Fra:1 Mem:1425.87M (Peak 3939.10M) | Time:495551:57:07.17 | Mem:0.00M, Peak:0.00M | Scene | Synchronizing object | living-room_0/0.floor
Fra:1 Mem:1425.88M (Peak 3939.10M) | Time:495551:57:07.17 | Mem:0.00M, Peak:0.00M | Scene | Initializing
Fra:1 Mem:1425.87M (Peak 3939.10M) | Time:495551:57:07.17 | Mem:0.00M, Peak:0.00M | Scene | Updating Images | Loading living-room_0/0.floor_ROUGHNESS
Fra:1 Mem:1425.89M (Peak 3939.10M) | Time:495551:57:07.53 | Mem:0.00M, Peak:0.00M | Scene | Synchronizing object | living-room_0/0.floor
Fra:1 Mem:1425.90M (Peak 3939.10M) | Time:495551:57:07.53 | Mem:0.00M, Peak:0.00M | Scene | Initializing
Fra:1 Mem:1425.90M (Peak 3939.10M) | Time:495551:57:07.53 | Mem:0.00M, Peak:0.00M | Scene | Updating Images | Loading living-room_0/0.floor_NORMAL
Fra:1 Mem:1428.25M (Peak 3939.10M) | Time:495551:57:07.93 | Mem:0.00M, Peak:0.00M | Scene | Synchronizing object | living-room_0/0.wall
Fra:1 Mem:1428.32M (Peak 3939.10M) | Time:495551:57:07.94 | Mem:0.00M, Peak:0.00M | Scene | Initializing
Fra:1 Mem:1428.32M (Peak 3939.10M) | Time:495551:57:07.94 | Mem:0.00M, Peak:0.00M | Scene | Updating Images | Loading living-room_0/0.wall_DIFFUSE
Fra:1 Mem:1428.30M (Peak 3939.10M) | Time:495551:57:08.35 | Mem:0.00M, Peak:0.00M | Scene | Synchronizing object | living-room_0/0.wall
Fra:1 Mem:1428.36M (Peak 3939.10M) | Time:495551:57:08.35 | Mem:0.00M, Peak:0.00M | Scene | Initializing
Fra:1 Mem:1428.35M (Peak 3939.10M) | Time:495551:57:08.35 | Mem:0.00M, Peak:0.00M | Scene | Updating Images | Loading living-room_0/0.wall_ROUGHNESS
Fra:1 Mem:1428.34M (Peak 3939.10M) | Time:495551:57:08.76 | Mem:0.00M, Peak:0.00M | Scene | Synchronizing object | living-room_0/0.wall
Fra:1 Mem:1428.39M (Peak 3939.10M) | Time:495551:57:08.76 | Mem:0.00M, Peak:0.00M | Scene | Initializing
Fra:1 Mem:1428.39M (Peak 3939.10M) | Time:495551:57:08.76 | Mem:0.00M, Peak:0.00M | Scene | Updating Images | Loading living-room_0/0.wall_NORMAL
Fra:1 Mem:1427.19M (Peak 3939.10M) | Time:495551:57:09.25 | Mem:0.00M, Peak:0.00M | Scene | Synchronizing object | LouverDoorFactory(6511470).spawn_asset(2)
Fra:1 Mem:1427.49M (Peak 3939.10M) | Time:495551:57:09.25 | Mem:0.00M, Peak:0.00M | Scene | Initializing
Fra:1 Mem:1427.48M (Peak 3939.10M) | Time:495551:57:09.25 | Mem:0.00M, Peak:0.00M | Scene | Updating Images | Loading LouverDoorFactory(6511470).spawn_asset(2)_METAL
Fra:1 Mem:1427.29M (Peak 3939.10M) | Time:495551:57:09.55 | Mem:0.00M, Peak:0.00M | Scene | Synchronizing object | LouverDoorFactory(6511470).spawn_asset(2)
Fra:1 Mem:1427.59M (Peak 3939.10M) | Time:495551:57:09.55 | Mem:0.00M, Peak:0.00M | Scene | Initializing
Fra:1 Mem:1427.58M (Peak 3939.10M) | Time:495551:57:09.55 | Mem:0.00M, Peak:0.00M | Scene | Updating Images | Loading LouverDoorFactory(6511470).spawn_asset(2)_TRANSMISSION
Fra:1 Mem:1427.36M (Peak 3939.10M) | Time:495551:57:09.85 | Mem:0.00M, Peak:0.00M | Scene | Synchronizing object | LouverDoorFactory(6511470).spawn_asset(2)
Fra:1 Mem:1427.78M (Peak 3939.10M) | Time:495551:57:09.85 | Mem:0.00M, Peak:0.00M | Scene | Initializing
Fra:1 Mem:1427.78M (Peak 3939.10M) | Time:495551:57:09.85 | Mem:0.00M, Peak:0.00M | Scene | Updating Images | Loading LouverDoorFactory(6511470).spawn_asset(2)_DIFFUSE
Fra:1 Mem:1427.43M (Peak 3939.10M) | Time:495551:57:10.29 | Mem:0.00M, Peak:0.00M | Scene | Synchronizing object | LouverDoorFactory(6511470).spawn_asset(2)
Fra:1 Mem:1427.85M (Peak 3939.10M) | Time:495551:57:10.30 | Mem:0.00M, Peak:0.00M | Scene | Initializing
Fra:1 Mem:1427.84M (Peak 3939.10M) | Time:495551:57:10.30 | Mem:0.00M, Peak:0.00M | Scene | Updating Images | Loading LouverDoorFactory(6511470).spawn_asset(2)_ROUGHNESS
Fra:1 Mem:1427.49M (Peak 3939.10M) | Time:495551:57:10.73 | Mem:0.00M, Peak:0.00M | Scene | Synchronizing object | LouverDoorFactory(6511470).spawn_asset(2)
Fra:1 Mem:1427.91M (Peak 3939.10M) | Time:495551:57:10.73 | Mem:0.00M, Peak:0.00M | Scene | Initializing
Fra:1 Mem:1427.91M (Peak 3939.10M) | Time:495551:57:10.73 | Mem:0.00M, Peak:0.00M | Scene | Updating Images | Loading LouverDoorFactory(6511470).spawn_asset(2)_NORMAL
Fra:1 Mem:1427.81M (Peak 3939.10M) | Time:495551:57:11.17 | Mem:0.00M, Peak:0.00M | Scene | Synchronizing object | LouverDoorFactory(6511470).spawn_asset(3)
Fra:1 Mem:1428.11M (Peak 3939.10M) | Time:495551:57:11.17 | Mem:0.00M, Peak:0.00M | Scene | Initializing
Fra:1 Mem:1428.11M (Peak 3939.10M) | Time:495551:57:11.17 | Mem:0.00M, Peak:0.00M | Scene | Updating Images | Loading LouverDoorFactory(6511470).spawn_asset(3)_METAL
Fra:1 Mem:1427.91M (Peak 3939.10M) | Time:495551:57:11.47 | Mem:0.00M, Peak:0.00M | Scene | Synchronizing object | LouverDoorFactory(6511470).spawn_asset(3)
Fra:1 Mem:1428.21M (Peak 3939.10M) | Time:495551:57:11.47 | Mem:0.00M, Peak:0.00M | Scene | Initializing
Fra:1 Mem:1428.21M (Peak 3939.10M) | Time:495551:57:11.47 | Mem:0.00M, Peak:0.00M | Scene | Updating Images | Loading LouverDoorFactory(6511470).spawn_asset(3)_TRANSMISSION
Fra:1 Mem:1427.97M (Peak 3939.10M) | Time:495551:57:11.77 | Mem:0.00M, Peak:0.00M | Scene | Synchronizing object | LouverDoorFactory(6511470).spawn_asset(3)
Fra:1 Mem:1428.41M (Peak 3939.10M) | Time:495551:57:11.77 | Mem:0.00M, Peak:0.00M | Scene | Initializing
Fra:1 Mem:1428.40M (Peak 3939.10M) | Time:495551:57:11.77 | Mem:0.00M, Peak:0.00M | Scene | Updating Images | Loading LouverDoorFactory(6511470).spawn_asset(3)_DIFFUSE
Fra:1 Mem:1428.04M (Peak 3939.10M) | Time:495551:57:12.22 | Mem:0.00M, Peak:0.00M | Scene | Synchronizing object | LouverDoorFactory(6511470).spawn_asset(3)
Fra:1 Mem:1428.47M (Peak 3939.10M) | Time:495551:57:12.23 | Mem:0.00M, Peak:0.00M | Scene | Initializing
Fra:1 Mem:1428.47M (Peak 3939.10M) | Time:495551:57:12.23 | Mem:0.00M, Peak:0.00M | Scene | Updating Images | Loading LouverDoorFactory(6511470).spawn_asset(3)_ROUGHNESS
Fra:1 Mem:1428.11M (Peak 3939.10M) | Time:495551:57:12.67 | Mem:0.00M, Peak:0.00M | Scene | Synchronizing object | LouverDoorFactory(6511470).spawn_asset(3)
Fra:1 Mem:1428.54M (Peak 3939.10M) | Time:495551:57:12.67 | Mem:0.00M, Peak:0.00M | Scene | Initializing
Fra:1 Mem:1428.54M (Peak 3939.10M) | Time:495551:57:12.67 | Mem:0.00M, Peak:0.00M | Scene | Updating Images | Loading LouverDoorFactory(6511470).spawn_asset(3)_NORMAL
Fra:1 Mem:1431.21M (Peak 3939.10M) | Time:495551:57:13.18 | Mem:0.00M, Peak:0.00M | Scene | Synchronizing object | LouverDoorFactory(6971052).spawn_asset(0)
Fra:1 Mem:1431.79M (Peak 3939.10M) | Time:495551:57:13.18 | Mem:0.00M, Peak:0.00M | Scene | Initializing
Fra:1 Mem:1431.78M (Peak 3939.10M) | Time:495551:57:13.18 | Mem:0.00M, Peak:0.00M | Scene | Updating Images | Loading LouverDoorFactory(6971052).spawn_asset(0)_METAL
Fra:1 Mem:1431.63M (Peak 3939.10M) | Time:495551:57:14.56 | Mem:0.00M, Peak:0.00M | Scene | Synchronizing object | LouverDoorFactory(6971052).spawn_asset(0)
Fra:1 Mem:1431.88M (Peak 3939.10M) | Time:495551:57:14.56 | Mem:0.00M, Peak:0.00M | Scene | Initializing
Fra:1 Mem:1431.88M (Peak 3939.10M) | Time:495551:57:14.56 | Mem:0.00M, Peak:0.00M | Scene | Updating Images | Loading LouverDoorFactory(6971052).spawn_asset(0)_TRANSMISSION
Fra:1 Mem:1431.70M (Peak 3939.10M) | Time:495551:57:14.87 | Mem:0.00M, Peak:0.00M | Scene | Synchronizing object | LouverDoorFactory(6971052).spawn_asset(0)
Fra:1 Mem:1432.02M (Peak 3939.10M) | Time:495551:57:14.87 | Mem:0.00M, Peak:0.00M | Scene | Initializing
Fra:1 Mem:1432.01M (Peak 3939.10M) | Time:495551:57:14.87 | Mem:0.00M, Peak:0.00M | Scene | Updating Images | Loading LouverDoorFactory(6971052).spawn_asset(0)_DIFFUSE
Fra:1 Mem:1431.76M (Peak 3939.10M) | Time:495551:57:16.93 | Mem:0.00M, Peak:0.00M | Scene | Synchronizing object | LouverDoorFactory(6971052).spawn_asset(0)
Fra:1 Mem:1432.08M (Peak 3939.10M) | Time:495551:57:16.93 | Mem:0.00M, Peak:0.00M | Scene | Initializing
Fra:1 Mem:1432.08M (Peak 3939.10M) | Time:495551:57:16.93 | Mem:0.00M, Peak:0.00M | Scene | Updating Images | Loading LouverDoorFactory(6971052).spawn_asset(0)_ROUGHNESS
Fra:1 Mem:1431.83M (Peak 3939.10M) | Time:495551:57:18.99 | Mem:0.00M, Peak:0.00M | Scene | Synchronizing object | LouverDoorFactory(6971052).spawn_asset(0)
Fra:1 Mem:1432.15M (Peak 3939.10M) | Time:495551:57:18.99 | Mem:0.00M, Peak:0.00M | Scene | Initializing
Fra:1 Mem:1432.14M (Peak 3939.10M) | Time:495551:57:18.99 | Mem:0.00M, Peak:0.00M | Scene | Updating Images | Loading LouverDoorFactory(6971052).spawn_asset(0)_NORMAL
Fra:1 Mem:1432.16M (Peak 3939.10M) | Time:495551:57:21.12 | Mem:0.00M, Peak:0.00M | Scene | Synchronizing object | LouverDoorFactory(6971052).spawn_asset(4)
Fra:1 Mem:1432.74M (Peak 3939.10M) | Time:495551:57:21.12 | Mem:0.00M, Peak:0.00M | Scene | Initializing
Fra:1 Mem:1432.73M (Peak 3939.10M) | Time:495551:57:21.12 | Mem:0.00M, Peak:0.00M | Scene | Updating Images | Loading LouverDoorFactory(6971052).spawn_asset(4)_METAL
Fra:1 Mem:1432.58M (Peak 3939.10M) | Time:495551:57:22.59 | Mem:0.00M, Peak:0.00M | Scene | Synchronizing object | LouverDoorFactory(6971052).spawn_asset(4)
Fra:1 Mem:1432.83M (Peak 3939.10M) | Time:495551:57:22.59 | Mem:0.00M, Peak:0.00M | Scene | Initializing
Fra:1 Mem:1432.83M (Peak 3939.10M) | Time:495551:57:22.59 | Mem:0.00M, Peak:0.00M | Scene | Updating Images | Loading LouverDoorFactory(6971052).spawn_asset(4)_TRANSMISSION
Fra:1 Mem:1432.65M (Peak 3939.10M) | Time:495551:57:22.90 | Mem:0.00M, Peak:0.00M | Scene | Synchronizing object | LouverDoorFactory(6971052).spawn_asset(4)
Fra:1 Mem:1432.97M (Peak 3939.10M) | Time:495551:57:22.90 | Mem:0.00M, Peak:0.00M | Scene | Initializing
Fra:1 Mem:1432.96M (Peak 3939.10M) | Time:495551:57:22.90 | Mem:0.00M, Peak:0.00M | Scene | Updating Images | Loading LouverDoorFactory(6971052).spawn_asset(4)_DIFFUSE
Fra:1 Mem:1432.71M (Peak 3939.10M) | Time:495551:57:25.04 | Mem:0.00M, Peak:0.00M | Scene | Synchronizing object | LouverDoorFactory(6971052).spawn_asset(4)
Fra:1 Mem:1433.03M (Peak 3939.10M) | Time:495551:57:25.04 | Mem:0.00M, Peak:0.00M | Scene | Initializing
Fra:1 Mem:1433.03M (Peak 3939.10M) | Time:495551:57:25.04 | Mem:0.00M, Peak:0.00M | Scene | Updating Images | Loading LouverDoorFactory(6971052).spawn_asset(4)_ROUGHNESS
Fra:1 Mem:1432.78M (Peak 3939.10M) | Time:495551:57:27.16 | Mem:0.00M, Peak:0.00M | Scene | Synchronizing object | LouverDoorFactory(6971052).spawn_asset(4)
Fra:1 Mem:1433.10M (Peak 3939.10M) | Time:495551:57:27.16 | Mem:0.00M, Peak:0.00M | Scene | Initializing
Fra:1 Mem:1433.09M (Peak 3939.10M) | Time:495551:57:27.16 | Mem:0.00M, Peak:0.00M | Scene | Updating Images | Loading LouverDoorFactory(6971052).spawn_asset(4)_NORMAL
Fra:1 Mem:1428.03M (Peak 3939.10M) | Time:495551:57:29.29 | Mem:0.00M, Peak:0.00M | Scene | Synchronizing object | MattressFactory(1250394).spawn_asset(4644385)
Fra:1 Mem:1429.04M (Peak 3939.10M) | Time:495551:57:29.29 | Mem:0.00M, Peak:0.00M | Scene | Initializing
Fra:1 Mem:1429.04M (Peak 3939.10M) | Time:495551:57:29.29 | Mem:0.00M, Peak:0.00M | Scene | Updating Images | Loading MattressFactory(1250394).spawn_asset(4644385)_DIFFUSE
Fra:1 Mem:1428.46M (Peak 3939.10M) | Time:495551:57:29.59 | Mem:0.00M, Peak:0.00M | Scene | Synchronizing object | MattressFactory(1250394).spawn_asset(4644385)
Fra:1 Mem:1429.07M (Peak 3939.10M) | Time:495551:57:29.59 | Mem:0.00M, Peak:0.00M | Scene | Initializing
Fra:1 Mem:1429.06M (Peak 3939.10M) | Time:495551:57:29.59 | Mem:0.00M, Peak:0.00M | Scene | Updating Images | Loading MattressFactory(1250394).spawn_asset(4644385)_ROUGHNESS
Fra:1 Mem:1428.49M (Peak 3939.10M) | Time:495551:57:29.88 | Mem:0.00M, Peak:0.00M | Scene | Synchronizing object | MattressFactory(1250394).spawn_asset(4644385)
Fra:1 Mem:1429.09M (Peak 3939.10M) | Time:495551:57:29.88 | Mem:0.00M, Peak:0.00M | Scene | Initializing
Fra:1 Mem:1429.08M (Peak 3939.10M) | Time:495551:57:29.88 | Mem:0.00M, Peak:0.00M | Scene | Updating Images | Loading MattressFactory(1250394).spawn_asset(4644385)_NORMAL
Fra:1 Mem:1428.59M (Peak 3939.10M) | Time:495551:57:30.20 | Mem:0.00M, Peak:0.00M | Scene | Synchronizing object | Mesh
Fra:1 Mem:1428.65M (Peak 3939.10M) | Time:495551:57:30.20 | Mem:0.00M, Peak:0.00M | Scene | Initializing
Fra:1 Mem:1428.65M (Peak 3939.10M) | Time:495551:57:30.20 | Mem:0.00M, Peak:0.00M | Scene | Updating Images | Loading Mesh_METAL
Fra:1 Mem:1428.65M (Peak 3939.10M) | Time:495551:57:30.47 | Mem:0.00M, Peak:0.00M | Scene | Synchronizing object | Mesh
Fra:1 Mem:1428.69M (Peak 3939.10M) | Time:495551:57:30.47 | Mem:0.00M, Peak:0.00M | Scene | Initializing
Fra:1 Mem:1428.69M (Peak 3939.10M) | Time:495551:57:30.47 | Mem:0.00M, Peak:0.00M | Scene | Updating Images | Loading Mesh_DIFFUSE
Fra:1 Mem:1428.68M (Peak 3939.10M) | Time:495551:57:30.76 | Mem:0.00M, Peak:0.00M | Scene | Synchronizing object | Mesh
Fra:1 Mem:1428.71M (Peak 3939.10M) | Time:495551:57:30.76 | Mem:0.00M, Peak:0.00M | Scene | Initializing
Fra:1 Mem:1428.71M (Peak 3939.10M) | Time:495551:57:30.76 | Mem:0.00M, Peak:0.00M | Scene | Updating Images | Loading Mesh_ROUGHNESS
Fra:1 Mem:1428.70M (Peak 3939.10M) | Time:495551:57:31.05 | Mem:0.00M, Peak:0.00M | Scene | Synchronizing object | Mesh
Fra:1 Mem:1428.74M (Peak 3939.10M) | Time:495551:57:31.05 | Mem:0.00M, Peak:0.00M | Scene | Initializing
Fra:1 Mem:1428.73M (Peak 3939.10M) | Time:495551:57:31.05 | Mem:0.00M, Peak:0.00M | Scene | Updating Images | Loading Mesh_NORMAL
Fra:1 Mem:1428.73M (Peak 3939.10M) | Time:495551:57:31.32 | Mem:0.00M, Peak:0.00M | Scene | Synchronizing object | Mesh.001
Fra:1 Mem:1428.79M (Peak 3939.10M) | Time:495551:57:31.32 | Mem:0.00M, Peak:0.00M | Scene | Initializing
Fra:1 Mem:1428.79M (Peak 3939.10M) | Time:495551:57:31.32 | Mem:0.00M, Peak:0.00M | Scene | Updating Images | Loading Mesh.001_METAL
Fra:1 Mem:1428.79M (Peak 3939.10M) | Time:495551:57:31.59 | Mem:0.00M, Peak:0.00M | Scene | Synchronizing object | Mesh.001
Fra:1 Mem:1428.83M (Peak 3939.10M) | Time:495551:57:31.59 | Mem:0.00M, Peak:0.00M | Scene | Initializing
Fra:1 Mem:1428.83M (Peak 3939.10M) | Time:495551:57:31.59 | Mem:0.00M, Peak:0.00M | Scene | Updating Images | Loading Mesh.001_DIFFUSE
Fra:1 Mem:1428.82M (Peak 3939.10M) | Time:495551:57:31.88 | Mem:0.00M, Peak:0.00M | Scene | Synchronizing object | Mesh.001
Fra:1 Mem:1428.85M (Peak 3939.10M) | Time:495551:57:31.88 | Mem:0.00M, Peak:0.00M | Scene | Initializing
Fra:1 Mem:1428.85M (Peak 3939.10M) | Time:495551:57:31.88 | Mem:0.00M, Peak:0.00M | Scene | Updating Images | Loading Mesh.001_ROUGHNESS
Fra:1 Mem:1428.84M (Peak 3939.10M) | Time:495551:57:32.17 | Mem:0.00M, Peak:0.00M | Scene | Synchronizing object | Mesh.001
Fra:1 Mem:1428.88M (Peak 3939.10M) | Time:495551:57:32.17 | Mem:0.00M, Peak:0.00M | Scene | Initializing
Fra:1 Mem:1428.87M (Peak 3939.10M) | Time:495551:57:32.17 | Mem:0.00M, Peak:0.00M | Scene | Updating Images | Loading Mesh.001_NORMAL
Fra:1 Mem:1429.67M (Peak 3939.10M) | Time:495551:57:32.44 | Mem:0.00M, Peak:0.00M | Scene | Synchronizing object | MonitorFactory(1148210).spawn_asset(4488226)
Fra:1 Mem:1429.89M (Peak 3939.10M) | Time:495551:57:32.44 | Mem:0.00M, Peak:0.00M | Scene | Initializing
Fra:1 Mem:1429.89M (Peak 3939.10M) | Time:495551:57:32.44 | Mem:0.00M, Peak:0.00M | Scene | Updating Images | Loading text_texture.202
Fra:1 Mem:1429.89M (Peak 3939.10M) | Time:495551:57:32.44 | Mem:0.00M, Peak:0.00M | Scene | Updating Images | Loading MonitorFactory(1148210).spawn_asset(4488226)_METAL
Fra:1 Mem:1429.88M (Peak 3939.10M) | Time:495551:57:32.73 | Mem:0.00M, Peak:0.00M | Scene | Synchronizing object | MonitorFactory(1148210).spawn_asset(4488226)
Fra:1 Mem:1430.06M (Peak 3939.10M) | Time:495551:57:32.73 | Mem:0.00M, Peak:0.00M | Scene | Initializing
Fra:1 Mem:1430.06M (Peak 3939.10M) | Time:495551:57:32.73 | Mem:0.00M, Peak:0.00M | Scene | Updating Images | Loading text_texture.202
Fra:1 Mem:1430.06M (Peak 3939.10M) | Time:495551:57:32.73 | Mem:0.00M, Peak:0.00M | Scene | Updating Images | Loading MonitorFactory(1148210).spawn_asset(4488226)_DIFFUSE
Fra:1 Mem:1429.93M (Peak 3939.10M) | Time:495551:57:33.06 | Mem:0.00M, Peak:0.00M | Scene | Synchronizing object | MonitorFactory(1148210).spawn_asset(4488226)
Fra:1 Mem:1430.11M (Peak 3939.10M) | Time:495551:57:33.06 | Mem:0.00M, Peak:0.00M | Scene | Initializing
Fra:1 Mem:1430.11M (Peak 3939.10M) | Time:495551:57:33.06 | Mem:0.00M, Peak:0.00M | Scene | Updating Images | Loading text_texture.202
Fra:1 Mem:1430.11M (Peak 3939.10M) | Time:495551:57:33.06 | Mem:0.00M, Peak:0.00M | Scene | Updating Images | Loading MonitorFactory(1148210).spawn_asset(4488226)_ROUGHNESS
Fra:1 Mem:1429.98M (Peak 3939.10M) | Time:495551:57:33.38 | Mem:0.00M, Peak:0.00M | Scene | Synchronizing object | MonitorFactory(1148210).spawn_asset(4488226)
Fra:1 Mem:1430.16M (Peak 3939.10M) | Time:495551:57:33.38 | Mem:0.00M, Peak:0.00M | Scene | Initializing
Fra:1 Mem:1430.16M (Peak 3939.10M) | Time:495551:57:33.38 | Mem:0.00M, Peak:0.00M | Scene | Updating Images | Loading text_texture.202
Fra:1 Mem:1430.16M (Peak 3939.10M) | Time:495551:57:33.38 | Mem:0.00M, Peak:0.00M | Scene | Updating Images | Loading MonitorFactory(1148210).spawn_asset(4488226)_NORMAL
Fra:1 Mem:1436.62M (Peak 3939.10M) | Time:495551:57:33.97 | Mem:0.00M, Peak:0.00M | Scene | Synchronizing object | NatureShelfTrinketsFactory(2487019).spawn_asset(1332666)
Fra:1 Mem:1446.22M (Peak 3939.10M) | Time:495551:57:33.97 | Mem:0.00M, Peak:0.00M | Scene | Initializing
Fra:1 Mem:1446.22M (Peak 3939.10M) | Time:495551:57:33.97 | Mem:0.00M, Peak:0.00M | Scene | Updating Images | Loading NatureShelfTrinketsFactory(2487019).spawn_asset(1332666)_TRANSM
Fra:1 Mem:1442.32M (Peak 3939.10M) | Time:495551:57:34.35 | Mem:0.00M, Peak:0.00M | Scene | Synchronizing object | NatureShelfTrinketsFactory(2487019).spawn_asset(1332666)
Fra:1 Mem:1449.29M (Peak 3939.10M) | Time:495551:57:34.35 | Mem:0.00M, Peak:0.00M | Scene | Initializing
Fra:1 Mem:1449.28M (Peak 3939.10M) | Time:495551:57:34.35 | Mem:0.00M, Peak:0.00M | Scene | Updating Images | Loading NatureShelfTrinketsFactory(2487019).spawn_asset(1332666)_DIFFUS
Fra:1 Mem:1442.40M (Peak 3939.10M) | Time:495551:57:34.93 | Mem:0.00M, Peak:0.00M | Scene | Synchronizing object | NatureShelfTrinketsFactory(2487019).spawn_asset(1332666)
Fra:1 Mem:1449.37M (Peak 3939.10M) | Time:495551:57:34.93 | Mem:0.00M, Peak:0.00M | Scene | Initializing
Fra:1 Mem:1449.36M (Peak 3939.10M) | Time:495551:57:34.93 | Mem:0.00M, Peak:0.00M | Scene | Updating Images | Loading NatureShelfTrinketsFactory(2487019).spawn_asset(1332666)_ROUGHN
Fra:1 Mem:1442.48M (Peak 3939.10M) | Time:495551:57:35.43 | Mem:0.00M, Peak:0.00M | Scene | Synchronizing object | NatureShelfTrinketsFactory(2487019).spawn_asset(1332666)
Fra:1 Mem:1449.45M (Peak 3939.10M) | Time:495551:57:35.44 | Mem:0.00M, Peak:0.00M | Scene | Initializing
Fra:1 Mem:1449.44M (Peak 3939.10M) | Time:495551:57:35.44 | Mem:0.00M, Peak:0.00M | Scene | Updating Images | Loading NatureShelfTrinketsFactory(2487019).spawn_asset(1332666)_NORMAL
Fra:1 Mem:1448.86M (Peak 3939.10M) | Time:495551:57:36.26 | Mem:0.00M, Peak:0.00M | Scene | Synchronizing object | NatureShelfTrinketsFactory(2811083).spawn_asset(3748554)
Fra:1 Mem:1462.64M (Peak 3939.10M) | Time:495551:57:36.27 | Mem:0.00M, Peak:0.00M | Scene | Initializing
Fra:1 Mem:1462.64M (Peak 3939.10M) | Time:495551:57:36.27 | Mem:0.00M, Peak:0.00M | Scene | Updating Images | Loading NatureShelfTrinketsFactory(2811083).spawn_asset(3748554)_TRANSM
Fra:1 Mem:1456.92M (Peak 3939.10M) | Time:495551:57:36.65 | Mem:0.00M, Peak:0.00M | Scene | Synchronizing object | NatureShelfTrinketsFactory(2811083).spawn_asset(3748554)
Fra:1 Mem:1468.53M (Peak 3939.10M) | Time:495551:57:36.66 | Mem:0.00M, Peak:0.00M | Scene | Initializing
Fra:1 Mem:1468.53M (Peak 3939.10M) | Time:495551:57:36.66 | Mem:0.00M, Peak:0.00M | Scene | Updating Images | Loading NatureShelfTrinketsFactory(2811083).spawn_asset(3748554)_DIFFUS
Fra:1 Mem:1457.00M (Peak 3939.10M) | Time:495551:57:37.14 | Mem:0.00M, Peak:0.00M | Scene | Synchronizing object | NatureShelfTrinketsFactory(2811083).spawn_asset(3748554)
Fra:1 Mem:1468.61M (Peak 3939.10M) | Time:495551:57:37.15 | Mem:0.00M, Peak:0.00M | Scene | Initializing
Fra:1 Mem:1468.61M (Peak 3939.10M) | Time:495551:57:37.15 | Mem:0.00M, Peak:0.00M | Scene | Updating Images | Loading NatureShelfTrinketsFactory(2811083).spawn_asset(3748554)_ROUGHN
Fra:1 Mem:1457.08M (Peak 3939.10M) | Time:495551:57:37.62 | Mem:0.00M, Peak:0.00M | Scene | Synchronizing object | NatureShelfTrinketsFactory(2811083).spawn_asset(3748554)
Fra:1 Mem:1468.69M (Peak 3939.10M) | Time:495551:57:37.63 | Mem:0.00M, Peak:0.00M | Scene | Initializing
Fra:1 Mem:1468.69M (Peak 3939.10M) | Time:495551:57:37.63 | Mem:0.00M, Peak:0.00M | Scene | Updating Images | Loading NatureShelfTrinketsFactory(2811083).spawn_asset(3748554)_NORMAL
Fra:1 Mem:1471.10M (Peak 3939.10M) | Time:495551:57:39.28 | Mem:0.00M, Peak:0.00M | Scene | Synchronizing object | NatureShelfTrinketsFactory(3060825).spawn_asset(9108081)
Fra:1 Mem:1517.97M (Peak 3939.10M) | Time:495551:57:39.31 | Mem:0.00M, Peak:0.00M | Scene | Initializing
Fra:1 Mem:1517.96M (Peak 3939.10M) | Time:495551:57:39.31 | Mem:0.00M, Peak:0.00M | Scene | Updating Images | Loading NatureShelfTrinketsFactory(3060825).spawn_asset(9108081)_DIFFUS
Fra:1 Mem:1493.30M (Peak 3939.10M) | Time:495551:57:39.79 | Mem:0.00M, Peak:0.00M | Scene | Synchronizing object | NatureShelfTrinketsFactory(3060825).spawn_asset(9108081)
Fra:1 Mem:1517.99M (Peak 3939.10M) | Time:495551:57:39.82 | Mem:0.00M, Peak:0.00M | Scene | Initializing
Fra:1 Mem:1517.98M (Peak 3939.10M) | Time:495551:57:39.82 | Mem:0.00M, Peak:0.00M | Scene | Updating Images | Loading NatureShelfTrinketsFactory(3060825).spawn_asset(9108081)_ROUGHN
Fra:1 Mem:1493.32M (Peak 3939.10M) | Time:495551:57:40.27 | Mem:0.00M, Peak:0.00M | Scene | Synchronizing object | NatureShelfTrinketsFactory(3060825).spawn_asset(9108081)
Fra:1 Mem:1518.01M (Peak 3939.10M) | Time:495551:57:40.30 | Mem:0.00M, Peak:0.00M | Scene | Initializing
Fra:1 Mem:1518.01M (Peak 3939.10M) | Time:495551:57:40.30 | Mem:0.00M, Peak:0.00M | Scene | Updating Images | Loading NatureShelfTrinketsFactory(3060825).spawn_asset(9108081)_NORMAL
Fra:1 Mem:1586.90M (Peak 4311.24M) | Time:495551:57:51.67 | Mem:0.00M, Peak:0.00M | Scene | Synchronizing object | NatureShelfTrinketsFactory(3221477).spawn_asset(2063292)
Fra:1 Mem:1852.16M (Peak 4311.24M) | Time:495551:57:51.75 | Mem:0.00M, Peak:0.00M | Scene | Initializing
Fra:1 Mem:1852.16M (Peak 4311.24M) | Time:495551:57:51.75 | Mem:0.00M, Peak:0.00M | Scene | Updating Images | Loading NatureShelfTrinketsFactory(3221477).spawn_asset(2063292)_DIFFUS
Fra:1 Mem:1724.23M (Peak 4311.24M) | Time:495551:57:53.20 | Mem:0.00M, Peak:0.00M | Scene | Synchronizing object | NatureShelfTrinketsFactory(3221477).spawn_asset(2063292)
Fra:1 Mem:1852.18M (Peak 4311.24M) | Time:495551:57:53.24 | Mem:0.00M, Peak:0.00M | Scene | Initializing
Fra:1 Mem:1852.18M (Peak 4311.24M) | Time:495551:57:53.24 | Mem:0.00M, Peak:0.00M | Scene | Updating Images | Loading NatureShelfTrinketsFactory(3221477).spawn_asset(2063292)_ROUGHN
Fra:1 Mem:1724.25M (Peak 4311.24M) | Time:495551:57:54.55 | Mem:0.00M, Peak:0.00M | Scene | Synchronizing object | NatureShelfTrinketsFactory(3221477).spawn_asset(2063292)
Fra:1 Mem:1852.20M (Peak 4311.24M) | Time:495551:57:54.59 | Mem:0.00M, Peak:0.00M | Scene | Initializing
Fra:1 Mem:1852.20M (Peak 4311.24M) | Time:495551:57:54.59 | Mem:0.00M, Peak:0.00M | Scene | Updating Images | Loading NatureShelfTrinketsFactory(3221477).spawn_asset(2063292)_NORMAL
Fra:1 Mem:1850.60M (Peak 4311.24M) | Time:495551:57:57.12 | Mem:0.00M, Peak:0.00M | Scene | Synchronizing object | NatureShelfTrinketsFactory(4565853).spawn_asset(6662185)
Fra:1 Mem:1897.47M (Peak 4311.24M) | Time:495551:57:57.14 | Mem:0.00M, Peak:0.00M | Scene | Initializing
Fra:1 Mem:1897.46M (Peak 4311.24M) | Time:495551:57:57.14 | Mem:0.00M, Peak:0.00M | Scene | Updating Images | Loading NatureShelfTrinketsFactory(4565853).spawn_asset(6662185)_DIFFUS
Fra:1 Mem:1872.80M (Peak 4311.24M) | Time:495551:57:57.61 | Mem:0.00M, Peak:0.00M | Scene | Synchronizing object | NatureShelfTrinketsFactory(4565853).spawn_asset(6662185)
Fra:1 Mem:1897.49M (Peak 4311.24M) | Time:495551:57:57.62 | Mem:0.00M, Peak:0.00M | Scene | Initializing
Fra:1 Mem:1897.48M (Peak 4311.24M) | Time:495551:57:57.62 | Mem:0.00M, Peak:0.00M | Scene | Updating Images | Loading NatureShelfTrinketsFactory(4565853).spawn_asset(6662185)_ROUGHN
Fra:1 Mem:1872.82M (Peak 4311.24M) | Time:495551:57:58.08 | Mem:0.00M, Peak:0.00M | Scene | Synchronizing object | NatureShelfTrinketsFactory(4565853).spawn_asset(6662185)
Fra:1 Mem:1897.51M (Peak 4311.24M) | Time:495551:57:58.11 | Mem:0.00M, Peak:0.00M | Scene | Initializing
Fra:1 Mem:1897.51M (Peak 4311.24M) | Time:495551:57:58.11 | Mem:0.00M, Peak:0.00M | Scene | Updating Images | Loading NatureShelfTrinketsFactory(4565853).spawn_asset(6662185)_NORMAL
Fra:1 Mem:1884.85M (Peak 4311.24M) | Time:495551:57:58.89 | Mem:0.00M, Peak:0.00M | Scene | Synchronizing object | NatureShelfTrinketsFactory(5090519).spawn_asset(3674412)
Fra:1 Mem:1893.60M (Peak 4311.24M) | Time:495551:57:58.89 | Mem:0.00M, Peak:0.00M | Scene | Initializing
Fra:1 Mem:1893.60M (Peak 4311.24M) | Time:495551:57:58.89 | Mem:0.00M, Peak:0.00M | Scene | Updating Images | Loading NatureShelfTrinketsFactory(5090519).spawn_asset(3674412)_TRANSM
Fra:1 Mem:1890.05M (Peak 4311.24M) | Time:495551:57:59.25 | Mem:0.00M, Peak:0.00M | Scene | Synchronizing object | NatureShelfTrinketsFactory(5090519).spawn_asset(3674412)
Fra:1 Mem:1897.35M (Peak 4311.24M) | Time:495551:57:59.25 | Mem:0.00M, Peak:0.00M | Scene | Initializing
Fra:1 Mem:1897.34M (Peak 4311.24M) | Time:495551:57:59.25 | Mem:0.00M, Peak:0.00M | Scene | Updating Images | Loading NatureShelfTrinketsFactory(5090519).spawn_asset(3674412)_DIFFUS
Fra:1 Mem:1890.13M (Peak 4311.24M) | Time:495551:57:59.73 | Mem:0.00M, Peak:0.00M | Scene | Synchronizing object | NatureShelfTrinketsFactory(5090519).spawn_asset(3674412)
Fra:1 Mem:1897.43M (Peak 4311.24M) | Time:495551:57:59.73 | Mem:0.00M, Peak:0.00M | Scene | Initializing
Fra:1 Mem:1897.42M (Peak 4311.24M) | Time:495551:57:59.73 | Mem:0.00M, Peak:0.00M | Scene | Updating Images | Loading NatureShelfTrinketsFactory(5090519).spawn_asset(3674412)_ROUGHN
Fra:1 Mem:1890.21M (Peak 4311.24M) | Time:495551:58:00.18 | Mem:0.00M, Peak:0.00M | Scene | Synchronizing object | NatureShelfTrinketsFactory(5090519).spawn_asset(3674412)
Fra:1 Mem:1897.51M (Peak 4311.24M) | Time:495551:58:00.18 | Mem:0.00M, Peak:0.00M | Scene | Initializing
Fra:1 Mem:1897.50M (Peak 4311.24M) | Time:495551:58:00.18 | Mem:0.00M, Peak:0.00M | Scene | Updating Images | Loading NatureShelfTrinketsFactory(5090519).spawn_asset(3674412)_NORMAL
Fra:1 Mem:1895.73M (Peak 4311.24M) | Time:495551:58:00.87 | Mem:0.00M, Peak:0.00M | Scene | Synchronizing object | NatureShelfTrinketsFactory(690246).spawn_asset(1497873)
Fra:1 Mem:1905.70M (Peak 4311.24M) | Time:495551:58:00.87 | Mem:0.00M, Peak:0.00M | Scene | Initializing
Fra:1 Mem:1905.69M (Peak 4311.24M) | Time:495551:58:00.87 | Mem:0.00M, Peak:0.00M | Scene | Updating Images | Loading NatureShelfTrinketsFactory(690246).spawn_asset(1497873)_TRANSMI
Fra:1 Mem:1901.61M (Peak 4311.24M) | Time:495551:58:01.24 | Mem:0.00M, Peak:0.00M | Scene | Synchronizing object | NatureShelfTrinketsFactory(690246).spawn_asset(1497873)
Fra:1 Mem:1909.99M (Peak 4311.24M) | Time:495551:58:01.25 | Mem:0.00M, Peak:0.00M | Scene | Initializing
Fra:1 Mem:1909.99M (Peak 4311.24M) | Time:495551:58:01.25 | Mem:0.00M, Peak:0.00M | Scene | Updating Images | Loading NatureShelfTrinketsFactory(690246).spawn_asset(1497873)_DIFFUSE
Fra:1 Mem:1901.69M (Peak 4311.24M) | Time:495551:58:01.71 | Mem:0.00M, Peak:0.00M | Scene | Synchronizing object | NatureShelfTrinketsFactory(690246).spawn_asset(1497873)
Fra:1 Mem:1910.07M (Peak 4311.24M) | Time:495551:58:01.71 | Mem:0.00M, Peak:0.00M | Scene | Initializing
Fra:1 Mem:1910.07M (Peak 4311.24M) | Time:495551:58:01.71 | Mem:0.00M, Peak:0.00M | Scene | Updating Images | Loading NatureShelfTrinketsFactory(690246).spawn_asset(1497873)_ROUGHNE
Fra:1 Mem:1901.77M (Peak 4311.24M) | Time:495551:58:02.17 | Mem:0.00M, Peak:0.00M | Scene | Synchronizing object | NatureShelfTrinketsFactory(690246).spawn_asset(1497873)
Fra:1 Mem:1910.15M (Peak 4311.24M) | Time:495551:58:02.17 | Mem:0.00M, Peak:0.00M | Scene | Initializing
Fra:1 Mem:1910.15M (Peak 4311.24M) | Time:495551:58:02.17 | Mem:0.00M, Peak:0.00M | Scene | Updating Images | Loading NatureShelfTrinketsFactory(690246).spawn_asset(1497873)_NORMAL
Fra:1 Mem:1987.15M (Peak 4665.27M) | Time:495551:58:12.84 | Mem:0.00M, Peak:0.00M | Scene | Synchronizing object | NatureShelfTrinketsFactory(7078173).spawn_asset(5346869)
Fra:1 Mem:2248.01M (Peak 4665.27M) | Time:495551:58:12.92 | Mem:0.00M, Peak:0.00M | Scene | Initializing
Fra:1 Mem:2248.01M (Peak 4665.27M) | Time:495551:58:12.92 | Mem:0.00M, Peak:0.00M | Scene | Updating Images | Loading NatureShelfTrinketsFactory(7078173).spawn_asset(5346869)_DIFFUS
Fra:1 Mem:2122.21M (Peak 4665.27M) | Time:495551:58:14.23 | Mem:0.00M, Peak:0.00M | Scene | Synchronizing object | NatureShelfTrinketsFactory(7078173).spawn_asset(5346869)
Fra:1 Mem:2248.03M (Peak 4665.27M) | Time:495551:58:14.31 | Mem:0.00M, Peak:0.00M | Scene | Initializing
Fra:1 Mem:2248.03M (Peak 4665.27M) | Time:495551:58:14.31 | Mem:0.00M, Peak:0.00M | Scene | Updating Images | Loading NatureShelfTrinketsFactory(7078173).spawn_asset(5346869)_ROUGHN
Fra:1 Mem:2122.23M (Peak 4665.27M) | Time:495551:58:15.58 | Mem:0.00M, Peak:0.00M | Scene | Synchronizing object | NatureShelfTrinketsFactory(7078173).spawn_asset(5346869)
Fra:1 Mem:2248.06M (Peak 4665.27M) | Time:495551:58:15.66 | Mem:0.00M, Peak:0.00M | Scene | Initializing
Fra:1 Mem:2248.05M (Peak 4665.27M) | Time:495551:58:15.66 | Mem:0.00M, Peak:0.00M | Scene | Updating Images | Loading NatureShelfTrinketsFactory(7078173).spawn_asset(5346869)_NORMAL
Fra:1 Mem:2236.98M (Peak 4665.27M) | Time:495551:58:17.24 | Mem:0.00M, Peak:0.00M | Scene | Synchronizing object | NatureShelfTrinketsFactory(8452469).spawn_asset(5964342)
Fra:1 Mem:2251.51M (Peak 4665.27M) | Time:495551:58:17.24 | Mem:0.00M, Peak:0.00M | Scene | Initializing
Fra:1 Mem:2251.51M (Peak 4665.27M) | Time:495551:58:17.24 | Mem:0.00M, Peak:0.00M | Scene | Updating Images | Loading NatureShelfTrinketsFactory(8452469).spawn_asset(5964342)_DIFFUS
Fra:1 Mem:2243.88M (Peak 4665.27M) | Time:495551:58:17.72 | Mem:0.00M, Peak:0.00M | Scene | Synchronizing object | NatureShelfTrinketsFactory(8452469).spawn_asset(5964342)
Fra:1 Mem:2251.54M (Peak 4665.27M) | Time:495551:58:17.73 | Mem:0.00M, Peak:0.00M | Scene | Initializing
Fra:1 Mem:2251.53M (Peak 4665.27M) | Time:495551:58:17.73 | Mem:0.00M, Peak:0.00M | Scene | Updating Images | Loading NatureShelfTrinketsFactory(8452469).spawn_asset(5964342)_ROUGHN
Fra:1 Mem:2243.90M (Peak 4665.27M) | Time:495551:58:18.16 | Mem:0.00M, Peak:0.00M | Scene | Synchronizing object | NatureShelfTrinketsFactory(8452469).spawn_asset(5964342)
Fra:1 Mem:2251.56M (Peak 4665.27M) | Time:495551:58:18.16 | Mem:0.00M, Peak:0.00M | Scene | Initializing
Fra:1 Mem:2251.56M (Peak 4665.27M) | Time:495551:58:18.16 | Mem:0.00M, Peak:0.00M | Scene | Updating Images | Loading NatureShelfTrinketsFactory(8452469).spawn_asset(5964342)_NORMAL
Fra:1 Mem:2253.92M (Peak 4665.27M) | Time:495551:58:18.87 | Mem:0.00M, Peak:0.00M | Scene | Synchronizing object | NatureShelfTrinketsFactory(9129415).spawn_asset(3795336)
Fra:1 Mem:2268.45M (Peak 4665.27M) | Time:495551:58:18.88 | Mem:0.00M, Peak:0.00M | Scene | Initializing
Fra:1 Mem:2268.45M (Peak 4665.27M) | Time:495551:58:18.88 | Mem:0.00M, Peak:0.00M | Scene | Updating Images | Loading NatureShelfTrinketsFactory(9129415).spawn_asset(3795336)_DIFFUS
Fra:1 Mem:2260.82M (Peak 4665.27M) | Time:495551:58:19.35 | Mem:0.00M, Peak:0.00M | Scene | Synchronizing object | NatureShelfTrinketsFactory(9129415).spawn_asset(3795336)
Fra:1 Mem:2268.48M (Peak 4665.27M) | Time:495551:58:19.36 | Mem:0.00M, Peak:0.00M | Scene | Initializing
Fra:1 Mem:2268.47M (Peak 4665.27M) | Time:495551:58:19.36 | Mem:0.00M, Peak:0.00M | Scene | Updating Images | Loading NatureShelfTrinketsFactory(9129415).spawn_asset(3795336)_ROUGHN
Fra:1 Mem:2260.84M (Peak 4665.27M) | Time:495551:58:19.80 | Mem:0.00M, Peak:0.00M | Scene | Synchronizing object | NatureShelfTrinketsFactory(9129415).spawn_asset(3795336)
Fra:1 Mem:2268.50M (Peak 4665.27M) | Time:495551:58:19.80 | Mem:0.00M, Peak:0.00M | Scene | Initializing
Fra:1 Mem:2268.50M (Peak 4665.27M) | Time:495551:58:19.80 | Mem:0.00M, Peak:0.00M | Scene | Updating Images | Loading NatureShelfTrinketsFactory(9129415).spawn_asset(3795336)_NORMAL
Fra:1 Mem:2342.16M (Peak 4690.54M) | Time:495551:58:29.47 | Mem:0.00M, Peak:0.00M | Scene | Synchronizing object | NatureShelfTrinketsFactory(9323882).spawn_asset(9892443)
Fra:1 Mem:2571.51M (Peak 4690.54M) | Time:495551:58:29.53 | Mem:0.00M, Peak:0.00M | Scene | Initializing
Fra:1 Mem:2571.50M (Peak 4690.54M) | Time:495551:58:29.53 | Mem:0.00M, Peak:0.00M | Scene | Updating Images | Loading NatureShelfTrinketsFactory(9323882).spawn_asset(9892443)_DIFFUS
Fra:1 Mem:2460.91M (Peak 4690.54M) | Time:495551:58:30.76 | Mem:0.00M, Peak:0.00M | Scene | Synchronizing object | NatureShelfTrinketsFactory(9323882).spawn_asset(9892443)
Fra:1 Mem:2571.53M (Peak 4690.54M) | Time:495551:58:30.79 | Mem:0.00M, Peak:0.00M | Scene | Initializing
Fra:1 Mem:2571.53M (Peak 4690.54M) | Time:495551:58:30.79 | Mem:0.00M, Peak:0.00M | Scene | Updating Images | Loading NatureShelfTrinketsFactory(9323882).spawn_asset(9892443)_ROUGHN
Fra:1 Mem:2460.93M (Peak 4690.54M) | Time:495551:58:31.98 | Mem:0.00M, Peak:0.00M | Scene | Synchronizing object | NatureShelfTrinketsFactory(9323882).spawn_asset(9892443)
Fra:1 Mem:2571.55M (Peak 4690.54M) | Time:495551:58:32.02 | Mem:0.00M, Peak:0.00M | Scene | Initializing
Fra:1 Mem:2571.55M (Peak 4690.54M) | Time:495551:58:32.02 | Mem:0.00M, Peak:0.00M | Scene | Updating Images | Loading NatureShelfTrinketsFactory(9323882).spawn_asset(9892443)_NORMAL
Fra:1 Mem:2565.27M (Peak 4690.54M) | Time:495551:58:33.56 | Mem:0.00M, Peak:0.00M | Scene | Synchronizing object | NatureShelfTrinketsFactory(9496139).spawn_asset(8720761)
Fra:1 Mem:2577.81M (Peak 4690.54M) | Time:495551:58:33.56 | Mem:0.00M, Peak:0.00M | Scene | Initializing
Fra:1 Mem:2577.80M (Peak 4690.54M) | Time:495551:58:33.56 | Mem:0.00M, Peak:0.00M | Scene | Updating Images | Loading NatureShelfTrinketsFactory(9496139).spawn_asset(8720761)_TRANSM
Fra:1 Mem:2572.62M (Peak 4690.54M) | Time:495551:58:33.93 | Mem:0.00M, Peak:0.00M | Scene | Synchronizing object | NatureShelfTrinketsFactory(9496139).spawn_asset(8720761)
Fra:1 Mem:2583.17M (Peak 4690.54M) | Time:495551:58:33.94 | Mem:0.00M, Peak:0.00M | Scene | Initializing
Fra:1 Mem:2583.17M (Peak 4690.54M) | Time:495551:58:33.94 | Mem:0.00M, Peak:0.00M | Scene | Updating Images | Loading NatureShelfTrinketsFactory(9496139).spawn_asset(8720761)_DIFFUS
Fra:1 Mem:2572.70M (Peak 4690.54M) | Time:495551:58:34.41 | Mem:0.00M, Peak:0.00M | Scene | Synchronizing object | NatureShelfTrinketsFactory(9496139).spawn_asset(8720761)
Fra:1 Mem:2583.25M (Peak 4690.54M) | Time:495551:58:34.42 | Mem:0.00M, Peak:0.00M | Scene | Initializing
Fra:1 Mem:2583.25M (Peak 4690.54M) | Time:495551:58:34.42 | Mem:0.00M, Peak:0.00M | Scene | Updating Images | Loading NatureShelfTrinketsFactory(9496139).spawn_asset(8720761)_ROUGHN
Fra:1 Mem:2572.78M (Peak 4690.54M) | Time:495551:58:34.88 | Mem:0.00M, Peak:0.00M | Scene | Synchronizing object | NatureShelfTrinketsFactory(9496139).spawn_asset(8720761)
Fra:1 Mem:2583.33M (Peak 4690.54M) | Time:495551:58:34.88 | Mem:0.00M, Peak:0.00M | Scene | Initializing
Fra:1 Mem:2583.33M (Peak 4690.54M) | Time:495551:58:34.88 | Mem:0.00M, Peak:0.00M | Scene | Updating Images | Loading NatureShelfTrinketsFactory(9496139).spawn_asset(8720761)_NORMAL
Fra:1 Mem:2584.53M (Peak 4690.54M) | Time:495551:58:36.31 | Mem:0.00M, Peak:0.00M | Scene | Synchronizing object | NatureShelfTrinketsFactory(9748772).spawn_asset(9282356)
Fra:1 Mem:2624.49M (Peak 4690.54M) | Time:495551:58:36.33 | Mem:0.00M, Peak:0.00M | Scene | Initializing
Fra:1 Mem:2624.49M (Peak 4690.54M) | Time:495551:58:36.33 | Mem:0.00M, Peak:0.00M | Scene | Updating Images | Loading NatureShelfTrinketsFactory(9748772).spawn_asset(9282356)_DIFFUS
Info: Baking map saved to internal image, save it externally or pack it
Info: Baking map saved to internal image, save it externally or pack it
Info: Baking map saved to internal image, save it externally or pack it
Info: Baking map saved to internal image, save it externally or pack it
Info: Baking map saved to internal image, save it externally or pack it
Info: Baking map saved to internal image, save it externally or pack it
Info: Baking map saved to internal image, save it externally or pack it
Info: Baking map saved to internal image, save it externally or pack it
Info: Baking map saved to internal image, save it externally or pack it
Info: Baking map saved to internal image, save it externally or pack it
Info: Baking map saved to internal image, save it externally or pack it
Info: Baking map saved to internal image, save it externally or pack it
Info: Baking map saved to internal image, save it externally or pack it
Info: Baking map saved to internal image, save it externally or pack it
Info: Baking map saved to internal image, save it externally or pack it
Info: Baking map saved to internal image, save it externally or pack it
Info: Baking map saved to internal image, save it externally or pack it
Info: Baking map saved to internal image, save it externally or pack it
Info: Baking map saved to internal image, save it externally or pack it
Info: Baking map saved to internal image, save it externally or pack it
Info: Baking map saved to internal image, save it externally or pack it
Info: Baking map saved to internal image, save it externally or pack it
Info: Baking map saved to internal image, save it externally or pack it
Info: Baking map saved to internal image, save it externally or pack it
Info: Baking map saved to internal image, save it externally or pack it
Info: Baking map saved to internal image, save it externally or pack it
Info: Baking map saved to internal image, save it externally or pack it
Info: Baking map saved to internal image, save it externally or pack it
Info: Baking map saved to internal image, save it externally or pack it
Info: Baking map saved to internal image, save it externally or pack it
Info: Baking map saved to internal image, save it externally or pack it
Info: Baking map saved to internal image, save it externally or pack it
Info: Baking map saved to internal image, save it externally or pack it
Info: Baking map saved to internal image, save it externally or pack it
Info: Baking map saved to internal image, save it externally or pack it
Info: Baking map saved to internal image, save it externally or pack it
Info: Baking map saved to internal image, save it externally or pack it
Info: Baking map saved to internal image, save it externally or pack it
Info: Baking map saved to internal image, save it externally or pack it
Info: Baking map saved to internal image, save it externally or pack it
Info: Baking map saved to internal image, save it externally or pack it
Info: Baking map saved to internal image, save it externally or pack it
Info: Baking map saved to internal image, save it externally or pack it
Info: Baking map saved to internal image, save it externally or pack it
Info: Baking map saved to internal image, save it externally or pack it
Info: Baking map saved to internal image, save it externally or pack it
Info: Baking map saved to internal image, save it externally or pack it
Info: Baking map saved to internal image, save it externally or pack it
Info: Baking map saved to internal image, save it externally or pack it
Info: Baking map saved to internal image, save it externally or pack it
Info: Baking map saved to internal image, save it externally or pack it
Info: Baking map saved to internal image, save it externally or pack it
Info: Baking map saved to internal image, save it externally or pack it
Info: Baking map saved to internal image, save it externally or pack it
Info: Baking map saved to internal image, save it externally or pack it
Info: Baking map saved to internal image, save it externally or pack it
Info: Baking map saved to internal image, save it externally or pack it
Info: Baking map saved to internal image, save it externally or pack it
Info: Baking map saved to internal image, save it externally or pack it
Info: Baking map saved to internal image, save it externally or pack it
Info: Baking map saved to internal image, save it externally or pack it
Info: Baking map saved to internal image, save it externally or pack it
Info: Baking map saved to internal image, save it externally or pack it
Info: Baking map saved to internal image, save it externally or pack it
Info: Baking map saved to internal image, save it externally or pack it
Info: Baking map saved to internal image, save it externally or pack it
Info: Baking map saved to internal image, save it externally or pack it
Info: Baking map saved to internal image, save it externally or pack it
Info: Baking map saved to internal image, save it externally or pack it
Info: Baking map saved to internal image, save it externally or pack it
Info: Baking map saved to internal image, save it externally or pack it
Info: Baking map saved to internal image, save it externally or pack it
Info: Baking map saved to internal image, save it externally or pack it
Info: Baking map saved to internal image, save it externally or pack it
Info: Baking map saved to internal image, save it externally or pack it
Info: Baking map saved to internal image, save it externally or pack it
Info: Baking map saved to internal image, save it externally or pack it
Info: Baking map saved to internal image, save it externally or pack it
Info: Baking map saved to internal image, save it externally or pack it
Info: Baking map saved to internal image, save it externally or pack it
Info: Baking map saved to internal image, save it externally or pack it
Info: Baking map saved to internal image, save it externally or pack it
Info: Baking map saved to internal image, save it externally or pack it
Info: Baking map saved to internal image, save it externally or pack it
Info: Baking map saved to internal image, save it externally or pack it
Info: Baking map saved to internal image, save it externally or pack it
Info: Baking map saved to internal image, save it externally or pack it
Info: Baking map saved to internal image, save it externally or pack it
Info: Baking map saved to internal image, save it externally or pack it
Info: Baking map saved to internal image, save it externally or pack it
Info: Baking map saved to internal image, save it externally or pack it
Info: Baking map saved to internal image, save it externally or pack it
Info: Baking map saved to internal image, save it externally or pack it
Info: Baking map saved to internal image, save it externally or pack it
Info: Baking map saved to internal image, save it externally or pack it
Info: Baking map saved to internal image, save it externally or pack it
Info: Baking map saved to internal image, save it externally or pack it
Info: Baking map saved to internal image, save it externally or pack it
Info: Baking map saved to internal image, save it externally or pack it
Info: Baking map saved to internal image, save it externally or pack it
Info: Baking map saved to internal image, save it externally or pack it
Info: Baking map saved to internal image, save it externally or pack it
Info: Baking map saved to internal image, save it externally or pack it
Info: Baking map saved to internal image, save it externally or pack it
Info: Baking map saved to internal image, save it externally or pack it
Info: Baking map saved to internal image, save it externally or pack it
Info: Baking map saved to internal image, save it externally or pack it
Info: Baking map saved to internal image, save it externally or pack it
Info: Baking map saved to internal image, save it externally or pack it
Info: Baking map saved to internal image, save it externally or pack it
Info: Baking map saved to internal image, save it externally or pack it
Info: Baking map saved to internal image, save it externally or pack it
Info: Baking map saved to internal image, save it externally or pack it
Info: Baking map saved to internal image, save it externally or pack it
Fra:1 Mem:2603.46M (Peak 4690.54M) | Time:495551:58:36.92 | Mem:0.00M, Peak:0.00M | Scene | Synchronizing object | NatureShelfTrinketsFactory(9748772).spawn_asset(9282356)
Fra:1 Mem:2624.52M (Peak 4690.54M) | Time:495551:58:36.93 | Mem:0.00M, Peak:0.00M | Scene | Initializing
Fra:1 Mem:2624.51M (Peak 4690.54M) | Time:495551:58:36.93 | Mem:0.00M, Peak:0.00M | Scene | Updating Images | Loading NatureShelfTrinketsFactory(9748772).spawn_asset(9282356)_ROUGHN
Fra:1 Mem:2603.48M (Peak 4690.54M) | Time:495551:58:37.47 | Mem:0.00M, Peak:0.00M | Scene | Synchronizing object | NatureShelfTrinketsFactory(9748772).spawn_asset(9282356)
Fra:1 Mem:2624.54M (Peak 4690.54M) | Time:495551:58:37.48 | Mem:0.00M, Peak:0.00M | Scene | Initializing
Fra:1 Mem:2624.53M (Peak 4690.54M) | Time:495551:58:37.48 | Mem:0.00M, Peak:0.00M | Scene | Updating Images | Loading NatureShelfTrinketsFactory(9748772).spawn_asset(9282356)_NORMAL
Fra:1 Mem:2621.03M (Peak 4690.54M) | Time:495551:58:38.05 | Mem:0.00M, Peak:0.00M | Scene | Synchronizing object | PillowFactory(1250394).spawn_asset(4644385)
Fra:1 Mem:2626.67M (Peak 4690.54M) | Time:495551:58:38.05 | Mem:0.00M, Peak:0.00M | Scene | Initializing
Fra:1 Mem:2626.67M (Peak 4690.54M) | Time:495551:58:38.05 | Mem:0.00M, Peak:0.00M | Scene | Updating Images | Loading PillowFactory(1250394).spawn_asset(4644385)_DIFFUSE
Fra:1 Mem:2623.97M (Peak 4690.54M) | Time:495551:58:38.46 | Mem:0.00M, Peak:0.00M | Scene | Synchronizing object | PillowFactory(1250394).spawn_asset(4644385)
Fra:1 Mem:2626.69M (Peak 4690.54M) | Time:495551:58:38.46 | Mem:0.00M, Peak:0.00M | Scene | Initializing
Fra:1 Mem:2626.69M (Peak 4690.54M) | Time:495551:58:38.46 | Mem:0.00M, Peak:0.00M | Scene | Updating Images | Loading PillowFactory(1250394).spawn_asset(4644385)_ROUGHNESS
Fra:1 Mem:2623.99M (Peak 4690.54M) | Time:495551:58:38.84 | Mem:0.00M, Peak:0.00M | Scene | Synchronizing object | PillowFactory(1250394).spawn_asset(4644385)
Fra:1 Mem:2626.72M (Peak 4690.54M) | Time:495551:58:38.84 | Mem:0.00M, Peak:0.00M | Scene | Initializing
Fra:1 Mem:2626.71M (Peak 4690.54M) | Time:495551:58:38.84 | Mem:0.00M, Peak:0.00M | Scene | Updating Images | Loading PillowFactory(1250394).spawn_asset(4644385)_NORMAL
Fra:1 Mem:2626.67M (Peak 4690.54M) | Time:495551:58:39.42 | Mem:0.00M, Peak:0.00M | Scene | Synchronizing object | PillowFactory(1250394).spawn_asset(4644385).001
Fra:1 Mem:2632.32M (Peak 4690.54M) | Time:495551:58:39.42 | Mem:0.00M, Peak:0.00M | Scene | Initializing
Fra:1 Mem:2632.32M (Peak 4690.54M) | Time:495551:58:39.42 | Mem:0.00M, Peak:0.00M | Scene | Updating Images | Loading PillowFactory(1250394).spawn_asset(4644385).001_DIFFUSE
Fra:1 Mem:2629.62M (Peak 4690.54M) | Time:495551:58:39.83 | Mem:0.00M, Peak:0.00M | Scene | Synchronizing object | PillowFactory(1250394).spawn_asset(4644385).001
Fra:1 Mem:2632.34M (Peak 4690.54M) | Time:495551:58:39.83 | Mem:0.00M, Peak:0.00M | Scene | Initializing
Fra:1 Mem:2632.34M (Peak 4690.54M) | Time:495551:58:39.83 | Mem:0.00M, Peak:0.00M | Scene | Updating Images | Loading PillowFactory(1250394).spawn_asset(4644385).001_ROUGHNESS
Fra:1 Mem:2629.64M (Peak 4690.54M) | Time:495551:58:40.20 | Mem:0.00M, Peak:0.00M | Scene | Synchronizing object | PillowFactory(1250394).spawn_asset(4644385).001
Fra:1 Mem:2632.36M (Peak 4690.54M) | Time:495551:58:40.20 | Mem:0.00M, Peak:0.00M | Scene | Initializing
Fra:1 Mem:2632.36M (Peak 4690.54M) | Time:495551:58:40.20 | Mem:0.00M, Peak:0.00M | Scene | Updating Images | Loading PillowFactory(1250394).spawn_asset(4644385).001_NORMAL
Fra:1 Mem:2630.35M (Peak 4690.54M) | Time:495551:58:40.58 | Mem:0.00M, Peak:0.00M | Scene | Synchronizing object | Plane
Fra:1 Mem:2630.36M (Peak 4690.54M) | Time:495551:58:40.58 | Mem:0.00M, Peak:0.00M | Scene | Initializing
Fra:1 Mem:2630.35M (Peak 4690.54M) | Time:495551:58:40.58 | Mem:0.00M, Peak:0.00M | Scene | Updating Images | Loading Plane_DIFFUSE
Fra:1 Mem:2630.38M (Peak 4690.54M) | Time:495551:58:40.86 | Mem:0.00M, Peak:0.00M | Scene | Synchronizing object | Plane
Fra:1 Mem:2630.38M (Peak 4690.54M) | Time:495551:58:40.86 | Mem:0.00M, Peak:0.00M | Scene | Initializing
Fra:1 Mem:2630.38M (Peak 4690.54M) | Time:495551:58:40.86 | Mem:0.00M, Peak:0.00M | Scene | Updating Images | Loading Plane_ROUGHNESS
Fra:1 Mem:2630.40M (Peak 4690.54M) | Time:495551:58:41.14 | Mem:0.00M, Peak:0.00M | Scene | Synchronizing object | Plane
Fra:1 Mem:2630.40M (Peak 4690.54M) | Time:495551:58:41.14 | Mem:0.00M, Peak:0.00M | Scene | Initializing
Fra:1 Mem:2630.40M (Peak 4690.54M) | Time:495551:58:41.14 | Mem:0.00M, Peak:0.00M | Scene | Updating Images | Loading Plane_NORMAL
Fra:1 Mem:2630.52M (Peak 4690.54M) | Time:495551:58:41.43 | Mem:0.00M, Peak:0.00M | Scene | Synchronizing object | Plane.001
Fra:1 Mem:2630.53M (Peak 4690.54M) | Time:495551:58:41.43 | Mem:0.00M, Peak:0.00M | Scene | Initializing
Fra:1 Mem:2630.52M (Peak 4690.54M) | Time:495551:58:41.43 | Mem:0.00M, Peak:0.00M | Scene | Updating Images | Loading Plane.001_DIFFUSE
Fra:1 Mem:2630.55M (Peak 4690.54M) | Time:495551:58:41.71 | Mem:0.00M, Peak:0.00M | Scene | Synchronizing object | Plane.001
Fra:1 Mem:2630.55M (Peak 4690.54M) | Time:495551:58:41.71 | Mem:0.00M, Peak:0.00M | Scene | Initializing
Fra:1 Mem:2630.55M (Peak 4690.54M) | Time:495551:58:41.71 | Mem:0.00M, Peak:0.00M | Scene | Updating Images | Loading Plane.001_ROUGHNESS
Fra:1 Mem:2630.57M (Peak 4690.54M) | Time:495551:58:41.98 | Mem:0.00M, Peak:0.00M | Scene | Synchronizing object | Plane.001
Fra:1 Mem:2630.57M (Peak 4690.54M) | Time:495551:58:41.98 | Mem:0.00M, Peak:0.00M | Scene | Initializing
Fra:1 Mem:2630.57M (Peak 4690.54M) | Time:495551:58:41.98 | Mem:0.00M, Peak:0.00M | Scene | Updating Images | Loading Plane.001_NORMAL
Fra:1 Mem:2630.52M (Peak 4690.54M) | Time:495551:58:42.27 | Mem:0.00M, Peak:0.00M | Scene | Synchronizing object | Plane.002
Fra:1 Mem:2630.53M (Peak 4690.54M) | Time:495551:58:42.27 | Mem:0.00M, Peak:0.00M | Scene | Initializing
Fra:1 Mem:2630.52M (Peak 4690.54M) | Time:495551:58:42.27 | Mem:0.00M, Peak:0.00M | Scene | Updating Images | Loading Plane.002_METAL
Fra:1 Mem:2630.59M (Peak 4690.54M) | Time:495551:58:42.51 | Mem:0.00M, Peak:0.00M | Scene | Synchronizing object | Plane.002
Fra:1 Mem:2630.59M (Peak 4690.54M) | Time:495551:58:42.51 | Mem:0.00M, Peak:0.00M | Scene | Initializing
Fra:1 Mem:2630.59M (Peak 4690.54M) | Time:495551:58:42.51 | Mem:0.00M, Peak:0.00M | Scene | Updating Images | Loading Plane.002_DIFFUSE
Fra:1 Mem:2630.61M (Peak 4690.54M) | Time:495551:58:42.75 | Mem:0.00M, Peak:0.00M | Scene | Synchronizing object | Plane.002
Fra:1 Mem:2630.61M (Peak 4690.54M) | Time:495551:58:42.75 | Mem:0.00M, Peak:0.00M | Scene | Initializing
Fra:1 Mem:2630.61M (Peak 4690.54M) | Time:495551:58:42.75 | Mem:0.00M, Peak:0.00M | Scene | Updating Images | Loading Plane.002_ROUGHNESS
Fra:1 Mem:2630.63M (Peak 4690.54M) | Time:495551:58:43.00 | Mem:0.00M, Peak:0.00M | Scene | Synchronizing object | Plane.002
Fra:1 Mem:2630.63M (Peak 4690.54M) | Time:495551:58:43.00 | Mem:0.00M, Peak:0.00M | Scene | Initializing
Fra:1 Mem:2630.63M (Peak 4690.54M) | Time:495551:58:43.00 | Mem:0.00M, Peak:0.00M | Scene | Updating Images | Loading Plane.002_NORMAL
Fra:1 Mem:2630.63M (Peak 4690.54M) | Time:495551:58:43.24 | Mem:0.00M, Peak:0.00M | Scene | Synchronizing object | Plane.003
Fra:1 Mem:2630.64M (Peak 4690.54M) | Time:495551:58:43.24 | Mem:0.00M, Peak:0.00M | Scene | Initializing
Fra:1 Mem:2630.63M (Peak 4690.54M) | Time:495551:58:43.24 | Mem:0.00M, Peak:0.00M | Scene | Updating Images | Loading Plane.003_METAL
Fra:1 Mem:2630.67M (Peak 4690.54M) | Time:495551:58:43.48 | Mem:0.00M, Peak:0.00M | Scene | Synchronizing object | Plane.003
Fra:1 Mem:2630.67M (Peak 4690.54M) | Time:495551:58:43.48 | Mem:0.00M, Peak:0.00M | Scene | Initializing
Fra:1 Mem:2630.67M (Peak 4690.54M) | Time:495551:58:43.48 | Mem:0.00M, Peak:0.00M | Scene | Updating Images | Loading Plane.003_DIFFUSE
Fra:1 Mem:2630.69M (Peak 4690.54M) | Time:495551:58:43.73 | Mem:0.00M, Peak:0.00M | Scene | Synchronizing object | Plane.003
Fra:1 Mem:2630.69M (Peak 4690.54M) | Time:495551:58:43.73 | Mem:0.00M, Peak:0.00M | Scene | Initializing
Fra:1 Mem:2630.69M (Peak 4690.54M) | Time:495551:58:43.73 | Mem:0.00M, Peak:0.00M | Scene | Updating Images | Loading Plane.003_ROUGHNESS
Fra:1 Mem:2630.71M (Peak 4690.54M) | Time:495551:58:43.97 | Mem:0.00M, Peak:0.00M | Scene | Synchronizing object | Plane.003
Fra:1 Mem:2630.71M (Peak 4690.54M) | Time:495551:58:43.97 | Mem:0.00M, Peak:0.00M | Scene | Initializing
Fra:1 Mem:2630.71M (Peak 4690.54M) | Time:495551:58:43.97 | Mem:0.00M, Peak:0.00M | Scene | Updating Images | Loading Plane.003_NORMAL
Fra:1 Mem:2631.07M (Peak 4690.54M) | Time:495551:58:44.21 | Mem:0.00M, Peak:0.00M | Scene | Synchronizing object | Plane.004
Fra:1 Mem:2631.09M (Peak 4690.54M) | Time:495551:58:44.21 | Mem:0.00M, Peak:0.00M | Scene | Initializing
Fra:1 Mem:2631.09M (Peak 4690.54M) | Time:495551:58:44.21 | Mem:0.00M, Peak:0.00M | Scene | Updating Images | Loading Plane.004_DIFFUSE
Fra:1 Mem:2631.10M (Peak 4690.54M) | Time:495551:58:44.61 | Mem:0.00M, Peak:0.00M | Scene | Synchronizing object | Plane.004
Fra:1 Mem:2631.11M (Peak 4690.54M) | Time:495551:58:44.61 | Mem:0.00M, Peak:0.00M | Scene | Initializing
Fra:1 Mem:2631.11M (Peak 4690.54M) | Time:495551:58:44.61 | Mem:0.00M, Peak:0.00M | Scene | Updating Images | Loading Plane.004_ROUGHNESS
Fra:1 Mem:2631.12M (Peak 4690.54M) | Time:495551:58:45.01 | Mem:0.00M, Peak:0.00M | Scene | Synchronizing object | Plane.004
Fra:1 Mem:2631.13M (Peak 4690.54M) | Time:495551:58:45.01 | Mem:0.00M, Peak:0.00M | Scene | Initializing
Fra:1 Mem:2631.13M (Peak 4690.54M) | Time:495551:58:45.01 | Mem:0.00M, Peak:0.00M | Scene | Updating Images | Loading Plane.004_NORMAL
Fra:1 Mem:2631.17M (Peak 4690.54M) | Time:495551:58:45.41 | Mem:0.00M, Peak:0.00M | Scene | Synchronizing object | Plane.005
Fra:1 Mem:2631.19M (Peak 4690.54M) | Time:495551:58:45.41 | Mem:0.00M, Peak:0.00M | Scene | Initializing
Fra:1 Mem:2631.19M (Peak 4690.54M) | Time:495551:58:45.41 | Mem:0.00M, Peak:0.00M | Scene | Updating Images | Loading Plane.005_DIFFUSE
Fra:1 Mem:2631.29M (Peak 4690.54M) | Time:495551:58:45.89 | Mem:0.00M, Peak:0.00M | Scene | Synchronizing object | Plane.005
Fra:1 Mem:2631.31M (Peak 4690.54M) | Time:495551:58:45.89 | Mem:0.00M, Peak:0.00M | Scene | Initializing
Fra:1 Mem:2631.31M (Peak 4690.54M) | Time:495551:58:45.89 | Mem:0.00M, Peak:0.00M | Scene | Updating Images | Loading Plane.005_ROUGHNESS
Fra:1 Mem:2631.32M (Peak 4690.54M) | Time:495551:58:46.36 | Mem:0.00M, Peak:0.00M | Scene | Synchronizing object | Plane.005
Fra:1 Mem:2631.34M (Peak 4690.54M) | Time:495551:58:46.36 | Mem:0.00M, Peak:0.00M | Scene | Initializing
Fra:1 Mem:2631.33M (Peak 4690.54M) | Time:495551:58:46.36 | Mem:0.00M, Peak:0.00M | Scene | Updating Images | Loading Plane.005_NORMAL
Fra:1 Mem:2658.54M (Peak 4690.54M) | Time:495551:58:49.55 | Mem:0.00M, Peak:0.00M | Scene | Synchronizing object | PlantContainerFactory(5319861).spawn_asset(207197)
Fra:1 Mem:2738.65M (Peak 4690.54M) | Time:495551:58:49.57 | Mem:0.00M, Peak:0.00M | Scene | Initializing
Fra:1 Mem:2738.64M (Peak 4690.54M) | Time:495551:58:49.57 | Mem:0.00M, Peak:0.00M | Scene | Updating Images | Loading PlantContainerFactory(5319861).spawn_asset(207197)_DIFFUSE
Fra:1 Mem:2699.09M (Peak 4690.54M) | Time:495551:58:50.27 | Mem:0.00M, Peak:0.00M | Scene | Synchronizing object | PlantContainerFactory(5319861).spawn_asset(207197)
Fra:1 Mem:2738.73M (Peak 4690.54M) | Time:495551:58:50.28 | Mem:0.00M, Peak:0.00M | Scene | Initializing
Fra:1 Mem:2738.72M (Peak 4690.54M) | Time:495551:58:50.28 | Mem:0.00M, Peak:0.00M | Scene | Updating Images | Loading PlantContainerFactory(5319861).spawn_asset(207197)_ROUGHNESS
Fra:1 Mem:2699.17M (Peak 4690.54M) | Time:495551:58:50.95 | Mem:0.00M, Peak:0.00M | Scene | Synchronizing object | PlantContainerFactory(5319861).spawn_asset(207197)
Fra:1 Mem:2738.81M (Peak 4690.54M) | Time:495551:58:50.96 | Mem:0.00M, Peak:0.00M | Scene | Initializing
Fra:1 Mem:2738.80M (Peak 4690.54M) | Time:495551:58:50.96 | Mem:0.00M, Peak:0.00M | Scene | Updating Images | Loading PlantContainerFactory(5319861).spawn_asset(207197)_NORMAL
Fra:1 Mem:2777.50M (Peak 5090.18M) | Time:495551:58:58.89 | Mem:0.00M, Peak:0.00M | Scene | Synchronizing object | PlantContainerFactory(7067772).spawn_asset(7007232)
Fra:1 Mem:2979.62M (Peak 5090.18M) | Time:495551:58:58.94 | Mem:0.00M, Peak:0.00M | Scene | Initializing
Fra:1 Mem:2979.62M (Peak 5090.18M) | Time:495551:58:58.94 | Mem:0.00M, Peak:0.00M | Scene | Updating Images | Loading PlantContainerFactory(7067772).spawn_asset(7007232)_DIFFUSE
Fra:1 Mem:2882.54M (Peak 5090.18M) | Time:495551:58:59.91 | Mem:0.00M, Peak:0.00M | Scene | Synchronizing object | PlantContainerFactory(7067772).spawn_asset(7007232)
Fra:1 Mem:2979.69M (Peak 5090.18M) | Time:495551:58:59.94 | Mem:0.00M, Peak:0.00M | Scene | Initializing
Fra:1 Mem:2979.68M (Peak 5090.18M) | Time:495551:58:59.94 | Mem:0.00M, Peak:0.00M | Scene | Updating Images | Loading PlantContainerFactory(7067772).spawn_asset(7007232)_ROUGHNESS
Fra:1 Mem:2882.60M (Peak 5090.18M) | Time:495551:59:00.84 | Mem:0.00M, Peak:0.00M | Scene | Synchronizing object | PlantContainerFactory(7067772).spawn_asset(7007232)
Fra:1 Mem:2979.75M (Peak 5090.18M) | Time:495551:59:00.87 | Mem:0.00M, Peak:0.00M | Scene | Initializing
Fra:1 Mem:2979.75M (Peak 5090.18M) | Time:495551:59:00.87 | Mem:0.00M, Peak:0.00M | Scene | Updating Images | Loading PlantContainerFactory(7067772).spawn_asset(7007232)_NORMAL
Fra:1 Mem:2910.69M (Peak 5090.18M) | Time:495551:59:02.32 | Mem:0.00M, Peak:0.00M | Scene | Synchronizing object | RugFactory(888521).spawn_asset(9535398)
Fra:1 Mem:2910.70M (Peak 5090.18M) | Time:495551:59:02.32 | Mem:0.00M, Peak:0.00M | Scene | Initializing
Fra:1 Mem:2910.69M (Peak 5090.18M) | Time:495551:59:02.32 | Mem:0.00M, Peak:0.00M | Scene | Updating Images | Loading RugFactory(888521).spawn_asset(9535398)_DIFFUSE
Fra:1 Mem:2918.69M (Peak 5090.18M) | Time:495551:59:02.32 | Mem:0.00M, Peak:0.00M | Scene | Updating Images | Loading text_texture
Fra:1 Mem:2910.72M (Peak 5090.18M) | Time:495551:59:02.69 | Mem:0.00M, Peak:0.00M | Scene | Synchronizing object | RugFactory(888521).spawn_asset(9535398)
Fra:1 Mem:2910.72M (Peak 5090.18M) | Time:495551:59:02.69 | Mem:0.00M, Peak:0.00M | Scene | Initializing
Fra:1 Mem:2910.71M (Peak 5090.18M) | Time:495551:59:02.69 | Mem:0.00M, Peak:0.00M | Scene | Updating Images | Loading RugFactory(888521).spawn_asset(9535398)_ROUGHNESS
Fra:1 Mem:2910.71M (Peak 5090.18M) | Time:495551:59:02.69 | Mem:0.00M, Peak:0.00M | Scene | Updating Images | Loading text_texture
Fra:1 Mem:2910.74M (Peak 5090.18M) | Time:495551:59:03.05 | Mem:0.00M, Peak:0.00M | Scene | Synchronizing object | RugFactory(888521).spawn_asset(9535398)
Fra:1 Mem:2910.74M (Peak 5090.18M) | Time:495551:59:03.05 | Mem:0.00M, Peak:0.00M | Scene | Initializing
Fra:1 Mem:2910.74M (Peak 5090.18M) | Time:495551:59:03.05 | Mem:0.00M, Peak:0.00M | Scene | Updating Images | Loading RugFactory(888521).spawn_asset(9535398)_NORMAL
Fra:1 Mem:2914.74M (Peak 5090.18M) | Time:495551:59:03.05 | Mem:0.00M, Peak:0.00M | Scene | Updating Images | Loading text_texture
Fra:1 Mem:2910.00M (Peak 5090.18M) | Time:495551:59:03.46 | Mem:0.00M, Peak:0.00M | Scene | Synchronizing object | SimpleBookcaseFactory(4170166).spawn_asset(280348)
Fra:1 Mem:2910.34M (Peak 5090.18M) | Time:495551:59:03.46 | Mem:0.00M, Peak:0.00M | Scene | Initializing
Fra:1 Mem:2910.33M (Peak 5090.18M) | Time:495551:59:03.46 | Mem:0.00M, Peak:0.00M | Scene | Updating Images | Loading SimpleBookcaseFactory(4170166).spawn_asset(280348)_METAL
Fra:1 Mem:2910.25M (Peak 5090.18M) | Time:495551:59:03.70 | Mem:0.00M, Peak:0.00M | Scene | Synchronizing object | SimpleBookcaseFactory(4170166).spawn_asset(280348)
Fra:1 Mem:2910.43M (Peak 5090.18M) | Time:495551:59:03.70 | Mem:0.00M, Peak:0.00M | Scene | Initializing
Fra:1 Mem:2910.42M (Peak 5090.18M) | Time:495551:59:03.70 | Mem:0.00M, Peak:0.00M | Scene | Updating Images | Loading SimpleBookcaseFactory(4170166).spawn_asset(280348)_DIFFUSE
Fra:1 Mem:2910.28M (Peak 5090.18M) | Time:495551:59:03.98 | Mem:0.00M, Peak:0.00M | Scene | Synchronizing object | SimpleBookcaseFactory(4170166).spawn_asset(280348)
Fra:1 Mem:2910.46M (Peak 5090.18M) | Time:495551:59:03.98 | Mem:0.00M, Peak:0.00M | Scene | Initializing
Fra:1 Mem:2910.46M (Peak 5090.18M) | Time:495551:59:03.98 | Mem:0.00M, Peak:0.00M | Scene | Updating Images | Loading SimpleBookcaseFactory(4170166).spawn_asset(280348)_ROUGHNESS
Fra:1 Mem:2910.32M (Peak 5090.18M) | Time:495551:59:04.27 | Mem:0.00M, Peak:0.00M | Scene | Synchronizing object | SimpleBookcaseFactory(4170166).spawn_asset(280348)
Fra:1 Mem:2910.50M (Peak 5090.18M) | Time:495551:59:04.27 | Mem:0.00M, Peak:0.00M | Scene | Initializing
Fra:1 Mem:2910.50M (Peak 5090.18M) | Time:495551:59:04.27 | Mem:0.00M, Peak:0.00M | Scene | Updating Images | Loading SimpleBookcaseFactory(4170166).spawn_asset(280348)_NORMAL
Fra:1 Mem:2910.46M (Peak 5090.18M) | Time:495551:59:04.52 | Mem:0.00M, Peak:0.00M | Scene | Synchronizing object | SimpleDeskFactory(863416).spawn_asset(1747122)
Fra:1 Mem:2910.61M (Peak 5090.18M) | Time:495551:59:04.52 | Mem:0.00M, Peak:0.00M | Scene | Initializing
Fra:1 Mem:2910.61M (Peak 5090.18M) | Time:495551:59:04.52 | Mem:0.00M, Peak:0.00M | Scene | Updating Images | Loading SimpleDeskFactory(863416).spawn_asset(1747122)_METAL
Fra:1 Mem:2910.60M (Peak 5090.18M) | Time:495551:59:04.75 | Mem:0.00M, Peak:0.00M | Scene | Synchronizing object | SimpleDeskFactory(863416).spawn_asset(1747122)
Fra:1 Mem:2910.68M (Peak 5090.18M) | Time:495551:59:04.75 | Mem:0.00M, Peak:0.00M | Scene | Initializing
Fra:1 Mem:2910.68M (Peak 5090.18M) | Time:495551:59:04.75 | Mem:0.00M, Peak:0.00M | Scene | Updating Images | Loading SimpleDeskFactory(863416).spawn_asset(1747122)_DIFFUSE
Fra:1 Mem:2910.64M (Peak 5090.18M) | Time:495551:59:05.02 | Mem:0.00M, Peak:0.00M | Scene | Synchronizing object | SimpleDeskFactory(863416).spawn_asset(1747122)
Fra:1 Mem:2910.72M (Peak 5090.18M) | Time:495551:59:05.02 | Mem:0.00M, Peak:0.00M | Scene | Initializing
Fra:1 Mem:2910.72M (Peak 5090.18M) | Time:495551:59:05.02 | Mem:0.00M, Peak:0.00M | Scene | Updating Images | Loading SimpleDeskFactory(863416).spawn_asset(1747122)_ROUGHNESS
Fra:1 Mem:2910.68M (Peak 5090.18M) | Time:495551:59:05.28 | Mem:0.00M, Peak:0.00M | Scene | Synchronizing object | SimpleDeskFactory(863416).spawn_asset(1747122)
Fra:1 Mem:2910.76M (Peak 5090.18M) | Time:495551:59:05.28 | Mem:0.00M, Peak:0.00M | Scene | Initializing
Fra:1 Mem:2910.76M (Peak 5090.18M) | Time:495551:59:05.28 | Mem:0.00M, Peak:0.00M | Scene | Updating Images | Loading SimpleDeskFactory(863416).spawn_asset(1747122)_NORMAL
Fra:1 Mem:2913.86M (Peak 5090.18M) | Time:495551:59:05.69 | Mem:0.00M, Peak:0.00M | Scene | Synchronizing object | TowelFactory(1250394).spawn_asset(4644385)
Fra:1 Mem:2921.76M (Peak 5090.18M) | Time:495551:59:05.69 | Mem:0.00M, Peak:0.00M | Scene | Initializing
Fra:1 Mem:2921.75M (Peak 5090.18M) | Time:495551:59:05.69 | Mem:0.00M, Peak:0.00M | Scene | Updating Images | Loading TowelFactory(1250394).spawn_asset(4644385)_DIFFUSE
Fra:1 Mem:2917.97M (Peak 5090.18M) | Time:495551:59:06.30 | Mem:0.00M, Peak:0.00M | Scene | Synchronizing object | TowelFactory(1250394).spawn_asset(4644385)
Fra:1 Mem:2921.78M (Peak 5090.18M) | Time:495551:59:06.31 | Mem:0.00M, Peak:0.00M | Scene | Initializing
Fra:1 Mem:2921.78M (Peak 5090.18M) | Time:495551:59:06.31 | Mem:0.00M, Peak:0.00M | Scene | Updating Images | Loading TowelFactory(1250394).spawn_asset(4644385)_ROUGHNESS
Fra:1 Mem:2917.99M (Peak 5090.18M) | Time:495551:59:06.93 | Mem:0.00M, Peak:0.00M | Scene | Synchronizing object | TowelFactory(1250394).spawn_asset(4644385)
Fra:1 Mem:2921.80M (Peak 5090.18M) | Time:495551:59:06.93 | Mem:0.00M, Peak:0.00M | Scene | Initializing
Fra:1 Mem:2921.80M (Peak 5090.18M) | Time:495551:59:06.93 | Mem:0.00M, Peak:0.00M | Scene | Updating Images | Loading TowelFactory(1250394).spawn_asset(4644385)_NORMAL
Fra:1 Mem:2919.37M (Peak 5090.18M) | Time:495551:59:07.60 | Mem:0.00M, Peak:0.00M | Scene | Synchronizing object | WindowFactory(25311).spawn_asset(0)
Fra:1 Mem:2919.39M (Peak 5090.18M) | Time:495551:59:07.60 | Mem:0.00M, Peak:0.00M | Scene | Initializing
Fra:1 Mem:2919.39M (Peak 5090.18M) | Time:495551:59:07.60 | Mem:0.00M, Peak:0.00M | Scene | Updating Images | Loading WindowFactory(25311).spawn_asset(0)_TRANSMISSION
Fra:1 Mem:2919.42M (Peak 5090.18M) | Time:495551:59:07.88 | Mem:0.00M, Peak:0.00M | Scene | Synchronizing object | WindowFactory(25311).spawn_asset(0)
Fra:1 Mem:2919.43M (Peak 5090.18M) | Time:495551:59:07.88 | Mem:0.00M, Peak:0.00M | Scene | Initializing
Fra:1 Mem:2919.43M (Peak 5090.18M) | Time:495551:59:07.88 | Mem:0.00M, Peak:0.00M | Scene | Updating Images | Loading WindowFactory(25311).spawn_asset(0)_DIFFUSE
Fra:1 Mem:2919.46M (Peak 5090.18M) | Time:495551:59:08.28 | Mem:0.00M, Peak:0.00M | Scene | Synchronizing object | WindowFactory(25311).spawn_asset(0)
Fra:1 Mem:2919.47M (Peak 5090.18M) | Time:495551:59:08.28 | Mem:0.00M, Peak:0.00M | Scene | Initializing
Fra:1 Mem:2919.46M (Peak 5090.18M) | Time:495551:59:08.28 | Mem:0.00M, Peak:0.00M | Scene | Updating Images | Loading WindowFactory(25311).spawn_asset(0)_ROUGHNESS
Fra:1 Mem:2919.49M (Peak 5090.18M) | Time:495551:59:08.67 | Mem:0.00M, Peak:0.00M | Scene | Synchronizing object | WindowFactory(25311).spawn_asset(0)
Fra:1 Mem:2919.50M (Peak 5090.18M) | Time:495551:59:08.67 | Mem:0.00M, Peak:0.00M | Scene | Initializing
Fra:1 Mem:2919.50M (Peak 5090.18M) | Time:495551:59:08.67 | Mem:0.00M, Peak:0.00M | Scene | Updating Images | Loading WindowFactory(25311).spawn_asset(0)_NORMAL
Fra:1 Mem:2919.57M (Peak 5090.18M) | Time:495551:59:09.03 | Mem:0.00M, Peak:0.00M | Scene | Synchronizing object | WindowFactory(25311).spawn_asset(1)
Fra:1 Mem:2919.61M (Peak 5090.18M) | Time:495551:59:09.03 | Mem:0.00M, Peak:0.00M | Scene | Initializing
Fra:1 Mem:2919.60M (Peak 5090.18M) | Time:495551:59:09.03 | Mem:0.00M, Peak:0.00M | Scene | Updating Images | Loading WindowFactory(25311).spawn_asset(1)_TRANSMISSION
Fra:1 Mem:2919.63M (Peak 5090.18M) | Time:495551:59:09.34 | Mem:0.00M, Peak:0.00M | Scene | Synchronizing object | WindowFactory(25311).spawn_asset(1)
Fra:1 Mem:2919.65M (Peak 5090.18M) | Time:495551:59:09.34 | Mem:0.00M, Peak:0.00M | Scene | Initializing
Fra:1 Mem:2919.64M (Peak 5090.18M) | Time:495551:59:09.34 | Mem:0.00M, Peak:0.00M | Scene | Updating Images | Loading WindowFactory(25311).spawn_asset(1)_DIFFUSE
Fra:1 Mem:2919.66M (Peak 5090.18M) | Time:495551:59:09.74 | Mem:0.00M, Peak:0.00M | Scene | Synchronizing object | WindowFactory(25311).spawn_asset(1)
Fra:1 Mem:2919.68M (Peak 5090.18M) | Time:495551:59:09.74 | Mem:0.00M, Peak:0.00M | Scene | Initializing
Fra:1 Mem:2919.68M (Peak 5090.18M) | Time:495551:59:09.74 | Mem:0.00M, Peak:0.00M | Scene | Updating Images | Loading WindowFactory(25311).spawn_asset(1)_ROUGHNESS
Fra:1 Mem:2919.70M (Peak 5090.18M) | Time:495551:59:10.13 | Mem:0.00M, Peak:0.00M | Scene | Synchronizing object | WindowFactory(25311).spawn_asset(1)
Fra:1 Mem:2919.72M (Peak 5090.18M) | Time:495551:59:10.13 | Mem:0.00M, Peak:0.00M | Scene | Initializing
Fra:1 Mem:2919.72M (Peak 5090.18M) | Time:495551:59:10.13 | Mem:0.00M, Peak:0.00M | Scene | Updating Images | Loading WindowFactory(25311).spawn_asset(1)_NORMAL
Fra:1 Mem:2919.75M (Peak 5090.18M) | Time:495551:59:10.48 | Mem:0.00M, Peak:0.00M | Scene | Synchronizing object | WindowFactory(25311).spawn_asset(4)
Fra:1 Mem:2919.77M (Peak 5090.18M) | Time:495551:59:10.48 | Mem:0.00M, Peak:0.00M | Scene | Initializing
Fra:1 Mem:2919.77M (Peak 5090.18M) | Time:495551:59:10.48 | Mem:0.00M, Peak:0.00M | Scene | Updating Images | Loading WindowFactory(25311).spawn_asset(4)_TRANSMISSION
Fra:1 Mem:2919.80M (Peak 5090.18M) | Time:495551:59:10.76 | Mem:0.00M, Peak:0.00M | Scene | Synchronizing object | WindowFactory(25311).spawn_asset(4)
Fra:1 Mem:2919.81M (Peak 5090.18M) | Time:495551:59:10.76 | Mem:0.00M, Peak:0.00M | Scene | Initializing
Fra:1 Mem:2919.81M (Peak 5090.18M) | Time:495551:59:10.76 | Mem:0.00M, Peak:0.00M | Scene | Updating Images | Loading WindowFactory(25311).spawn_asset(4)_DIFFUSE
Fra:1 Mem:2919.84M (Peak 5090.18M) | Time:495551:59:11.13 | Mem:0.00M, Peak:0.00M | Scene | Synchronizing object | WindowFactory(25311).spawn_asset(4)
Fra:1 Mem:2919.85M (Peak 5090.18M) | Time:495551:59:11.13 | Mem:0.00M, Peak:0.00M | Scene | Initializing
Fra:1 Mem:2919.84M (Peak 5090.18M) | Time:495551:59:11.13 | Mem:0.00M, Peak:0.00M | Scene | Updating Images | Loading WindowFactory(25311).spawn_asset(4)_ROUGHNESS
Fra:1 Mem:2919.88M (Peak 5090.18M) | Time:495551:59:11.50 | Mem:0.00M, Peak:0.00M | Scene | Synchronizing object | WindowFactory(25311).spawn_asset(4)
Fra:1 Mem:2919.89M (Peak 5090.18M) | Time:495551:59:11.50 | Mem:0.00M, Peak:0.00M | Scene | Initializing
Fra:1 Mem:2919.88M (Peak 5090.18M) | Time:495551:59:11.50 | Mem:0.00M, Peak:0.00M | Scene | Updating Images | Loading WindowFactory(25311).spawn_asset(4)_NORMAL
Fra:1 Mem:2919.93M (Peak 5090.18M) | Time:495551:59:11.85 | Mem:0.00M, Peak:0.00M | Scene | Synchronizing object | WindowFactory(25311).spawn_asset(5)
Fra:1 Mem:2919.99M (Peak 5090.18M) | Time:495551:59:11.85 | Mem:0.00M, Peak:0.00M | Scene | Initializing
Fra:1 Mem:2919.98M (Peak 5090.18M) | Time:495551:59:11.85 | Mem:0.00M, Peak:0.00M | Scene | Updating Images | Loading WindowFactory(25311).spawn_asset(5)_TRANSMISSION
Fra:1 Mem:2920.00M (Peak 5090.18M) | Time:495551:59:12.20 | Mem:0.00M, Peak:0.00M | Scene | Synchronizing object | WindowFactory(25311).spawn_asset(5)
Fra:1 Mem:2920.03M (Peak 5090.18M) | Time:495551:59:12.20 | Mem:0.00M, Peak:0.00M | Scene | Initializing
Fra:1 Mem:2920.02M (Peak 5090.18M) | Time:495551:59:12.20 | Mem:0.00M, Peak:0.00M | Scene | Updating Images | Loading WindowFactory(25311).spawn_asset(5)_DIFFUSE
Fra:1 Mem:2920.03M (Peak 5090.18M) | Time:495551:59:12.62 | Mem:0.00M, Peak:0.00M | Scene | Synchronizing object | WindowFactory(25311).spawn_asset(5)
Fra:1 Mem:2920.06M (Peak 5090.18M) | Time:495551:59:12.62 | Mem:0.00M, Peak:0.00M | Scene | Initializing
Fra:1 Mem:2920.06M (Peak 5090.18M) | Time:495551:59:12.62 | Mem:0.00M, Peak:0.00M | Scene | Updating Images | Loading WindowFactory(25311).spawn_asset(5)_ROUGHNESS
Fra:1 Mem:2920.07M (Peak 5090.18M) | Time:495551:59:13.04 | Mem:0.00M, Peak:0.00M | Scene | Synchronizing object | WindowFactory(25311).spawn_asset(5)
Fra:1 Mem:2920.10M (Peak 5090.18M) | Time:495551:59:13.04 | Mem:0.00M, Peak:0.00M | Scene | Initializing
Fra:1 Mem:2920.10M (Peak 5090.18M) | Time:495551:59:13.04 | Mem:0.00M, Peak:0.00M | Scene | Updating Images | Loading WindowFactory(25311).spawn_asset(5)_NORMAL
Fra:1 Mem:2920.13M (Peak 5090.18M) | Time:495551:59:13.39 | Mem:0.00M, Peak:0.00M | Scene | Synchronizing object | WindowFactory(25311).spawn_asset(6)
Fra:1 Mem:2920.15M (Peak 5090.18M) | Time:495551:59:13.39 | Mem:0.00M, Peak:0.00M | Scene | Initializing
Fra:1 Mem:2920.15M (Peak 5090.18M) | Time:495551:59:13.39 | Mem:0.00M, Peak:0.00M | Scene | Updating Images | Loading WindowFactory(25311).spawn_asset(6)_TRANSMISSION
Fra:1 Mem:2920.18M (Peak 5090.18M) | Time:495551:59:13.68 | Mem:0.00M, Peak:0.00M | Scene | Synchronizing object | WindowFactory(25311).spawn_asset(6)
Fra:1 Mem:2920.19M (Peak 5090.18M) | Time:495551:59:13.68 | Mem:0.00M, Peak:0.00M | Scene | Initializing
Fra:1 Mem:2920.19M (Peak 5090.18M) | Time:495551:59:13.68 | Mem:0.00M, Peak:0.00M | Scene | Updating Images | Loading WindowFactory(25311).spawn_asset(6)_DIFFUSE
Fra:1 Mem:2920.22M (Peak 5090.18M) | Time:495551:59:14.06 | Mem:0.00M, Peak:0.00M | Scene | Synchronizing object | WindowFactory(25311).spawn_asset(6)
Fra:1 Mem:2920.23M (Peak 5090.18M) | Time:495551:59:14.06 | Mem:0.00M, Peak:0.00M | Scene | Initializing
Fra:1 Mem:2920.22M (Peak 5090.18M) | Time:495551:59:14.06 | Mem:0.00M, Peak:0.00M | Scene | Updating Images | Loading WindowFactory(25311).spawn_asset(6)_ROUGHNESS
Fra:1 Mem:2920.25M (Peak 5090.18M) | Time:495551:59:14.44 | Mem:0.00M, Peak:0.00M | Scene | Synchronizing object | WindowFactory(25311).spawn_asset(6)
Fra:1 Mem:2920.27M (Peak 5090.18M) | Time:495551:59:14.44 | Mem:0.00M, Peak:0.00M | Scene | Initializing
Fra:1 Mem:2920.26M (Peak 5090.18M) | Time:495551:59:14.44 | Mem:0.00M, Peak:0.00M | Scene | Updating Images | Loading WindowFactory(25311).spawn_asset(6)_NORMAL
Fra:1 Mem:2921.28M (Peak 5090.18M) | Time:495551:59:14.85 | Mem:0.00M, Peak:0.00M | Scene | Synchronizing object | WindowFactory(77853).spawn_asset(2)
Fra:1 Mem:2922.48M (Peak 5090.18M) | Time:495551:59:14.85 | Mem:0.00M, Peak:0.00M | Scene | Initializing
Fra:1 Mem:2922.48M (Peak 5090.18M) | Time:495551:59:14.85 | Mem:0.00M, Peak:0.00M | Scene | Updating Images | Loading WindowFactory(77853).spawn_asset(2)_METAL
Fra:1 Mem:2922.01M (Peak 5090.18M) | Time:495551:59:15.14 | Mem:0.00M, Peak:0.00M | Scene | Synchronizing object | WindowFactory(77853).spawn_asset(2)
Fra:1 Mem:2922.58M (Peak 5090.18M) | Time:495551:59:15.14 | Mem:0.00M, Peak:0.00M | Scene | Initializing
Fra:1 Mem:2922.58M (Peak 5090.18M) | Time:495551:59:15.14 | Mem:0.00M, Peak:0.00M | Scene | Updating Images | Loading WindowFactory(77853).spawn_asset(2)_TRANSMISSION
Fra:1 Mem:2922.08M (Peak 5090.18M) | Time:495551:59:15.42 | Mem:0.00M, Peak:0.00M | Scene | Synchronizing object | WindowFactory(77853).spawn_asset(2)
Fra:1 Mem:2922.65M (Peak 5090.18M) | Time:495551:59:15.42 | Mem:0.00M, Peak:0.00M | Scene | Initializing
Fra:1 Mem:2922.65M (Peak 5090.18M) | Time:495551:59:15.42 | Mem:0.00M, Peak:0.00M | Scene | Updating Images | Loading WindowFactory(77853).spawn_asset(2)_DIFFUSE
Fra:1 Mem:2922.15M (Peak 5090.18M) | Time:495551:59:15.89 | Mem:0.00M, Peak:0.00M | Scene | Synchronizing object | WindowFactory(77853).spawn_asset(2)
Fra:1 Mem:2922.72M (Peak 5090.18M) | Time:495551:59:15.89 | Mem:0.00M, Peak:0.00M | Scene | Initializing
Fra:1 Mem:2922.71M (Peak 5090.18M) | Time:495551:59:15.89 | Mem:0.00M, Peak:0.00M | Scene | Updating Images | Loading WindowFactory(77853).spawn_asset(2)_ROUGHNESS
Fra:1 Mem:2922.21M (Peak 5090.18M) | Time:495551:59:16.34 | Mem:0.00M, Peak:0.00M | Scene | Synchronizing object | WindowFactory(77853).spawn_asset(2)
Fra:1 Mem:2922.78M (Peak 5090.18M) | Time:495551:59:16.34 | Mem:0.00M, Peak:0.00M | Scene | Initializing
Fra:1 Mem:2922.78M (Peak 5090.18M) | Time:495551:59:16.34 | Mem:0.00M, Peak:0.00M | Scene | Updating Images | Loading WindowFactory(77853).spawn_asset(2)_NORMAL
Fra:1 Mem:2922.98M (Peak 5090.18M) | Time:495551:59:16.82 | Mem:0.00M, Peak:0.00M | Scene | Synchronizing object | WindowFactory(77853).spawn_asset(3)
Fra:1 Mem:2923.95M (Peak 5090.18M) | Time:495551:59:16.82 | Mem:0.00M, Peak:0.00M | Scene | Initializing
Fra:1 Mem:2923.94M (Peak 5090.18M) | Time:495551:59:16.82 | Mem:0.00M, Peak:0.00M | Scene | Updating Images | Loading WindowFactory(77853).spawn_asset(3)_METAL
Fra:1 Mem:2923.58M (Peak 5090.18M) | Time:495551:59:17.11 | Mem:0.00M, Peak:0.00M | Scene | Synchronizing object | WindowFactory(77853).spawn_asset(3)
Fra:1 Mem:2924.05M (Peak 5090.18M) | Time:495551:59:17.11 | Mem:0.00M, Peak:0.00M | Scene | Initializing
Fra:1 Mem:2924.04M (Peak 5090.18M) | Time:495551:59:17.11 | Mem:0.00M, Peak:0.00M | Scene | Updating Images | Loading WindowFactory(77853).spawn_asset(3)_TRANSMISSION
Fra:1 Mem:2923.65M (Peak 5090.18M) | Time:495551:59:17.40 | Mem:0.00M, Peak:0.00M | Scene | Synchronizing object | WindowFactory(77853).spawn_asset(3)
Fra:1 Mem:2924.11M (Peak 5090.18M) | Time:495551:59:17.40 | Mem:0.00M, Peak:0.00M | Scene | Initializing
Fra:1 Mem:2924.11M (Peak 5090.18M) | Time:495551:59:17.40 | Mem:0.00M, Peak:0.00M | Scene | Updating Images | Loading WindowFactory(77853).spawn_asset(3)_DIFFUSE
Fra:1 Mem:2923.72M (Peak 5090.18M) | Time:495551:59:17.80 | Mem:0.00M, Peak:0.00M | Scene | Synchronizing object | WindowFactory(77853).spawn_asset(3)
Fra:1 Mem:2924.18M (Peak 5090.18M) | Time:495551:59:17.80 | Mem:0.00M, Peak:0.00M | Scene | Initializing
Fra:1 Mem:2924.18M (Peak 5090.18M) | Time:495551:59:17.80 | Mem:0.00M, Peak:0.00M | Scene | Updating Images | Loading WindowFactory(77853).spawn_asset(3)_ROUGHNESS
Fra:1 Mem:2923.78M (Peak 5090.18M) | Time:495551:59:18.20 | Mem:0.00M, Peak:0.00M | Scene | Synchronizing object | WindowFactory(77853).spawn_asset(3)
Fra:1 Mem:2924.25M (Peak 5090.18M) | Time:495551:59:18.20 | Mem:0.00M, Peak:0.00M | Scene | Initializing
Fra:1 Mem:2924.24M (Peak 5090.18M) | Time:495551:59:18.20 | Mem:0.00M, Peak:0.00M | Scene | Updating Images | Loading WindowFactory(77853).spawn_asset(3)_NORMAL
Fra:1 Mem:2924.46M (Peak 5090.18M) | Time:495551:59:18.60 | Mem:0.00M, Peak:0.00M | Scene | Synchronizing object | WindowFactory(77853).spawn_asset(7)
Fra:1 Mem:2925.48M (Peak 5090.18M) | Time:495551:59:18.60 | Mem:0.00M, Peak:0.00M | Scene | Initializing
Fra:1 Mem:2925.48M (Peak 5090.18M) | Time:495551:59:18.60 | Mem:0.00M, Peak:0.00M | Scene | Updating Images | Loading WindowFactory(77853).spawn_asset(7)_METAL
Fra:1 Mem:2925.09M (Peak 5090.18M) | Time:495551:59:18.92 | Mem:0.00M, Peak:0.00M | Scene | Synchronizing object | WindowFactory(77853).spawn_asset(7)
Fra:1 Mem:2925.58M (Peak 5090.18M) | Time:495551:59:18.92 | Mem:0.00M, Peak:0.00M | Scene | Initializing
Fra:1 Mem:2925.57M (Peak 5090.18M) | Time:495551:59:18.92 | Mem:0.00M, Peak:0.00M | Scene | Updating Images | Loading WindowFactory(77853).spawn_asset(7)_TRANSMISSION
Fra:1 Mem:2925.16M (Peak 5090.18M) | Time:495551:59:19.23 | Mem:0.00M, Peak:0.00M | Scene | Synchronizing object | WindowFactory(77853).spawn_asset(7)
Fra:1 Mem:2925.65M (Peak 5090.18M) | Time:495551:59:19.23 | Mem:0.00M, Peak:0.00M | Scene | Initializing
Fra:1 Mem:2925.64M (Peak 5090.18M) | Time:495551:59:19.23 | Mem:0.00M, Peak:0.00M | Scene | Updating Images | Loading WindowFactory(77853).spawn_asset(7)_DIFFUSE
Fra:1 Mem:2925.23M (Peak 5090.18M) | Time:495551:59:19.66 | Mem:0.00M, Peak:0.00M | Scene | Synchronizing object | WindowFactory(77853).spawn_asset(7)
Fra:1 Mem:2925.71M (Peak 5090.18M) | Time:495551:59:19.66 | Mem:0.00M, Peak:0.00M | Scene | Initializing
Fra:1 Mem:2925.71M (Peak 5090.18M) | Time:495551:59:19.66 | Mem:0.00M, Peak:0.00M | Scene | Updating Images | Loading WindowFactory(77853).spawn_asset(7)_ROUGHNESS
Fra:1 Mem:2925.29M (Peak 5090.18M) | Time:495551:59:20.08 | Mem:0.00M, Peak:0.00M | Scene | Synchronizing object | WindowFactory(77853).spawn_asset(7)
Fra:1 Mem:2925.78M (Peak 5090.18M) | Time:495551:59:20.08 | Mem:0.00M, Peak:0.00M | Scene | Initializing
Fra:1 Mem:2925.77M (Peak 5090.18M) | Time:495551:59:20.08 | Mem:0.00M, Peak:0.00M | Scene | Updating Images | Loading WindowFactory(77853).spawn_asset(7)_NORMAL
Fra:1 Mem:2925.68M (Peak 5090.18M) | Time:495551:59:20.52 | Mem:0.00M, Peak:0.00M | Scene | Synchronizing object | WindowFactory(77853).spawn_asset(8)
Fra:1 Mem:2926.85M (Peak 5090.18M) | Time:495551:59:20.52 | Mem:0.00M, Peak:0.00M | Scene | Initializing
Fra:1 Mem:2926.85M (Peak 5090.18M) | Time:495551:59:20.52 | Mem:0.00M, Peak:0.00M | Scene | Updating Images | Loading WindowFactory(77853).spawn_asset(8)_METAL
Fra:1 Mem:2926.37M (Peak 5090.18M) | Time:495551:59:20.87 | Mem:0.00M, Peak:0.00M | Scene | Synchronizing object | WindowFactory(77853).spawn_asset(8)
Fra:1 Mem:2926.93M (Peak 5090.18M) | Time:495551:59:20.87 | Mem:0.00M, Peak:0.00M | Scene | Initializing
Fra:1 Mem:2926.93M (Peak 5090.18M) | Time:495551:59:20.87 | Mem:0.00M, Peak:0.00M | Scene | Updating Images | Loading WindowFactory(77853).spawn_asset(8)_TRANSMISSION
Fra:1 Mem:2926.42M (Peak 5090.18M) | Time:495551:59:21.20 | Mem:0.00M, Peak:0.00M | Scene | Synchronizing object | WindowFactory(77853).spawn_asset(8)
Fra:1 Mem:2926.98M (Peak 5090.18M) | Time:495551:59:21.20 | Mem:0.00M, Peak:0.00M | Scene | Initializing
Fra:1 Mem:2926.98M (Peak 5090.18M) | Time:495551:59:21.20 | Mem:0.00M, Peak:0.00M | Scene | Updating Images | Loading WindowFactory(77853).spawn_asset(8)_DIFFUSE
Fra:1 Mem:2926.48M (Peak 5090.18M) | Time:495551:59:21.71 | Mem:0.00M, Peak:0.00M | Scene | Synchronizing object | WindowFactory(77853).spawn_asset(8)
Fra:1 Mem:2927.03M (Peak 5090.18M) | Time:495551:59:21.71 | Mem:0.00M, Peak:0.00M | Scene | Initializing
Fra:1 Mem:2927.03M (Peak 5090.18M) | Time:495551:59:21.71 | Mem:0.00M, Peak:0.00M | Scene | Updating Images | Loading WindowFactory(77853).spawn_asset(8)_ROUGHNESS
Fra:1 Mem:2926.53M (Peak 5090.18M) | Time:495551:59:22.26 | Mem:0.00M, Peak:0.00M | Scene | Synchronizing object | WindowFactory(77853).spawn_asset(8)
Fra:1 Mem:2927.08M (Peak 5090.18M) | Time:495551:59:22.26 | Mem:0.00M, Peak:0.00M | Scene | Initializing
Fra:1 Mem:2927.08M (Peak 5090.18M) | Time:495551:59:22.26 | Mem:0.00M, Peak:0.00M | Scene | Updating Images | Loading WindowFactory(77853).spawn_asset(8)_NORMAL
Fra:1 Mem:2927.88M (Peak 5090.18M) | Time:495551:59:22.71 | Mem:0.00M, Peak:0.00M | Scene | Synchronizing object | WindowFactory(77853).spawn_asset(9)
Fra:1 Mem:2928.82M (Peak 5090.18M) | Time:495551:59:22.71 | Mem:0.00M, Peak:0.00M | Scene | Initializing
Fra:1 Mem:2928.82M (Peak 5090.18M) | Time:495551:59:22.71 | Mem:0.00M, Peak:0.00M | Scene | Updating Images | Loading WindowFactory(77853).spawn_asset(9)_METAL
Fra:1 Mem:2928.47M (Peak 5090.18M) | Time:495551:59:23.00 | Mem:0.00M, Peak:0.00M | Scene | Synchronizing object | WindowFactory(77853).spawn_asset(9)
Fra:1 Mem:2928.91M (Peak 5090.18M) | Time:495551:59:23.00 | Mem:0.00M, Peak:0.00M | Scene | Initializing
Fra:1 Mem:2928.91M (Peak 5090.18M) | Time:495551:59:23.00 | Mem:0.00M, Peak:0.00M | Scene | Updating Images | Loading WindowFactory(77853).spawn_asset(9)_TRANSMISSION
Fra:1 Mem:2928.54M (Peak 5090.18M) | Time:495551:59:23.28 | Mem:0.00M, Peak:0.00M | Scene | Synchronizing object | WindowFactory(77853).spawn_asset(9)
Fra:1 Mem:2928.98M (Peak 5090.18M) | Time:495551:59:23.28 | Mem:0.00M, Peak:0.00M | Scene | Initializing
Fra:1 Mem:2928.98M (Peak 5090.18M) | Time:495551:59:23.28 | Mem:0.00M, Peak:0.00M | Scene | Updating Images | Loading WindowFactory(77853).spawn_asset(9)_DIFFUSE
Fra:1 Mem:2928.60M (Peak 5090.18M) | Time:495551:59:23.76 | Mem:0.00M, Peak:0.00M | Scene | Synchronizing object | WindowFactory(77853).spawn_asset(9)
Fra:1 Mem:2929.05M (Peak 5090.18M) | Time:495551:59:23.76 | Mem:0.00M, Peak:0.00M | Scene | Initializing
Fra:1 Mem:2929.05M (Peak 5090.18M) | Time:495551:59:23.76 | Mem:0.00M, Peak:0.00M | Scene | Updating Images | Loading WindowFactory(77853).spawn_asset(9)_ROUGHNESS
Fra:1 Mem:2928.67M (Peak 5090.18M) | Time:495551:59:24.23 | Mem:0.00M, Peak:0.00M | Scene | Synchronizing object | WindowFactory(77853).spawn_asset(9)
Fra:1 Mem:2929.11M (Peak 5090.18M) | Time:495551:59:24.23 | Mem:0.00M, Peak:0.00M | Scene | Initializing
Fra:1 Mem:2929.11M (Peak 5090.18M) | Time:495551:59:24.23 | Mem:0.00M, Peak:0.00M | Scene | Updating Images | Loading WindowFactory(77853).spawn_asset(9)_NORMAL
  adding: home/yashturkar/Workspace/infinigen/outputs/189cc130/spear_export_r1024/export_scene.blend/ (stored 0%)
  adding: home/yashturkar/Workspace/infinigen/outputs/189cc130/spear_export_r1024/export_scene.blend/textures/ (stored 0%)
  adding: home/yashturkar/Workspace/infinigen/outputs/189cc130/spear_export_r1024/export_scene.blend/textures/Cube_004_NORMAL.png (deflated 0%)
  adding: home/yashturkar/Workspace/infinigen/outputs/189cc130/spear_export_r1024/export_scene.blend/textures/Cube_002_DIFFUSE.png (deflated 50%)
  adding: home/yashturkar/Workspace/infinigen/outputs/189cc130/spear_export_r1024/export_scene.blend/textures/NatureShelfTrinketsFactory(3221477)_spawn_asset(2063292)_ROUGHNESS.png (deflated 0%)
  adding: home/yashturkar/Workspace/infinigen/outputs/189cc130/spear_export_r1024/export_scene.blend/textures/NatureShelfTrinketsFactory(2487019)_spawn_asset(1332666)_DIFFUSE.png (deflated 0%)
  adding: home/yashturkar/Workspace/infinigen/outputs/189cc130/spear_export_r1024/export_scene.blend/textures/living-room_0_0_wall_DIFFUSE.png (deflated 0%)
  adding: home/yashturkar/Workspace/infinigen/outputs/189cc130/spear_export_r1024/export_scene.blend/textures/NatureShelfTrinketsFactory(2811083)_spawn_asset(3748554)_TRANSMISSION.png (deflated 65%)
  adding: home/yashturkar/Workspace/infinigen/outputs/189cc130/spear_export_r1024/export_scene.blend/textures/NatureShelfTrinketsFactory(8452469)_spawn_asset(5964342)_DIFFUSE.png (deflated 0%)
  adding: home/yashturkar/Workspace/infinigen/outputs/189cc130/spear_export_r1024/export_scene.blend/textures/Cube_002_ROUGHNESS.png (deflated 51%)
  adding: home/yashturkar/Workspace/infinigen/outputs/189cc130/spear_export_r1024/export_scene.blend/textures/BookStackFactory(2543730)_spawn_asset(150670)_DIFFUSE.png (deflated 0%)
  adding: home/yashturkar/Workspace/infinigen/outputs/189cc130/spear_export_r1024/export_scene.blend/textures/BookStackFactory(1105440)_spawn_asset(7479020)_DIFFUSE.png (deflated 0%)
  adding: home/yashturkar/Workspace/infinigen/outputs/189cc130/spear_export_r1024/export_scene.blend/textures/Plane_004_ROUGHNESS.png (deflated 21%)
  adding: home/yashturkar/Workspace/infinigen/outputs/189cc130/spear_export_r1024/export_scene.blend/textures/NatureShelfTrinketsFactory(5090519)_spawn_asset(3674412)_TRANSMISSION.png (deflated 65%)
  adding: home/yashturkar/Workspace/infinigen/outputs/189cc130/spear_export_r1024/export_scene.blend/textures/BookStackFactory(3861683)_spawn_asset(5428391)_ROUGHNESS.png (deflated 1%)
  adding: home/yashturkar/Workspace/infinigen/outputs/189cc130/spear_export_r1024/export_scene.blend/textures/Cube_DIFFUSE.png (deflated 44%)
  adding: home/yashturkar/Workspace/infinigen/outputs/189cc130/spear_export_r1024/export_scene.blend/textures/WindowFactory(25311)_spawn_asset(1)_DIFFUSE.png (deflated 0%)
  adding: home/yashturkar/Workspace/infinigen/outputs/189cc130/spear_export_r1024/export_scene.blend/textures/BookStackFactory(1105440)_spawn_asset(7479020)_NORMAL.png (deflated 0%)
  adding: home/yashturkar/Workspace/infinigen/outputs/189cc130/spear_export_r1024/export_scene.blend/textures/LargeShelfFactory(4322682)_spawn_asset(5471509)_ROUGHNESS.png (deflated 80%)
  adding: home/yashturkar/Workspace/infinigen/outputs/189cc130/spear_export_r1024/export_scene.blend/textures/DeskLampFactory(8507126)_spawn_asset(7901138)_DIFFUSE.png (deflated 10%)
  adding: home/yashturkar/Workspace/infinigen/outputs/189cc130/spear_export_r1024/export_scene.blend/textures/WindowFactory(25311)_spawn_asset(1)_TRANSMISSION.png (deflated 13%)
  adding: home/yashturkar/Workspace/infinigen/outputs/189cc130/spear_export_r1024/export_scene.blend/textures/MonitorFactory(1148210)_spawn_asset(4488226)_NORMAL.png (deflated 97%)
  adding: home/yashturkar/Workspace/infinigen/outputs/189cc130/spear_export_r1024/export_scene.blend/textures/NatureShelfTrinketsFactory(9129415)_spawn_asset(3795336)_DIFFUSE.png (deflated 0%)
  adding: home/yashturkar/Workspace/infinigen/outputs/189cc130/spear_export_r1024/export_scene.blend/textures/DeskLampFactory(8507126)_spawn_asset(7901138)_TRANSMISSION.png (deflated 98%)
  adding: home/yashturkar/Workspace/infinigen/outputs/189cc130/spear_export_r1024/export_scene.blend/textures/dining-room_0_0_floor_ROUGHNESS.png (deflated 0%)
  adding: home/yashturkar/Workspace/infinigen/outputs/189cc130/spear_export_r1024/export_scene.blend/textures/BookStackFactory(1105440)_spawn_asset(7479020)_ROUGHNESS.png (deflated 1%)
  adding: home/yashturkar/Workspace/infinigen/outputs/189cc130/spear_export_r1024/export_scene.blend/textures/LouverDoorFactory(6511470)_spawn_asset(2)_METAL.png (deflated 26%)
  adding: home/yashturkar/Workspace/infinigen/outputs/189cc130/spear_export_r1024/export_scene.blend/textures/bathroom_0_0_wall_NORMAL.png (deflated 1%)
  adding: home/yashturkar/Workspace/infinigen/outputs/189cc130/spear_export_r1024/export_scene.blend/textures/living-room_0_0_floor_ROUGHNESS.png (deflated 59%)
  adding: home/yashturkar/Workspace/infinigen/outputs/189cc130/spear_export_r1024/export_scene.blend/textures/LouverDoorFactory(6971052)_spawn_asset(0)_NORMAL.png (deflated 0%)
  adding: home/yashturkar/Workspace/infinigen/outputs/189cc130/spear_export_r1024/export_scene.blend/textures/Plane_002_NORMAL.png (deflated 88%)
  adding: home/yashturkar/Workspace/infinigen/outputs/189cc130/spear_export_r1024/export_scene.blend/textures/CeilingLightFactory(4992283)_spawn_asset(4619103)_DIFFUSE.png (deflated 98%)
  adding: home/yashturkar/Workspace/infinigen/outputs/189cc130/spear_export_r1024/export_scene.blend/textures/WindowFactory(25311)_spawn_asset(5)_DIFFUSE.png (deflated 0%)
  adding: home/yashturkar/Workspace/infinigen/outputs/189cc130/spear_export_r1024/export_scene.blend/textures/PlantContainerFactory(5319861)_spawn_asset(207197)_NORMAL.png (deflated 97%)
  adding: home/yashturkar/Workspace/infinigen/outputs/189cc130/spear_export_r1024/export_scene.blend/textures/MonitorFactory(1148210)_spawn_asset(4488226)_DIFFUSE.png (deflated 17%)
  adding: home/yashturkar/Workspace/infinigen/outputs/189cc130/spear_export_r1024/export_scene.blend/textures/CeilingLightFactory(4992283)_spawn_asset(6161506)_NORMAL.png (deflated 97%)
  adding: home/yashturkar/Workspace/infinigen/outputs/189cc130/spear_export_r1024/export_scene.blend/textures/WindowFactory(77853)_spawn_asset(9)_NORMAL.png (deflated 0%)
  adding: home/yashturkar/Workspace/infinigen/outputs/189cc130/spear_export_r1024/export_scene.blend/textures/WindowFactory(77853)_spawn_asset(8)_METAL.png (deflated 52%)
  adding: home/yashturkar/Workspace/infinigen/outputs/189cc130/spear_export_r1024/export_scene.blend/textures/GlassPanelDoorFactory(7281651)_spawn_asset(1)_ROUGHNESS.png (deflated 3%)
  adding: home/yashturkar/Workspace/infinigen/outputs/189cc130/spear_export_r1024/export_scene.blend/textures/MonitorFactory(1148210)_spawn_asset(4488226)_METAL.png (deflated 18%)
  adding: home/yashturkar/Workspace/infinigen/outputs/189cc130/spear_export_r1024/export_scene.blend/textures/NatureShelfTrinketsFactory(9129415)_spawn_asset(3795336)_NORMAL.png (deflated 29%)
  adding: home/yashturkar/Workspace/infinigen/outputs/189cc130/spear_export_r1024/export_scene.blend/textures/CeilingLightFactory(4992283)_spawn_asset(7968778)_ROUGHNESS.png (deflated 98%)
  adding: home/yashturkar/Workspace/infinigen/outputs/189cc130/spear_export_r1024/export_scene.blend/textures/PlantContainerFactory(7067772)_spawn_asset(7007232)_NORMAL.png (deflated 1%)
  adding: home/yashturkar/Workspace/infinigen/outputs/189cc130/spear_export_r1024/export_scene.blend/textures/BookStackFactory(2543730)_spawn_asset(150670)_METAL.png (deflated 60%)
  adding: home/yashturkar/Workspace/infinigen/outputs/189cc130/spear_export_r1024/export_scene.blend/textures/LouverDoorFactory(6511470)_spawn_asset(3)_NORMAL.png (deflated 0%)
  adding: home/yashturkar/Workspace/infinigen/outputs/189cc130/spear_export_r1024/export_scene.blend/textures/BookStackFactory(2509525)_spawn_asset(7280888)_DIFFUSE.png (deflated 0%)
  adding: home/yashturkar/Workspace/infinigen/outputs/189cc130/spear_export_r1024/export_scene.blend/textures/SimpleDeskFactory(863416)_spawn_asset(1747122)_ROUGHNESS.png (deflated 69%)
  adding: home/yashturkar/Workspace/infinigen/outputs/189cc130/spear_export_r1024/export_scene.blend/textures/PlantContainerFactory(5319861)_spawn_asset(207197)_DIFFUSE.png (deflated 0%)
  adding: home/yashturkar/Workspace/infinigen/outputs/189cc130/spear_export_r1024/export_scene.blend/textures/Mesh_NORMAL.png (deflated 97%)
  adding: home/yashturkar/Workspace/infinigen/outputs/189cc130/spear_export_r1024/export_scene.blend/textures/WindowFactory(25311)_spawn_asset(0)_ROUGHNESS.png (deflated 1%)
  adding: home/yashturkar/Workspace/infinigen/outputs/189cc130/spear_export_r1024/export_scene.blend/textures/WindowFactory(77853)_spawn_asset(7)_NORMAL.png (deflated 1%)
  adding: home/yashturkar/Workspace/infinigen/outputs/189cc130/spear_export_r1024/export_scene.blend/textures/NatureShelfTrinketsFactory(2811083)_spawn_asset(3748554)_ROUGHNESS.png (deflated 11%)
  adding: home/yashturkar/Workspace/infinigen/outputs/189cc130/spear_export_r1024/export_scene.blend/textures/LouverDoorFactory(6971052)_spawn_asset(4)_METAL.png (deflated 36%)
  adding: home/yashturkar/Workspace/infinigen/outputs/189cc130/spear_export_r1024/export_scene.blend/textures/living-room_0_0_ceiling_DIFFUSE.png (deflated 98%)
  adding: home/yashturkar/Workspace/infinigen/outputs/189cc130/spear_export_r1024/export_scene.blend/textures/BookStackFactory(3472359)_spawn_asset(7187058)_ROUGHNESS.png (deflated 1%)
  adding: home/yashturkar/Workspace/infinigen/outputs/189cc130/spear_export_r1024/export_scene.blend/textures/WindowFactory(25311)_spawn_asset(4)_DIFFUSE.png (deflated 0%)
  adding: home/yashturkar/Workspace/infinigen/outputs/189cc130/spear_export_r1024/export_scene.blend/textures/Plane_004_NORMAL.png (deflated 0%)
  adding: home/yashturkar/Workspace/infinigen/outputs/189cc130/spear_export_r1024/export_scene.blend/textures/Plane_005_ROUGHNESS.png (deflated 10%)
  adding: home/yashturkar/Workspace/infinigen/outputs/189cc130/spear_export_r1024/export_scene.blend/textures/TowelFactory(1250394)_spawn_asset(4644385)_NORMAL.png (deflated 0%)
  adding: home/yashturkar/Workspace/infinigen/outputs/189cc130/spear_export_r1024/export_scene.blend/textures/CellShelfFactory(1375221)_spawn_asset(4804677)_DIFFUSE.png (deflated 0%)
  adding: home/yashturkar/Workspace/infinigen/outputs/189cc130/spear_export_r1024/export_scene.blend/textures/bedroom_0_0_floor_NORMAL.png (deflated 2%)
  adding: home/yashturkar/Workspace/infinigen/outputs/189cc130/spear_export_r1024/export_scene.blend/textures/MonitorFactory(1148210)_spawn_asset(4488226)_ROUGHNESS.png (deflated 2%)
  adding: home/yashturkar/Workspace/infinigen/outputs/189cc130/spear_export_r1024/export_scene.blend/textures/NatureShelfTrinketsFactory(9748772)_spawn_asset(9282356)_ROUGHNESS.png (deflated 33%)
  adding: home/yashturkar/Workspace/infinigen/outputs/189cc130/spear_export_r1024/export_scene.blend/textures/kitchen_0_0_floor_DIFFUSE.png (deflated 1%)
  adding: home/yashturkar/Workspace/infinigen/outputs/189cc130/spear_export_r1024/export_scene.blend/textures/WindowFactory(77853)_spawn_asset(7)_DIFFUSE.png (deflated 1%)
  adding: home/yashturkar/Workspace/infinigen/outputs/189cc130/spear_export_r1024/export_scene.blend/textures/Plane_DIFFUSE.png (deflated 34%)
  adding: home/yashturkar/Workspace/infinigen/outputs/189cc130/spear_export_r1024/export_scene.blend/textures/kitchen_0_0_ceiling_DIFFUSE.png (deflated 98%)
  adding: home/yashturkar/Workspace/infinigen/outputs/189cc130/spear_export_r1024/export_scene.blend/textures/Mesh_001_METAL.png (deflated 9%)
  adding: home/yashturkar/Workspace/infinigen/outputs/189cc130/spear_export_r1024/export_scene.blend/textures/NatureShelfTrinketsFactory(8452469)_spawn_asset(5964342)_NORMAL.png (deflated 31%)
  adding: home/yashturkar/Workspace/infinigen/outputs/189cc130/spear_export_r1024/export_scene.blend/textures/bedroom_0_0_wall_ROUGHNESS.png (deflated 54%)
  adding: home/yashturkar/Workspace/infinigen/outputs/189cc130/spear_export_r1024/export_scene.blend/textures/NatureShelfTrinketsFactory(9748772)_spawn_asset(9282356)_NORMAL.png (deflated 5%)
  adding: home/yashturkar/Workspace/infinigen/outputs/189cc130/spear_export_r1024/export_scene.blend/textures/Cube_006_ROUGHNESS.png (deflated 5%)
  adding: home/yashturkar/Workspace/infinigen/outputs/189cc130/spear_export_r1024/export_scene.blend/textures/Plane_003_DIFFUSE.png (deflated 23%)
  adding: home/yashturkar/Workspace/infinigen/outputs/189cc130/spear_export_r1024/export_scene.blend/textures/NatureShelfTrinketsFactory(9748772)_spawn_asset(9282356)_DIFFUSE.png (deflated 0%)
  adding: home/yashturkar/Workspace/infinigen/outputs/189cc130/spear_export_r1024/export_scene.blend/textures/Plane_003_NORMAL.png (deflated 88%)
  adding: home/yashturkar/Workspace/infinigen/outputs/189cc130/spear_export_r1024/export_scene.blend/textures/Cube_NORMAL.png (deflated 0%)
  adding: home/yashturkar/Workspace/infinigen/outputs/189cc130/spear_export_r1024/export_scene.blend/textures/living-room_0_0_ceiling_NORMAL.png (deflated 97%)
  adding: home/yashturkar/Workspace/infinigen/outputs/189cc130/spear_export_r1024/export_scene.blend/textures/NatureShelfTrinketsFactory(7078173)_spawn_asset(5346869)_NORMAL.png (deflated 58%)
  adding: home/yashturkar/Workspace/infinigen/outputs/189cc130/spear_export_r1024/export_scene.blend/textures/Plane_003_METAL.png (deflated 44%)
  adding: home/yashturkar/Workspace/infinigen/outputs/189cc130/spear_export_r1024/export_scene.blend/textures/kitchen_0_0_ceiling_ROUGHNESS.png (deflated 98%)
  adding: home/yashturkar/Workspace/infinigen/outputs/189cc130/spear_export_r1024/export_scene.blend/textures/DeskLampFactory(8507126)_spawn_asset(7901138)_NORMAL.png (deflated 96%)
  adding: home/yashturkar/Workspace/infinigen/outputs/189cc130/spear_export_r1024/export_scene.blend/textures/CeilingLightFactory(4992283)_spawn_asset(6161506)_ROUGHNESS.png (deflated 98%)
  adding: home/yashturkar/Workspace/infinigen/outputs/189cc130/spear_export_r1024/export_scene.blend/textures/BookStackFactory(2543730)_spawn_asset(150670)_NORMAL.png (deflated 0%)
  adding: home/yashturkar/Workspace/infinigen/outputs/189cc130/spear_export_r1024/export_scene.blend/textures/WindowFactory(25311)_spawn_asset(6)_DIFFUSE.png (deflated 1%)
  adding: home/yashturkar/Workspace/infinigen/outputs/189cc130/spear_export_r1024/export_scene.blend/textures/BedFactory(1250394)_spawn_asset(4644385)_NORMAL.png (deflated 0%)
  adding: home/yashturkar/Workspace/infinigen/outputs/189cc130/spear_export_r1024/export_scene.blend/textures/dining-room_0_0_floor_NORMAL.png (deflated 1%)
  adding: home/yashturkar/Workspace/infinigen/outputs/189cc130/spear_export_r1024/export_scene.blend/textures/WindowFactory(77853)_spawn_asset(2)_TRANSMISSION.png (deflated 53%)
  adding: home/yashturkar/Workspace/infinigen/outputs/189cc130/spear_export_r1024/export_scene.blend/textures/NatureShelfTrinketsFactory(9496139)_spawn_asset(8720761)_NORMAL.png (deflated 97%)
  adding: home/yashturkar/Workspace/infinigen/outputs/189cc130/spear_export_r1024/export_scene.blend/textures/bathroom_0_0_floor_TRANSMISSION.png (deflated 94%)
  adding: home/yashturkar/Workspace/infinigen/outputs/189cc130/spear_export_r1024/export_scene.blend/textures/bedroom_0_0_ceiling_DIFFUSE.png (deflated 98%)
  adding: home/yashturkar/Workspace/infinigen/outputs/189cc130/spear_export_r1024/export_scene.blend/textures/kitchen_0_0_wall_NORMAL.png (deflated 0%)
  adding: home/yashturkar/Workspace/infinigen/outputs/189cc130/spear_export_r1024/export_scene.blend/textures/CeilingLightFactory(4992283)_spawn_asset(7968778)_DIFFUSE.png (deflated 98%)
  adding: home/yashturkar/Workspace/infinigen/outputs/189cc130/spear_export_r1024/export_scene.blend/textures/kitchen_0_0_wall_ROUGHNESS.png (deflated 68%)
  adding: home/yashturkar/Workspace/infinigen/outputs/189cc130/spear_export_r1024/export_scene.blend/textures/NatureShelfTrinketsFactory(9496139)_spawn_asset(8720761)_DIFFUSE.png (deflated 0%)
  adding: home/yashturkar/Workspace/infinigen/outputs/189cc130/spear_export_r1024/export_scene.blend/textures/LouverDoorFactory(6511470)_spawn_asset(2)_TRANSMISSION.png (deflated 98%)
  adding: home/yashturkar/Workspace/infinigen/outputs/189cc130/spear_export_r1024/export_scene.blend/textures/LouverDoorFactory(6971052)_spawn_asset(0)_TRANSMISSION.png (deflated 98%)
  adding: home/yashturkar/Workspace/infinigen/outputs/189cc130/spear_export_r1024/export_scene.blend/textures/Plane_005_DIFFUSE.png (deflated 1%)
  adding: home/yashturkar/Workspace/infinigen/outputs/189cc130/spear_export_r1024/export_scene.blend/textures/LargeShelfFactory(1583174)_spawn_asset(642900)_ROUGHNESS.png (deflated 79%)
  adding: home/yashturkar/Workspace/infinigen/outputs/189cc130/spear_export_r1024/export_scene.blend/textures/LouverDoorFactory(6511470)_spawn_asset(2)_ROUGHNESS.png (deflated 3%)
  adding: home/yashturkar/Workspace/infinigen/outputs/189cc130/spear_export_r1024/export_scene.blend/textures/Cube_008_DIFFUSE.png (deflated 0%)
  adding: home/yashturkar/Workspace/infinigen/outputs/189cc130/spear_export_r1024/export_scene.blend/textures/RugFactory(888521)_spawn_asset(9535398)_DIFFUSE.png (deflated 2%)
  adding: home/yashturkar/Workspace/infinigen/outputs/189cc130/spear_export_r1024/export_scene.blend/textures/Cube_006_METAL.png (deflated 67%)
  adding: home/yashturkar/Workspace/infinigen/outputs/189cc130/spear_export_r1024/export_scene.blend/textures/NatureShelfTrinketsFactory(3221477)_spawn_asset(2063292)_NORMAL.png (deflated 97%)
  adding: home/yashturkar/Workspace/infinigen/outputs/189cc130/spear_export_r1024/export_scene.blend/textures/Plane_003_ROUGHNESS.png (deflated 5%)
  adding: home/yashturkar/Workspace/infinigen/outputs/189cc130/spear_export_r1024/export_scene.blend/textures/BézierCurve_001_DIFFUSE.png (deflated 12%)
  adding: home/yashturkar/Workspace/infinigen/outputs/189cc130/spear_export_r1024/export_scene.blend/textures/WindowFactory(25311)_spawn_asset(6)_ROUGHNESS.png (deflated 1%)
  adding: home/yashturkar/Workspace/infinigen/outputs/189cc130/spear_export_r1024/export_scene.blend/textures/Cube_004_TRANSMISSION.png (deflated 98%)
  adding: home/yashturkar/Workspace/infinigen/outputs/189cc130/spear_export_r1024/export_scene.blend/textures/WindowFactory(77853)_spawn_asset(8)_ROUGHNESS.png (deflated 1%)
  adding: home/yashturkar/Workspace/infinigen/outputs/189cc130/spear_export_r1024/export_scene.blend/textures/BookStackFactory(2509525)_spawn_asset(7280888)_METAL.png (deflated 68%)
  adding: home/yashturkar/Workspace/infinigen/outputs/189cc130/spear_export_r1024/export_scene.blend/textures/NatureShelfTrinketsFactory(4565853)_spawn_asset(6662185)_ROUGHNESS.png (deflated 5%)
  adding: home/yashturkar/Workspace/infinigen/outputs/189cc130/spear_export_r1024/export_scene.blend/textures/Mesh_ROUGHNESS.png (deflated 1%)
  adding: home/yashturkar/Workspace/infinigen/outputs/189cc130/spear_export_r1024/export_scene.blend/textures/WindowFactory(77853)_spawn_asset(8)_NORMAL.png (deflated 0%)
  adding: home/yashturkar/Workspace/infinigen/outputs/189cc130/spear_export_r1024/export_scene.blend/textures/LargePlantContainerFactory(4128982)_spawn_asset(8920034)_ROUGHNESS.png (deflated 0%)
  adding: home/yashturkar/Workspace/infinigen/outputs/189cc130/spear_export_r1024/export_scene.blend/textures/Plane_002_METAL.png (deflated 44%)
  adding: home/yashturkar/Workspace/infinigen/outputs/189cc130/spear_export_r1024/export_scene.blend/textures/WindowFactory(77853)_spawn_asset(7)_TRANSMISSION.png (deflated 46%)
  adding: home/yashturkar/Workspace/infinigen/outputs/189cc130/spear_export_r1024/export_scene.blend/textures/BookColumnFactory(6179786)_spawn_asset(8414146)_ROUGHNESS.png (deflated 1%)
  adding: home/yashturkar/Workspace/infinigen/outputs/189cc130/spear_export_r1024/export_scene.blend/textures/NatureShelfTrinketsFactory(690246)_spawn_asset(1497873)_NORMAL.png (deflated 97%)
  adding: home/yashturkar/Workspace/infinigen/outputs/189cc130/spear_export_r1024/export_scene.blend/textures/WindowFactory(25311)_spawn_asset(6)_TRANSMISSION.png (deflated 19%)
  adding: home/yashturkar/Workspace/infinigen/outputs/189cc130/spear_export_r1024/export_scene.blend/textures/dining-room_0_0_wall_NORMAL.png (deflated 0%)
  adding: home/yashturkar/Workspace/infinigen/outputs/189cc130/spear_export_r1024/export_scene.blend/textures/bathroom_0_0_floor_NORMAL.png (deflated 61%)
  adding: home/yashturkar/Workspace/infinigen/outputs/189cc130/spear_export_r1024/export_scene.blend/textures/LargeShelfFactory(1583174)_spawn_asset(642900)_NORMAL.png (deflated 97%)
  adding: home/yashturkar/Workspace/infinigen/outputs/189cc130/spear_export_r1024/export_scene.blend/textures/living-room_0_0_floor_NORMAL.png (deflated 88%)
  adding: home/yashturkar/Workspace/infinigen/outputs/189cc130/spear_export_r1024/export_scene.blend/textures/BookColumnFactory(6179786)_spawn_asset(8414146)_DIFFUSE.png (deflated 0%)
  adding: home/yashturkar/Workspace/infinigen/outputs/189cc130/spear_export_r1024/export_scene.blend/textures/PillowFactory(1250394)_spawn_asset(4644385)_001_ROUGHNESS.png (deflated 2%)
  adding: home/yashturkar/Workspace/infinigen/outputs/189cc130/spear_export_r1024/export_scene.blend/textures/NatureShelfTrinketsFactory(4565853)_spawn_asset(6662185)_NORMAL.png (deflated 68%)
  adding: home/yashturkar/Workspace/infinigen/outputs/189cc130/spear_export_r1024/export_scene.blend/textures/NatureShelfTrinketsFactory(7078173)_spawn_asset(5346869)_ROUGHNESS.png (deflated 0%)
  adding: home/yashturkar/Workspace/infinigen/outputs/189cc130/spear_export_r1024/export_scene.blend/textures/TowelFactory(1250394)_spawn_asset(4644385)_DIFFUSE.png (deflated 0%)
  adding: home/yashturkar/Workspace/infinigen/outputs/189cc130/spear_export_r1024/export_scene.blend/textures/BookStackFactory(3472359)_spawn_asset(7187058)_NORMAL.png (deflated 0%)
  adding: home/yashturkar/Workspace/infinigen/outputs/189cc130/spear_export_r1024/export_scene.blend/textures/WindowFactory(77853)_spawn_asset(3)_ROUGHNESS.png (deflated 2%)
  adding: home/yashturkar/Workspace/infinigen/outputs/189cc130/spear_export_r1024/export_scene.blend/textures/Plane_NORMAL.png (deflated 3%)
  adding: home/yashturkar/Workspace/infinigen/outputs/189cc130/spear_export_r1024/export_scene.blend/textures/Cube_008_TRANSMISSION.png (deflated 98%)
  adding: home/yashturkar/Workspace/infinigen/outputs/189cc130/spear_export_r1024/export_scene.blend/textures/kitchen_0_0_ceiling_NORMAL.png (deflated 97%)
  adding: home/yashturkar/Workspace/infinigen/outputs/189cc130/spear_export_r1024/export_scene.blend/textures/Cube_006_TRANSMISSION.png (deflated 98%)
  adding: home/yashturkar/Workspace/infinigen/outputs/189cc130/spear_export_r1024/export_scene.blend/textures/BookStackFactory(7863600)_spawn_asset(2454881)_NORMAL.png (deflated 0%)
  adding: home/yashturkar/Workspace/infinigen/outputs/189cc130/spear_export_r1024/export_scene.blend/textures/NatureShelfTrinketsFactory(9323882)_spawn_asset(9892443)_ROUGHNESS.png (deflated 0%)
  adding: home/yashturkar/Workspace/infinigen/outputs/189cc130/spear_export_r1024/export_scene.blend/textures/WindowFactory(77853)_spawn_asset(2)_NORMAL.png (deflated 0%)
  adding: home/yashturkar/Workspace/infinigen/outputs/189cc130/spear_export_r1024/export_scene.blend/textures/Cube_008_NORMAL.png (deflated 0%)
  adding: home/yashturkar/Workspace/infinigen/outputs/189cc130/spear_export_r1024/export_scene.blend/textures/Plane_001_NORMAL.png (deflated 3%)
  adding: home/yashturkar/Workspace/infinigen/outputs/189cc130/spear_export_r1024/export_scene.blend/textures/PillowFactory(1250394)_spawn_asset(4644385)_NORMAL.png (deflated 0%)
  adding: home/yashturkar/Workspace/infinigen/outputs/189cc130/spear_export_r1024/export_scene.blend/textures/Cube_ROUGHNESS.png (deflated 46%)
  adding: home/yashturkar/Workspace/infinigen/outputs/189cc130/spear_export_r1024/export_scene.blend/textures/WindowFactory(77853)_spawn_asset(9)_TRANSMISSION.png (deflated 63%)
  adding: home/yashturkar/Workspace/infinigen/outputs/189cc130/spear_export_r1024/export_scene.blend/textures/BookStackFactory(7863600)_spawn_asset(2454881)_DIFFUSE.png (deflated 0%)
  adding: home/yashturkar/Workspace/infinigen/outputs/189cc130/spear_export_r1024/export_scene.blend/textures/NatureShelfTrinketsFactory(690246)_spawn_asset(1497873)_TRANSMISSION.png (deflated 48%)
  adding: home/yashturkar/Workspace/infinigen/outputs/189cc130/spear_export_r1024/export_scene.blend/textures/PlantContainerFactory(5319861)_spawn_asset(207197)_ROUGHNESS.png (deflated 0%)
  adding: home/yashturkar/Workspace/infinigen/outputs/189cc130/spear_export_r1024/export_scene.blend/textures/GlassPanelDoorFactory(7281651)_spawn_asset(1)_DIFFUSE.png (deflated 0%)
  adding: home/yashturkar/Workspace/infinigen/outputs/189cc130/spear_export_r1024/export_scene.blend/textures/CeilingLightFactory(4992283)_spawn_asset(6161506)_DIFFUSE.png (deflated 98%)
  adding: home/yashturkar/Workspace/infinigen/outputs/189cc130/spear_export_r1024/export_scene.blend/textures/CeilingLightFactory(4992283)_spawn_asset(1605105)_ROUGHNESS.png (deflated 98%)
  adding: home/yashturkar/Workspace/infinigen/outputs/189cc130/spear_export_r1024/export_scene.blend/textures/CellShelfFactory(1375221)_spawn_asset(4804677)_ROUGHNESS.png (deflated 76%)
  adding: home/yashturkar/Workspace/infinigen/outputs/189cc130/spear_export_r1024/export_scene.blend/textures/NatureShelfTrinketsFactory(2487019)_spawn_asset(1332666)_TRANSMISSION.png (deflated 63%)
  adding: home/yashturkar/Workspace/infinigen/outputs/189cc130/spear_export_r1024/export_scene.blend/textures/BookStackFactory(3861683)_spawn_asset(5428391)_METAL.png (deflated 46%)
  adding: home/yashturkar/Workspace/infinigen/outputs/189cc130/spear_export_r1024/export_scene.blend/textures/LouverDoorFactory(6971052)_spawn_asset(4)_ROUGHNESS.png (deflated 1%)
  adding: home/yashturkar/Workspace/infinigen/outputs/189cc130/spear_export_r1024/export_scene.blend/textures/LouverDoorFactory(6971052)_spawn_asset(0)_METAL.png (deflated 29%)
  adding: home/yashturkar/Workspace/infinigen/outputs/189cc130/spear_export_r1024/export_scene.blend/textures/bathroom_0_0_ceiling_DIFFUSE.png (deflated 98%)
  adding: home/yashturkar/Workspace/infinigen/outputs/189cc130/spear_export_r1024/export_scene.blend/textures/GlassPanelDoorFactory(7281651)_spawn_asset(1)_TRANSMISSION.png (deflated 98%)
  adding: home/yashturkar/Workspace/infinigen/outputs/189cc130/spear_export_r1024/export_scene.blend/textures/Cube_TRANSMISSION.png (deflated 98%)
  adding: home/yashturkar/Workspace/infinigen/outputs/189cc130/spear_export_r1024/export_scene.blend/textures/BookColumnFactory(6179786)_spawn_asset(8414146)_METAL.png (deflated 43%)
  adding: home/yashturkar/Workspace/infinigen/outputs/189cc130/spear_export_r1024/export_scene.blend/textures/dining-room_0_0_ceiling_NORMAL.png (deflated 97%)
  adding: home/yashturkar/Workspace/infinigen/outputs/189cc130/spear_export_r1024/export_scene.blend/textures/NatureShelfTrinketsFactory(4565853)_spawn_asset(6662185)_DIFFUSE.png (deflated 0%)
  adding: home/yashturkar/Workspace/infinigen/outputs/189cc130/spear_export_r1024/export_scene.blend/textures/KitchenCabinetFactory(1387523)_spawn_asset(4630190)_DIFFUSE.png (deflated 8%)
  adding: home/yashturkar/Workspace/infinigen/outputs/189cc130/spear_export_r1024/export_scene.blend/textures/bathroom_0_0_floor_DIFFUSE.png (deflated 98%)
  adding: home/yashturkar/Workspace/infinigen/outputs/189cc130/spear_export_r1024/export_scene.blend/textures/NatureShelfTrinketsFactory(2487019)_spawn_asset(1332666)_NORMAL.png (deflated 97%)
  adding: home/yashturkar/Workspace/infinigen/outputs/189cc130/spear_export_r1024/export_scene.blend/textures/BookStackFactory(2543730)_spawn_asset(150670)_ROUGHNESS.png (deflated 1%)
  adding: home/yashturkar/Workspace/infinigen/outputs/189cc130/spear_export_r1024/export_scene.blend/textures/WindowFactory(77853)_spawn_asset(8)_TRANSMISSION.png (deflated 98%)
  adding: home/yashturkar/Workspace/infinigen/outputs/189cc130/spear_export_r1024/export_scene.blend/textures/NatureShelfTrinketsFactory(2487019)_spawn_asset(1332666)_ROUGHNESS.png (deflated 5%)
  adding: home/yashturkar/Workspace/infinigen/outputs/189cc130/spear_export_r1024/export_scene.blend/textures/BedFactory(1250394)_spawn_asset(4644385)_DIFFUSE.png (deflated 4%)
  adding: home/yashturkar/Workspace/infinigen/outputs/189cc130/spear_export_r1024/export_scene.blend/textures/BézierCurve_001_ROUGHNESS.png (deflated 1%)
  adding: home/yashturkar/Workspace/infinigen/outputs/189cc130/spear_export_r1024/export_scene.blend/textures/KitchenCabinetFactory(1387523)_spawn_asset(4630190)_ROUGHNESS.png (deflated 60%)
  adding: home/yashturkar/Workspace/infinigen/outputs/189cc130/spear_export_r1024/export_scene.blend/textures/bedroom_0_0_floor_DIFFUSE.png (deflated 0%)
  adding: home/yashturkar/Workspace/infinigen/outputs/189cc130/spear_export_r1024/export_scene.blend/textures/BedFactory(1250394)_spawn_asset(4644385)_ROUGHNESS.png (deflated 5%)
  adding: home/yashturkar/Workspace/infinigen/outputs/189cc130/spear_export_r1024/export_scene.blend/textures/PillowFactory(1250394)_spawn_asset(4644385)_001_DIFFUSE.png (deflated 0%)
  adding: home/yashturkar/Workspace/infinigen/outputs/189cc130/spear_export_r1024/export_scene.blend/textures/living-room_0_0_wall_ROUGHNESS.png (deflated 4%)
  adding: home/yashturkar/Workspace/infinigen/outputs/189cc130/spear_export_r1024/export_scene.blend/textures/WindowFactory(77853)_spawn_asset(2)_ROUGHNESS.png (deflated 1%)
  adding: home/yashturkar/Workspace/infinigen/outputs/189cc130/spear_export_r1024/export_scene.blend/textures/BookStackFactory(7863600)_spawn_asset(2454881)_ROUGHNESS.png (deflated 0%)
  adding: home/yashturkar/Workspace/infinigen/outputs/189cc130/spear_export_r1024/export_scene.blend/textures/RugFactory(888521)_spawn_asset(9535398)_NORMAL.png (deflated 0%)
  adding: home/yashturkar/Workspace/infinigen/outputs/189cc130/spear_export_r1024/export_scene.blend/textures/living-room_0_0_wall_NORMAL.png (deflated 0%)
  adding: home/yashturkar/Workspace/infinigen/outputs/189cc130/spear_export_r1024/export_scene.blend/textures/CellShelfFactory(1375221)_spawn_asset(4804677)_NORMAL.png (deflated 0%)
  adding: home/yashturkar/Workspace/infinigen/outputs/189cc130/spear_export_r1024/export_scene.blend/textures/PillowFactory(1250394)_spawn_asset(4644385)_001_NORMAL.png (deflated 0%)
  adding: home/yashturkar/Workspace/infinigen/outputs/189cc130/spear_export_r1024/export_scene.blend/textures/Cube_006_NORMAL.png (deflated 0%)
  adding: home/yashturkar/Workspace/infinigen/outputs/189cc130/spear_export_r1024/export_scene.blend/textures/kitchen_0_0_floor_ROUGHNESS.png (deflated 48%)
  adding: home/yashturkar/Workspace/infinigen/outputs/189cc130/spear_export_r1024/export_scene.blend/textures/BookStackFactory(3861683)_spawn_asset(5428391)_DIFFUSE.png (deflated 0%)
  adding: home/yashturkar/Workspace/infinigen/outputs/189cc130/spear_export_r1024/export_scene.blend/textures/bedroom_0_0_wall_DIFFUSE.png (deflated 0%)
  adding: home/yashturkar/Workspace/infinigen/outputs/189cc130/spear_export_r1024/export_scene.blend/textures/WindowFactory(77853)_spawn_asset(3)_TRANSMISSION.png (deflated 73%)
  adding: home/yashturkar/Workspace/infinigen/outputs/189cc130/spear_export_r1024/export_scene.blend/textures/WindowFactory(77853)_spawn_asset(7)_ROUGHNESS.png (deflated 2%)
  adding: home/yashturkar/Workspace/infinigen/outputs/189cc130/spear_export_r1024/export_scene.blend/textures/WindowFactory(25311)_spawn_asset(5)_ROUGHNESS.png (deflated 0%)
  adding: home/yashturkar/Workspace/infinigen/outputs/189cc130/spear_export_r1024/export_scene.blend/textures/GlassPanelDoorFactory(7281651)_spawn_asset(1)_METAL.png (deflated 38%)
  adding: home/yashturkar/Workspace/infinigen/outputs/189cc130/spear_export_r1024/export_scene.blend/textures/WindowFactory(25311)_spawn_asset(4)_NORMAL.png (deflated 0%)
  adding: home/yashturkar/Workspace/infinigen/outputs/189cc130/spear_export_r1024/export_scene.blend/textures/NatureShelfTrinketsFactory(3060825)_spawn_asset(9108081)_ROUGHNESS.png (deflated 4%)
  adding: home/yashturkar/Workspace/infinigen/outputs/189cc130/spear_export_r1024/export_scene.blend/textures/ComforterFactory(1250394)_spawn_asset(4644385)_NORMAL.png (deflated 0%)
  adding: home/yashturkar/Workspace/infinigen/outputs/189cc130/spear_export_r1024/export_scene.blend/textures/CellShelfFactory(1375221)_spawn_asset(4804677)_METAL.png (deflated 93%)
  adding: home/yashturkar/Workspace/infinigen/outputs/189cc130/spear_export_r1024/export_scene.blend/textures/Plane_ROUGHNESS.png (deflated 36%)
  adding: home/yashturkar/Workspace/infinigen/outputs/189cc130/spear_export_r1024/export_scene.blend/textures/BlanketFactory(1250394)_spawn_asset(4644385)_DIFFUSE.png (deflated 0%)
  adding: home/yashturkar/Workspace/infinigen/outputs/189cc130/spear_export_r1024/export_scene.blend/textures/Cube_004_DIFFUSE.png (deflated 58%)
  adding: home/yashturkar/Workspace/infinigen/outputs/189cc130/spear_export_r1024/export_scene.blend/textures/WindowFactory(77853)_spawn_asset(9)_DIFFUSE.png (deflated 0%)
  adding: home/yashturkar/Workspace/infinigen/outputs/189cc130/spear_export_r1024/export_scene.blend/textures/CeilingLightFactory(4992283)_spawn_asset(7968778)_NORMAL.png (deflated 97%)
  adding: home/yashturkar/Workspace/infinigen/outputs/189cc130/spear_export_r1024/export_scene.blend/textures/kitchen_0_0_floor_NORMAL.png (deflated 11%)
  adding: home/yashturkar/Workspace/infinigen/outputs/189cc130/spear_export_r1024/export_scene.blend/textures/bathroom_0_0_wall_ROUGHNESS.png (deflated 1%)
  adding: home/yashturkar/Workspace/infinigen/outputs/189cc130/spear_export_r1024/export_scene.blend/textures/MattressFactory(1250394)_spawn_asset(4644385)_NORMAL.png (deflated 0%)
  adding: home/yashturkar/Workspace/infinigen/outputs/189cc130/spear_export_r1024/export_scene.blend/textures/NatureShelfTrinketsFactory(3221477)_spawn_asset(2063292)_DIFFUSE.png (deflated 0%)
  adding: home/yashturkar/Workspace/infinigen/outputs/189cc130/spear_export_r1024/export_scene.blend/textures/BookStackFactory(1105440)_spawn_asset(7479020)_METAL.png (deflated 48%)
  adding: home/yashturkar/Workspace/infinigen/outputs/189cc130/spear_export_r1024/export_scene.blend/textures/CeilingLightFactory(4992283)_spawn_asset(1605105)_NORMAL.png (deflated 97%)
  adding: home/yashturkar/Workspace/infinigen/outputs/189cc130/spear_export_r1024/export_scene.blend/textures/LouverDoorFactory(6511470)_spawn_asset(3)_METAL.png (deflated 28%)
  adding: home/yashturkar/Workspace/infinigen/outputs/189cc130/spear_export_r1024/export_scene.blend/textures/Plane_005_NORMAL.png (deflated 1%)
  adding: home/yashturkar/Workspace/infinigen/outputs/189cc130/spear_export_r1024/export_scene.blend/textures/Mesh_DIFFUSE.png (deflated 8%)
  adding: home/yashturkar/Workspace/infinigen/outputs/189cc130/spear_export_r1024/export_scene.blend/textures/BézierCurve_NORMAL.png (deflated 19%)
  adding: home/yashturkar/Workspace/infinigen/outputs/189cc130/spear_export_r1024/export_scene.blend/textures/LouverDoorFactory(6971052)_spawn_asset(4)_TRANSMISSION.png (deflated 98%)
  adding: home/yashturkar/Workspace/infinigen/outputs/189cc130/spear_export_r1024/export_scene.blend/textures/WindowFactory(25311)_spawn_asset(4)_ROUGHNESS.png (deflated 1%)
  adding: home/yashturkar/Workspace/infinigen/outputs/189cc130/spear_export_r1024/export_scene.blend/textures/Plane_001_DIFFUSE.png (deflated 36%)
  adding: home/yashturkar/Workspace/infinigen/outputs/189cc130/spear_export_r1024/export_scene.blend/textures/bathroom_0_0_ceiling_NORMAL.png (deflated 97%)
  adding: home/yashturkar/Workspace/infinigen/outputs/189cc130/spear_export_r1024/export_scene.blend/textures/WindowFactory(25311)_spawn_asset(0)_DIFFUSE.png (deflated 0%)
  adding: home/yashturkar/Workspace/infinigen/outputs/189cc130/spear_export_r1024/export_scene.blend/textures/ComforterFactory(1250394)_spawn_asset(4644385)_ROUGHNESS.png (deflated 4%)
  adding: home/yashturkar/Workspace/infinigen/outputs/189cc130/spear_export_r1024/export_scene.blend/textures/bedroom_0_0_floor_ROUGHNESS.png (deflated 1%)
  adding: home/yashturkar/Workspace/infinigen/outputs/189cc130/spear_export_r1024/export_scene.blend/textures/NatureShelfTrinketsFactory(5090519)_spawn_asset(3674412)_NORMAL.png (deflated 97%)
  adding: home/yashturkar/Workspace/infinigen/outputs/189cc130/spear_export_r1024/export_scene.blend/textures/LargePlantContainerFactory(4128982)_spawn_asset(8920034)_TRANSMISSION.png (deflated 3%)
  adding: home/yashturkar/Workspace/infinigen/outputs/189cc130/spear_export_r1024/export_scene.blend/textures/BookStackFactory(3472359)_spawn_asset(7187058)_METAL.png (deflated 54%)
  adding: home/yashturkar/Workspace/infinigen/outputs/189cc130/spear_export_r1024/export_scene.blend/textures/WindowFactory(77853)_spawn_asset(7)_METAL.png (deflated 54%)
  adding: home/yashturkar/Workspace/infinigen/outputs/189cc130/spear_export_r1024/export_scene.blend/textures/ComforterFactory(1250394)_spawn_asset(4644385)_DIFFUSE.png (deflated 0%)
  adding: home/yashturkar/Workspace/infinigen/outputs/189cc130/spear_export_r1024/export_scene.blend/textures/LargeShelfFactory(4322682)_spawn_asset(5471509)_NORMAL.png (deflated 97%)
  adding: home/yashturkar/Workspace/infinigen/outputs/189cc130/spear_export_r1024/export_scene.blend/textures/WindowFactory(25311)_spawn_asset(0)_TRANSMISSION.png (deflated 14%)
  adding: home/yashturkar/Workspace/infinigen/outputs/189cc130/spear_export_r1024/export_scene.blend/textures/bedroom_0_0_ceiling_ROUGHNESS.png (deflated 98%)
  adding: home/yashturkar/Workspace/infinigen/outputs/189cc130/spear_export_r1024/export_scene.blend/textures/Cube_004_METAL.png (deflated 67%)
  adding: home/yashturkar/Workspace/infinigen/outputs/189cc130/spear_export_r1024/export_scene.blend/textures/WindowFactory(25311)_spawn_asset(4)_TRANSMISSION.png (deflated 15%)
  adding: home/yashturkar/Workspace/infinigen/outputs/189cc130/spear_export_r1024/export_scene.blend/textures/LargeShelfFactory(1583174)_spawn_asset(642900)_DIFFUSE.png (deflated 79%)
  adding: home/yashturkar/Workspace/infinigen/outputs/189cc130/spear_export_r1024/export_scene.blend/textures/LouverDoorFactory(6511470)_spawn_asset(3)_DIFFUSE.png (deflated 5%)
  adding: home/yashturkar/Workspace/infinigen/outputs/189cc130/spear_export_r1024/export_scene.blend/textures/GlassPanelDoorFactory(7281651)_spawn_asset(1)_NORMAL.png (deflated 0%)
  adding: home/yashturkar/Workspace/infinigen/outputs/189cc130/spear_export_r1024/export_scene.blend/textures/BookStackFactory(2509525)_spawn_asset(7280888)_NORMAL.png (deflated 0%)
  adding: home/yashturkar/Workspace/infinigen/outputs/189cc130/spear_export_r1024/export_scene.blend/textures/BézierCurve_001_METAL.png (deflated 11%)
  adding: home/yashturkar/Workspace/infinigen/outputs/189cc130/spear_export_r1024/export_scene.blend/textures/bedroom_0_0_wall_NORMAL.png (deflated 0%)
  adding: home/yashturkar/Workspace/infinigen/outputs/189cc130/spear_export_r1024/export_scene.blend/textures/PillowFactory(1250394)_spawn_asset(4644385)_ROUGHNESS.png (deflated 2%)
  adding: home/yashturkar/Workspace/infinigen/outputs/189cc130/spear_export_r1024/export_scene.blend/textures/LouverDoorFactory(6511470)_spawn_asset(3)_TRANSMISSION.png (deflated 98%)
  adding: home/yashturkar/Workspace/infinigen/outputs/189cc130/spear_export_r1024/export_scene.blend/textures/NatureShelfTrinketsFactory(3060825)_spawn_asset(9108081)_NORMAL.png (deflated 79%)
  adding: home/yashturkar/Workspace/infinigen/outputs/189cc130/spear_export_r1024/export_scene.blend/textures/PlantContainerFactory(7067772)_spawn_asset(7007232)_ROUGHNESS.png (deflated 0%)
  adding: home/yashturkar/Workspace/infinigen/outputs/189cc130/spear_export_r1024/export_scene.blend/textures/LouverDoorFactory(6511470)_spawn_asset(2)_NORMAL.png (deflated 0%)
  adding: home/yashturkar/Workspace/infinigen/outputs/189cc130/spear_export_r1024/export_scene.blend/textures/Cube_002_TRANSMISSION.png (deflated 98%)
  adding: home/yashturkar/Workspace/infinigen/outputs/189cc130/spear_export_r1024/export_scene.blend/textures/WindowFactory(77853)_spawn_asset(8)_DIFFUSE.png (deflated 0%)
  adding: home/yashturkar/Workspace/infinigen/outputs/189cc130/spear_export_r1024/export_scene.blend/textures/TowelFactory(1250394)_spawn_asset(4644385)_ROUGHNESS.png (deflated 0%)
  adding: home/yashturkar/Workspace/infinigen/outputs/189cc130/spear_export_r1024/export_scene.blend/textures/dining-room_0_0_ceiling_ROUGHNESS.png (deflated 98%)
  adding: home/yashturkar/Workspace/infinigen/outputs/189cc130/spear_export_r1024/export_scene.blend/textures/BookStackFactory(3472359)_spawn_asset(7187058)_DIFFUSE.png (deflated 0%)
  adding: home/yashturkar/Workspace/infinigen/outputs/189cc130/spear_export_r1024/export_scene.blend/textures/CeilingLightFactory(4992283)_spawn_asset(4619103)_ROUGHNESS.png (deflated 98%)
  adding: home/yashturkar/Workspace/infinigen/outputs/189cc130/spear_export_r1024/export_scene.blend/textures/WindowFactory(77853)_spawn_asset(2)_METAL.png (deflated 64%)
  adding: home/yashturkar/Workspace/infinigen/outputs/189cc130/spear_export_r1024/export_scene.blend/textures/Mesh_001_ROUGHNESS.png (deflated 2%)
  adding: home/yashturkar/Workspace/infinigen/outputs/189cc130/spear_export_r1024/export_scene.blend/textures/NatureShelfTrinketsFactory(9323882)_spawn_asset(9892443)_DIFFUSE.png (deflated 0%)
  adding: home/yashturkar/Workspace/infinigen/outputs/189cc130/spear_export_r1024/export_scene.blend/textures/NatureShelfTrinketsFactory(2811083)_spawn_asset(3748554)_DIFFUSE.png (deflated 0%)
  adding: home/yashturkar/Workspace/infinigen/outputs/189cc130/spear_export_r1024/export_scene.blend/textures/NatureShelfTrinketsFactory(3060825)_spawn_asset(9108081)_DIFFUSE.png (deflated 0%)
  adding: home/yashturkar/Workspace/infinigen/outputs/189cc130/spear_export_r1024/export_scene.blend/textures/Mesh_001_DIFFUSE.png (deflated 6%)
  adding: home/yashturkar/Workspace/infinigen/outputs/189cc130/spear_export_r1024/export_scene.blend/textures/MattressFactory(1250394)_spawn_asset(4644385)_ROUGHNESS.png (deflated 35%)
  adding: home/yashturkar/Workspace/infinigen/outputs/189cc130/spear_export_r1024/export_scene.blend/textures/WindowFactory(77853)_spawn_asset(3)_DIFFUSE.png (deflated 1%)
  adding: home/yashturkar/Workspace/infinigen/outputs/189cc130/spear_export_r1024/export_scene.blend/textures/LargeShelfFactory(4322682)_spawn_asset(5471509)_DIFFUSE.png (deflated 80%)
  adding: home/yashturkar/Workspace/infinigen/outputs/189cc130/spear_export_r1024/export_scene.blend/textures/Cube_002_NORMAL.png (deflated 0%)
  adding: home/yashturkar/Workspace/infinigen/outputs/189cc130/spear_export_r1024/export_scene.blend/textures/BookStackFactory(7863600)_spawn_asset(2454881)_METAL.png (deflated 39%)
  adding: home/yashturkar/Workspace/infinigen/outputs/189cc130/spear_export_r1024/export_scene.blend/textures/NatureShelfTrinketsFactory(690246)_spawn_asset(1497873)_ROUGHNESS.png (deflated 10%)
  adding: home/yashturkar/Workspace/infinigen/outputs/189cc130/spear_export_r1024/export_scene.blend/textures/DeskLampFactory(8507126)_spawn_asset(7901138)_ROUGHNESS.png (deflated 7%)
  adding: home/yashturkar/Workspace/infinigen/outputs/189cc130/spear_export_r1024/export_scene.blend/textures/BookColumnFactory(6179786)_spawn_asset(8414146)_NORMAL.png (deflated 0%)
  adding: home/yashturkar/Workspace/infinigen/outputs/189cc130/spear_export_r1024/export_scene.blend/textures/WindowFactory(25311)_spawn_asset(6)_NORMAL.png (deflated 1%)
  adding: home/yashturkar/Workspace/infinigen/outputs/189cc130/spear_export_r1024/export_scene.blend/textures/Plane_002_DIFFUSE.png (deflated 45%)
  adding: home/yashturkar/Workspace/infinigen/outputs/189cc130/spear_export_r1024/export_scene.blend/textures/LouverDoorFactory(6971052)_spawn_asset(0)_ROUGHNESS.png (deflated 2%)
  adding: home/yashturkar/Workspace/infinigen/outputs/189cc130/spear_export_r1024/export_scene.blend/textures/dining-room_0_0_wall_ROUGHNESS.png (deflated 76%)
  adding: home/yashturkar/Workspace/infinigen/outputs/189cc130/spear_export_r1024/export_scene.blend/textures/NatureShelfTrinketsFactory(5090519)_spawn_asset(3674412)_DIFFUSE.png (deflated 0%)
  adding: home/yashturkar/Workspace/infinigen/outputs/189cc130/spear_export_r1024/export_scene.blend/textures/LargePlantContainerFactory(4128982)_spawn_asset(8920034)_NORMAL.png (deflated 97%)
  adding: home/yashturkar/Workspace/infinigen/outputs/189cc130/spear_export_r1024/export_scene.blend/textures/WindowFactory(25311)_spawn_asset(5)_TRANSMISSION.png (deflated 7%)
  adding: home/yashturkar/Workspace/infinigen/outputs/189cc130/spear_export_r1024/export_scene.blend/textures/BlanketFactory(1250394)_spawn_asset(4644385)_ROUGHNESS.png (deflated 6%)
  adding: home/yashturkar/Workspace/infinigen/outputs/189cc130/spear_export_r1024/export_scene.blend/textures/NatureShelfTrinketsFactory(8452469)_spawn_asset(5964342)_ROUGHNESS.png (deflated 8%)
  adding: home/yashturkar/Workspace/infinigen/outputs/189cc130/spear_export_r1024/export_scene.blend/textures/WindowFactory(25311)_spawn_asset(5)_NORMAL.png (deflated 0%)
  adding: home/yashturkar/Workspace/infinigen/outputs/189cc130/spear_export_r1024/export_scene.blend/textures/LouverDoorFactory(6511470)_spawn_asset(3)_ROUGHNESS.png (deflated 3%)
  adding: home/yashturkar/Workspace/infinigen/outputs/189cc130/spear_export_r1024/export_scene.blend/textures/NatureShelfTrinketsFactory(9129415)_spawn_asset(3795336)_ROUGHNESS.png (deflated 9%)
  adding: home/yashturkar/Workspace/infinigen/outputs/189cc130/spear_export_r1024/export_scene.blend/textures/dining-room_0_0_floor_DIFFUSE.png (deflated 0%)
  adding: home/yashturkar/Workspace/infinigen/outputs/189cc130/spear_export_r1024/export_scene.blend/textures/SimpleDeskFactory(863416)_spawn_asset(1747122)_METAL.png (deflated 71%)
  adding: home/yashturkar/Workspace/infinigen/outputs/189cc130/spear_export_r1024/export_scene.blend/textures/NatureShelfTrinketsFactory(690246)_spawn_asset(1497873)_DIFFUSE.png (deflated 0%)
  adding: home/yashturkar/Workspace/infinigen/outputs/189cc130/spear_export_r1024/export_scene.blend/textures/WindowFactory(25311)_spawn_asset(0)_NORMAL.png (deflated 0%)
  adding: home/yashturkar/Workspace/infinigen/outputs/189cc130/spear_export_r1024/export_scene.blend/textures/KitchenCabinetFactory(1387523)_spawn_asset(4630190)_NORMAL.png (deflated 8%)
  adding: home/yashturkar/Workspace/infinigen/outputs/189cc130/spear_export_r1024/export_scene.blend/textures/WindowFactory(25311)_spawn_asset(1)_ROUGHNESS.png (deflated 1%)
  adding: home/yashturkar/Workspace/infinigen/outputs/189cc130/spear_export_r1024/export_scene.blend/textures/NatureShelfTrinketsFactory(9496139)_spawn_asset(8720761)_TRANSMISSION.png (deflated 60%)
  adding: home/yashturkar/Workspace/infinigen/outputs/189cc130/spear_export_r1024/export_scene.blend/textures/WindowFactory(77853)_spawn_asset(3)_METAL.png (deflated 70%)
  adding: home/yashturkar/Workspace/infinigen/outputs/189cc130/spear_export_r1024/export_scene.blend/textures/kitchen_0_0_wall_DIFFUSE.png (deflated 1%)
  adding: home/yashturkar/Workspace/infinigen/outputs/189cc130/spear_export_r1024/export_scene.blend/textures/bathroom_0_0_floor_ROUGHNESS.png (deflated 98%)
  adding: home/yashturkar/Workspace/infinigen/outputs/189cc130/spear_export_r1024/export_scene.blend/textures/Mesh_METAL.png (deflated 9%)
  adding: home/yashturkar/Workspace/infinigen/outputs/189cc130/spear_export_r1024/export_scene.blend/textures/NatureShelfTrinketsFactory(7078173)_spawn_asset(5346869)_DIFFUSE.png (deflated 0%)
  adding: home/yashturkar/Workspace/infinigen/outputs/189cc130/spear_export_r1024/export_scene.blend/textures/Plane_004_DIFFUSE.png (deflated 0%)
  adding: home/yashturkar/Workspace/infinigen/outputs/189cc130/spear_export_r1024/export_scene.blend/textures/SimpleBookcaseFactory(4170166)_spawn_asset(280348)_DIFFUSE.png (deflated 66%)
  adding: home/yashturkar/Workspace/infinigen/outputs/189cc130/spear_export_r1024/export_scene.blend/textures/RugFactory(888521)_spawn_asset(9535398)_ROUGHNESS.png (deflated 3%)
  adding: home/yashturkar/Workspace/infinigen/outputs/189cc130/spear_export_r1024/export_scene.blend/textures/NatureShelfTrinketsFactory(9323882)_spawn_asset(9892443)_NORMAL.png (deflated 97%)
  adding: home/yashturkar/Workspace/infinigen/outputs/189cc130/spear_export_r1024/export_scene.blend/textures/SimpleDeskFactory(863416)_spawn_asset(1747122)_NORMAL.png (deflated 97%)
  adding: home/yashturkar/Workspace/infinigen/outputs/189cc130/spear_export_r1024/export_scene.blend/textures/SimpleBookcaseFactory(4170166)_spawn_asset(280348)_METAL.png (deflated 90%)
  adding: home/yashturkar/Workspace/infinigen/outputs/189cc130/spear_export_r1024/export_scene.blend/textures/WindowFactory(25311)_spawn_asset(1)_NORMAL.png (deflated 0%)
  adding: home/yashturkar/Workspace/infinigen/outputs/189cc130/spear_export_r1024/export_scene.blend/textures/dining-room_0_0_wall_DIFFUSE.png (deflated 1%)
  adding: home/yashturkar/Workspace/infinigen/outputs/189cc130/spear_export_r1024/export_scene.blend/textures/WindowFactory(77853)_spawn_asset(9)_METAL.png (deflated 61%)
  adding: home/yashturkar/Workspace/infinigen/outputs/189cc130/spear_export_r1024/export_scene.blend/textures/BézierCurve_ROUGHNESS.png (deflated 0%)
  adding: home/yashturkar/Workspace/infinigen/outputs/189cc130/spear_export_r1024/export_scene.blend/textures/living-room_0_0_ceiling_ROUGHNESS.png (deflated 98%)
  adding: home/yashturkar/Workspace/infinigen/outputs/189cc130/spear_export_r1024/export_scene.blend/textures/LouverDoorFactory(6971052)_spawn_asset(0)_DIFFUSE.png (deflated 13%)
  adding: home/yashturkar/Workspace/infinigen/outputs/189cc130/spear_export_r1024/export_scene.blend/textures/Cube_008_ROUGHNESS.png (deflated 7%)
  adding: home/yashturkar/Workspace/infinigen/outputs/189cc130/spear_export_r1024/export_scene.blend/textures/BlanketFactory(1250394)_spawn_asset(4644385)_NORMAL.png (deflated 0%)
  adding: home/yashturkar/Workspace/infinigen/outputs/189cc130/spear_export_r1024/export_scene.blend/textures/PillowFactory(1250394)_spawn_asset(4644385)_DIFFUSE.png (deflated 0%)
  adding: home/yashturkar/Workspace/infinigen/outputs/189cc130/spear_export_r1024/export_scene.blend/textures/BookStackFactory(2509525)_spawn_asset(7280888)_ROUGHNESS.png (deflated 2%)
  adding: home/yashturkar/Workspace/infinigen/outputs/189cc130/spear_export_r1024/export_scene.blend/textures/dining-room_0_0_ceiling_DIFFUSE.png (deflated 98%)
  adding: home/yashturkar/Workspace/infinigen/outputs/189cc130/spear_export_r1024/export_scene.blend/textures/CeilingLightFactory(4992283)_spawn_asset(4619103)_NORMAL.png (deflated 97%)
  adding: home/yashturkar/Workspace/infinigen/outputs/189cc130/spear_export_r1024/export_scene.blend/textures/WindowFactory(77853)_spawn_asset(2)_DIFFUSE.png (deflated 0%)
  adding: home/yashturkar/Workspace/infinigen/outputs/189cc130/spear_export_r1024/export_scene.blend/textures/bathroom_0_0_wall_DIFFUSE.png (deflated 0%)
  adding: home/yashturkar/Workspace/infinigen/outputs/189cc130/spear_export_r1024/export_scene.blend/textures/PlantContainerFactory(7067772)_spawn_asset(7007232)_DIFFUSE.png (deflated 0%)
  adding: home/yashturkar/Workspace/infinigen/outputs/189cc130/spear_export_r1024/export_scene.blend/textures/Plane_002_ROUGHNESS.png (deflated 6%)
  adding: home/yashturkar/Workspace/infinigen/outputs/189cc130/spear_export_r1024/export_scene.blend/textures/NatureShelfTrinketsFactory(9496139)_spawn_asset(8720761)_ROUGHNESS.png (deflated 10%)
  adding: home/yashturkar/Workspace/infinigen/outputs/189cc130/spear_export_r1024/export_scene.blend/textures/BézierCurve_METAL.png (deflated 8%)
  adding: home/yashturkar/Workspace/infinigen/outputs/189cc130/spear_export_r1024/export_scene.blend/textures/Cube_006_DIFFUSE.png (deflated 36%)
  adding: home/yashturkar/Workspace/infinigen/outputs/189cc130/spear_export_r1024/export_scene.blend/textures/LargePlantContainerFactory(4128982)_spawn_asset(8920034)_DIFFUSE.png (deflated 0%)
  adding: home/yashturkar/Workspace/infinigen/outputs/189cc130/spear_export_r1024/export_scene.blend/textures/WindowFactory(77853)_spawn_asset(9)_ROUGHNESS.png (deflated 1%)
  adding: home/yashturkar/Workspace/infinigen/outputs/189cc130/spear_export_r1024/export_scene.blend/textures/LouverDoorFactory(6971052)_spawn_asset(4)_NORMAL.png (deflated 0%)
  adding: home/yashturkar/Workspace/infinigen/outputs/189cc130/spear_export_r1024/export_scene.blend/textures/Plane_001_ROUGHNESS.png (deflated 36%)
  adding: home/yashturkar/Workspace/infinigen/outputs/189cc130/spear_export_r1024/export_scene.blend/textures/bathroom_0_0_ceiling_ROUGHNESS.png (deflated 98%)
  adding: home/yashturkar/Workspace/infinigen/outputs/189cc130/spear_export_r1024/export_scene.blend/textures/BézierCurve_DIFFUSE.png (deflated 8%)
  adding: home/yashturkar/Workspace/infinigen/outputs/189cc130/spear_export_r1024/export_scene.blend/textures/MattressFactory(1250394)_spawn_asset(4644385)_DIFFUSE.png (deflated 0%)
  adding: home/yashturkar/Workspace/infinigen/outputs/189cc130/spear_export_r1024/export_scene.blend/textures/NatureShelfTrinketsFactory(2811083)_spawn_asset(3748554)_NORMAL.png (deflated 97%)
  adding: home/yashturkar/Workspace/infinigen/outputs/189cc130/spear_export_r1024/export_scene.blend/textures/LouverDoorFactory(6971052)_spawn_asset(4)_DIFFUSE.png (deflated 7%)
  adding: home/yashturkar/Workspace/infinigen/outputs/189cc130/spear_export_r1024/export_scene.blend/textures/WindowFactory(77853)_spawn_asset(3)_NORMAL.png (deflated 1%)
  adding: home/yashturkar/Workspace/infinigen/outputs/189cc130/spear_export_r1024/export_scene.blend/textures/BézierCurve_001_NORMAL.png (deflated 28%)
  adding: home/yashturkar/Workspace/infinigen/outputs/189cc130/spear_export_r1024/export_scene.blend/textures/SimpleBookcaseFactory(4170166)_spawn_asset(280348)_ROUGHNESS.png (deflated 56%)
  adding: home/yashturkar/Workspace/infinigen/outputs/189cc130/spear_export_r1024/export_scene.blend/textures/BookStackFactory(3861683)_spawn_asset(5428391)_NORMAL.png (deflated 0%)
  adding: home/yashturkar/Workspace/infinigen/outputs/189cc130/spear_export_r1024/export_scene.blend/textures/CeilingLightFactory(4992283)_spawn_asset(1605105)_DIFFUSE.png (deflated 98%)
  adding: home/yashturkar/Workspace/infinigen/outputs/189cc130/spear_export_r1024/export_scene.blend/textures/SimpleDeskFactory(863416)_spawn_asset(1747122)_DIFFUSE.png (deflated 79%)
  adding: home/yashturkar/Workspace/infinigen/outputs/189cc130/spear_export_r1024/export_scene.blend/textures/Cube_004_ROUGHNESS.png (deflated 6%)
  adding: home/yashturkar/Workspace/infinigen/outputs/189cc130/spear_export_r1024/export_scene.blend/textures/Mesh_001_NORMAL.png (deflated 97%)
  adding: home/yashturkar/Workspace/infinigen/outputs/189cc130/spear_export_r1024/export_scene.blend/textures/SimpleBookcaseFactory(4170166)_spawn_asset(280348)_NORMAL.png (deflated 97%)
  adding: home/yashturkar/Workspace/infinigen/outputs/189cc130/spear_export_r1024/export_scene.blend/textures/bedroom_0_0_ceiling_NORMAL.png (deflated 97%)
  adding: home/yashturkar/Workspace/infinigen/outputs/189cc130/spear_export_r1024/export_scene.blend/textures/LouverDoorFactory(6511470)_spawn_asset(2)_DIFFUSE.png (deflated 5%)
  adding: home/yashturkar/Workspace/infinigen/outputs/189cc130/spear_export_r1024/export_scene.blend/textures/NatureShelfTrinketsFactory(5090519)_spawn_asset(3674412)_ROUGHNESS.png (deflated 5%)
  adding: home/yashturkar/Workspace/infinigen/outputs/189cc130/spear_export_r1024/export_scene.blend/textures/living-room_0_0_floor_DIFFUSE.png (deflated 0%)
  adding: home/yashturkar/Workspace/infinigen/outputs/189cc130/spear_export_r1024/export_scene.blend/export_scene.fbx (deflated 6%)
Info: Baking map saved to internal image, save it externally or pack it
Info: Baking map saved to internal image, save it externally or pack it
Info: Baking map saved to internal image, save it externally or pack it
Info: Baking map saved to internal image, save it externally or pack it
Info: Baking map saved to internal image, save it externally or pack it
Info: Baking map saved to internal image, save it externally or pack it
Info: Baking map saved to internal image, save it externally or pack it
Info: Baking map saved to internal image, save it externally or pack it
Info: Baking map saved to internal image, save it externally or pack it
Info: Baking map saved to internal image, save it externally or pack it
Info: Baking map saved to internal image, save it externally or pack it
Info: Baking map saved to internal image, save it externally or pack it
Info: Baking map saved to internal image, save it externally or pack it
Info: Baking map saved to internal image, save it externally or pack it
Info: Baking map saved to internal image, save it externally or pack it
Info: Baking map saved to internal image, save it externally or pack it
Info: Baking map saved to internal image, save it externally or pack it
Info: Baking map saved to internal image, save it externally or pack it
Info: Baking map saved to internal image, save it externally or pack it
Info: Baking map saved to internal image, save it externally or pack it
Info: Baking map saved to internal image, save it externally or pack it
Info: Baking map saved to internal image, save it externally or pack it
Info: Baking map saved to internal image, save it externally or pack it
Info: Baking map saved to internal image, save it externally or pack it
Info: Baking map saved to internal image, save it externally or pack it
Info: Baking map saved to internal image, save it externally or pack it
Info: Baking map saved to internal image, save it externally or pack it
Info: Baking map saved to internal image, save it externally or pack it
Info: Baking map saved to internal image, save it externally or pack it
Info: Baking map saved to internal image, save it externally or pack it
Info: Baking map saved to internal image, save it externally or pack it
Info: Baking map saved to internal image, save it externally or pack it
Info: Baking map saved to internal image, save it externally or pack it
Info: Baking map saved to internal image, save it externally or pack it
Info: Baking map saved to internal image, save it externally or pack it
Info: Baking map saved to internal image, save it externally or pack it
Info: Baking map saved to internal image, save it externally or pack it
Info: Baking map saved to internal image, save it externally or pack it
Info: Baking map saved to internal image, save it externally or pack it
Info: Baking map saved to internal image, save it externally or pack it
Info: Baking map saved to internal image, save it externally or pack it
Info: Baking map saved to internal image, save it externally or pack it
Info: Baking map saved to internal image, save it externally or pack it
Info: Baking map saved to internal image, save it externally or pack it
Info: Baking map saved to internal image, save it externally or pack it
Info: Baking map saved to internal image, save it externally or pack it
Info: Baking map saved to internal image, save it externally or pack it
Info: Baking map saved to internal image, save it externally or pack it
Info: Baking map saved to internal image, save it externally or pack it
Info: Baking map saved to internal image, save it externally or pack it
Info: Baking map saved to internal image, save it externally or pack it
Info: Baking map saved to internal image, save it externally or pack it
Info: Baking map saved to internal image, save it externally or pack it
Info: Baking map saved to internal image, save it externally or pack it
Info: Baking map saved to internal image, save it externally or pack it
Info: Baking map saved to internal image, save it externally or pack it
Info: Baking map saved to internal image, save it externally or pack it
Info: Baking map saved to internal image, save it externally or pack it
Info: Baking map saved to internal image, save it externally or pack it
Info: Baking map saved to internal image, save it externally or pack it
Info: Baking map saved to internal image, save it externally or pack it
Info: Baking map saved to internal image, save it externally or pack it
Info: Baking map saved to internal image, save it externally or pack it
Info: Baking map saved to internal image, save it externally or pack it
Info: Baking map saved to internal image, save it externally or pack it
Info: Baking map saved to internal image, save it externally or pack it
Info: Baking map saved to internal image, save it externally or pack it
Info: Baking map saved to internal image, save it externally or pack it
Info: Baking map saved to internal image, save it externally or pack it
Info: Baking map saved to internal image, save it externally or pack it
Info: Baking map saved to internal image, save it externally or pack it
Info: Baking map saved to internal image, save it externally or pack it
Info: Baking map saved to internal image, save it externally or pack it
Info: Baking map saved to internal image, save it externally or pack it
Info: Baking map saved to internal image, save it externally or pack it
Info: Baking map saved to internal image, save it externally or pack it
Info: Baking map saved to internal image, save it externally or pack it
Info: Baking map saved to internal image, save it externally or pack it
Info: Baking map saved to internal image, save it externally or pack it
Info: Baking map saved to internal image, save it externally or pack it
Info: Baking map saved to internal image, save it externally or pack it
Info: Baking map saved to internal image, save it externally or pack it
Info: Baking map saved to internal image, save it externally or pack it
Info: Baking map saved to internal image, save it externally or pack it
Info: Baking map saved to internal image, save it externally or pack it
Info: Baking map saved to internal image, save it externally or pack it
Info: Baking map saved to internal image, save it externally or pack it
Info: Baking map saved to internal image, save it externally or pack it
Info: Baking map saved to internal image, save it externally or pack it
Info: Baking map saved to internal image, save it externally or pack it
Info: Baking map saved to internal image, save it externally or pack it
Info: Baking map saved to internal image, save it externally or pack it
Info: Baking map saved to internal image, save it externally or pack it

FBX export starting... '/home/yashturkar/Workspace/infinigen/outputs/189cc130/spear_export_r1024/export_scene.blend/export_scene.fbx'
export finished in 36.4708 sec.
