/home/yashturkar/Workspace/infinigen/infinigen/tools/export.py:27: UserWarning: coacd could not be imported. Some features may be unavailable.
  warnings.warn("coacd could not be imported. Some features may be unavailable.")
Read blend: "/home/yashturkar/Workspace/infinigen/outputs/cafeteria_500sqft_v2/coarse/scene.blend"
Fra:1 Mem:20.44M (Peak 22.39M) | Time:495255:13:12.79 | Mem:0.00M, Peak:0.00M | Scene | Synchronizing object | back_entry_wall_with_glass_door
Fra:1 Mem:20.45M (Peak 22.39M) | Time:495255:13:12.79 | Mem:0.00M, Peak:0.00M | Scene | Initializing
Fra:1 Mem:20.45M (Peak 22.39M) | Time:495255:13:12.79 | Mem:0.00M, Peak:0.00M | Scene | Updating Images | Loading back_entry_wall_with_glass_door_DIFFUSE
Fra:1 Mem:20.46M (Peak 29.67M) | Time:495255:13:12.81 | Mem:0.00M, Peak:0.00M | Scene | Synchronizing object | back_entry_wall_with_glass_door
Fra:1 Mem:20.47M (Peak 29.67M) | Time:495255:13:12.81 | Mem:0.00M, Peak:0.00M | Scene | Initializing
Fra:1 Mem:20.47M (Peak 29.67M) | Time:495255:13:12.81 | Mem:0.00M, Peak:0.00M | Scene | Updating Images | Loading back_entry_wall_with_glass_door_ROUGHNESS
Fra:1 Mem:20.48M (Peak 29.67M) | Time:495255:13:12.83 | Mem:0.00M, Peak:0.00M | Scene | Synchronizing object | back_entry_wall_with_glass_door
Fra:1 Mem:20.50M (Peak 29.67M) | Time:495255:13:12.83 | Mem:0.00M, Peak:0.00M | Scene | Initializing
Fra:1 Mem:20.49M (Peak 29.67M) | Time:495255:13:12.83 | Mem:0.00M, Peak:0.00M | Scene | Updating Images | Loading back_entry_wall_with_glass_door_NORMAL
Fra:1 Mem:20.52M (Peak 29.72M) | Time:495255:13:12.85 | Mem:0.00M, Peak:0.00M | Scene | Synchronizing object | ceiling_acoustic_panel_plane
Fra:1 Mem:20.53M (Peak 29.72M) | Time:495255:13:12.85 | Mem:0.00M, Peak:0.00M | Scene | Initializing
Fra:1 Mem:20.53M (Peak 29.72M) | Time:495255:13:12.85 | Mem:0.00M, Peak:0.00M | Scene | Updating Images | Loading ceiling_acoustic_panel_plane_DIFFUSE
Fra:1 Mem:20.55M (Peak 29.76M) | Time:495255:13:12.86 | Mem:0.00M, Peak:0.00M | Scene | Synchronizing object | ceiling_acoustic_panel_plane
Fra:1 Mem:20.56M (Peak 29.76M) | Time:495255:13:12.86 | Mem:0.00M, Peak:0.00M | Scene | Initializing
Fra:1 Mem:20.55M (Peak 29.76M) | Time:495255:13:12.86 | Mem:0.00M, Peak:0.00M | Scene | Updating Images | Loading ceiling_acoustic_panel_plane_ROUGHNESS
Fra:1 Mem:20.57M (Peak 29.76M) | Time:495255:13:12.87 | Mem:0.00M, Peak:0.00M | Scene | Synchronizing object | ceiling_acoustic_panel_plane
Fra:1 Mem:20.58M (Peak 29.76M) | Time:495255:13:12.87 | Mem:0.00M, Peak:0.00M | Scene | Initializing
Fra:1 Mem:20.58M (Peak 29.76M) | Time:495255:13:12.87 | Mem:0.00M, Peak:0.00M | Scene | Updating Images | Loading ceiling_acoustic_panel_plane_NORMAL
Fra:1 Mem:20.59M (Peak 29.80M) | Time:495255:13:12.89 | Mem:0.00M, Peak:0.00M | Scene | Synchronizing object | coffee_machine_black_body
Fra:1 Mem:20.60M (Peak 29.80M) | Time:495255:13:12.89 | Mem:0.00M, Peak:0.00M | Scene | Initializing
Fra:1 Mem:20.60M (Peak 29.80M) | Time:495255:13:12.89 | Mem:0.00M, Peak:0.00M | Scene | Updating Images | Loading coffee_machine_black_body_DIFFUSE
Fra:1 Mem:20.61M (Peak 29.82M) | Time:495255:13:12.90 | Mem:0.00M, Peak:0.00M | Scene | Synchronizing object | coffee_machine_black_body
Fra:1 Mem:20.63M (Peak 29.82M) | Time:495255:13:12.90 | Mem:0.00M, Peak:0.00M | Scene | Initializing
Fra:1 Mem:20.62M (Peak 29.82M) | Time:495255:13:12.90 | Mem:0.00M, Peak:0.00M | Scene | Updating Images | Loading coffee_machine_black_body_ROUGHNESS
Fra:1 Mem:20.64M (Peak 29.82M) | Time:495255:13:12.91 | Mem:0.00M, Peak:0.00M | Scene | Synchronizing object | coffee_machine_black_body
Fra:1 Mem:20.65M (Peak 29.82M) | Time:495255:13:12.91 | Mem:0.00M, Peak:0.00M | Scene | Initializing
Fra:1 Mem:20.65M (Peak 29.82M) | Time:495255:13:12.91 | Mem:0.00M, Peak:0.00M | Scene | Updating Images | Loading coffee_machine_black_body_NORMAL
Fra:1 Mem:20.64M (Peak 29.87M) | Time:495255:13:12.93 | Mem:0.00M, Peak:0.00M | Scene | Synchronizing object | coffee_machine_metal_face
Fra:1 Mem:20.64M (Peak 29.87M) | Time:495255:13:12.93 | Mem:0.00M, Peak:0.00M | Scene | Initializing
Fra:1 Mem:20.64M (Peak 29.87M) | Time:495255:13:12.93 | Mem:0.00M, Peak:0.00M | Scene | Updating Images | Loading coffee_machine_metal_face_METAL
Fra:1 Mem:20.67M (Peak 29.87M) | Time:495255:13:12.94 | Mem:0.00M, Peak:0.00M | Scene | Synchronizing object | coffee_machine_metal_face
Fra:1 Mem:20.67M (Peak 29.87M) | Time:495255:13:12.94 | Mem:0.00M, Peak:0.00M | Scene | Initializing
Fra:1 Mem:20.67M (Peak 29.87M) | Time:495255:13:12.94 | Mem:0.00M, Peak:0.00M | Scene | Updating Images | Loading coffee_machine_metal_face_DIFFUSE
Fra:1 Mem:20.69M (Peak 29.88M) | Time:495255:13:12.95 | Mem:0.00M, Peak:0.00M | Scene | Synchronizing object | coffee_machine_metal_face
Fra:1 Mem:20.69M (Peak 29.88M) | Time:495255:13:12.95 | Mem:0.00M, Peak:0.00M | Scene | Initializing
Fra:1 Mem:20.69M (Peak 29.88M) | Time:495255:13:12.95 | Mem:0.00M, Peak:0.00M | Scene | Updating Images | Loading coffee_machine_metal_face_ROUGHNESS
Fra:1 Mem:20.71M (Peak 29.88M) | Time:495255:13:12.96 | Mem:0.00M, Peak:0.00M | Scene | Synchronizing object | coffee_machine_metal_face
Fra:1 Mem:20.71M (Peak 29.88M) | Time:495255:13:12.96 | Mem:0.00M, Peak:0.00M | Scene | Initializing
Fra:1 Mem:20.71M (Peak 29.88M) | Time:495255:13:12.96 | Mem:0.00M, Peak:0.00M | Scene | Updating Images | Loading coffee_machine_metal_face_NORMAL
Fra:1 Mem:20.74M (Peak 29.92M) | Time:495255:13:12.98 | Mem:0.00M, Peak:0.00M | Scene | Synchronizing object | coffee_pot_glass
Fra:1 Mem:20.74M (Peak 29.92M) | Time:495255:13:12.98 | Mem:0.00M, Peak:0.00M | Scene | Initializing
Fra:1 Mem:20.74M (Peak 29.92M) | Time:495255:13:12.98 | Mem:0.00M, Peak:0.00M | Scene | Updating Images | Loading coffee_pot_glass_DIFFUSE
Fra:1 Mem:20.76M (Peak 29.95M) | Time:495255:13:12.99 | Mem:0.00M, Peak:0.00M | Scene | Synchronizing object | coffee_pot_glass
Fra:1 Mem:20.76M (Peak 29.95M) | Time:495255:13:12.99 | Mem:0.00M, Peak:0.00M | Scene | Initializing
Fra:1 Mem:20.76M (Peak 29.95M) | Time:495255:13:12.99 | Mem:0.00M, Peak:0.00M | Scene | Updating Images | Loading coffee_pot_glass_ROUGHNESS
Fra:1 Mem:20.79M (Peak 29.95M) | Time:495255:13:13.00 | Mem:0.00M, Peak:0.00M | Scene | Synchronizing object | coffee_pot_glass
Fra:1 Mem:20.79M (Peak 29.95M) | Time:495255:13:13.00 | Mem:0.00M, Peak:0.00M | Scene | Initializing
Fra:1 Mem:20.79M (Peak 29.95M) | Time:495255:13:13.00 | Mem:0.00M, Peak:0.00M | Scene | Updating Images | Loading coffee_pot_glass_NORMAL
Fra:1 Mem:20.82M (Peak 30.01M) | Time:495255:13:13.02 | Mem:0.00M, Peak:0.00M | Scene | Synchronizing object | coffee_station_base
Fra:1 Mem:20.83M (Peak 30.01M) | Time:495255:13:13.02 | Mem:0.00M, Peak:0.00M | Scene | Initializing
Fra:1 Mem:20.83M (Peak 30.01M) | Time:495255:13:13.02 | Mem:0.00M, Peak:0.00M | Scene | Updating Images | Loading coffee_station_base_DIFFUSE
Fra:1 Mem:20.84M (Peak 30.05M) | Time:495255:13:13.03 | Mem:0.00M, Peak:0.00M | Scene | Synchronizing object | coffee_station_base
Fra:1 Mem:20.86M (Peak 30.05M) | Time:495255:13:13.03 | Mem:0.00M, Peak:0.00M | Scene | Initializing
Fra:1 Mem:20.85M (Peak 30.05M) | Time:495255:13:13.03 | Mem:0.00M, Peak:0.00M | Scene | Updating Images | Loading coffee_station_base_ROUGHNESS
Fra:1 Mem:20.87M (Peak 30.05M) | Time:495255:13:13.04 | Mem:0.00M, Peak:0.00M | Scene | Synchronizing object | coffee_station_base
Fra:1 Mem:20.88M (Peak 30.05M) | Time:495255:13:13.04 | Mem:0.00M, Peak:0.00M | Scene | Initializing
Fra:1 Mem:20.87M (Peak 30.05M) | Time:495255:13:13.04 | Mem:0.00M, Peak:0.00M | Scene | Updating Images | Loading coffee_station_base_NORMAL
Fra:1 Mem:20.89M (Peak 30.10M) | Time:495255:13:13.06 | Mem:0.00M, Peak:0.00M | Scene | Synchronizing object | community_notice_board
Fra:1 Mem:20.90M (Peak 30.10M) | Time:495255:13:13.06 | Mem:0.00M, Peak:0.00M | Scene | Initializing
Fra:1 Mem:20.89M (Peak 30.10M) | Time:495255:13:13.06 | Mem:0.00M, Peak:0.00M | Scene | Updating Images | Loading community_notice_board_DIFFUSE
Fra:1 Mem:20.91M (Peak 30.12M) | Time:495255:13:13.07 | Mem:0.00M, Peak:0.00M | Scene | Synchronizing object | community_notice_board
Fra:1 Mem:20.92M (Peak 30.12M) | Time:495255:13:13.07 | Mem:0.00M, Peak:0.00M | Scene | Initializing
Fra:1 Mem:20.92M (Peak 30.12M) | Time:495255:13:13.07 | Mem:0.00M, Peak:0.00M | Scene | Updating Images | Loading community_notice_board_ROUGHNESS
Fra:1 Mem:20.93M (Peak 30.12M) | Time:495255:13:13.09 | Mem:0.00M, Peak:0.00M | Scene | Synchronizing object | community_notice_board
Fra:1 Mem:20.94M (Peak 30.12M) | Time:495255:13:13.09 | Mem:0.00M, Peak:0.00M | Scene | Initializing
Fra:1 Mem:20.94M (Peak 30.12M) | Time:495255:13:13.09 | Mem:0.00M, Peak:0.00M | Scene | Updating Images | Loading community_notice_board_NORMAL
Fra:1 Mem:20.94M (Peak 30.16M) | Time:495255:13:13.10 | Mem:0.00M, Peak:0.00M | Scene | Synchronizing object | condiment_station_countertop
Fra:1 Mem:20.94M (Peak 30.16M) | Time:495255:13:13.10 | Mem:0.00M, Peak:0.00M | Scene | Initializing
Fra:1 Mem:20.94M (Peak 30.16M) | Time:495255:13:13.10 | Mem:0.00M, Peak:0.00M | Scene | Updating Images | Loading condiment_station_countertop_DIFFUSE
Fra:1 Mem:20.96M (Peak 30.16M) | Time:495255:13:13.11 | Mem:0.00M, Peak:0.00M | Scene | Synchronizing object | condiment_station_countertop
Fra:1 Mem:20.97M (Peak 30.16M) | Time:495255:13:13.11 | Mem:0.00M, Peak:0.00M | Scene | Initializing
Fra:1 Mem:20.96M (Peak 30.16M) | Time:495255:13:13.11 | Mem:0.00M, Peak:0.00M | Scene | Updating Images | Loading condiment_station_countertop_ROUGHNESS
Fra:1 Mem:20.99M (Peak 30.16M) | Time:495255:13:13.12 | Mem:0.00M, Peak:0.00M | Scene | Synchronizing object | condiment_station_countertop
Fra:1 Mem:20.99M (Peak 30.16M) | Time:495255:13:13.12 | Mem:0.00M, Peak:0.00M | Scene | Initializing
Fra:1 Mem:20.98M (Peak 30.16M) | Time:495255:13:13.12 | Mem:0.00M, Peak:0.00M | Scene | Updating Images | Loading condiment_station_countertop_NORMAL
Fra:1 Mem:21.01M (Peak 30.20M) | Time:495255:13:13.14 | Mem:0.00M, Peak:0.00M | Scene | Synchronizing object | counter_gray_green_tray_stack_-0.85
Fra:1 Mem:21.01M (Peak 30.20M) | Time:495255:13:13.14 | Mem:0.00M, Peak:0.00M | Scene | Initializing
Fra:1 Mem:21.00M (Peak 30.20M) | Time:495255:13:13.14 | Mem:0.00M, Peak:0.00M | Scene | Updating Images | Loading counter_gray_green_tray_stack_-0.85_DIFFUSE
Fra:1 Mem:21.03M (Peak 30.22M) | Time:495255:13:13.15 | Mem:0.00M, Peak:0.00M | Scene | Synchronizing object | counter_gray_green_tray_stack_-0.85
Fra:1 Mem:21.03M (Peak 30.22M) | Time:495255:13:13.15 | Mem:0.00M, Peak:0.00M | Scene | Initializing
Fra:1 Mem:21.03M (Peak 30.22M) | Time:495255:13:13.15 | Mem:0.00M, Peak:0.00M | Scene | Updating Images | Loading counter_gray_green_tray_stack_-0.85_ROUGHNESS
Fra:1 Mem:21.05M (Peak 30.22M) | Time:495255:13:13.16 | Mem:0.00M, Peak:0.00M | Scene | Synchronizing object | counter_gray_green_tray_stack_-0.85
Fra:1 Mem:21.05M (Peak 30.22M) | Time:495255:13:13.16 | Mem:0.00M, Peak:0.00M | Scene | Initializing
Fra:1 Mem:21.05M (Peak 30.22M) | Time:495255:13:13.16 | Mem:0.00M, Peak:0.00M | Scene | Updating Images | Loading counter_gray_green_tray_stack_-0.85_NORMAL
Fra:1 Mem:21.07M (Peak 30.26M) | Time:495255:13:13.18 | Mem:0.00M, Peak:0.00M | Scene | Synchronizing object | counter_gray_green_tray_stack_-2.0
Fra:1 Mem:21.07M (Peak 30.26M) | Time:495255:13:13.18 | Mem:0.00M, Peak:0.00M | Scene | Initializing
Fra:1 Mem:21.07M (Peak 30.26M) | Time:495255:13:13.18 | Mem:0.00M, Peak:0.00M | Scene | Updating Images | Loading counter_gray_green_tray_stack_-2.0_DIFFUSE
Fra:1 Mem:21.09M (Peak 30.28M) | Time:495255:13:13.19 | Mem:0.00M, Peak:0.00M | Scene | Synchronizing object | counter_gray_green_tray_stack_-2.0
Fra:1 Mem:21.09M (Peak 30.28M) | Time:495255:13:13.19 | Mem:0.00M, Peak:0.00M | Scene | Initializing
Fra:1 Mem:21.09M (Peak 30.28M) | Time:495255:13:13.19 | Mem:0.00M, Peak:0.00M | Scene | Updating Images | Loading counter_gray_green_tray_stack_-2.0_ROUGHNESS
Fra:1 Mem:21.12M (Peak 30.28M) | Time:495255:13:13.20 | Mem:0.00M, Peak:0.00M | Scene | Synchronizing object | counter_gray_green_tray_stack_-2.0
Fra:1 Mem:21.12M (Peak 30.28M) | Time:495255:13:13.20 | Mem:0.00M, Peak:0.00M | Scene | Initializing
Fra:1 Mem:21.11M (Peak 30.28M) | Time:495255:13:13.20 | Mem:0.00M, Peak:0.00M | Scene | Updating Images | Loading counter_gray_green_tray_stack_-2.0_NORMAL
Fra:1 Mem:21.15M (Peak 30.32M) | Time:495255:13:13.21 | Mem:0.00M, Peak:0.00M | Scene | Synchronizing object | counter_gray_green_tray_stack_-3.15
Fra:1 Mem:21.15M (Peak 30.32M) | Time:495255:13:13.21 | Mem:0.00M, Peak:0.00M | Scene | Initializing
Fra:1 Mem:21.15M (Peak 30.32M) | Time:495255:13:13.21 | Mem:0.00M, Peak:0.00M | Scene | Updating Images | Loading counter_gray_green_tray_stack_-3.15_DIFFUSE
Fra:1 Mem:21.17M (Peak 30.36M) | Time:495255:13:13.23 | Mem:0.00M, Peak:0.00M | Scene | Synchronizing object | counter_gray_green_tray_stack_-3.15
Fra:1 Mem:21.17M (Peak 30.36M) | Time:495255:13:13.23 | Mem:0.00M, Peak:0.00M | Scene | Initializing
Fra:1 Mem:21.17M (Peak 30.36M) | Time:495255:13:13.23 | Mem:0.00M, Peak:0.00M | Scene | Updating Images | Loading counter_gray_green_tray_stack_-3.15_ROUGHNESS
Fra:1 Mem:21.20M (Peak 30.36M) | Time:495255:13:13.24 | Mem:0.00M, Peak:0.00M | Scene | Synchronizing object | counter_gray_green_tray_stack_-3.15
Fra:1 Mem:21.20M (Peak 30.36M) | Time:495255:13:13.24 | Mem:0.00M, Peak:0.00M | Scene | Initializing
Fra:1 Mem:21.19M (Peak 30.36M) | Time:495255:13:13.24 | Mem:0.00M, Peak:0.00M | Scene | Updating Images | Loading counter_gray_green_tray_stack_-3.15_NORMAL
Fra:1 Mem:21.21M (Peak 30.40M) | Time:495255:13:13.25 | Mem:0.00M, Peak:0.00M | Scene | Synchronizing object | counter_gray_green_tray_stack_0.3
Fra:1 Mem:21.22M (Peak 30.40M) | Time:495255:13:13.25 | Mem:0.00M, Peak:0.00M | Scene | Initializing
Fra:1 Mem:21.21M (Peak 30.40M) | Time:495255:13:13.25 | Mem:0.00M, Peak:0.00M | Scene | Updating Images | Loading counter_gray_green_tray_stack_0.3_DIFFUSE
Fra:1 Mem:21.24M (Peak 30.42M) | Time:495255:13:13.27 | Mem:0.00M, Peak:0.00M | Scene | Synchronizing object | counter_gray_green_tray_stack_0.3
Fra:1 Mem:21.24M (Peak 30.42M) | Time:495255:13:13.27 | Mem:0.00M, Peak:0.00M | Scene | Initializing
Fra:1 Mem:21.23M (Peak 30.42M) | Time:495255:13:13.27 | Mem:0.00M, Peak:0.00M | Scene | Updating Images | Loading counter_gray_green_tray_stack_0.3_ROUGHNESS
Fra:1 Mem:21.26M (Peak 30.42M) | Time:495255:13:13.28 | Mem:0.00M, Peak:0.00M | Scene | Synchronizing object | counter_gray_green_tray_stack_0.3
Fra:1 Mem:21.26M (Peak 30.42M) | Time:495255:13:13.28 | Mem:0.00M, Peak:0.00M | Scene | Initializing
Fra:1 Mem:21.26M (Peak 30.42M) | Time:495255:13:13.28 | Mem:0.00M, Peak:0.00M | Scene | Updating Images | Loading counter_gray_green_tray_stack_0.3_NORMAL
Fra:1 Mem:21.28M (Peak 30.47M) | Time:495255:13:13.29 | Mem:0.00M, Peak:0.00M | Scene | Synchronizing object | distant_exterior_brick_wall_visible_through_windows
Fra:1 Mem:21.28M (Peak 30.47M) | Time:495255:13:13.29 | Mem:0.00M, Peak:0.00M | Scene | Initializing
Fra:1 Mem:21.28M (Peak 30.47M) | Time:495255:13:13.29 | Mem:0.00M, Peak:0.00M | Scene | Updating Images | Loading distant_exterior_brick_wall_visible_through_windows_DIFFUSE
Fra:1 Mem:21.30M (Peak 30.49M) | Time:495255:13:13.30 | Mem:0.00M, Peak:0.00M | Scene | Synchronizing object | distant_exterior_brick_wall_visible_through_windows
Fra:1 Mem:21.30M (Peak 30.49M) | Time:495255:13:13.30 | Mem:0.00M, Peak:0.00M | Scene | Initializing
Fra:1 Mem:21.30M (Peak 30.49M) | Time:495255:13:13.30 | Mem:0.00M, Peak:0.00M | Scene | Updating Images | Loading distant_exterior_brick_wall_visible_through_windows_ROUGHNESS
Fra:1 Mem:21.32M (Peak 30.49M) | Time:495255:13:13.32 | Mem:0.00M, Peak:0.00M | Scene | Synchronizing object | distant_exterior_brick_wall_visible_through_windows
Fra:1 Mem:21.33M (Peak 30.49M) | Time:495255:13:13.32 | Mem:0.00M, Peak:0.00M | Scene | Initializing
Fra:1 Mem:21.32M (Peak 30.49M) | Time:495255:13:13.32 | Mem:0.00M, Peak:0.00M | Scene | Updating Images | Loading distant_exterior_brick_wall_visible_through_windows_NORMAL
Fra:1 Mem:21.35M (Peak 30.53M) | Time:495255:13:13.33 | Mem:0.00M, Peak:0.00M | Scene | Synchronizing object | drink_refrigerator_body
Fra:1 Mem:21.35M (Peak 30.53M) | Time:495255:13:13.33 | Mem:0.00M, Peak:0.00M | Scene | Initializing
Fra:1 Mem:21.35M (Peak 30.53M) | Time:495255:13:13.33 | Mem:0.00M, Peak:0.00M | Scene | Updating Images | Loading drink_refrigerator_body_METAL
Fra:1 Mem:21.38M (Peak 30.57M) | Time:495255:13:13.34 | Mem:0.00M, Peak:0.00M | Scene | Synchronizing object | drink_refrigerator_body
Fra:1 Mem:21.39M (Peak 30.57M) | Time:495255:13:13.34 | Mem:0.00M, Peak:0.00M | Scene | Initializing
Fra:1 Mem:21.38M (Peak 30.57M) | Time:495255:13:13.34 | Mem:0.00M, Peak:0.00M | Scene | Updating Images | Loading drink_refrigerator_body_DIFFUSE
Fra:1 Mem:21.40M (Peak 30.61M) | Time:495255:13:13.35 | Mem:0.00M, Peak:0.00M | Scene | Synchronizing object | drink_refrigerator_body
Fra:1 Mem:21.41M (Peak 30.61M) | Time:495255:13:13.36 | Mem:0.00M, Peak:0.00M | Scene | Initializing
Fra:1 Mem:21.41M (Peak 30.61M) | Time:495255:13:13.36 | Mem:0.00M, Peak:0.00M | Scene | Updating Images | Loading drink_refrigerator_body_ROUGHNESS
Fra:1 Mem:21.42M (Peak 30.61M) | Time:495255:13:13.37 | Mem:0.00M, Peak:0.00M | Scene | Synchronizing object | drink_refrigerator_body
Fra:1 Mem:21.43M (Peak 30.61M) | Time:495255:13:13.37 | Mem:0.00M, Peak:0.00M | Scene | Initializing
Fra:1 Mem:21.43M (Peak 30.61M) | Time:495255:13:13.37 | Mem:0.00M, Peak:0.00M | Scene | Updating Images | Loading drink_refrigerator_body_NORMAL
Fra:1 Mem:21.42M (Peak 30.65M) | Time:495255:13:13.38 | Mem:0.00M, Peak:0.00M | Scene | Synchronizing object | drink_refrigerator_glass_door
Fra:1 Mem:21.42M (Peak 30.65M) | Time:495255:13:13.38 | Mem:0.00M, Peak:0.00M | Scene | Initializing
Fra:1 Mem:21.41M (Peak 30.65M) | Time:495255:13:13.38 | Mem:0.00M, Peak:0.00M | Scene | Updating Images | Loading drink_refrigerator_glass_door_TRANSMISSION
Fra:1 Mem:21.44M (Peak 30.65M) | Time:495255:13:13.39 | Mem:0.00M, Peak:0.00M | Scene | Synchronizing object | drink_refrigerator_glass_door
Fra:1 Mem:21.44M (Peak 30.65M) | Time:495255:13:13.39 | Mem:0.00M, Peak:0.00M | Scene | Initializing
Fra:1 Mem:21.44M (Peak 30.65M) | Time:495255:13:13.39 | Mem:0.00M, Peak:0.00M | Scene | Updating Images | Loading drink_refrigerator_glass_door_DIFFUSE
Fra:1 Mem:21.46M (Peak 30.65M) | Time:495255:13:13.40 | Mem:0.00M, Peak:0.00M | Scene | Synchronizing object | drink_refrigerator_glass_door
Fra:1 Mem:21.46M (Peak 30.65M) | Time:495255:13:13.40 | Mem:0.00M, Peak:0.00M | Scene | Initializing
Fra:1 Mem:21.46M (Peak 30.65M) | Time:495255:13:13.40 | Mem:0.00M, Peak:0.00M | Scene | Updating Images | Loading drink_refrigerator_glass_door_ROUGHNESS
Fra:1 Mem:21.48M (Peak 30.65M) | Time:495255:13:13.42 | Mem:0.00M, Peak:0.00M | Scene | Synchronizing object | drink_refrigerator_glass_door
Fra:1 Mem:21.48M (Peak 30.65M) | Time:495255:13:13.42 | Mem:0.00M, Peak:0.00M | Scene | Initializing
Fra:1 Mem:21.48M (Peak 30.65M) | Time:495255:13:13.42 | Mem:0.00M, Peak:0.00M | Scene | Updating Images | Loading drink_refrigerator_glass_door_NORMAL
Fra:1 Mem:21.48M (Peak 30.69M) | Time:495255:13:13.43 | Mem:0.00M, Peak:0.00M | Scene | Synchronizing object | entry_door_pull_handle
Fra:1 Mem:21.48M (Peak 30.69M) | Time:495255:13:13.43 | Mem:0.00M, Peak:0.00M | Scene | Initializing
Fra:1 Mem:21.48M (Peak 30.69M) | Time:495255:13:13.43 | Mem:0.00M, Peak:0.00M | Scene | Updating Images | Loading entry_door_pull_handle_METAL
Fra:1 Mem:21.51M (Peak 30.69M) | Time:495255:13:13.44 | Mem:0.00M, Peak:0.00M | Scene | Synchronizing object | entry_door_pull_handle
Fra:1 Mem:21.51M (Peak 30.69M) | Time:495255:13:13.44 | Mem:0.00M, Peak:0.00M | Scene | Initializing
Fra:1 Mem:21.51M (Peak 30.69M) | Time:495255:13:13.44 | Mem:0.00M, Peak:0.00M | Scene | Updating Images | Loading entry_door_pull_handle_DIFFUSE
Fra:1 Mem:21.53M (Peak 30.72M) | Time:495255:13:13.45 | Mem:0.00M, Peak:0.00M | Scene | Synchronizing object | entry_door_pull_handle
Fra:1 Mem:21.54M (Peak 30.72M) | Time:495255:13:13.46 | Mem:0.00M, Peak:0.00M | Scene | Initializing
Fra:1 Mem:21.53M (Peak 30.72M) | Time:495255:13:13.46 | Mem:0.00M, Peak:0.00M | Scene | Updating Images | Loading entry_door_pull_handle_ROUGHNESS
Fra:1 Mem:21.56M (Peak 30.72M) | Time:495255:13:13.47 | Mem:0.00M, Peak:0.00M | Scene | Synchronizing object | entry_door_pull_handle
Fra:1 Mem:21.56M (Peak 30.72M) | Time:495255:13:13.47 | Mem:0.00M, Peak:0.00M | Scene | Initializing
Fra:1 Mem:21.55M (Peak 30.72M) | Time:495255:13:13.47 | Mem:0.00M, Peak:0.00M | Scene | Updating Images | Loading entry_door_pull_handle_NORMAL
Fra:1 Mem:21.56M (Peak 30.77M) | Time:495255:13:13.48 | Mem:0.00M, Peak:0.00M | Scene | Synchronizing object | exterior_concrete_walk_visible_through_windows
Fra:1 Mem:21.56M (Peak 30.77M) | Time:495255:13:13.48 | Mem:0.00M, Peak:0.00M | Scene | Initializing
Fra:1 Mem:21.56M (Peak 30.77M) | Time:495255:13:13.48 | Mem:0.00M, Peak:0.00M | Scene | Updating Images | Loading exterior_concrete_walk_visible_through_windows_DIFFUSE
Fra:1 Mem:21.58M (Peak 30.77M) | Time:495255:13:13.49 | Mem:0.00M, Peak:0.00M | Scene | Synchronizing object | exterior_concrete_walk_visible_through_windows
Fra:1 Mem:21.58M (Peak 30.77M) | Time:495255:13:13.49 | Mem:0.00M, Peak:0.00M | Scene | Initializing
Fra:1 Mem:21.58M (Peak 30.77M) | Time:495255:13:13.49 | Mem:0.00M, Peak:0.00M | Scene | Updating Images | Loading exterior_concrete_walk_visible_through_windows_ROUGHNESS
Fra:1 Mem:21.61M (Peak 30.77M) | Time:495255:13:13.50 | Mem:0.00M, Peak:0.00M | Scene | Synchronizing object | exterior_concrete_walk_visible_through_windows
Fra:1 Mem:21.61M (Peak 30.77M) | Time:495255:13:13.50 | Mem:0.00M, Peak:0.00M | Scene | Initializing
Fra:1 Mem:21.60M (Peak 30.77M) | Time:495255:13:13.50 | Mem:0.00M, Peak:0.00M | Scene | Updating Images | Loading exterior_concrete_walk_visible_through_windows_NORMAL
Fra:1 Mem:21.64M (Peak 30.81M) | Time:495255:13:13.52 | Mem:0.00M, Peak:0.00M | Scene | Synchronizing object | exterior_muted_shrub_0
Fra:1 Mem:21.68M (Peak 30.81M) | Time:495255:13:13.52 | Mem:0.00M, Peak:0.00M | Scene | Initializing
Fra:1 Mem:21.68M (Peak 30.81M) | Time:495255:13:13.52 | Mem:0.00M, Peak:0.00M | Scene | Updating Images | Loading exterior_muted_shrub_0_DIFFUSE
Fra:1 Mem:21.68M (Peak 30.92M) | Time:495255:13:13.53 | Mem:0.00M, Peak:0.00M | Scene | Synchronizing object | exterior_muted_shrub_0
Fra:1 Mem:21.71M (Peak 30.92M) | Time:495255:13:13.53 | Mem:0.00M, Peak:0.00M | Scene | Initializing
Fra:1 Mem:21.70M (Peak 30.92M) | Time:495255:13:13.53 | Mem:0.00M, Peak:0.00M | Scene | Updating Images | Loading exterior_muted_shrub_0_ROUGHNESS
Fra:1 Mem:21.71M (Peak 30.92M) | Time:495255:13:13.55 | Mem:0.00M, Peak:0.00M | Scene | Synchronizing object | exterior_muted_shrub_0
Fra:1 Mem:21.73M (Peak 30.92M) | Time:495255:13:13.55 | Mem:0.00M, Peak:0.00M | Scene | Initializing
Fra:1 Mem:21.72M (Peak 30.92M) | Time:495255:13:13.55 | Mem:0.00M, Peak:0.00M | Scene | Updating Images | Loading exterior_muted_shrub_0_NORMAL
Fra:1 Mem:21.74M (Peak 30.96M) | Time:495255:13:13.57 | Mem:0.00M, Peak:0.00M | Scene | Synchronizing object | exterior_muted_shrub_1
Fra:1 Mem:21.79M (Peak 30.96M) | Time:495255:13:13.57 | Mem:0.00M, Peak:0.00M | Scene | Initializing
Fra:1 Mem:21.78M (Peak 30.96M) | Time:495255:13:13.57 | Mem:0.00M, Peak:0.00M | Scene | Updating Images | Loading exterior_muted_shrub_1_DIFFUSE
Fra:1 Mem:21.79M (Peak 31.03M) | Time:495255:13:13.58 | Mem:0.00M, Peak:0.00M | Scene | Synchronizing object | exterior_muted_shrub_1
Fra:1 Mem:21.81M (Peak 31.03M) | Time:495255:13:13.58 | Mem:0.00M, Peak:0.00M | Scene | Initializing
Fra:1 Mem:21.81M (Peak 31.03M) | Time:495255:13:13.58 | Mem:0.00M, Peak:0.00M | Scene | Updating Images | Loading exterior_muted_shrub_1_ROUGHNESS
Fra:1 Mem:21.81M (Peak 31.03M) | Time:495255:13:13.60 | Mem:0.00M, Peak:0.00M | Scene | Synchronizing object | exterior_muted_shrub_1
Fra:1 Mem:21.83M (Peak 31.03M) | Time:495255:13:13.60 | Mem:0.00M, Peak:0.00M | Scene | Initializing
Fra:1 Mem:21.83M (Peak 31.03M) | Time:495255:13:13.60 | Mem:0.00M, Peak:0.00M | Scene | Updating Images | Loading exterior_muted_shrub_1_NORMAL
Fra:1 Mem:21.85M (Peak 31.07M) | Time:495255:13:13.61 | Mem:0.00M, Peak:0.00M | Scene | Synchronizing object | exterior_muted_shrub_2
Fra:1 Mem:21.89M (Peak 31.07M) | Time:495255:13:13.61 | Mem:0.00M, Peak:0.00M | Scene | Initializing
Fra:1 Mem:21.89M (Peak 31.07M) | Time:495255:13:13.61 | Mem:0.00M, Peak:0.00M | Scene | Updating Images | Loading exterior_muted_shrub_2_DIFFUSE
Fra:1 Mem:21.90M (Peak 31.13M) | Time:495255:13:13.63 | Mem:0.00M, Peak:0.00M | Scene | Synchronizing object | exterior_muted_shrub_2
Fra:1 Mem:21.92M (Peak 31.13M) | Time:495255:13:13.63 | Mem:0.00M, Peak:0.00M | Scene | Initializing
Fra:1 Mem:21.91M (Peak 31.13M) | Time:495255:13:13.63 | Mem:0.00M, Peak:0.00M | Scene | Updating Images | Loading exterior_muted_shrub_2_ROUGHNESS
Fra:1 Mem:21.95M (Peak 31.13M) | Time:495255:13:13.64 | Mem:0.00M, Peak:0.00M | Scene | Synchronizing object | exterior_muted_shrub_2
Fra:1 Mem:21.97M (Peak 31.13M) | Time:495255:13:13.64 | Mem:0.00M, Peak:0.00M | Scene | Initializing
Fra:1 Mem:21.97M (Peak 31.13M) | Time:495255:13:13.64 | Mem:0.00M, Peak:0.00M | Scene | Updating Images | Loading exterior_muted_shrub_2_NORMAL
Fra:1 Mem:21.98M (Peak 31.21M) | Time:495255:13:13.66 | Mem:0.00M, Peak:0.00M | Scene | Synchronizing object | exterior_planter_box_0
Fra:1 Mem:21.98M (Peak 31.21M) | Time:495255:13:13.66 | Mem:0.00M, Peak:0.00M | Scene | Initializing
Fra:1 Mem:21.98M (Peak 31.21M) | Time:495255:13:13.66 | Mem:0.00M, Peak:0.00M | Scene | Updating Images | Loading exterior_planter_box_0_DIFFUSE
Fra:1 Mem:22.00M (Peak 31.21M) | Time:495255:13:13.67 | Mem:0.00M, Peak:0.00M | Scene | Synchronizing object | exterior_planter_box_0
Fra:1 Mem:22.00M (Peak 31.21M) | Time:495255:13:13.67 | Mem:0.00M, Peak:0.00M | Scene | Initializing
Fra:1 Mem:22.00M (Peak 31.21M) | Time:495255:13:13.67 | Mem:0.00M, Peak:0.00M | Scene | Updating Images | Loading exterior_planter_box_0_ROUGHNESS
Fra:1 Mem:22.02M (Peak 31.21M) | Time:495255:13:13.69 | Mem:0.00M, Peak:0.00M | Scene | Synchronizing object | exterior_planter_box_0
Fra:1 Mem:22.03M (Peak 31.21M) | Time:495255:13:13.69 | Mem:0.00M, Peak:0.00M | Scene | Initializing
Fra:1 Mem:22.02M (Peak 31.21M) | Time:495255:13:13.69 | Mem:0.00M, Peak:0.00M | Scene | Updating Images | Loading exterior_planter_box_0_NORMAL
Fra:1 Mem:22.04M (Peak 31.24M) | Time:495255:13:13.70 | Mem:0.00M, Peak:0.00M | Scene | Synchronizing object | exterior_planter_box_1
Fra:1 Mem:22.05M (Peak 31.24M) | Time:495255:13:13.70 | Mem:0.00M, Peak:0.00M | Scene | Initializing
Fra:1 Mem:22.05M (Peak 31.24M) | Time:495255:13:13.70 | Mem:0.00M, Peak:0.00M | Scene | Updating Images | Loading exterior_planter_box_1_DIFFUSE
Fra:1 Mem:22.07M (Peak 31.26M) | Time:495255:13:13.71 | Mem:0.00M, Peak:0.00M | Scene | Synchronizing object | exterior_planter_box_1
Fra:1 Mem:22.07M (Peak 31.26M) | Time:495255:13:13.71 | Mem:0.00M, Peak:0.00M | Scene | Initializing
Fra:1 Mem:22.07M (Peak 31.26M) | Time:495255:13:13.71 | Mem:0.00M, Peak:0.00M | Scene | Updating Images | Loading exterior_planter_box_1_ROUGHNESS
Fra:1 Mem:22.09M (Peak 31.26M) | Time:495255:13:13.73 | Mem:0.00M, Peak:0.00M | Scene | Synchronizing object | exterior_planter_box_1
Fra:1 Mem:22.09M (Peak 31.26M) | Time:495255:13:13.73 | Mem:0.00M, Peak:0.00M | Scene | Initializing
Fra:1 Mem:22.09M (Peak 31.26M) | Time:495255:13:13.73 | Mem:0.00M, Peak:0.00M | Scene | Updating Images | Loading exterior_planter_box_1_NORMAL
Fra:1 Mem:22.11M (Peak 31.31M) | Time:495255:13:13.74 | Mem:0.00M, Peak:0.00M | Scene | Synchronizing object | exterior_planter_box_2
Fra:1 Mem:22.12M (Peak 31.31M) | Time:495255:13:13.74 | Mem:0.00M, Peak:0.00M | Scene | Initializing
Fra:1 Mem:22.12M (Peak 31.31M) | Time:495255:13:13.74 | Mem:0.00M, Peak:0.00M | Scene | Updating Images | Loading exterior_planter_box_2_DIFFUSE
Fra:1 Mem:22.14M (Peak 31.33M) | Time:495255:13:13.75 | Mem:0.00M, Peak:0.00M | Scene | Synchronizing object | exterior_planter_box_2
Fra:1 Mem:22.14M (Peak 31.33M) | Time:495255:13:13.75 | Mem:0.00M, Peak:0.00M | Scene | Initializing
Fra:1 Mem:22.14M (Peak 31.33M) | Time:495255:13:13.75 | Mem:0.00M, Peak:0.00M | Scene | Updating Images | Loading exterior_planter_box_2_ROUGHNESS
Fra:1 Mem:22.16M (Peak 31.33M) | Time:495255:13:13.77 | Mem:0.00M, Peak:0.00M | Scene | Synchronizing object | exterior_planter_box_2
Fra:1 Mem:22.16M (Peak 31.33M) | Time:495255:13:13.77 | Mem:0.00M, Peak:0.00M | Scene | Initializing
Fra:1 Mem:22.16M (Peak 31.33M) | Time:495255:13:13.77 | Mem:0.00M, Peak:0.00M | Scene | Updating Images | Loading exterior_planter_box_2_NORMAL
Fra:1 Mem:22.18M (Peak 31.38M) | Time:495255:13:13.78 | Mem:0.00M, Peak:0.00M | Scene | Synchronizing object | floor_grout_line_x_-1.2
Fra:1 Mem:22.18M (Peak 31.38M) | Time:495255:13:13.78 | Mem:0.00M, Peak:0.00M | Scene | Initializing
Fra:1 Mem:22.18M (Peak 31.38M) | Time:495255:13:13.78 | Mem:0.00M, Peak:0.00M | Scene | Updating Images | Loading floor_grout_line_x_-1.2_DIFFUSE
Fra:1 Mem:22.20M (Peak 31.39M) | Time:495255:13:13.79 | Mem:0.00M, Peak:0.00M | Scene | Synchronizing object | floor_grout_line_x_-1.2
Fra:1 Mem:22.21M (Peak 31.39M) | Time:495255:13:13.79 | Mem:0.00M, Peak:0.00M | Scene | Initializing
Fra:1 Mem:22.20M (Peak 31.39M) | Time:495255:13:13.79 | Mem:0.00M, Peak:0.00M | Scene | Updating Images | Loading floor_grout_line_x_-1.2_ROUGHNESS
Fra:1 Mem:22.23M (Peak 31.39M) | Time:495255:13:13.80 | Mem:0.00M, Peak:0.00M | Scene | Synchronizing object | floor_grout_line_x_-1.2
Fra:1 Mem:22.23M (Peak 31.39M) | Time:495255:13:13.80 | Mem:0.00M, Peak:0.00M | Scene | Initializing
Fra:1 Mem:22.22M (Peak 31.39M) | Time:495255:13:13.80 | Mem:0.00M, Peak:0.00M | Scene | Updating Images | Loading floor_grout_line_x_-1.2_NORMAL
Fra:1 Mem:22.25M (Peak 31.44M) | Time:495255:13:13.81 | Mem:0.00M, Peak:0.00M | Scene | Synchronizing object | floor_grout_line_x_-2.4
Fra:1 Mem:22.25M (Peak 31.44M) | Time:495255:13:13.81 | Mem:0.00M, Peak:0.00M | Scene | Initializing
Fra:1 Mem:22.24M (Peak 31.44M) | Time:495255:13:13.81 | Mem:0.00M, Peak:0.00M | Scene | Updating Images | Loading floor_grout_line_x_-2.4_DIFFUSE
Fra:1 Mem:22.27M (Peak 31.46M) | Time:495255:13:13.83 | Mem:0.00M, Peak:0.00M | Scene | Synchronizing object | floor_grout_line_x_-2.4
Fra:1 Mem:22.27M (Peak 31.46M) | Time:495255:13:13.83 | Mem:0.00M, Peak:0.00M | Scene | Initializing
Fra:1 Mem:22.27M (Peak 31.46M) | Time:495255:13:13.83 | Mem:0.00M, Peak:0.00M | Scene | Updating Images | Loading floor_grout_line_x_-2.4_ROUGHNESS
Fra:1 Mem:22.29M (Peak 31.46M) | Time:495255:13:13.84 | Mem:0.00M, Peak:0.00M | Scene | Synchronizing object | floor_grout_line_x_-2.4
Fra:1 Mem:22.29M (Peak 31.46M) | Time:495255:13:13.84 | Mem:0.00M, Peak:0.00M | Scene | Initializing
Fra:1 Mem:22.29M (Peak 31.46M) | Time:495255:13:13.84 | Mem:0.00M, Peak:0.00M | Scene | Updating Images | Loading floor_grout_line_x_-2.4_NORMAL
Fra:1 Mem:22.31M (Peak 31.50M) | Time:495255:13:13.85 | Mem:0.00M, Peak:0.00M | Scene | Synchronizing object | floor_grout_line_x_0.0
Fra:1 Mem:22.31M (Peak 31.50M) | Time:495255:13:13.85 | Mem:0.00M, Peak:0.00M | Scene | Initializing
Fra:1 Mem:22.31M (Peak 31.50M) | Time:495255:13:13.85 | Mem:0.00M, Peak:0.00M | Scene | Updating Images | Loading floor_grout_line_x_0.0_DIFFUSE
Fra:1 Mem:22.33M (Peak 31.52M) | Time:495255:13:13.86 | Mem:0.00M, Peak:0.00M | Scene | Synchronizing object | floor_grout_line_x_0.0
Fra:1 Mem:22.33M (Peak 31.52M) | Time:495255:13:13.86 | Mem:0.00M, Peak:0.00M | Scene | Initializing
Fra:1 Mem:22.33M (Peak 31.52M) | Time:495255:13:13.86 | Mem:0.00M, Peak:0.00M | Scene | Updating Images | Loading floor_grout_line_x_0.0_ROUGHNESS
Fra:1 Mem:22.36M (Peak 31.52M) | Time:495255:13:13.87 | Mem:0.00M, Peak:0.00M | Scene | Synchronizing object | floor_grout_line_x_0.0
Fra:1 Mem:22.36M (Peak 31.52M) | Time:495255:13:13.87 | Mem:0.00M, Peak:0.00M | Scene | Initializing
Fra:1 Mem:22.35M (Peak 31.52M) | Time:495255:13:13.87 | Mem:0.00M, Peak:0.00M | Scene | Updating Images | Loading floor_grout_line_x_0.0_NORMAL
Fra:1 Mem:22.37M (Peak 31.56M) | Time:495255:13:13.88 | Mem:0.00M, Peak:0.00M | Scene | Synchronizing object | floor_grout_line_x_1.2
Fra:1 Mem:22.38M (Peak 31.56M) | Time:495255:13:13.88 | Mem:0.00M, Peak:0.00M | Scene | Initializing
Fra:1 Mem:22.37M (Peak 31.56M) | Time:495255:13:13.88 | Mem:0.00M, Peak:0.00M | Scene | Updating Images | Loading floor_grout_line_x_1.2_DIFFUSE
Fra:1 Mem:22.40M (Peak 31.58M) | Time:495255:13:13.89 | Mem:0.00M, Peak:0.00M | Scene | Synchronizing object | floor_grout_line_x_1.2
Fra:1 Mem:22.40M (Peak 31.58M) | Time:495255:13:13.89 | Mem:0.00M, Peak:0.00M | Scene | Initializing
Fra:1 Mem:22.39M (Peak 31.58M) | Time:495255:13:13.89 | Mem:0.00M, Peak:0.00M | Scene | Updating Images | Loading floor_grout_line_x_1.2_ROUGHNESS
Fra:1 Mem:22.42M (Peak 31.58M) | Time:495255:13:13.91 | Mem:0.00M, Peak:0.00M | Scene | Synchronizing object | floor_grout_line_x_1.2
Fra:1 Mem:22.42M (Peak 31.58M) | Time:495255:13:13.91 | Mem:0.00M, Peak:0.00M | Scene | Initializing
Fra:1 Mem:22.42M (Peak 31.58M) | Time:495255:13:13.91 | Mem:0.00M, Peak:0.00M | Scene | Updating Images | Loading floor_grout_line_x_1.2_NORMAL
Fra:1 Mem:22.44M (Peak 31.63M) | Time:495255:13:13.92 | Mem:0.00M, Peak:0.00M | Scene | Synchronizing object | floor_grout_line_x_2.4
Fra:1 Mem:22.44M (Peak 31.63M) | Time:495255:13:13.92 | Mem:0.00M, Peak:0.00M | Scene | Initializing
Fra:1 Mem:22.44M (Peak 31.63M) | Time:495255:13:13.92 | Mem:0.00M, Peak:0.00M | Scene | Updating Images | Loading floor_grout_line_x_2.4_DIFFUSE
Fra:1 Mem:22.46M (Peak 31.65M) | Time:495255:13:13.93 | Mem:0.00M, Peak:0.00M | Scene | Synchronizing object | floor_grout_line_x_2.4
Fra:1 Mem:22.46M (Peak 31.65M) | Time:495255:13:13.93 | Mem:0.00M, Peak:0.00M | Scene | Initializing
Fra:1 Mem:22.46M (Peak 31.65M) | Time:495255:13:13.93 | Mem:0.00M, Peak:0.00M | Scene | Updating Images | Loading floor_grout_line_x_2.4_ROUGHNESS
Fra:1 Mem:22.48M (Peak 31.65M) | Time:495255:13:13.94 | Mem:0.00M, Peak:0.00M | Scene | Synchronizing object | floor_grout_line_x_2.4
Fra:1 Mem:22.48M (Peak 31.65M) | Time:495255:13:13.94 | Mem:0.00M, Peak:0.00M | Scene | Initializing
Fra:1 Mem:22.48M (Peak 31.65M) | Time:495255:13:13.94 | Mem:0.00M, Peak:0.00M | Scene | Updating Images | Loading floor_grout_line_x_2.4_NORMAL
Fra:1 Mem:22.50M (Peak 31.69M) | Time:495255:13:13.95 | Mem:0.00M, Peak:0.00M | Scene | Synchronizing object | floor_grout_line_y_-1.2
Fra:1 Mem:22.50M (Peak 31.69M) | Time:495255:13:13.95 | Mem:0.00M, Peak:0.00M | Scene | Initializing
Fra:1 Mem:22.50M (Peak 31.69M) | Time:495255:13:13.95 | Mem:0.00M, Peak:0.00M | Scene | Updating Images | Loading floor_grout_line_y_-1.2_DIFFUSE
Fra:1 Mem:22.53M (Peak 31.71M) | Time:495255:13:13.96 | Mem:0.00M, Peak:0.00M | Scene | Synchronizing object | floor_grout_line_y_-1.2
Fra:1 Mem:22.53M (Peak 31.71M) | Time:495255:13:13.96 | Mem:0.00M, Peak:0.00M | Scene | Initializing
Fra:1 Mem:22.52M (Peak 31.71M) | Time:495255:13:13.96 | Mem:0.00M, Peak:0.00M | Scene | Updating Images | Loading floor_grout_line_y_-1.2_ROUGHNESS
Fra:1 Mem:22.55M (Peak 31.71M) | Time:495255:13:13.97 | Mem:0.00M, Peak:0.00M | Scene | Synchronizing object | floor_grout_line_y_-1.2
Fra:1 Mem:22.55M (Peak 31.71M) | Time:495255:13:13.97 | Mem:0.00M, Peak:0.00M | Scene | Initializing
Fra:1 Mem:22.55M (Peak 31.71M) | Time:495255:13:13.97 | Mem:0.00M, Peak:0.00M | Scene | Updating Images | Loading floor_grout_line_y_-1.2_NORMAL
Fra:1 Mem:22.57M (Peak 31.76M) | Time:495255:13:13.99 | Mem:0.00M, Peak:0.00M | Scene | Synchronizing object | floor_grout_line_y_-2.4
Fra:1 Mem:22.57M (Peak 31.76M) | Time:495255:13:13.99 | Mem:0.00M, Peak:0.00M | Scene | Initializing
Fra:1 Mem:22.57M (Peak 31.76M) | Time:495255:13:13.99 | Mem:0.00M, Peak:0.00M | Scene | Updating Images | Loading floor_grout_line_y_-2.4_DIFFUSE
Fra:1 Mem:22.59M (Peak 31.78M) | Time:495255:13:14.00 | Mem:0.00M, Peak:0.00M | Scene | Synchronizing object | floor_grout_line_y_-2.4
Fra:1 Mem:22.59M (Peak 31.78M) | Time:495255:13:14.00 | Mem:0.00M, Peak:0.00M | Scene | Initializing
Fra:1 Mem:22.59M (Peak 31.78M) | Time:495255:13:14.00 | Mem:0.00M, Peak:0.00M | Scene | Updating Images | Loading floor_grout_line_y_-2.4_ROUGHNESS
Fra:1 Mem:22.61M (Peak 31.78M) | Time:495255:13:14.01 | Mem:0.00M, Peak:0.00M | Scene | Synchronizing object | floor_grout_line_y_-2.4
Fra:1 Mem:22.61M (Peak 31.78M) | Time:495255:13:14.01 | Mem:0.00M, Peak:0.00M | Scene | Initializing
Fra:1 Mem:22.61M (Peak 31.78M) | Time:495255:13:14.01 | Mem:0.00M, Peak:0.00M | Scene | Updating Images | Loading floor_grout_line_y_-2.4_NORMAL
Fra:1 Mem:22.63M (Peak 31.82M) | Time:495255:13:14.02 | Mem:0.00M, Peak:0.00M | Scene | Synchronizing object | floor_grout_line_y_0.0
Fra:1 Mem:22.63M (Peak 31.82M) | Time:495255:13:14.02 | Mem:0.00M, Peak:0.00M | Scene | Initializing
Fra:1 Mem:22.63M (Peak 31.82M) | Time:495255:13:14.02 | Mem:0.00M, Peak:0.00M | Scene | Updating Images | Loading floor_grout_line_y_0.0_DIFFUSE
Fra:1 Mem:22.66M (Peak 31.84M) | Time:495255:13:14.03 | Mem:0.00M, Peak:0.00M | Scene | Synchronizing object | floor_grout_line_y_0.0
Fra:1 Mem:22.66M (Peak 31.84M) | Time:495255:13:14.03 | Mem:0.00M, Peak:0.00M | Scene | Initializing
Fra:1 Mem:22.65M (Peak 31.84M) | Time:495255:13:14.03 | Mem:0.00M, Peak:0.00M | Scene | Updating Images | Loading floor_grout_line_y_0.0_ROUGHNESS
Fra:1 Mem:22.68M (Peak 31.84M) | Time:495255:13:14.04 | Mem:0.00M, Peak:0.00M | Scene | Synchronizing object | floor_grout_line_y_0.0
Fra:1 Mem:22.68M (Peak 31.84M) | Time:495255:13:14.04 | Mem:0.00M, Peak:0.00M | Scene | Initializing
Fra:1 Mem:22.67M (Peak 31.84M) | Time:495255:13:14.04 | Mem:0.00M, Peak:0.00M | Scene | Updating Images | Loading floor_grout_line_y_0.0_NORMAL
Fra:1 Mem:22.70M (Peak 31.89M) | Time:495255:13:14.06 | Mem:0.00M, Peak:0.00M | Scene | Synchronizing object | floor_grout_line_y_1.2
Fra:1 Mem:22.70M (Peak 31.89M) | Time:495255:13:14.06 | Mem:0.00M, Peak:0.00M | Scene | Initializing
Fra:1 Mem:22.69M (Peak 31.89M) | Time:495255:13:14.06 | Mem:0.00M, Peak:0.00M | Scene | Updating Images | Loading floor_grout_line_y_1.2_DIFFUSE
Fra:1 Mem:22.72M (Peak 31.91M) | Time:495255:13:14.07 | Mem:0.00M, Peak:0.00M | Scene | Synchronizing object | floor_grout_line_y_1.2
Fra:1 Mem:22.72M (Peak 31.91M) | Time:495255:13:14.07 | Mem:0.00M, Peak:0.00M | Scene | Initializing
Fra:1 Mem:22.72M (Peak 31.91M) | Time:495255:13:14.07 | Mem:0.00M, Peak:0.00M | Scene | Updating Images | Loading floor_grout_line_y_1.2_ROUGHNESS
Fra:1 Mem:22.74M (Peak 31.91M) | Time:495255:13:14.08 | Mem:0.00M, Peak:0.00M | Scene | Synchronizing object | floor_grout_line_y_1.2
Fra:1 Mem:22.74M (Peak 31.91M) | Time:495255:13:14.08 | Mem:0.00M, Peak:0.00M | Scene | Initializing
Fra:1 Mem:22.74M (Peak 31.91M) | Time:495255:13:14.08 | Mem:0.00M, Peak:0.00M | Scene | Updating Images | Loading floor_grout_line_y_1.2_NORMAL
Fra:1 Mem:22.76M (Peak 31.95M) | Time:495255:13:14.09 | Mem:0.00M, Peak:0.00M | Scene | Synchronizing object | floor_grout_line_y_2.4
Fra:1 Mem:22.76M (Peak 31.95M) | Time:495255:13:14.09 | Mem:0.00M, Peak:0.00M | Scene | Initializing
Fra:1 Mem:22.76M (Peak 31.95M) | Time:495255:13:14.09 | Mem:0.00M, Peak:0.00M | Scene | Updating Images | Loading floor_grout_line_y_2.4_DIFFUSE
Fra:1 Mem:22.78M (Peak 31.97M) | Time:495255:13:14.10 | Mem:0.00M, Peak:0.00M | Scene | Synchronizing object | floor_grout_line_y_2.4
Fra:1 Mem:22.78M (Peak 31.97M) | Time:495255:13:14.10 | Mem:0.00M, Peak:0.00M | Scene | Initializing
Fra:1 Mem:22.78M (Peak 31.97M) | Time:495255:13:14.10 | Mem:0.00M, Peak:0.00M | Scene | Updating Images | Loading floor_grout_line_y_2.4_ROUGHNESS
Fra:1 Mem:22.81M (Peak 31.97M) | Time:495255:13:14.11 | Mem:0.00M, Peak:0.00M | Scene | Synchronizing object | floor_grout_line_y_2.4
Fra:1 Mem:22.81M (Peak 31.97M) | Time:495255:13:14.11 | Mem:0.00M, Peak:0.00M | Scene | Initializing
Fra:1 Mem:22.80M (Peak 31.97M) | Time:495255:13:14.11 | Mem:0.00M, Peak:0.00M | Scene | Updating Images | Loading floor_grout_line_y_2.4_NORMAL
Fra:1 Mem:22.84M (Peak 32.01M) | Time:495255:13:14.13 | Mem:0.00M, Peak:0.00M | Scene | Synchronizing object | floor_large_format_tile_slab
Fra:1 Mem:22.86M (Peak 32.01M) | Time:495255:13:14.13 | Mem:0.00M, Peak:0.00M | Scene | Initializing
Fra:1 Mem:22.85M (Peak 32.01M) | Time:495255:13:14.13 | Mem:0.00M, Peak:0.00M | Scene | Updating Images | Loading floor_large_format_tile_slab_DIFFUSE
Fra:1 Mem:22.87M (Peak 32.08M) | Time:495255:13:14.14 | Mem:0.00M, Peak:0.00M | Scene | Synchronizing object | floor_large_format_tile_slab
Fra:1 Mem:22.88M (Peak 32.08M) | Time:495255:13:14.14 | Mem:0.00M, Peak:0.00M | Scene | Initializing
Fra:1 Mem:22.87M (Peak 32.08M) | Time:495255:13:14.14 | Mem:0.00M, Peak:0.00M | Scene | Updating Images | Loading floor_large_format_tile_slab_ROUGHNESS
Fra:1 Mem:22.89M (Peak 32.08M) | Time:495255:13:14.15 | Mem:0.00M, Peak:0.00M | Scene | Synchronizing object | floor_large_format_tile_slab
Fra:1 Mem:22.90M (Peak 32.08M) | Time:495255:13:14.15 | Mem:0.00M, Peak:0.00M | Scene | Initializing
Fra:1 Mem:22.90M (Peak 32.08M) | Time:495255:13:14.15 | Mem:0.00M, Peak:0.00M | Scene | Updating Images | Loading floor_large_format_tile_slab_NORMAL
Fra:1 Mem:22.89M (Peak 32.12M) | Time:495255:13:14.17 | Mem:0.00M, Peak:0.00M | Scene | Synchronizing object | fridge_can_r0_c0
Fra:1 Mem:22.90M (Peak 32.12M) | Time:495255:13:14.17 | Mem:0.00M, Peak:0.00M | Scene | Initializing
Fra:1 Mem:22.89M (Peak 32.12M) | Time:495255:13:14.17 | Mem:0.00M, Peak:0.00M | Scene | Updating Images | Loading fridge_can_r0_c0_METAL
Fra:1 Mem:22.92M (Peak 32.12M) | Time:495255:13:14.18 | Mem:0.00M, Peak:0.00M | Scene | Synchronizing object | fridge_can_r0_c0
Fra:1 Mem:22.93M (Peak 32.12M) | Time:495255:13:14.18 | Mem:0.00M, Peak:0.00M | Scene | Initializing
Fra:1 Mem:22.92M (Peak 32.12M) | Time:495255:13:14.18 | Mem:0.00M, Peak:0.00M | Scene | Updating Images | Loading fridge_can_r0_c0_DIFFUSE
Fra:1 Mem:22.95M (Peak 32.14M) | Time:495255:13:14.19 | Mem:0.00M, Peak:0.00M | Scene | Synchronizing object | fridge_can_r0_c0
Fra:1 Mem:22.95M (Peak 32.14M) | Time:495255:13:14.19 | Mem:0.00M, Peak:0.00M | Scene | Initializing
Fra:1 Mem:22.95M (Peak 32.14M) | Time:495255:13:14.19 | Mem:0.00M, Peak:0.00M | Scene | Updating Images | Loading fridge_can_r0_c0_ROUGHNESS
Fra:1 Mem:22.97M (Peak 32.14M) | Time:495255:13:14.20 | Mem:0.00M, Peak:0.00M | Scene | Synchronizing object | fridge_can_r0_c0
Fra:1 Mem:22.97M (Peak 32.14M) | Time:495255:13:14.20 | Mem:0.00M, Peak:0.00M | Scene | Initializing
Fra:1 Mem:22.97M (Peak 32.14M) | Time:495255:13:14.20 | Mem:0.00M, Peak:0.00M | Scene | Updating Images | Loading fridge_can_r0_c0_NORMAL
Fra:1 Mem:22.97M (Peak 32.18M) | Time:495255:13:14.22 | Mem:0.00M, Peak:0.00M | Scene | Synchronizing object | fridge_can_r0_c1
Fra:1 Mem:22.97M (Peak 32.18M) | Time:495255:13:14.22 | Mem:0.00M, Peak:0.00M | Scene | Initializing
Fra:1 Mem:22.97M (Peak 32.18M) | Time:495255:13:14.22 | Mem:0.00M, Peak:0.00M | Scene | Updating Images | Loading fridge_can_r0_c1_METAL
Fra:1 Mem:23.00M (Peak 32.18M) | Time:495255:13:14.23 | Mem:0.00M, Peak:0.00M | Scene | Synchronizing object | fridge_can_r0_c1
Fra:1 Mem:23.00M (Peak 32.18M) | Time:495255:13:14.23 | Mem:0.00M, Peak:0.00M | Scene | Initializing
Fra:1 Mem:23.00M (Peak 32.18M) | Time:495255:13:14.23 | Mem:0.00M, Peak:0.00M | Scene | Updating Images | Loading fridge_can_r0_c1_DIFFUSE
Fra:1 Mem:23.02M (Peak 32.21M) | Time:495255:13:14.24 | Mem:0.00M, Peak:0.00M | Scene | Synchronizing object | fridge_can_r0_c1
Fra:1 Mem:23.02M (Peak 32.21M) | Time:495255:13:14.24 | Mem:0.00M, Peak:0.00M | Scene | Initializing
Fra:1 Mem:23.02M (Peak 32.21M) | Time:495255:13:14.24 | Mem:0.00M, Peak:0.00M | Scene | Updating Images | Loading fridge_can_r0_c1_ROUGHNESS
Fra:1 Mem:23.04M (Peak 32.21M) | Time:495255:13:14.26 | Mem:0.00M, Peak:0.00M | Scene | Synchronizing object | fridge_can_r0_c1
Fra:1 Mem:23.05M (Peak 32.21M) | Time:495255:13:14.26 | Mem:0.00M, Peak:0.00M | Scene | Initializing
Fra:1 Mem:23.04M (Peak 32.21M) | Time:495255:13:14.26 | Mem:0.00M, Peak:0.00M | Scene | Updating Images | Loading fridge_can_r0_c1_NORMAL
Info: Baking map saved to internal image, save it externally or pack it
Info: Baking map saved to internal image, save it externally or pack it
Info: Baking map saved to internal image, save it externally or pack it
Info: Baking map saved to internal image, save it externally or pack it
Info: Baking map saved to internal image, save it externally or pack it
Info: Baking map saved to internal image, save it externally or pack it
Info: Baking map saved to internal image, save it externally or pack it
Info: Baking map saved to internal image, save it externally or pack it
Info: Baking map saved to internal image, save it externally or pack it
Info: Baking map saved to internal image, save it externally or pack it
Info: Baking map saved to internal image, save it externally or pack it
Info: Baking map saved to internal image, save it externally or pack it
Info: Baking map saved to internal image, save it externally or pack it
Info: Baking map saved to internal image, save it externally or pack it
Info: Baking map saved to internal image, save it externally or pack it
Info: Baking map saved to internal image, save it externally or pack it
Info: Baking map saved to internal image, save it externally or pack it
Info: Baking map saved to internal image, save it externally or pack it
Info: Baking map saved to internal image, save it externally or pack it
Info: Baking map saved to internal image, save it externally or pack it
Info: Baking map saved to internal image, save it externally or pack it
Info: Baking map saved to internal image, save it externally or pack it
Info: Baking map saved to internal image, save it externally or pack it
Info: Baking map saved to internal image, save it externally or pack it
Info: Baking map saved to internal image, save it externally or pack it
Info: Baking map saved to internal image, save it externally or pack it
Info: Baking map saved to internal image, save it externally or pack it
Info: Baking map saved to internal image, save it externally or pack it
Info: Baking map saved to internal image, save it externally or pack it
Info: Baking map saved to internal image, save it externally or pack it
Info: Baking map saved to internal image, save it externally or pack it
Info: Baking map saved to internal image, save it externally or pack it
Info: Baking map saved to internal image, save it externally or pack it
Info: Baking map saved to internal image, save it externally or pack it
Info: Baking map saved to internal image, save it externally or pack it
Info: Baking map saved to internal image, save it externally or pack it
Info: Baking map saved to internal image, save it externally or pack it
Info: Baking map saved to internal image, save it externally or pack it
Info: Baking map saved to internal image, save it externally or pack it
Info: Baking map saved to internal image, save it externally or pack it
Info: Baking map saved to internal image, save it externally or pack it
Info: Baking map saved to internal image, save it externally or pack it
Info: Baking map saved to internal image, save it externally or pack it
Info: Baking map saved to internal image, save it externally or pack it
Info: Baking map saved to internal image, save it externally or pack it
Info: Baking map saved to internal image, save it externally or pack it
Info: Baking map saved to internal image, save it externally or pack it
Info: Baking map saved to internal image, save it externally or pack it
Info: Baking map saved to internal image, save it externally or pack it
Info: Baking map saved to internal image, save it externally or pack it
Info: Baking map saved to internal image, save it externally or pack it
Info: Baking map saved to internal image, save it externally or pack it
Info: Baking map saved to internal image, save it externally or pack it
Info: Baking map saved to internal image, save it externally or pack it
Info: Baking map saved to internal image, save it externally or pack it
Info: Baking map saved to internal image, save it externally or pack it
Info: Baking map saved to internal image, save it externally or pack it
Info: Baking map saved to internal image, save it externally or pack it
Info: Baking map saved to internal image, save it externally or pack it
Info: Baking map saved to internal image, save it externally or pack it
Info: Baking map saved to internal image, save it externally or pack it
Info: Baking map saved to internal image, save it externally or pack it
Info: Baking map saved to internal image, save it externally or pack it
Info: Baking map saved to internal image, save it externally or pack it
Info: Baking map saved to internal image, save it externally or pack it
Info: Baking map saved to internal image, save it externally or pack it
Info: Baking map saved to internal image, save it externally or pack it
Info: Baking map saved to internal image, save it externally or pack it
Info: Baking map saved to internal image, save it externally or pack it
Info: Baking map saved to internal image, save it externally or pack it
Info: Baking map saved to internal image, save it externally or pack it
Info: Baking map saved to internal image, save it externally or pack it
Info: Baking map saved to internal image, save it externally or pack it
Info: Baking map saved to internal image, save it externally or pack it
Info: Baking map saved to internal image, save it externally or pack it
Info: Baking map saved to internal image, save it externally or pack it
Info: Baking map saved to internal image, save it externally or pack it
Info: Baking map saved to internal image, save it externally or pack it
Info: Baking map saved to internal image, save it externally or pack it
Info: Baking map saved to internal image, save it externally or pack it
Info: Baking map saved to internal image, save it externally or pack it
Info: Baking map saved to internal image, save it externally or pack it
Info: Baking map saved to internal image, save it externally or pack it
Info: Baking map saved to internal image, save it externally or pack it
Info: Baking map saved to internal image, save it externally or pack it
Info: Baking map saved to internal image, save it externally or pack it
Info: Baking map saved to internal image, save it externally or pack it
Info: Baking map saved to internal image, save it externally or pack it
Info: Baking map saved to internal image, save it externally or pack it
Info: Baking map saved to internal image, save it externally or pack it
Info: Baking map saved to internal image, save it externally or pack it
Info: Baking map saved to internal image, save it externally or pack it
Info: Baking map saved to internal image, save it externally or pack it
Info: Baking map saved to internal image, save it externally or pack it
Info: Baking map saved to internal image, save it externally or pack it
Info: Baking map saved to internal image, save it externally or pack it
Info: Baking map saved to internal image, save it externally or pack it
Info: Baking map saved to internal image, save it externally or pack it
Info: Baking map saved to internal image, save it externally or pack it
Info: Baking map saved to internal image, save it externally or pack it
Info: Baking map saved to internal image, save it externally or pack it
Info: Baking map saved to internal image, save it externally or pack it
Info: Baking map saved to internal image, save it externally or pack it
Info: Baking map saved to internal image, save it externally or pack it
Info: Baking map saved to internal image, save it externally or pack it
Info: Baking map saved to internal image, save it externally or pack it
Info: Baking map saved to internal image, save it externally or pack it
Info: Baking map saved to internal image, save it externally or pack it
Info: Baking map saved to internal image, save it externally or pack it
Info: Baking map saved to internal image, save it externally or pack it
Info: Baking map saved to internal image, save it externally or pack it
Info: Baking map saved to internal image, save it externally or pack it
Info: Baking map saved to internal image, save it externally or pack it
Info: Baking map saved to internal image, save it externally or pack it
Fra:1 Mem:23.04M (Peak 32.26M) | Time:495255:13:14.27 | Mem:0.00M, Peak:0.00M | Scene | Synchronizing object | fridge_can_r0_c2
Fra:1 Mem:23.05M (Peak 32.26M) | Time:495255:13:14.27 | Mem:0.00M, Peak:0.00M | Scene | Initializing
Fra:1 Mem:23.04M (Peak 32.26M) | Time:495255:13:14.27 | Mem:0.00M, Peak:0.00M | Scene | Updating Images | Loading fridge_can_r0_c2_METAL
Fra:1 Mem:23.07M (Peak 32.26M) | Time:495255:13:14.28 | Mem:0.00M, Peak:0.00M | Scene | Synchronizing object | fridge_can_r0_c2
Fra:1 Mem:23.08M (Peak 32.26M) | Time:495255:13:14.28 | Mem:0.00M, Peak:0.00M | Scene | Initializing
Fra:1 Mem:23.07M (Peak 32.26M) | Time:495255:13:14.28 | Mem:0.00M, Peak:0.00M | Scene | Updating Images | Loading fridge_can_r0_c2_DIFFUSE
Fra:1 Mem:23.10M (Peak 32.29M) | Time:495255:13:14.30 | Mem:0.00M, Peak:0.00M | Scene | Synchronizing object | fridge_can_r0_c2
Fra:1 Mem:23.10M (Peak 32.29M) | Time:495255:13:14.30 | Mem:0.00M, Peak:0.00M | Scene | Initializing
Fra:1 Mem:23.10M (Peak 32.29M) | Time:495255:13:14.30 | Mem:0.00M, Peak:0.00M | Scene | Updating Images | Loading fridge_can_r0_c2_ROUGHNESS
Fra:1 Mem:23.12M (Peak 32.29M) | Time:495255:13:14.31 | Mem:0.00M, Peak:0.00M | Scene | Synchronizing object | fridge_can_r0_c2
Fra:1 Mem:23.12M (Peak 32.29M) | Time:495255:13:14.31 | Mem:0.00M, Peak:0.00M | Scene | Initializing
Fra:1 Mem:23.12M (Peak 32.29M) | Time:495255:13:14.31 | Mem:0.00M, Peak:0.00M | Scene | Updating Images | Loading fridge_can_r0_c2_NORMAL
Fra:1 Mem:23.12M (Peak 32.33M) | Time:495255:13:14.32 | Mem:0.00M, Peak:0.00M | Scene | Synchronizing object | fridge_can_r1_c0
Fra:1 Mem:23.12M (Peak 32.33M) | Time:495255:13:14.32 | Mem:0.00M, Peak:0.00M | Scene | Initializing
Fra:1 Mem:23.12M (Peak 32.33M) | Time:495255:13:14.32 | Mem:0.00M, Peak:0.00M | Scene | Updating Images | Loading fridge_can_r1_c0_METAL
Fra:1 Mem:23.15M (Peak 32.33M) | Time:495255:13:14.34 | Mem:0.00M, Peak:0.00M | Scene | Synchronizing object | fridge_can_r1_c0
Fra:1 Mem:23.15M (Peak 32.33M) | Time:495255:13:14.34 | Mem:0.00M, Peak:0.00M | Scene | Initializing
Fra:1 Mem:23.15M (Peak 32.33M) | Time:495255:13:14.34 | Mem:0.00M, Peak:0.00M | Scene | Updating Images | Loading fridge_can_r1_c0_DIFFUSE
Fra:1 Mem:23.17M (Peak 32.36M) | Time:495255:13:14.35 | Mem:0.00M, Peak:0.00M | Scene | Synchronizing object | fridge_can_r1_c0
Fra:1 Mem:23.17M (Peak 32.36M) | Time:495255:13:14.35 | Mem:0.00M, Peak:0.00M | Scene | Initializing
Fra:1 Mem:23.17M (Peak 32.36M) | Time:495255:13:14.35 | Mem:0.00M, Peak:0.00M | Scene | Updating Images | Loading fridge_can_r1_c0_ROUGHNESS
Fra:1 Mem:23.19M (Peak 32.36M) | Time:495255:13:14.36 | Mem:0.00M, Peak:0.00M | Scene | Synchronizing object | fridge_can_r1_c0
Fra:1 Mem:23.20M (Peak 32.36M) | Time:495255:13:14.36 | Mem:0.00M, Peak:0.00M | Scene | Initializing
Fra:1 Mem:23.19M (Peak 32.36M) | Time:495255:13:14.36 | Mem:0.00M, Peak:0.00M | Scene | Updating Images | Loading fridge_can_r1_c0_NORMAL
Fra:1 Mem:23.19M (Peak 32.41M) | Time:495255:13:14.38 | Mem:0.00M, Peak:0.00M | Scene | Synchronizing object | fridge_can_r1_c1
Fra:1 Mem:23.20M (Peak 32.41M) | Time:495255:13:14.38 | Mem:0.00M, Peak:0.00M | Scene | Initializing
Fra:1 Mem:23.19M (Peak 32.41M) | Time:495255:13:14.38 | Mem:0.00M, Peak:0.00M | Scene | Updating Images | Loading fridge_can_r1_c1_METAL
Fra:1 Mem:23.23M (Peak 32.41M) | Time:495255:13:14.39 | Mem:0.00M, Peak:0.00M | Scene | Synchronizing object | fridge_can_r1_c1
Fra:1 Mem:23.23M (Peak 32.41M) | Time:495255:13:14.39 | Mem:0.00M, Peak:0.00M | Scene | Initializing
Fra:1 Mem:23.22M (Peak 32.41M) | Time:495255:13:14.39 | Mem:0.00M, Peak:0.00M | Scene | Updating Images | Loading fridge_can_r1_c1_DIFFUSE
Fra:1 Mem:23.25M (Peak 32.44M) | Time:495255:13:14.40 | Mem:0.00M, Peak:0.00M | Scene | Synchronizing object | fridge_can_r1_c1
Fra:1 Mem:23.25M (Peak 32.44M) | Time:495255:13:14.40 | Mem:0.00M, Peak:0.00M | Scene | Initializing
Fra:1 Mem:23.25M (Peak 32.44M) | Time:495255:13:14.40 | Mem:0.00M, Peak:0.00M | Scene | Updating Images | Loading fridge_can_r1_c1_ROUGHNESS
Fra:1 Mem:23.27M (Peak 32.44M) | Time:495255:13:14.41 | Mem:0.00M, Peak:0.00M | Scene | Synchronizing object | fridge_can_r1_c1
Fra:1 Mem:23.27M (Peak 32.44M) | Time:495255:13:14.41 | Mem:0.00M, Peak:0.00M | Scene | Initializing
Fra:1 Mem:23.27M (Peak 32.44M) | Time:495255:13:14.41 | Mem:0.00M, Peak:0.00M | Scene | Updating Images | Loading fridge_can_r1_c1_NORMAL
Fra:1 Mem:23.27M (Peak 32.48M) | Time:495255:13:14.43 | Mem:0.00M, Peak:0.00M | Scene | Synchronizing object | fridge_can_r1_c2
Fra:1 Mem:23.27M (Peak 32.48M) | Time:495255:13:14.43 | Mem:0.00M, Peak:0.00M | Scene | Initializing
Fra:1 Mem:23.27M (Peak 32.48M) | Time:495255:13:14.43 | Mem:0.00M, Peak:0.00M | Scene | Updating Images | Loading fridge_can_r1_c2_METAL
Fra:1 Mem:23.37M (Peak 32.48M) | Time:495255:13:14.44 | Mem:0.00M, Peak:0.00M | Scene | Synchronizing object | fridge_can_r1_c2
Fra:1 Mem:23.37M (Peak 32.48M) | Time:495255:13:14.44 | Mem:0.00M, Peak:0.00M | Scene | Initializing
Fra:1 Mem:23.36M (Peak 32.48M) | Time:495255:13:14.44 | Mem:0.00M, Peak:0.00M | Scene | Updating Images | Loading fridge_can_r1_c2_DIFFUSE
Fra:1 Mem:23.39M (Peak 32.58M) | Time:495255:13:14.45 | Mem:0.00M, Peak:0.00M | Scene | Synchronizing object | fridge_can_r1_c2
Fra:1 Mem:23.39M (Peak 32.58M) | Time:495255:13:14.45 | Mem:0.00M, Peak:0.00M | Scene | Initializing
Fra:1 Mem:23.39M (Peak 32.58M) | Time:495255:13:14.45 | Mem:0.00M, Peak:0.00M | Scene | Updating Images | Loading fridge_can_r1_c2_ROUGHNESS
Fra:1 Mem:23.41M (Peak 32.58M) | Time:495255:13:14.47 | Mem:0.00M, Peak:0.00M | Scene | Synchronizing object | fridge_can_r1_c2
Fra:1 Mem:23.41M (Peak 32.58M) | Time:495255:13:14.47 | Mem:0.00M, Peak:0.00M | Scene | Initializing
Fra:1 Mem:23.41M (Peak 32.58M) | Time:495255:13:14.47 | Mem:0.00M, Peak:0.00M | Scene | Updating Images | Loading fridge_can_r1_c2_NORMAL
Fra:1 Mem:23.41M (Peak 32.62M) | Time:495255:13:14.48 | Mem:0.00M, Peak:0.00M | Scene | Synchronizing object | fridge_can_r2_c0
Fra:1 Mem:23.41M (Peak 32.62M) | Time:495255:13:14.48 | Mem:0.00M, Peak:0.00M | Scene | Initializing
Fra:1 Mem:23.41M (Peak 32.62M) | Time:495255:13:14.48 | Mem:0.00M, Peak:0.00M | Scene | Updating Images | Loading fridge_can_r2_c0_METAL
Fra:1 Mem:23.44M (Peak 32.62M) | Time:495255:13:14.49 | Mem:0.00M, Peak:0.00M | Scene | Synchronizing object | fridge_can_r2_c0
Fra:1 Mem:23.44M (Peak 32.62M) | Time:495255:13:14.49 | Mem:0.00M, Peak:0.00M | Scene | Initializing
Fra:1 Mem:23.44M (Peak 32.62M) | Time:495255:13:14.49 | Mem:0.00M, Peak:0.00M | Scene | Updating Images | Loading fridge_can_r2_c0_DIFFUSE
Fra:1 Mem:23.46M (Peak 32.65M) | Time:495255:13:14.51 | Mem:0.00M, Peak:0.00M | Scene | Synchronizing object | fridge_can_r2_c0
Fra:1 Mem:23.46M (Peak 32.65M) | Time:495255:13:14.51 | Mem:0.00M, Peak:0.00M | Scene | Initializing
Fra:1 Mem:23.46M (Peak 32.65M) | Time:495255:13:14.51 | Mem:0.00M, Peak:0.00M | Scene | Updating Images | Loading fridge_can_r2_c0_ROUGHNESS
Fra:1 Mem:23.48M (Peak 32.65M) | Time:495255:13:14.52 | Mem:0.00M, Peak:0.00M | Scene | Synchronizing object | fridge_can_r2_c0
Fra:1 Mem:23.49M (Peak 32.65M) | Time:495255:13:14.52 | Mem:0.00M, Peak:0.00M | Scene | Initializing
Fra:1 Mem:23.48M (Peak 32.65M) | Time:495255:13:14.52 | Mem:0.00M, Peak:0.00M | Scene | Updating Images | Loading fridge_can_r2_c0_NORMAL
Fra:1 Mem:23.48M (Peak 32.70M) | Time:495255:13:14.54 | Mem:0.00M, Peak:0.00M | Scene | Synchronizing object | fridge_can_r2_c1
Fra:1 Mem:23.49M (Peak 32.70M) | Time:495255:13:14.54 | Mem:0.00M, Peak:0.00M | Scene | Initializing
Fra:1 Mem:23.48M (Peak 32.70M) | Time:495255:13:14.54 | Mem:0.00M, Peak:0.00M | Scene | Updating Images | Loading fridge_can_r2_c1_METAL
Fra:1 Mem:23.52M (Peak 32.70M) | Time:495255:13:14.55 | Mem:0.00M, Peak:0.00M | Scene | Synchronizing object | fridge_can_r2_c1
Fra:1 Mem:23.52M (Peak 32.70M) | Time:495255:13:14.55 | Mem:0.00M, Peak:0.00M | Scene | Initializing
Fra:1 Mem:23.51M (Peak 32.70M) | Time:495255:13:14.55 | Mem:0.00M, Peak:0.00M | Scene | Updating Images | Loading fridge_can_r2_c1_DIFFUSE
Fra:1 Mem:23.54M (Peak 32.73M) | Time:495255:13:14.56 | Mem:0.00M, Peak:0.00M | Scene | Synchronizing object | fridge_can_r2_c1
Fra:1 Mem:23.54M (Peak 32.73M) | Time:495255:13:14.56 | Mem:0.00M, Peak:0.00M | Scene | Initializing
Fra:1 Mem:23.54M (Peak 32.73M) | Time:495255:13:14.56 | Mem:0.00M, Peak:0.00M | Scene | Updating Images | Loading fridge_can_r2_c1_ROUGHNESS
Fra:1 Mem:23.56M (Peak 32.73M) | Time:495255:13:14.57 | Mem:0.00M, Peak:0.00M | Scene | Synchronizing object | fridge_can_r2_c1
Fra:1 Mem:23.56M (Peak 32.73M) | Time:495255:13:14.57 | Mem:0.00M, Peak:0.00M | Scene | Initializing
Fra:1 Mem:23.56M (Peak 32.73M) | Time:495255:13:14.57 | Mem:0.00M, Peak:0.00M | Scene | Updating Images | Loading fridge_can_r2_c1_NORMAL
Fra:1 Mem:23.56M (Peak 32.77M) | Time:495255:13:14.59 | Mem:0.00M, Peak:0.00M | Scene | Synchronizing object | fridge_can_r2_c2
Fra:1 Mem:23.56M (Peak 32.77M) | Time:495255:13:14.59 | Mem:0.00M, Peak:0.00M | Scene | Initializing
Fra:1 Mem:23.56M (Peak 32.77M) | Time:495255:13:14.59 | Mem:0.00M, Peak:0.00M | Scene | Updating Images | Loading fridge_can_r2_c2_METAL
Fra:1 Mem:23.59M (Peak 32.77M) | Time:495255:13:14.60 | Mem:0.00M, Peak:0.00M | Scene | Synchronizing object | fridge_can_r2_c2
Fra:1 Mem:23.59M (Peak 32.77M) | Time:495255:13:14.60 | Mem:0.00M, Peak:0.00M | Scene | Initializing
Fra:1 Mem:23.59M (Peak 32.77M) | Time:495255:13:14.60 | Mem:0.00M, Peak:0.00M | Scene | Updating Images | Loading fridge_can_r2_c2_DIFFUSE
Fra:1 Mem:23.61M (Peak 32.80M) | Time:495255:13:14.62 | Mem:0.00M, Peak:0.00M | Scene | Synchronizing object | fridge_can_r2_c2
Fra:1 Mem:23.61M (Peak 32.80M) | Time:495255:13:14.62 | Mem:0.00M, Peak:0.00M | Scene | Initializing
Fra:1 Mem:23.61M (Peak 32.80M) | Time:495255:13:14.62 | Mem:0.00M, Peak:0.00M | Scene | Updating Images | Loading fridge_can_r2_c2_ROUGHNESS
Fra:1 Mem:23.63M (Peak 32.80M) | Time:495255:13:14.63 | Mem:0.00M, Peak:0.00M | Scene | Synchronizing object | fridge_can_r2_c2
Fra:1 Mem:23.64M (Peak 32.80M) | Time:495255:13:14.63 | Mem:0.00M, Peak:0.00M | Scene | Initializing
Fra:1 Mem:23.63M (Peak 32.80M) | Time:495255:13:14.63 | Mem:0.00M, Peak:0.00M | Scene | Updating Images | Loading fridge_can_r2_c2_NORMAL
Fra:1 Mem:23.63M (Peak 32.85M) | Time:495255:13:14.64 | Mem:0.00M, Peak:0.00M | Scene | Synchronizing object | fridge_can_r3_c0
Fra:1 Mem:23.64M (Peak 32.85M) | Time:495255:13:14.64 | Mem:0.00M, Peak:0.00M | Scene | Initializing
Fra:1 Mem:23.63M (Peak 32.85M) | Time:495255:13:14.64 | Mem:0.00M, Peak:0.00M | Scene | Updating Images | Loading fridge_can_r3_c0_METAL
Fra:1 Mem:23.67M (Peak 32.85M) | Time:495255:13:14.66 | Mem:0.00M, Peak:0.00M | Scene | Synchronizing object | fridge_can_r3_c0
Fra:1 Mem:23.67M (Peak 32.85M) | Time:495255:13:14.66 | Mem:0.00M, Peak:0.00M | Scene | Initializing
Fra:1 Mem:23.67M (Peak 32.85M) | Time:495255:13:14.66 | Mem:0.00M, Peak:0.00M | Scene | Updating Images | Loading fridge_can_r3_c0_DIFFUSE
Fra:1 Mem:23.69M (Peak 32.88M) | Time:495255:13:14.67 | Mem:0.00M, Peak:0.00M | Scene | Synchronizing object | fridge_can_r3_c0
Fra:1 Mem:23.69M (Peak 32.88M) | Time:495255:13:14.67 | Mem:0.00M, Peak:0.00M | Scene | Initializing
Fra:1 Mem:23.69M (Peak 32.88M) | Time:495255:13:14.67 | Mem:0.00M, Peak:0.00M | Scene | Updating Images | Loading fridge_can_r3_c0_ROUGHNESS
Fra:1 Mem:23.71M (Peak 32.88M) | Time:495255:13:14.68 | Mem:0.00M, Peak:0.00M | Scene | Synchronizing object | fridge_can_r3_c0
Fra:1 Mem:23.71M (Peak 32.88M) | Time:495255:13:14.68 | Mem:0.00M, Peak:0.00M | Scene | Initializing
Fra:1 Mem:23.71M (Peak 32.88M) | Time:495255:13:14.68 | Mem:0.00M, Peak:0.00M | Scene | Updating Images | Loading fridge_can_r3_c0_NORMAL
Fra:1 Mem:23.71M (Peak 32.92M) | Time:495255:13:14.70 | Mem:0.00M, Peak:0.00M | Scene | Synchronizing object | fridge_can_r3_c1
Fra:1 Mem:23.71M (Peak 32.92M) | Time:495255:13:14.70 | Mem:0.00M, Peak:0.00M | Scene | Initializing
Fra:1 Mem:23.71M (Peak 32.92M) | Time:495255:13:14.70 | Mem:0.00M, Peak:0.00M | Scene | Updating Images | Loading fridge_can_r3_c1_METAL
Fra:1 Mem:23.74M (Peak 32.92M) | Time:495255:13:14.71 | Mem:0.00M, Peak:0.00M | Scene | Synchronizing object | fridge_can_r3_c1
Fra:1 Mem:23.74M (Peak 32.92M) | Time:495255:13:14.71 | Mem:0.00M, Peak:0.00M | Scene | Initializing
Fra:1 Mem:23.74M (Peak 32.92M) | Time:495255:13:14.71 | Mem:0.00M, Peak:0.00M | Scene | Updating Images | Loading fridge_can_r3_c1_DIFFUSE
Fra:1 Mem:23.76M (Peak 32.96M) | Time:495255:13:14.72 | Mem:0.00M, Peak:0.00M | Scene | Synchronizing object | fridge_can_r3_c1
Fra:1 Mem:23.77M (Peak 32.96M) | Time:495255:13:14.72 | Mem:0.00M, Peak:0.00M | Scene | Initializing
Fra:1 Mem:23.76M (Peak 32.96M) | Time:495255:13:14.72 | Mem:0.00M, Peak:0.00M | Scene | Updating Images | Loading fridge_can_r3_c1_ROUGHNESS
Fra:1 Mem:23.78M (Peak 32.96M) | Time:495255:13:14.74 | Mem:0.00M, Peak:0.00M | Scene | Synchronizing object | fridge_can_r3_c1
Fra:1 Mem:23.79M (Peak 32.96M) | Time:495255:13:14.74 | Mem:0.00M, Peak:0.00M | Scene | Initializing
Fra:1 Mem:23.78M (Peak 32.96M) | Time:495255:13:14.74 | Mem:0.00M, Peak:0.00M | Scene | Updating Images | Loading fridge_can_r3_c1_NORMAL
Fra:1 Mem:23.78M (Peak 33.00M) | Time:495255:13:14.75 | Mem:0.00M, Peak:0.00M | Scene | Synchronizing object | fridge_can_r3_c2
Fra:1 Mem:23.79M (Peak 33.00M) | Time:495255:13:14.75 | Mem:0.00M, Peak:0.00M | Scene | Initializing
Fra:1 Mem:23.78M (Peak 33.00M) | Time:495255:13:14.75 | Mem:0.00M, Peak:0.00M | Scene | Updating Images | Loading fridge_can_r3_c2_METAL
Fra:1 Mem:23.82M (Peak 33.00M) | Time:495255:13:14.76 | Mem:0.00M, Peak:0.00M | Scene | Synchronizing object | fridge_can_r3_c2
Fra:1 Mem:23.82M (Peak 33.00M) | Time:495255:13:14.76 | Mem:0.00M, Peak:0.00M | Scene | Initializing
Fra:1 Mem:23.82M (Peak 33.00M) | Time:495255:13:14.76 | Mem:0.00M, Peak:0.00M | Scene | Updating Images | Loading fridge_can_r3_c2_DIFFUSE
Fra:1 Mem:23.84M (Peak 33.03M) | Time:495255:13:14.78 | Mem:0.00M, Peak:0.00M | Scene | Synchronizing object | fridge_can_r3_c2
Fra:1 Mem:23.84M (Peak 33.03M) | Time:495255:13:14.78 | Mem:0.00M, Peak:0.00M | Scene | Initializing
Fra:1 Mem:23.84M (Peak 33.03M) | Time:495255:13:14.78 | Mem:0.00M, Peak:0.00M | Scene | Updating Images | Loading fridge_can_r3_c2_ROUGHNESS
Fra:1 Mem:23.86M (Peak 33.03M) | Time:495255:13:14.79 | Mem:0.00M, Peak:0.00M | Scene | Synchronizing object | fridge_can_r3_c2
Fra:1 Mem:23.86M (Peak 33.03M) | Time:495255:13:14.79 | Mem:0.00M, Peak:0.00M | Scene | Initializing
Fra:1 Mem:23.86M (Peak 33.03M) | Time:495255:13:14.79 | Mem:0.00M, Peak:0.00M | Scene | Updating Images | Loading fridge_can_r3_c2_NORMAL
Fra:1 Mem:23.86M (Peak 33.07M) | Time:495255:13:14.80 | Mem:0.00M, Peak:0.00M | Scene | Synchronizing object | fridge_wire_shelf_0
Fra:1 Mem:23.86M (Peak 33.07M) | Time:495255:13:14.80 | Mem:0.00M, Peak:0.00M | Scene | Initializing
Fra:1 Mem:23.85M (Peak 33.07M) | Time:495255:13:14.80 | Mem:0.00M, Peak:0.00M | Scene | Updating Images | Loading fridge_wire_shelf_0_METAL
Fra:1 Mem:23.89M (Peak 33.07M) | Time:495255:13:14.82 | Mem:0.00M, Peak:0.00M | Scene | Synchronizing object | fridge_wire_shelf_0
Fra:1 Mem:23.89M (Peak 33.07M) | Time:495255:13:14.82 | Mem:0.00M, Peak:0.00M | Scene | Initializing
Fra:1 Mem:23.88M (Peak 33.07M) | Time:495255:13:14.82 | Mem:0.00M, Peak:0.00M | Scene | Updating Images | Loading fridge_wire_shelf_0_DIFFUSE
Fra:1 Mem:23.91M (Peak 33.10M) | Time:495255:13:14.83 | Mem:0.00M, Peak:0.00M | Scene | Synchronizing object | fridge_wire_shelf_0
Fra:1 Mem:23.91M (Peak 33.10M) | Time:495255:13:14.83 | Mem:0.00M, Peak:0.00M | Scene | Initializing
Fra:1 Mem:23.91M (Peak 33.10M) | Time:495255:13:14.83 | Mem:0.00M, Peak:0.00M | Scene | Updating Images | Loading fridge_wire_shelf_0_ROUGHNESS
Fra:1 Mem:23.93M (Peak 33.10M) | Time:495255:13:14.84 | Mem:0.00M, Peak:0.00M | Scene | Synchronizing object | fridge_wire_shelf_0
Fra:1 Mem:23.93M (Peak 33.10M) | Time:495255:13:14.84 | Mem:0.00M, Peak:0.00M | Scene | Initializing
Fra:1 Mem:23.93M (Peak 33.10M) | Time:495255:13:14.84 | Mem:0.00M, Peak:0.00M | Scene | Updating Images | Loading fridge_wire_shelf_0_NORMAL
Fra:1 Mem:23.93M (Peak 33.14M) | Time:495255:13:14.85 | Mem:0.00M, Peak:0.00M | Scene | Synchronizing object | fridge_wire_shelf_1
Fra:1 Mem:23.93M (Peak 33.14M) | Time:495255:13:14.85 | Mem:0.00M, Peak:0.00M | Scene | Initializing
Fra:1 Mem:23.93M (Peak 33.14M) | Time:495255:13:14.85 | Mem:0.00M, Peak:0.00M | Scene | Updating Images | Loading fridge_wire_shelf_1_METAL
Fra:1 Mem:23.96M (Peak 33.14M) | Time:495255:13:14.86 | Mem:0.00M, Peak:0.00M | Scene | Synchronizing object | fridge_wire_shelf_1
Fra:1 Mem:23.96M (Peak 33.14M) | Time:495255:13:14.86 | Mem:0.00M, Peak:0.00M | Scene | Initializing
Fra:1 Mem:23.96M (Peak 33.14M) | Time:495255:13:14.86 | Mem:0.00M, Peak:0.00M | Scene | Updating Images | Loading fridge_wire_shelf_1_DIFFUSE
Fra:1 Mem:23.98M (Peak 33.17M) | Time:495255:13:14.87 | Mem:0.00M, Peak:0.00M | Scene | Synchronizing object | fridge_wire_shelf_1
Fra:1 Mem:23.98M (Peak 33.17M) | Time:495255:13:14.87 | Mem:0.00M, Peak:0.00M | Scene | Initializing
Fra:1 Mem:23.98M (Peak 33.17M) | Time:495255:13:14.87 | Mem:0.00M, Peak:0.00M | Scene | Updating Images | Loading fridge_wire_shelf_1_ROUGHNESS
Fra:1 Mem:24.00M (Peak 33.17M) | Time:495255:13:14.88 | Mem:0.00M, Peak:0.00M | Scene | Synchronizing object | fridge_wire_shelf_1
Fra:1 Mem:24.00M (Peak 33.17M) | Time:495255:13:14.88 | Mem:0.00M, Peak:0.00M | Scene | Initializing
Fra:1 Mem:24.00M (Peak 33.17M) | Time:495255:13:14.88 | Mem:0.00M, Peak:0.00M | Scene | Updating Images | Loading fridge_wire_shelf_1_NORMAL
Fra:1 Mem:24.00M (Peak 33.21M) | Time:495255:13:14.89 | Mem:0.00M, Peak:0.00M | Scene | Synchronizing object | fridge_wire_shelf_2
Fra:1 Mem:24.00M (Peak 33.21M) | Time:495255:13:14.89 | Mem:0.00M, Peak:0.00M | Scene | Initializing
Fra:1 Mem:24.00M (Peak 33.21M) | Time:495255:13:14.89 | Mem:0.00M, Peak:0.00M | Scene | Updating Images | Loading fridge_wire_shelf_2_METAL
Fra:1 Mem:24.03M (Peak 33.21M) | Time:495255:13:14.91 | Mem:0.00M, Peak:0.00M | Scene | Synchronizing object | fridge_wire_shelf_2
Fra:1 Mem:24.03M (Peak 33.21M) | Time:495255:13:14.91 | Mem:0.00M, Peak:0.00M | Scene | Initializing
Fra:1 Mem:24.03M (Peak 33.21M) | Time:495255:13:14.91 | Mem:0.00M, Peak:0.00M | Scene | Updating Images | Loading fridge_wire_shelf_2_DIFFUSE
Fra:1 Mem:24.05M (Peak 33.24M) | Time:495255:13:14.92 | Mem:0.00M, Peak:0.00M | Scene | Synchronizing object | fridge_wire_shelf_2
Fra:1 Mem:24.05M (Peak 33.24M) | Time:495255:13:14.92 | Mem:0.00M, Peak:0.00M | Scene | Initializing
Fra:1 Mem:24.05M (Peak 33.24M) | Time:495255:13:14.92 | Mem:0.00M, Peak:0.00M | Scene | Updating Images | Loading fridge_wire_shelf_2_ROUGHNESS
Fra:1 Mem:24.07M (Peak 33.24M) | Time:495255:13:14.93 | Mem:0.00M, Peak:0.00M | Scene | Synchronizing object | fridge_wire_shelf_2
Fra:1 Mem:24.08M (Peak 33.24M) | Time:495255:13:14.93 | Mem:0.00M, Peak:0.00M | Scene | Initializing
Fra:1 Mem:24.07M (Peak 33.24M) | Time:495255:13:14.93 | Mem:0.00M, Peak:0.00M | Scene | Updating Images | Loading fridge_wire_shelf_2_NORMAL
Fra:1 Mem:24.07M (Peak 33.28M) | Time:495255:13:14.94 | Mem:0.00M, Peak:0.00M | Scene | Synchronizing object | fridge_wire_shelf_3
Fra:1 Mem:24.07M (Peak 33.28M) | Time:495255:13:14.94 | Mem:0.00M, Peak:0.00M | Scene | Initializing
Fra:1 Mem:24.07M (Peak 33.28M) | Time:495255:13:14.94 | Mem:0.00M, Peak:0.00M | Scene | Updating Images | Loading fridge_wire_shelf_3_METAL
Fra:1 Mem:24.10M (Peak 33.28M) | Time:495255:13:14.95 | Mem:0.00M, Peak:0.00M | Scene | Synchronizing object | fridge_wire_shelf_3
Fra:1 Mem:24.10M (Peak 33.28M) | Time:495255:13:14.95 | Mem:0.00M, Peak:0.00M | Scene | Initializing
Fra:1 Mem:24.10M (Peak 33.28M) | Time:495255:13:14.95 | Mem:0.00M, Peak:0.00M | Scene | Updating Images | Loading fridge_wire_shelf_3_DIFFUSE
Fra:1 Mem:24.12M (Peak 33.31M) | Time:495255:13:14.96 | Mem:0.00M, Peak:0.00M | Scene | Synchronizing object | fridge_wire_shelf_3
Fra:1 Mem:24.12M (Peak 33.31M) | Time:495255:13:14.96 | Mem:0.00M, Peak:0.00M | Scene | Initializing
Fra:1 Mem:24.12M (Peak 33.31M) | Time:495255:13:14.96 | Mem:0.00M, Peak:0.00M | Scene | Updating Images | Loading fridge_wire_shelf_3_ROUGHNESS
Fra:1 Mem:24.15M (Peak 33.31M) | Time:495255:13:14.97 | Mem:0.00M, Peak:0.00M | Scene | Synchronizing object | fridge_wire_shelf_3
Fra:1 Mem:24.15M (Peak 33.31M) | Time:495255:13:14.97 | Mem:0.00M, Peak:0.00M | Scene | Initializing
Fra:1 Mem:24.14M (Peak 33.31M) | Time:495255:13:14.97 | Mem:0.00M, Peak:0.00M | Scene | Updating Images | Loading fridge_wire_shelf_3_NORMAL
Fra:1 Mem:24.16M (Peak 33.36M) | Time:495255:13:14.99 | Mem:0.00M, Peak:0.00M | Scene | Synchronizing object | front_service_wall_warm_gray
Fra:1 Mem:24.17M (Peak 33.36M) | Time:495255:13:14.99 | Mem:0.00M, Peak:0.00M | Scene | Initializing
Fra:1 Mem:24.17M (Peak 33.36M) | Time:495255:13:14.99 | Mem:0.00M, Peak:0.00M | Scene | Updating Images | Loading front_service_wall_warm_gray_DIFFUSE
Fra:1 Mem:24.18M (Peak 33.39M) | Time:495255:13:15.00 | Mem:0.00M, Peak:0.00M | Scene | Synchronizing object | front_service_wall_warm_gray
Fra:1 Mem:24.19M (Peak 33.39M) | Time:495255:13:15.00 | Mem:0.00M, Peak:0.00M | Scene | Initializing
Fra:1 Mem:24.19M (Peak 33.39M) | Time:495255:13:15.00 | Mem:0.00M, Peak:0.00M | Scene | Updating Images | Loading front_service_wall_warm_gray_ROUGHNESS
Fra:1 Mem:24.20M (Peak 33.39M) | Time:495255:13:15.01 | Mem:0.00M, Peak:0.00M | Scene | Synchronizing object | front_service_wall_warm_gray
Fra:1 Mem:24.22M (Peak 33.39M) | Time:495255:13:15.01 | Mem:0.00M, Peak:0.00M | Scene | Initializing
Fra:1 Mem:24.21M (Peak 33.39M) | Time:495255:13:15.01 | Mem:0.00M, Peak:0.00M | Scene | Updating Images | Loading front_service_wall_warm_gray_NORMAL
Fra:1 Mem:24.23M (Peak 33.44M) | Time:495255:13:15.03 | Mem:0.00M, Peak:0.00M | Scene | Synchronizing object | fruit_bowl_piece_0
Fra:1 Mem:24.27M (Peak 33.44M) | Time:495255:13:15.03 | Mem:0.00M, Peak:0.00M | Scene | Initializing
Fra:1 Mem:24.27M (Peak 33.44M) | Time:495255:13:15.03 | Mem:0.00M, Peak:0.00M | Scene | Updating Images | Loading fruit_bowl_piece_0_DIFFUSE
Fra:1 Mem:24.27M (Peak 33.51M) | Time:495255:13:15.05 | Mem:0.00M, Peak:0.00M | Scene | Synchronizing object | fruit_bowl_piece_0
Fra:1 Mem:24.29M (Peak 33.51M) | Time:495255:13:15.05 | Mem:0.00M, Peak:0.00M | Scene | Initializing
Fra:1 Mem:24.29M (Peak 33.51M) | Time:495255:13:15.05 | Mem:0.00M, Peak:0.00M | Scene | Updating Images | Loading fruit_bowl_piece_0_ROUGHNESS
Fra:1 Mem:24.30M (Peak 33.51M) | Time:495255:13:15.06 | Mem:0.00M, Peak:0.00M | Scene | Synchronizing object | fruit_bowl_piece_0
Fra:1 Mem:24.32M (Peak 33.51M) | Time:495255:13:15.06 | Mem:0.00M, Peak:0.00M | Scene | Initializing
Fra:1 Mem:24.31M (Peak 33.51M) | Time:495255:13:15.06 | Mem:0.00M, Peak:0.00M | Scene | Updating Images | Loading fruit_bowl_piece_0_NORMAL
Fra:1 Mem:24.33M (Peak 33.55M) | Time:495255:13:15.08 | Mem:0.00M, Peak:0.00M | Scene | Synchronizing object | fruit_bowl_piece_1
Fra:1 Mem:24.38M (Peak 33.55M) | Time:495255:13:15.08 | Mem:0.00M, Peak:0.00M | Scene | Initializing
Fra:1 Mem:24.37M (Peak 33.55M) | Time:495255:13:15.08 | Mem:0.00M, Peak:0.00M | Scene | Updating Images | Loading fruit_bowl_piece_1_DIFFUSE
Fra:1 Mem:24.38M (Peak 33.61M) | Time:495255:13:15.09 | Mem:0.00M, Peak:0.00M | Scene | Synchronizing object | fruit_bowl_piece_1
Fra:1 Mem:24.40M (Peak 33.61M) | Time:495255:13:15.09 | Mem:0.00M, Peak:0.00M | Scene | Initializing
Fra:1 Mem:24.40M (Peak 33.61M) | Time:495255:13:15.09 | Mem:0.00M, Peak:0.00M | Scene | Updating Images | Loading fruit_bowl_piece_1_ROUGHNESS
Fra:1 Mem:24.40M (Peak 33.61M) | Time:495255:13:15.11 | Mem:0.00M, Peak:0.00M | Scene | Synchronizing object | fruit_bowl_piece_1
Fra:1 Mem:24.42M (Peak 33.61M) | Time:495255:13:15.11 | Mem:0.00M, Peak:0.00M | Scene | Initializing
Fra:1 Mem:24.42M (Peak 33.61M) | Time:495255:13:15.11 | Mem:0.00M, Peak:0.00M | Scene | Updating Images | Loading fruit_bowl_piece_1_NORMAL
Fra:1 Mem:24.44M (Peak 33.66M) | Time:495255:13:15.13 | Mem:0.00M, Peak:0.00M | Scene | Synchronizing object | fruit_bowl_piece_2
Fra:1 Mem:24.48M (Peak 33.66M) | Time:495255:13:15.13 | Mem:0.00M, Peak:0.00M | Scene | Initializing
Fra:1 Mem:24.48M (Peak 33.66M) | Time:495255:13:15.13 | Mem:0.00M, Peak:0.00M | Scene | Updating Images | Loading fruit_bowl_piece_2_DIFFUSE
Fra:1 Mem:24.49M (Peak 33.72M) | Time:495255:13:15.14 | Mem:0.00M, Peak:0.00M | Scene | Synchronizing object | fruit_bowl_piece_2
Fra:1 Mem:24.51M (Peak 33.72M) | Time:495255:13:15.14 | Mem:0.00M, Peak:0.00M | Scene | Initializing
Fra:1 Mem:24.50M (Peak 33.72M) | Time:495255:13:15.14 | Mem:0.00M, Peak:0.00M | Scene | Updating Images | Loading fruit_bowl_piece_2_ROUGHNESS
Fra:1 Mem:24.51M (Peak 33.72M) | Time:495255:13:15.16 | Mem:0.00M, Peak:0.00M | Scene | Synchronizing object | fruit_bowl_piece_2
Fra:1 Mem:24.53M (Peak 33.72M) | Time:495255:13:15.16 | Mem:0.00M, Peak:0.00M | Scene | Initializing
Fra:1 Mem:24.52M (Peak 33.72M) | Time:495255:13:15.16 | Mem:0.00M, Peak:0.00M | Scene | Updating Images | Loading fruit_bowl_piece_2_NORMAL
Fra:1 Mem:24.54M (Peak 33.77M) | Time:495255:13:15.17 | Mem:0.00M, Peak:0.00M | Scene | Synchronizing object | left_painted_wall
Fra:1 Mem:24.55M (Peak 33.77M) | Time:495255:13:15.17 | Mem:0.00M, Peak:0.00M | Scene | Initializing
Fra:1 Mem:24.55M (Peak 33.77M) | Time:495255:13:15.17 | Mem:0.00M, Peak:0.00M | Scene | Updating Images | Loading left_painted_wall_DIFFUSE
Fra:1 Mem:24.56M (Peak 33.78M) | Time:495255:13:15.19 | Mem:0.00M, Peak:0.00M | Scene | Synchronizing object | left_painted_wall
Fra:1 Mem:24.58M (Peak 33.78M) | Time:495255:13:15.19 | Mem:0.00M, Peak:0.00M | Scene | Initializing
Fra:1 Mem:24.57M (Peak 33.78M) | Time:495255:13:15.19 | Mem:0.00M, Peak:0.00M | Scene | Updating Images | Loading left_painted_wall_ROUGHNESS
Fra:1 Mem:24.59M (Peak 33.78M) | Time:495255:13:15.20 | Mem:0.00M, Peak:0.00M | Scene | Synchronizing object | left_painted_wall
Fra:1 Mem:24.60M (Peak 33.78M) | Time:495255:13:15.20 | Mem:0.00M, Peak:0.00M | Scene | Initializing
Fra:1 Mem:24.60M (Peak 33.78M) | Time:495255:13:15.20 | Mem:0.00M, Peak:0.00M | Scene | Updating Images | Loading left_painted_wall_NORMAL
Fra:1 Mem:24.61M (Peak 33.82M) | Time:495255:13:15.22 | Mem:0.00M, Peak:0.00M | Scene | Synchronizing object | long_dark_stained_service_counter_front
Fra:1 Mem:24.62M (Peak 33.82M) | Time:495255:13:15.22 | Mem:0.00M, Peak:0.00M | Scene | Initializing
Fra:1 Mem:24.62M (Peak 33.82M) | Time:495255:13:15.22 | Mem:0.00M, Peak:0.00M | Scene | Updating Images | Loading long_dark_stained_service_counter_front_DIFFUSE
Fra:1 Mem:24.63M (Peak 33.84M) | Time:495255:13:15.23 | Mem:0.00M, Peak:0.00M | Scene | Synchronizing object | long_dark_stained_service_counter_front
Fra:1 Mem:24.64M (Peak 33.84M) | Time:495255:13:15.23 | Mem:0.00M, Peak:0.00M | Scene | Initializing
Fra:1 Mem:24.64M (Peak 33.84M) | Time:495255:13:15.23 | Mem:0.00M, Peak:0.00M | Scene | Updating Images | Loading long_dark_stained_service_counter_front_ROUGHNESS
Fra:1 Mem:24.65M (Peak 33.84M) | Time:495255:13:15.24 | Mem:0.00M, Peak:0.00M | Scene | Synchronizing object | long_dark_stained_service_counter_front
Fra:1 Mem:24.66M (Peak 33.84M) | Time:495255:13:15.24 | Mem:0.00M, Peak:0.00M | Scene | Initializing
Fra:1 Mem:24.66M (Peak 33.84M) | Time:495255:13:15.24 | Mem:0.00M, Peak:0.00M | Scene | Updating Images | Loading long_dark_stained_service_counter_front_NORMAL
Fra:1 Mem:24.67M (Peak 33.88M) | Time:495255:13:15.26 | Mem:0.00M, Peak:0.00M | Scene | Synchronizing object | long_matte_light_countertop
Fra:1 Mem:24.68M (Peak 33.88M) | Time:495255:13:15.26 | Mem:0.00M, Peak:0.00M | Scene | Initializing
Fra:1 Mem:24.68M (Peak 33.88M) | Time:495255:13:15.26 | Mem:0.00M, Peak:0.00M | Scene | Updating Images | Loading long_matte_light_countertop_DIFFUSE
Fra:1 Mem:24.69M (Peak 33.90M) | Time:495255:13:15.27 | Mem:0.00M, Peak:0.00M | Scene | Synchronizing object | long_matte_light_countertop
Fra:1 Mem:24.71M (Peak 33.90M) | Time:495255:13:15.27 | Mem:0.00M, Peak:0.00M | Scene | Initializing
Fra:1 Mem:24.70M (Peak 33.90M) | Time:495255:13:15.27 | Mem:0.00M, Peak:0.00M | Scene | Updating Images | Loading long_matte_light_countertop_ROUGHNESS
Fra:1 Mem:24.72M (Peak 33.90M) | Time:495255:13:15.28 | Mem:0.00M, Peak:0.00M | Scene | Synchronizing object | long_matte_light_countertop
Fra:1 Mem:24.73M (Peak 33.90M) | Time:495255:13:15.28 | Mem:0.00M, Peak:0.00M | Scene | Initializing
Fra:1 Mem:24.72M (Peak 33.90M) | Time:495255:13:15.28 | Mem:0.00M, Peak:0.00M | Scene | Updating Images | Loading long_matte_light_countertop_NORMAL
Fra:1 Mem:24.74M (Peak 33.95M) | Time:495255:13:15.30 | Mem:0.00M, Peak:0.00M | Scene | Synchronizing object | low_condiment_station
Fra:1 Mem:24.75M (Peak 33.95M) | Time:495255:13:15.30 | Mem:0.00M, Peak:0.00M | Scene | Initializing
Fra:1 Mem:24.74M (Peak 33.95M) | Time:495255:13:15.30 | Mem:0.00M, Peak:0.00M | Scene | Updating Images | Loading low_condiment_station_DIFFUSE
Fra:1 Mem:24.76M (Peak 33.97M) | Time:495255:13:15.31 | Mem:0.00M, Peak:0.00M | Scene | Synchronizing object | low_condiment_station
Fra:1 Mem:24.77M (Peak 33.97M) | Time:495255:13:15.31 | Mem:0.00M, Peak:0.00M | Scene | Initializing
Fra:1 Mem:24.77M (Peak 33.97M) | Time:495255:13:15.31 | Mem:0.00M, Peak:0.00M | Scene | Updating Images | Loading low_condiment_station_ROUGHNESS
Fra:1 Mem:24.78M (Peak 33.97M) | Time:495255:13:15.32 | Mem:0.00M, Peak:0.00M | Scene | Synchronizing object | low_condiment_station
Fra:1 Mem:24.79M (Peak 33.97M) | Time:495255:13:15.32 | Mem:0.00M, Peak:0.00M | Scene | Initializing
Fra:1 Mem:24.79M (Peak 33.97M) | Time:495255:13:15.32 | Mem:0.00M, Peak:0.00M | Scene | Updating Images | Loading low_condiment_station_NORMAL
Fra:1 Mem:24.80M (Peak 34.01M) | Time:495255:13:15.34 | Mem:0.00M, Peak:0.00M | Scene | Synchronizing object | menu_board_left
Fra:1 Mem:24.81M (Peak 34.01M) | Time:495255:13:15.34 | Mem:0.00M, Peak:0.00M | Scene | Initializing
Fra:1 Mem:24.81M (Peak 34.01M) | Time:495255:13:15.34 | Mem:0.00M, Peak:0.00M | Scene | Updating Images | Loading menu_board_left_DIFFUSE
Fra:1 Mem:24.82M (Peak 34.04M) | Time:495255:13:15.35 | Mem:0.00M, Peak:0.00M | Scene | Synchronizing object | menu_board_left
Fra:1 Mem:24.84M (Peak 34.04M) | Time:495255:13:15.35 | Mem:0.00M, Peak:0.00M | Scene | Initializing
Fra:1 Mem:24.83M (Peak 34.04M) | Time:495255:13:15.35 | Mem:0.00M, Peak:0.00M | Scene | Updating Images | Loading menu_board_left_ROUGHNESS
Fra:1 Mem:24.85M (Peak 34.04M) | Time:495255:13:15.36 | Mem:0.00M, Peak:0.00M | Scene | Synchronizing object | menu_board_left
Fra:1 Mem:24.86M (Peak 34.04M) | Time:495255:13:15.37 | Mem:0.00M, Peak:0.00M | Scene | Initializing
Fra:1 Mem:24.85M (Peak 34.04M) | Time:495255:13:15.37 | Mem:0.00M, Peak:0.00M | Scene | Updating Images | Loading menu_board_left_NORMAL
Fra:1 Mem:24.87M (Peak 34.08M) | Time:495255:13:15.38 | Mem:0.00M, Peak:0.00M | Scene | Synchronizing object | menu_board_right
Fra:1 Mem:24.88M (Peak 34.08M) | Time:495255:13:15.38 | Mem:0.00M, Peak:0.00M | Scene | Initializing
Fra:1 Mem:24.88M (Peak 34.08M) | Time:495255:13:15.38 | Mem:0.00M, Peak:0.00M | Scene | Updating Images | Loading menu_board_right_DIFFUSE
Fra:1 Mem:24.89M (Peak 34.10M) | Time:495255:13:15.39 | Mem:0.00M, Peak:0.00M | Scene | Synchronizing object | menu_board_right
Fra:1 Mem:24.90M (Peak 34.10M) | Time:495255:13:15.39 | Mem:0.00M, Peak:0.00M | Scene | Initializing
Fra:1 Mem:24.90M (Peak 34.10M) | Time:495255:13:15.39 | Mem:0.00M, Peak:0.00M | Scene | Updating Images | Loading menu_board_right_ROUGHNESS
Fra:1 Mem:24.91M (Peak 34.10M) | Time:495255:13:15.41 | Mem:0.00M, Peak:0.00M | Scene | Synchronizing object | menu_board_right
Fra:1 Mem:24.92M (Peak 34.10M) | Time:495255:13:15.41 | Mem:0.00M, Peak:0.00M | Scene | Initializing
Fra:1 Mem:24.92M (Peak 34.10M) | Time:495255:13:15.41 | Mem:0.00M, Peak:0.00M | Scene | Updating Images | Loading menu_board_right_NORMAL
Fra:1 Mem:24.92M (Peak 34.14M) | Time:495255:13:15.42 | Mem:0.00M, Peak:0.00M | Scene | Synchronizing object | menu_chalk_line_0
Fra:1 Mem:24.92M (Peak 34.14M) | Time:495255:13:15.42 | Mem:0.00M, Peak:0.00M | Scene | Initializing
Fra:1 Mem:24.92M (Peak 34.14M) | Time:495255:13:15.42 | Mem:0.00M, Peak:0.00M | Scene | Updating Images | Loading menu_chalk_line_0_DIFFUSE
Fra:1 Mem:24.94M (Peak 34.14M) | Time:495255:13:15.43 | Mem:0.00M, Peak:0.00M | Scene | Synchronizing object | menu_chalk_line_0
Fra:1 Mem:24.95M (Peak 34.14M) | Time:495255:13:15.43 | Mem:0.00M, Peak:0.00M | Scene | Initializing
Fra:1 Mem:24.94M (Peak 34.14M) | Time:495255:13:15.43 | Mem:0.00M, Peak:0.00M | Scene | Updating Images | Loading menu_chalk_line_0_ROUGHNESS
Fra:1 Mem:24.97M (Peak 34.14M) | Time:495255:13:15.44 | Mem:0.00M, Peak:0.00M | Scene | Synchronizing object | menu_chalk_line_0
Fra:1 Mem:24.97M (Peak 34.14M) | Time:495255:13:15.44 | Mem:0.00M, Peak:0.00M | Scene | Initializing
Fra:1 Mem:24.96M (Peak 34.14M) | Time:495255:13:15.44 | Mem:0.00M, Peak:0.00M | Scene | Updating Images | Loading menu_chalk_line_0_NORMAL
Fra:1 Mem:24.99M (Peak 34.18M) | Time:495255:13:15.46 | Mem:0.00M, Peak:0.00M | Scene | Synchronizing object | menu_chalk_line_1
Fra:1 Mem:24.99M (Peak 34.18M) | Time:495255:13:15.46 | Mem:0.00M, Peak:0.00M | Scene | Initializing
Fra:1 Mem:24.98M (Peak 34.18M) | Time:495255:13:15.46 | Mem:0.00M, Peak:0.00M | Scene | Updating Images | Loading menu_chalk_line_1_DIFFUSE
Fra:1 Mem:25.01M (Peak 34.20M) | Time:495255:13:15.47 | Mem:0.00M, Peak:0.00M | Scene | Synchronizing object | menu_chalk_line_1
Fra:1 Mem:25.01M (Peak 34.20M) | Time:495255:13:15.47 | Mem:0.00M, Peak:0.00M | Scene | Initializing
Fra:1 Mem:25.01M (Peak 34.20M) | Time:495255:13:15.47 | Mem:0.00M, Peak:0.00M | Scene | Updating Images | Loading menu_chalk_line_1_ROUGHNESS
Fra:1 Mem:25.03M (Peak 34.20M) | Time:495255:13:15.48 | Mem:0.00M, Peak:0.00M | Scene | Synchronizing object | menu_chalk_line_1
Fra:1 Mem:25.03M (Peak 34.20M) | Time:495255:13:15.48 | Mem:0.00M, Peak:0.00M | Scene | Initializing
Fra:1 Mem:25.03M (Peak 34.20M) | Time:495255:13:15.48 | Mem:0.00M, Peak:0.00M | Scene | Updating Images | Loading menu_chalk_line_1_NORMAL
Fra:1 Mem:25.05M (Peak 34.24M) | Time:495255:13:15.49 | Mem:0.00M, Peak:0.00M | Scene | Synchronizing object | menu_chalk_line_2
Fra:1 Mem:25.05M (Peak 34.24M) | Time:495255:13:15.49 | Mem:0.00M, Peak:0.00M | Scene | Initializing
Fra:1 Mem:25.05M (Peak 34.24M) | Time:495255:13:15.49 | Mem:0.00M, Peak:0.00M | Scene | Updating Images | Loading menu_chalk_line_2_DIFFUSE
Fra:1 Mem:25.07M (Peak 34.26M) | Time:495255:13:15.50 | Mem:0.00M, Peak:0.00M | Scene | Synchronizing object | menu_chalk_line_2
Fra:1 Mem:25.07M (Peak 34.26M) | Time:495255:13:15.50 | Mem:0.00M, Peak:0.00M | Scene | Initializing
Fra:1 Mem:25.07M (Peak 34.26M) | Time:495255:13:15.50 | Mem:0.00M, Peak:0.00M | Scene | Updating Images | Loading menu_chalk_line_2_ROUGHNESS
Fra:1 Mem:25.10M (Peak 34.26M) | Time:495255:13:15.51 | Mem:0.00M, Peak:0.00M | Scene | Synchronizing object | menu_chalk_line_2
Fra:1 Mem:25.10M (Peak 34.26M) | Time:495255:13:15.51 | Mem:0.00M, Peak:0.00M | Scene | Initializing
Fra:1 Mem:25.09M (Peak 34.26M) | Time:495255:13:15.51 | Mem:0.00M, Peak:0.00M | Scene | Updating Images | Loading menu_chalk_line_2_NORMAL
Fra:1 Mem:25.12M (Peak 34.30M) | Time:495255:13:15.53 | Mem:0.00M, Peak:0.00M | Scene | Synchronizing object | menu_chalk_line_3
Fra:1 Mem:25.12M (Peak 34.30M) | Time:495255:13:15.53 | Mem:0.00M, Peak:0.00M | Scene | Initializing
Fra:1 Mem:25.11M (Peak 34.30M) | Time:495255:13:15.53 | Mem:0.00M, Peak:0.00M | Scene | Updating Images | Loading menu_chalk_line_3_DIFFUSE
Fra:1 Mem:25.14M (Peak 34.32M) | Time:495255:13:15.54 | Mem:0.00M, Peak:0.00M | Scene | Synchronizing object | menu_chalk_line_3
Fra:1 Mem:25.14M (Peak 34.32M) | Time:495255:13:15.54 | Mem:0.00M, Peak:0.00M | Scene | Initializing
Fra:1 Mem:25.14M (Peak 34.32M) | Time:495255:13:15.54 | Mem:0.00M, Peak:0.00M | Scene | Updating Images | Loading menu_chalk_line_3_ROUGHNESS
Fra:1 Mem:25.16M (Peak 34.32M) | Time:495255:13:15.55 | Mem:0.00M, Peak:0.00M | Scene | Synchronizing object | menu_chalk_line_3
Fra:1 Mem:25.16M (Peak 34.32M) | Time:495255:13:15.55 | Mem:0.00M, Peak:0.00M | Scene | Initializing
Fra:1 Mem:25.16M (Peak 34.32M) | Time:495255:13:15.55 | Mem:0.00M, Peak:0.00M | Scene | Updating Images | Loading menu_chalk_line_3_NORMAL
Fra:1 Mem:25.18M (Peak 34.37M) | Time:495255:13:15.56 | Mem:0.00M, Peak:0.00M | Scene | Synchronizing object | menu_chalk_line_4
Fra:1 Mem:25.18M (Peak 34.37M) | Time:495255:13:15.56 | Mem:0.00M, Peak:0.00M | Scene | Initializing
Fra:1 Mem:25.18M (Peak 34.37M) | Time:495255:13:15.56 | Mem:0.00M, Peak:0.00M | Scene | Updating Images | Loading menu_chalk_line_4_DIFFUSE
Fra:1 Mem:25.20M (Peak 34.39M) | Time:495255:13:15.57 | Mem:0.00M, Peak:0.00M | Scene | Synchronizing object | menu_chalk_line_4
Fra:1 Mem:25.20M (Peak 34.39M) | Time:495255:13:15.57 | Mem:0.00M, Peak:0.00M | Scene | Initializing
Fra:1 Mem:25.20M (Peak 34.39M) | Time:495255:13:15.57 | Mem:0.00M, Peak:0.00M | Scene | Updating Images | Loading menu_chalk_line_4_ROUGHNESS
Fra:1 Mem:25.22M (Peak 34.39M) | Time:495255:13:15.58 | Mem:0.00M, Peak:0.00M | Scene | Synchronizing object | menu_chalk_line_4
Fra:1 Mem:25.22M (Peak 34.39M) | Time:495255:13:15.58 | Mem:0.00M, Peak:0.00M | Scene | Initializing
Fra:1 Mem:25.22M (Peak 34.39M) | Time:495255:13:15.58 | Mem:0.00M, Peak:0.00M | Scene | Updating Images | Loading menu_chalk_line_4_NORMAL
Fra:1 Mem:25.24M (Peak 34.43M) | Time:495255:13:15.59 | Mem:0.00M, Peak:0.00M | Scene | Synchronizing object | menu_chalk_line_5
Fra:1 Mem:25.24M (Peak 34.43M) | Time:495255:13:15.59 | Mem:0.00M, Peak:0.00M | Scene | Initializing
Fra:1 Mem:25.24M (Peak 34.43M) | Time:495255:13:15.59 | Mem:0.00M, Peak:0.00M | Scene | Updating Images | Loading menu_chalk_line_5_DIFFUSE
Fra:1 Mem:25.27M (Peak 34.45M) | Time:495255:13:15.61 | Mem:0.00M, Peak:0.00M | Scene | Synchronizing object | menu_chalk_line_5
Fra:1 Mem:25.27M (Peak 34.45M) | Time:495255:13:15.61 | Mem:0.00M, Peak:0.00M | Scene | Initializing
Fra:1 Mem:25.26M (Peak 34.45M) | Time:495255:13:15.61 | Mem:0.00M, Peak:0.00M | Scene | Updating Images | Loading menu_chalk_line_5_ROUGHNESS
Fra:1 Mem:25.29M (Peak 34.45M) | Time:495255:13:15.62 | Mem:0.00M, Peak:0.00M | Scene | Synchronizing object | menu_chalk_line_5
Fra:1 Mem:25.29M (Peak 34.45M) | Time:495255:13:15.62 | Mem:0.00M, Peak:0.00M | Scene | Initializing
Fra:1 Mem:25.29M (Peak 34.45M) | Time:495255:13:15.62 | Mem:0.00M, Peak:0.00M | Scene | Updating Images | Loading menu_chalk_line_5_NORMAL
Fra:1 Mem:25.30M (Peak 34.50M) | Time:495255:13:15.63 | Mem:0.00M, Peak:0.00M | Scene | Synchronizing object | napkin_dispenser_metal
Fra:1 Mem:25.31M (Peak 34.50M) | Time:495255:13:15.63 | Mem:0.00M, Peak:0.00M | Scene | Initializing
Fra:1 Mem:25.30M (Peak 34.50M) | Time:495255:13:15.63 | Mem:0.00M, Peak:0.00M | Scene | Updating Images | Loading napkin_dispenser_metal_METAL
Fra:1 Mem:25.33M (Peak 34.52M) | Time:495255:13:15.64 | Mem:0.00M, Peak:0.00M | Scene | Synchronizing object | napkin_dispenser_metal
Fra:1 Mem:25.34M (Peak 34.52M) | Time:495255:13:15.64 | Mem:0.00M, Peak:0.00M | Scene | Initializing
Fra:1 Mem:25.33M (Peak 34.52M) | Time:495255:13:15.64 | Mem:0.00M, Peak:0.00M | Scene | Updating Images | Loading napkin_dispenser_metal_DIFFUSE
Fra:1 Mem:25.36M (Peak 34.55M) | Time:495255:13:15.65 | Mem:0.00M, Peak:0.00M | Scene | Synchronizing object | napkin_dispenser_metal
Fra:1 Mem:25.36M (Peak 34.55M) | Time:495255:13:15.65 | Mem:0.00M, Peak:0.00M | Scene | Initializing
Fra:1 Mem:25.35M (Peak 34.55M) | Time:495255:13:15.65 | Mem:0.00M, Peak:0.00M | Scene | Updating Images | Loading napkin_dispenser_metal_ROUGHNESS
Fra:1 Mem:25.38M (Peak 34.55M) | Time:495255:13:15.67 | Mem:0.00M, Peak:0.00M | Scene | Synchronizing object | napkin_dispenser_metal
Fra:1 Mem:25.38M (Peak 34.55M) | Time:495255:13:15.67 | Mem:0.00M, Peak:0.00M | Scene | Initializing
Fra:1 Mem:25.38M (Peak 34.55M) | Time:495255:13:15.67 | Mem:0.00M, Peak:0.00M | Scene | Updating Images | Loading napkin_dispenser_metal_NORMAL
Fra:1 Mem:25.38M (Peak 34.59M) | Time:495255:13:15.68 | Mem:0.00M, Peak:0.00M | Scene | Synchronizing object | notice_board_muted_flyer_0
Fra:1 Mem:25.38M (Peak 34.59M) | Time:495255:13:15.68 | Mem:0.00M, Peak:0.00M | Scene | Initializing
Fra:1 Mem:25.38M (Peak 34.59M) | Time:495255:13:15.68 | Mem:0.00M, Peak:0.00M | Scene | Updating Images | Loading notice_board_muted_flyer_0_DIFFUSE
Fra:1 Mem:25.41M (Peak 34.59M) | Time:495255:13:15.69 | Mem:0.00M, Peak:0.00M | Scene | Synchronizing object | notice_board_muted_flyer_0
Fra:1 Mem:25.41M (Peak 34.59M) | Time:495255:13:15.69 | Mem:0.00M, Peak:0.00M | Scene | Initializing
Fra:1 Mem:25.40M (Peak 34.59M) | Time:495255:13:15.69 | Mem:0.00M, Peak:0.00M | Scene | Updating Images | Loading notice_board_muted_flyer_0_ROUGHNESS
Fra:1 Mem:25.43M (Peak 34.59M) | Time:495255:13:15.71 | Mem:0.00M, Peak:0.00M | Scene | Synchronizing object | notice_board_muted_flyer_0
Fra:1 Mem:25.43M (Peak 34.59M) | Time:495255:13:15.71 | Mem:0.00M, Peak:0.00M | Scene | Initializing
Fra:1 Mem:25.42M (Peak 34.59M) | Time:495255:13:15.71 | Mem:0.00M, Peak:0.00M | Scene | Updating Images | Loading notice_board_muted_flyer_0_NORMAL
Fra:1 Mem:25.45M (Peak 34.64M) | Time:495255:13:15.72 | Mem:0.00M, Peak:0.00M | Scene | Synchronizing object | notice_board_muted_flyer_1
Fra:1 Mem:25.45M (Peak 34.64M) | Time:495255:13:15.72 | Mem:0.00M, Peak:0.00M | Scene | Initializing
Fra:1 Mem:25.45M (Peak 34.64M) | Time:495255:13:15.72 | Mem:0.00M, Peak:0.00M | Scene | Updating Images | Loading notice_board_muted_flyer_1_DIFFUSE
Fra:1 Mem:25.47M (Peak 34.66M) | Time:495255:13:15.73 | Mem:0.00M, Peak:0.00M | Scene | Synchronizing object | notice_board_muted_flyer_1
Fra:1 Mem:25.47M (Peak 34.66M) | Time:495255:13:15.73 | Mem:0.00M, Peak:0.00M | Scene | Initializing
Fra:1 Mem:25.47M (Peak 34.66M) | Time:495255:13:15.73 | Mem:0.00M, Peak:0.00M | Scene | Updating Images | Loading notice_board_muted_flyer_1_ROUGHNESS
Fra:1 Mem:25.49M (Peak 34.66M) | Time:495255:13:15.75 | Mem:0.00M, Peak:0.00M | Scene | Synchronizing object | notice_board_muted_flyer_1
Fra:1 Mem:25.49M (Peak 34.66M) | Time:495255:13:15.75 | Mem:0.00M, Peak:0.00M | Scene | Initializing
Fra:1 Mem:25.49M (Peak 34.66M) | Time:495255:13:15.75 | Mem:0.00M, Peak:0.00M | Scene | Updating Images | Loading notice_board_muted_flyer_1_NORMAL
Info: Baking map saved to internal image, save it externally or pack it
Info: Baking map saved to internal image, save it externally or pack it
Info: Baking map saved to internal image, save it externally or pack it
Info: Baking map saved to internal image, save it externally or pack it
Info: Baking map saved to internal image, save it externally or pack it
Info: Baking map saved to internal image, save it externally or pack it
Info: Baking map saved to internal image, save it externally or pack it
Info: Baking map saved to internal image, save it externally or pack it
Info: Baking map saved to internal image, save it externally or pack it
Info: Baking map saved to internal image, save it externally or pack it
Info: Baking map saved to internal image, save it externally or pack it
Info: Baking map saved to internal image, save it externally or pack it
Info: Baking map saved to internal image, save it externally or pack it
Info: Baking map saved to internal image, save it externally or pack it
Info: Baking map saved to internal image, save it externally or pack it
Info: Baking map saved to internal image, save it externally or pack it
Info: Baking map saved to internal image, save it externally or pack it
Info: Baking map saved to internal image, save it externally or pack it
Info: Baking map saved to internal image, save it externally or pack it
Info: Baking map saved to internal image, save it externally or pack it
Info: Baking map saved to internal image, save it externally or pack it
Info: Baking map saved to internal image, save it externally or pack it
Info: Baking map saved to internal image, save it externally or pack it
Info: Baking map saved to internal image, save it externally or pack it
Info: Baking map saved to internal image, save it externally or pack it
Info: Baking map saved to internal image, save it externally or pack it
Info: Baking map saved to internal image, save it externally or pack it
Info: Baking map saved to internal image, save it externally or pack it
Info: Baking map saved to internal image, save it externally or pack it
Info: Baking map saved to internal image, save it externally or pack it
Info: Baking map saved to internal image, save it externally or pack it
Info: Baking map saved to internal image, save it externally or pack it
Info: Baking map saved to internal image, save it externally or pack it
Info: Baking map saved to internal image, save it externally or pack it
Info: Baking map saved to internal image, save it externally or pack it
Info: Baking map saved to internal image, save it externally or pack it
Info: Baking map saved to internal image, save it externally or pack it
Info: Baking map saved to internal image, save it externally or pack it
Info: Baking map saved to internal image, save it externally or pack it
Info: Baking map saved to internal image, save it externally or pack it
Info: Baking map saved to internal image, save it externally or pack it
Info: Baking map saved to internal image, save it externally or pack it
Info: Baking map saved to internal image, save it externally or pack it
Info: Baking map saved to internal image, save it externally or pack it
Info: Baking map saved to internal image, save it externally or pack it
Info: Baking map saved to internal image, save it externally or pack it
Info: Baking map saved to internal image, save it externally or pack it
Info: Baking map saved to internal image, save it externally or pack it
Info: Baking map saved to internal image, save it externally or pack it
Info: Baking map saved to internal image, save it externally or pack it
Info: Baking map saved to internal image, save it externally or pack it
Info: Baking map saved to internal image, save it externally or pack it
Info: Baking map saved to internal image, save it externally or pack it
Info: Baking map saved to internal image, save it externally or pack it
Info: Baking map saved to internal image, save it externally or pack it
Info: Baking map saved to internal image, save it externally or pack it
Info: Baking map saved to internal image, save it externally or pack it
Info: Baking map saved to internal image, save it externally or pack it
Info: Baking map saved to internal image, save it externally or pack it
Info: Baking map saved to internal image, save it externally or pack it
Info: Baking map saved to internal image, save it externally or pack it
Info: Baking map saved to internal image, save it externally or pack it
Info: Baking map saved to internal image, save it externally or pack it
Info: Baking map saved to internal image, save it externally or pack it
Info: Baking map saved to internal image, save it externally or pack it
Info: Baking map saved to internal image, save it externally or pack it
Info: Baking map saved to internal image, save it externally or pack it
Info: Baking map saved to internal image, save it externally or pack it
Info: Baking map saved to internal image, save it externally or pack it
Info: Baking map saved to internal image, save it externally or pack it
Info: Baking map saved to internal image, save it externally or pack it
Info: Baking map saved to internal image, save it externally or pack it
Info: Baking map saved to internal image, save it externally or pack it
Info: Baking map saved to internal image, save it externally or pack it
Info: Baking map saved to internal image, save it externally or pack it
Info: Baking map saved to internal image, save it externally or pack it
Info: Baking map saved to internal image, save it externally or pack it
Info: Baking map saved to internal image, save it externally or pack it
Info: Baking map saved to internal image, save it externally or pack it
Info: Baking map saved to internal image, save it externally or pack it
Info: Baking map saved to internal image, save it externally or pack it
Info: Baking map saved to internal image, save it externally or pack it
Info: Baking map saved to internal image, save it externally or pack it
Info: Baking map saved to internal image, save it externally or pack it
Info: Baking map saved to internal image, save it externally or pack it
Info: Baking map saved to internal image, save it externally or pack it
Info: Baking map saved to internal image, save it externally or pack it
Info: Baking map saved to internal image, save it externally or pack it
Info: Baking map saved to internal image, save it externally or pack it
Info: Baking map saved to internal image, save it externally or pack it
Info: Baking map saved to internal image, save it externally or pack it
Info: Baking map saved to internal image, save it externally or pack it
Info: Baking map saved to internal image, save it externally or pack it
Info: Baking map saved to internal image, save it externally or pack it
Info: Baking map saved to internal image, save it externally or pack it
Info: Baking map saved to internal image, save it externally or pack it
Info: Baking map saved to internal image, save it externally or pack it
Info: Baking map saved to internal image, save it externally or pack it
Info: Baking map saved to internal image, save it externally or pack it
Info: Baking map saved to internal image, save it externally or pack it
Info: Baking map saved to internal image, save it externally or pack it
Info: Baking map saved to internal image, save it externally or pack it
Info: Baking map saved to internal image, save it externally or pack it
Info: Baking map saved to internal image, save it externally or pack it
Info: Baking map saved to internal image, save it externally or pack it
Info: Baking map saved to internal image, save it externally or pack it
Info: Baking map saved to internal image, save it externally or pack it
Info: Baking map saved to internal image, save it externally or pack it
Info: Baking map saved to internal image, save it externally or pack it
Info: Baking map saved to internal image, save it externally or pack it
Info: Baking map saved to internal image, save it externally or pack it
Info: Baking map saved to internal image, save it externally or pack it
Info: Baking map saved to internal image, save it externally or pack it
Info: Baking map saved to internal image, save it externally or pack it
Fra:1 Mem:25.51M (Peak 34.70M) | Time:495255:13:15.76 | Mem:0.00M, Peak:0.00M | Scene | Synchronizing object | notice_board_muted_flyer_2
Fra:1 Mem:25.51M (Peak 34.70M) | Time:495255:13:15.76 | Mem:0.00M, Peak:0.00M | Scene | Initializing
Fra:1 Mem:25.51M (Peak 34.70M) | Time:495255:13:15.76 | Mem:0.00M, Peak:0.00M | Scene | Updating Images | Loading notice_board_muted_flyer_2_DIFFUSE
Fra:1 Mem:25.54M (Peak 34.72M) | Time:495255:13:15.77 | Mem:0.00M, Peak:0.00M | Scene | Synchronizing object | notice_board_muted_flyer_2
Fra:1 Mem:25.54M (Peak 34.72M) | Time:495255:13:15.77 | Mem:0.00M, Peak:0.00M | Scene | Initializing
Fra:1 Mem:25.53M (Peak 34.72M) | Time:495255:13:15.77 | Mem:0.00M, Peak:0.00M | Scene | Updating Images | Loading notice_board_muted_flyer_2_ROUGHNESS
Fra:1 Mem:25.56M (Peak 34.72M) | Time:495255:13:15.79 | Mem:0.00M, Peak:0.00M | Scene | Synchronizing object | notice_board_muted_flyer_2
Fra:1 Mem:25.56M (Peak 34.72M) | Time:495255:13:15.79 | Mem:0.00M, Peak:0.00M | Scene | Initializing
Fra:1 Mem:25.55M (Peak 34.72M) | Time:495255:13:15.79 | Mem:0.00M, Peak:0.00M | Scene | Updating Images | Loading notice_board_muted_flyer_2_NORMAL
Fra:1 Mem:25.58M (Peak 34.77M) | Time:495255:13:15.80 | Mem:0.00M, Peak:0.00M | Scene | Synchronizing object | pale_sky_strip_above_exterior_wall
Fra:1 Mem:25.58M (Peak 34.77M) | Time:495255:13:15.80 | Mem:0.00M, Peak:0.00M | Scene | Initializing
Fra:1 Mem:25.57M (Peak 34.77M) | Time:495255:13:15.80 | Mem:0.00M, Peak:0.00M | Scene | Updating Images | Loading pale_sky_strip_above_exterior_wall_DIFFUSE
Fra:1 Mem:25.60M (Peak 34.79M) | Time:495255:13:15.81 | Mem:0.00M, Peak:0.00M | Scene | Synchronizing object | pale_sky_strip_above_exterior_wall
Fra:1 Mem:25.60M (Peak 34.79M) | Time:495255:13:15.81 | Mem:0.00M, Peak:0.00M | Scene | Initializing
Fra:1 Mem:25.60M (Peak 34.79M) | Time:495255:13:15.81 | Mem:0.00M, Peak:0.00M | Scene | Updating Images | Loading pale_sky_strip_above_exterior_wall_ROUGHNESS
Fra:1 Mem:25.62M (Peak 34.79M) | Time:495255:13:15.82 | Mem:0.00M, Peak:0.00M | Scene | Synchronizing object | pale_sky_strip_above_exterior_wall
Fra:1 Mem:25.62M (Peak 34.79M) | Time:495255:13:15.82 | Mem:0.00M, Peak:0.00M | Scene | Initializing
Fra:1 Mem:25.62M (Peak 34.79M) | Time:495255:13:15.82 | Mem:0.00M, Peak:0.00M | Scene | Updating Images | Loading pale_sky_strip_above_exterior_wall_NORMAL
Fra:1 Mem:25.65M (Peak 34.83M) | Time:495255:13:15.83 | Mem:0.00M, Peak:0.00M | Scene | Synchronizing object | rear_glass_entry_door
Fra:1 Mem:25.66M (Peak 34.83M) | Time:495255:13:15.83 | Mem:0.00M, Peak:0.00M | Scene | Initializing
Fra:1 Mem:25.65M (Peak 34.83M) | Time:495255:13:15.83 | Mem:0.00M, Peak:0.00M | Scene | Updating Images | Loading rear_glass_entry_door_TRANSMISSION
Fra:1 Mem:25.67M (Peak 34.88M) | Time:495255:13:15.84 | Mem:0.00M, Peak:0.00M | Scene | Synchronizing object | rear_glass_entry_door
Fra:1 Mem:25.69M (Peak 34.88M) | Time:495255:13:15.85 | Mem:0.00M, Peak:0.00M | Scene | Initializing
Fra:1 Mem:25.68M (Peak 34.88M) | Time:495255:13:15.85 | Mem:0.00M, Peak:0.00M | Scene | Updating Images | Loading rear_glass_entry_door_DIFFUSE
Fra:1 Mem:25.69M (Peak 34.91M) | Time:495255:13:15.86 | Mem:0.00M, Peak:0.00M | Scene | Synchronizing object | rear_glass_entry_door
Fra:1 Mem:25.71M (Peak 34.91M) | Time:495255:13:15.86 | Mem:0.00M, Peak:0.00M | Scene | Initializing
Fra:1 Mem:25.70M (Peak 34.91M) | Time:495255:13:15.86 | Mem:0.00M, Peak:0.00M | Scene | Updating Images | Loading rear_glass_entry_door_ROUGHNESS
Fra:1 Mem:25.72M (Peak 34.91M) | Time:495255:13:15.87 | Mem:0.00M, Peak:0.00M | Scene | Synchronizing object | rear_glass_entry_door
Fra:1 Mem:25.73M (Peak 34.91M) | Time:495255:13:15.87 | Mem:0.00M, Peak:0.00M | Scene | Initializing
Fra:1 Mem:25.73M (Peak 34.91M) | Time:495255:13:15.87 | Mem:0.00M, Peak:0.00M | Scene | Updating Images | Loading rear_glass_entry_door_NORMAL
Fra:1 Mem:25.71M (Peak 34.95M) | Time:495255:13:15.89 | Mem:0.00M, Peak:0.00M | Scene | Synchronizing object | rectangular_led_panel_diffuser_0
Fra:1 Mem:25.71M (Peak 34.95M) | Time:495255:13:15.89 | Mem:0.00M, Peak:0.00M | Scene | Initializing
Fra:1 Mem:25.71M (Peak 34.95M) | Time:495255:13:15.89 | Mem:0.00M, Peak:0.00M | Scene | Updating Images | Loading rectangular_led_panel_diffuser_0_DIFFUSE
Fra:1 Mem:25.74M (Peak 34.95M) | Time:495255:13:15.90 | Mem:0.00M, Peak:0.00M | Scene | Synchronizing object | rectangular_led_panel_diffuser_0
Fra:1 Mem:25.74M (Peak 34.95M) | Time:495255:13:15.90 | Mem:0.00M, Peak:0.00M | Scene | Initializing
Fra:1 Mem:25.73M (Peak 34.95M) | Time:495255:13:15.90 | Mem:0.00M, Peak:0.00M | Scene | Updating Images | Loading rectangular_led_panel_diffuser_0_ROUGHNESS
Fra:1 Mem:25.76M (Peak 34.95M) | Time:495255:13:15.91 | Mem:0.00M, Peak:0.00M | Scene | Synchronizing object | rectangular_led_panel_diffuser_0
Fra:1 Mem:25.76M (Peak 34.95M) | Time:495255:13:15.91 | Mem:0.00M, Peak:0.00M | Scene | Initializing
Fra:1 Mem:25.75M (Peak 34.95M) | Time:495255:13:15.91 | Mem:0.00M, Peak:0.00M | Scene | Updating Images | Loading rectangular_led_panel_diffuser_0_NORMAL
Fra:1 Mem:25.78M (Peak 34.97M) | Time:495255:13:15.93 | Mem:0.00M, Peak:0.00M | Scene | Synchronizing object | rectangular_led_panel_diffuser_1
Fra:1 Mem:25.78M (Peak 34.97M) | Time:495255:13:15.93 | Mem:0.00M, Peak:0.00M | Scene | Initializing
Fra:1 Mem:25.77M (Peak 34.97M) | Time:495255:13:15.93 | Mem:0.00M, Peak:0.00M | Scene | Updating Images | Loading rectangular_led_panel_diffuser_1_DIFFUSE
Fra:1 Mem:25.80M (Peak 34.99M) | Time:495255:13:15.94 | Mem:0.00M, Peak:0.00M | Scene | Synchronizing object | rectangular_led_panel_diffuser_1
Fra:1 Mem:25.80M (Peak 34.99M) | Time:495255:13:15.94 | Mem:0.00M, Peak:0.00M | Scene | Initializing
Fra:1 Mem:25.80M (Peak 34.99M) | Time:495255:13:15.94 | Mem:0.00M, Peak:0.00M | Scene | Updating Images | Loading rectangular_led_panel_diffuser_1_ROUGHNESS
Fra:1 Mem:25.82M (Peak 34.99M) | Time:495255:13:15.95 | Mem:0.00M, Peak:0.00M | Scene | Synchronizing object | rectangular_led_panel_diffuser_1
Fra:1 Mem:25.82M (Peak 34.99M) | Time:495255:13:15.95 | Mem:0.00M, Peak:0.00M | Scene | Initializing
Fra:1 Mem:25.82M (Peak 34.99M) | Time:495255:13:15.95 | Mem:0.00M, Peak:0.00M | Scene | Updating Images | Loading rectangular_led_panel_diffuser_1_NORMAL
Fra:1 Mem:25.84M (Peak 35.03M) | Time:495255:13:15.97 | Mem:0.00M, Peak:0.00M | Scene | Synchronizing object | rectangular_led_panel_diffuser_2
Fra:1 Mem:25.84M (Peak 35.03M) | Time:495255:13:15.97 | Mem:0.00M, Peak:0.00M | Scene | Initializing
Fra:1 Mem:25.84M (Peak 35.03M) | Time:495255:13:15.97 | Mem:0.00M, Peak:0.00M | Scene | Updating Images | Loading rectangular_led_panel_diffuser_2_DIFFUSE
Fra:1 Mem:25.86M (Peak 35.05M) | Time:495255:13:15.98 | Mem:0.00M, Peak:0.00M | Scene | Synchronizing object | rectangular_led_panel_diffuser_2
Fra:1 Mem:25.87M (Peak 35.05M) | Time:495255:13:15.98 | Mem:0.00M, Peak:0.00M | Scene | Initializing
Fra:1 Mem:25.86M (Peak 35.05M) | Time:495255:13:15.98 | Mem:0.00M, Peak:0.00M | Scene | Updating Images | Loading rectangular_led_panel_diffuser_2_ROUGHNESS
Fra:1 Mem:25.89M (Peak 35.05M) | Time:495255:13:15.99 | Mem:0.00M, Peak:0.00M | Scene | Synchronizing object | rectangular_led_panel_diffuser_2
Fra:1 Mem:25.89M (Peak 35.05M) | Time:495255:13:15.99 | Mem:0.00M, Peak:0.00M | Scene | Initializing
Fra:1 Mem:25.88M (Peak 35.05M) | Time:495255:13:15.99 | Mem:0.00M, Peak:0.00M | Scene | Updating Images | Loading rectangular_led_panel_diffuser_2_NORMAL
Fra:1 Mem:25.91M (Peak 35.10M) | Time:495255:13:16.01 | Mem:0.00M, Peak:0.00M | Scene | Synchronizing object | rectangular_led_panel_diffuser_3
Fra:1 Mem:25.91M (Peak 35.10M) | Time:495255:13:16.01 | Mem:0.00M, Peak:0.00M | Scene | Initializing
Fra:1 Mem:25.90M (Peak 35.10M) | Time:495255:13:16.01 | Mem:0.00M, Peak:0.00M | Scene | Updating Images | Loading rectangular_led_panel_diffuser_3_DIFFUSE
Fra:1 Mem:25.93M (Peak 35.12M) | Time:495255:13:16.02 | Mem:0.00M, Peak:0.00M | Scene | Synchronizing object | rectangular_led_panel_diffuser_3
Fra:1 Mem:25.93M (Peak 35.12M) | Time:495255:13:16.02 | Mem:0.00M, Peak:0.00M | Scene | Initializing
Fra:1 Mem:25.93M (Peak 35.12M) | Time:495255:13:16.02 | Mem:0.00M, Peak:0.00M | Scene | Updating Images | Loading rectangular_led_panel_diffuser_3_ROUGHNESS
Fra:1 Mem:25.95M (Peak 35.12M) | Time:495255:13:16.03 | Mem:0.00M, Peak:0.00M | Scene | Synchronizing object | rectangular_led_panel_diffuser_3
Fra:1 Mem:25.95M (Peak 35.12M) | Time:495255:13:16.03 | Mem:0.00M, Peak:0.00M | Scene | Initializing
Fra:1 Mem:25.95M (Peak 35.12M) | Time:495255:13:16.03 | Mem:0.00M, Peak:0.00M | Scene | Updating Images | Loading rectangular_led_panel_diffuser_3_NORMAL
Fra:1 Mem:25.96M (Peak 35.16M) | Time:495255:13:16.04 | Mem:0.00M, Peak:0.00M | Scene | Synchronizing object | right_real_window_frame_0_bottom
Fra:1 Mem:25.96M (Peak 35.16M) | Time:495255:13:16.04 | Mem:0.00M, Peak:0.00M | Scene | Initializing
Fra:1 Mem:25.96M (Peak 35.16M) | Time:495255:13:16.04 | Mem:0.00M, Peak:0.00M | Scene | Updating Images | Loading right_real_window_frame_0_bottom_METAL
Fra:1 Mem:25.99M (Peak 35.17M) | Time:495255:13:16.06 | Mem:0.00M, Peak:0.00M | Scene | Synchronizing object | right_real_window_frame_0_bottom
Fra:1 Mem:25.99M (Peak 35.17M) | Time:495255:13:16.06 | Mem:0.00M, Peak:0.00M | Scene | Initializing
Fra:1 Mem:25.99M (Peak 35.17M) | Time:495255:13:16.06 | Mem:0.00M, Peak:0.00M | Scene | Updating Images | Loading right_real_window_frame_0_bottom_DIFFUSE
Fra:1 Mem:26.01M (Peak 35.20M) | Time:495255:13:16.07 | Mem:0.00M, Peak:0.00M | Scene | Synchronizing object | right_real_window_frame_0_bottom
Fra:1 Mem:26.02M (Peak 35.20M) | Time:495255:13:16.07 | Mem:0.00M, Peak:0.00M | Scene | Initializing
Fra:1 Mem:26.01M (Peak 35.20M) | Time:495255:13:16.07 | Mem:0.00M, Peak:0.00M | Scene | Updating Images | Loading right_real_window_frame_0_bottom_ROUGHNESS
Fra:1 Mem:26.04M (Peak 35.20M) | Time:495255:13:16.08 | Mem:0.00M, Peak:0.00M | Scene | Synchronizing object | right_real_window_frame_0_bottom
Fra:1 Mem:26.04M (Peak 35.20M) | Time:495255:13:16.08 | Mem:0.00M, Peak:0.00M | Scene | Initializing
Fra:1 Mem:26.03M (Peak 35.20M) | Time:495255:13:16.08 | Mem:0.00M, Peak:0.00M | Scene | Updating Images | Loading right_real_window_frame_0_bottom_NORMAL
Fra:1 Mem:26.03M (Peak 35.25M) | Time:495255:13:16.09 | Mem:0.00M, Peak:0.00M | Scene | Synchronizing object | right_real_window_frame_0_left
Fra:1 Mem:26.03M (Peak 35.25M) | Time:495255:13:16.09 | Mem:0.00M, Peak:0.00M | Scene | Initializing
Fra:1 Mem:26.03M (Peak 35.25M) | Time:495255:13:16.09 | Mem:0.00M, Peak:0.00M | Scene | Updating Images | Loading right_real_window_frame_0_left_METAL
Fra:1 Mem:26.19M (Peak 35.25M) | Time:495255:13:16.10 | Mem:0.00M, Peak:0.00M | Scene | Synchronizing object | right_real_window_frame_0_left
Fra:1 Mem:26.19M (Peak 35.25M) | Time:495255:13:16.10 | Mem:0.00M, Peak:0.00M | Scene | Initializing
Fra:1 Mem:26.19M (Peak 35.25M) | Time:495255:13:16.10 | Mem:0.00M, Peak:0.00M | Scene | Updating Images | Loading right_real_window_frame_0_left_DIFFUSE
Fra:1 Mem:26.22M (Peak 35.40M) | Time:495255:13:16.12 | Mem:0.00M, Peak:0.00M | Scene | Synchronizing object | right_real_window_frame_0_left
Fra:1 Mem:26.22M (Peak 35.40M) | Time:495255:13:16.12 | Mem:0.00M, Peak:0.00M | Scene | Initializing
Fra:1 Mem:26.21M (Peak 35.40M) | Time:495255:13:16.12 | Mem:0.00M, Peak:0.00M | Scene | Updating Images | Loading right_real_window_frame_0_left_ROUGHNESS
Fra:1 Mem:26.24M (Peak 35.40M) | Time:495255:13:16.13 | Mem:0.00M, Peak:0.00M | Scene | Synchronizing object | right_real_window_frame_0_left
Fra:1 Mem:26.24M (Peak 35.40M) | Time:495255:13:16.13 | Mem:0.00M, Peak:0.00M | Scene | Initializing
Fra:1 Mem:26.23M (Peak 35.40M) | Time:495255:13:16.13 | Mem:0.00M, Peak:0.00M | Scene | Updating Images | Loading right_real_window_frame_0_left_NORMAL
Fra:1 Mem:26.23M (Peak 35.45M) | Time:495255:13:16.14 | Mem:0.00M, Peak:0.00M | Scene | Synchronizing object | right_real_window_frame_0_right
Fra:1 Mem:26.23M (Peak 35.45M) | Time:495255:13:16.14 | Mem:0.00M, Peak:0.00M | Scene | Initializing
Fra:1 Mem:26.23M (Peak 35.45M) | Time:495255:13:16.14 | Mem:0.00M, Peak:0.00M | Scene | Updating Images | Loading right_real_window_frame_0_right_METAL
Fra:1 Mem:26.27M (Peak 35.45M) | Time:495255:13:16.15 | Mem:0.00M, Peak:0.00M | Scene | Synchronizing object | right_real_window_frame_0_right
Fra:1 Mem:26.27M (Peak 35.45M) | Time:495255:13:16.15 | Mem:0.00M, Peak:0.00M | Scene | Initializing
Fra:1 Mem:26.26M (Peak 35.45M) | Time:495255:13:16.15 | Mem:0.00M, Peak:0.00M | Scene | Updating Images | Loading right_real_window_frame_0_right_DIFFUSE
Fra:1 Mem:26.29M (Peak 35.47M) | Time:495255:13:16.16 | Mem:0.00M, Peak:0.00M | Scene | Synchronizing object | right_real_window_frame_0_right
Fra:1 Mem:26.29M (Peak 35.47M) | Time:495255:13:16.16 | Mem:0.00M, Peak:0.00M | Scene | Initializing
Fra:1 Mem:26.28M (Peak 35.47M) | Time:495255:13:16.16 | Mem:0.00M, Peak:0.00M | Scene | Updating Images | Loading right_real_window_frame_0_right_ROUGHNESS
Fra:1 Mem:26.31M (Peak 35.47M) | Time:495255:13:16.17 | Mem:0.00M, Peak:0.00M | Scene | Synchronizing object | right_real_window_frame_0_right
Fra:1 Mem:26.31M (Peak 35.47M) | Time:495255:13:16.17 | Mem:0.00M, Peak:0.00M | Scene | Initializing
Fra:1 Mem:26.31M (Peak 35.47M) | Time:495255:13:16.17 | Mem:0.00M, Peak:0.00M | Scene | Updating Images | Loading right_real_window_frame_0_right_NORMAL
Fra:1 Mem:26.31M (Peak 35.52M) | Time:495255:13:16.18 | Mem:0.00M, Peak:0.00M | Scene | Synchronizing object | right_real_window_frame_0_top
Fra:1 Mem:26.31M (Peak 35.52M) | Time:495255:13:16.19 | Mem:0.00M, Peak:0.00M | Scene | Initializing
Fra:1 Mem:26.30M (Peak 35.52M) | Time:495255:13:16.19 | Mem:0.00M, Peak:0.00M | Scene | Updating Images | Loading right_real_window_frame_0_top_METAL
Fra:1 Mem:26.34M (Peak 35.52M) | Time:495255:13:16.20 | Mem:0.00M, Peak:0.00M | Scene | Synchronizing object | right_real_window_frame_0_top
Fra:1 Mem:26.34M (Peak 35.52M) | Time:495255:13:16.20 | Mem:0.00M, Peak:0.00M | Scene | Initializing
Fra:1 Mem:26.33M (Peak 35.52M) | Time:495255:13:16.20 | Mem:0.00M, Peak:0.00M | Scene | Updating Images | Loading right_real_window_frame_0_top_DIFFUSE
Fra:1 Mem:26.36M (Peak 35.55M) | Time:495255:13:16.21 | Mem:0.00M, Peak:0.00M | Scene | Synchronizing object | right_real_window_frame_0_top
Fra:1 Mem:26.36M (Peak 35.55M) | Time:495255:13:16.21 | Mem:0.00M, Peak:0.00M | Scene | Initializing
Fra:1 Mem:26.36M (Peak 35.55M) | Time:495255:13:16.21 | Mem:0.00M, Peak:0.00M | Scene | Updating Images | Loading right_real_window_frame_0_top_ROUGHNESS
Fra:1 Mem:26.38M (Peak 35.55M) | Time:495255:13:16.22 | Mem:0.00M, Peak:0.00M | Scene | Synchronizing object | right_real_window_frame_0_top
Fra:1 Mem:26.38M (Peak 35.55M) | Time:495255:13:16.22 | Mem:0.00M, Peak:0.00M | Scene | Initializing
Fra:1 Mem:26.38M (Peak 35.55M) | Time:495255:13:16.22 | Mem:0.00M, Peak:0.00M | Scene | Updating Images | Loading right_real_window_frame_0_top_NORMAL
Fra:1 Mem:26.38M (Peak 35.59M) | Time:495255:13:16.23 | Mem:0.00M, Peak:0.00M | Scene | Synchronizing object | right_real_window_frame_1_bottom
Fra:1 Mem:26.38M (Peak 35.59M) | Time:495255:13:16.23 | Mem:0.00M, Peak:0.00M | Scene | Initializing
Fra:1 Mem:26.37M (Peak 35.59M) | Time:495255:13:16.23 | Mem:0.00M, Peak:0.00M | Scene | Updating Images | Loading right_real_window_frame_1_bottom_METAL
Fra:1 Mem:26.41M (Peak 35.59M) | Time:495255:13:16.24 | Mem:0.00M, Peak:0.00M | Scene | Synchronizing object | right_real_window_frame_1_bottom
Fra:1 Mem:26.41M (Peak 35.59M) | Time:495255:13:16.24 | Mem:0.00M, Peak:0.00M | Scene | Initializing
Fra:1 Mem:26.41M (Peak 35.59M) | Time:495255:13:16.24 | Mem:0.00M, Peak:0.00M | Scene | Updating Images | Loading right_real_window_frame_1_bottom_DIFFUSE
Fra:1 Mem:26.43M (Peak 35.62M) | Time:495255:13:16.25 | Mem:0.00M, Peak:0.00M | Scene | Synchronizing object | right_real_window_frame_1_bottom
Fra:1 Mem:26.43M (Peak 35.62M) | Time:495255:13:16.25 | Mem:0.00M, Peak:0.00M | Scene | Initializing
Fra:1 Mem:26.43M (Peak 35.62M) | Time:495255:13:16.25 | Mem:0.00M, Peak:0.00M | Scene | Updating Images | Loading right_real_window_frame_1_bottom_ROUGHNESS
Fra:1 Mem:26.45M (Peak 35.62M) | Time:495255:13:16.27 | Mem:0.00M, Peak:0.00M | Scene | Synchronizing object | right_real_window_frame_1_bottom
Fra:1 Mem:26.45M (Peak 35.62M) | Time:495255:13:16.27 | Mem:0.00M, Peak:0.00M | Scene | Initializing
Fra:1 Mem:26.45M (Peak 35.62M) | Time:495255:13:16.27 | Mem:0.00M, Peak:0.00M | Scene | Updating Images | Loading right_real_window_frame_1_bottom_NORMAL
Fra:1 Mem:26.45M (Peak 35.66M) | Time:495255:13:16.28 | Mem:0.00M, Peak:0.00M | Scene | Synchronizing object | right_real_window_frame_1_left
Fra:1 Mem:26.45M (Peak 35.66M) | Time:495255:13:16.28 | Mem:0.00M, Peak:0.00M | Scene | Initializing
Fra:1 Mem:26.45M (Peak 35.66M) | Time:495255:13:16.28 | Mem:0.00M, Peak:0.00M | Scene | Updating Images | Loading right_real_window_frame_1_left_METAL
Fra:1 Mem:26.48M (Peak 35.66M) | Time:495255:13:16.29 | Mem:0.00M, Peak:0.00M | Scene | Synchronizing object | right_real_window_frame_1_left
Fra:1 Mem:26.48M (Peak 35.66M) | Time:495255:13:16.29 | Mem:0.00M, Peak:0.00M | Scene | Initializing
Fra:1 Mem:26.48M (Peak 35.66M) | Time:495255:13:16.29 | Mem:0.00M, Peak:0.00M | Scene | Updating Images | Loading right_real_window_frame_1_left_DIFFUSE
Fra:1 Mem:26.50M (Peak 35.69M) | Time:495255:13:16.30 | Mem:0.00M, Peak:0.00M | Scene | Synchronizing object | right_real_window_frame_1_left
Fra:1 Mem:26.50M (Peak 35.69M) | Time:495255:13:16.30 | Mem:0.00M, Peak:0.00M | Scene | Initializing
Fra:1 Mem:26.50M (Peak 35.69M) | Time:495255:13:16.30 | Mem:0.00M, Peak:0.00M | Scene | Updating Images | Loading right_real_window_frame_1_left_ROUGHNESS
Fra:1 Mem:26.52M (Peak 35.69M) | Time:495255:13:16.31 | Mem:0.00M, Peak:0.00M | Scene | Synchronizing object | right_real_window_frame_1_left
Fra:1 Mem:26.52M (Peak 35.69M) | Time:495255:13:16.31 | Mem:0.00M, Peak:0.00M | Scene | Initializing
Fra:1 Mem:26.52M (Peak 35.69M) | Time:495255:13:16.31 | Mem:0.00M, Peak:0.00M | Scene | Updating Images | Loading right_real_window_frame_1_left_NORMAL
Fra:1 Mem:26.52M (Peak 35.73M) | Time:495255:13:16.33 | Mem:0.00M, Peak:0.00M | Scene | Synchronizing object | right_real_window_frame_1_right
Fra:1 Mem:26.52M (Peak 35.73M) | Time:495255:13:16.33 | Mem:0.00M, Peak:0.00M | Scene | Initializing
Fra:1 Mem:26.52M (Peak 35.73M) | Time:495255:13:16.33 | Mem:0.00M, Peak:0.00M | Scene | Updating Images | Loading right_real_window_frame_1_right_METAL
Fra:1 Mem:26.55M (Peak 35.73M) | Time:495255:13:16.34 | Mem:0.00M, Peak:0.00M | Scene | Synchronizing object | right_real_window_frame_1_right
Fra:1 Mem:26.55M (Peak 35.73M) | Time:495255:13:16.34 | Mem:0.00M, Peak:0.00M | Scene | Initializing
Fra:1 Mem:26.55M (Peak 35.73M) | Time:495255:13:16.34 | Mem:0.00M, Peak:0.00M | Scene | Updating Images | Loading right_real_window_frame_1_right_DIFFUSE
Fra:1 Mem:26.57M (Peak 35.76M) | Time:495255:13:16.35 | Mem:0.00M, Peak:0.00M | Scene | Synchronizing object | right_real_window_frame_1_right
Fra:1 Mem:26.57M (Peak 35.76M) | Time:495255:13:16.35 | Mem:0.00M, Peak:0.00M | Scene | Initializing
Fra:1 Mem:26.57M (Peak 35.76M) | Time:495255:13:16.35 | Mem:0.00M, Peak:0.00M | Scene | Updating Images | Loading right_real_window_frame_1_right_ROUGHNESS
Fra:1 Mem:26.59M (Peak 35.76M) | Time:495255:13:16.36 | Mem:0.00M, Peak:0.00M | Scene | Synchronizing object | right_real_window_frame_1_right
Fra:1 Mem:26.59M (Peak 35.76M) | Time:495255:13:16.36 | Mem:0.00M, Peak:0.00M | Scene | Initializing
Fra:1 Mem:26.59M (Peak 35.76M) | Time:495255:13:16.36 | Mem:0.00M, Peak:0.00M | Scene | Updating Images | Loading right_real_window_frame_1_right_NORMAL
Fra:1 Mem:26.59M (Peak 35.80M) | Time:495255:13:16.37 | Mem:0.00M, Peak:0.00M | Scene | Synchronizing object | right_real_window_frame_1_top
Fra:1 Mem:26.59M (Peak 35.80M) | Time:495255:13:16.37 | Mem:0.00M, Peak:0.00M | Scene | Initializing
Fra:1 Mem:26.59M (Peak 35.80M) | Time:495255:13:16.37 | Mem:0.00M, Peak:0.00M | Scene | Updating Images | Loading right_real_window_frame_1_top_METAL
Fra:1 Mem:26.62M (Peak 35.80M) | Time:495255:13:16.38 | Mem:0.00M, Peak:0.00M | Scene | Synchronizing object | right_real_window_frame_1_top
Fra:1 Mem:26.62M (Peak 35.80M) | Time:495255:13:16.38 | Mem:0.00M, Peak:0.00M | Scene | Initializing
Fra:1 Mem:26.62M (Peak 35.80M) | Time:495255:13:16.38 | Mem:0.00M, Peak:0.00M | Scene | Updating Images | Loading right_real_window_frame_1_top_DIFFUSE
Fra:1 Mem:26.64M (Peak 35.83M) | Time:495255:13:16.39 | Mem:0.00M, Peak:0.00M | Scene | Synchronizing object | right_real_window_frame_1_top
Fra:1 Mem:26.64M (Peak 35.83M) | Time:495255:13:16.39 | Mem:0.00M, Peak:0.00M | Scene | Initializing
Fra:1 Mem:26.64M (Peak 35.83M) | Time:495255:13:16.39 | Mem:0.00M, Peak:0.00M | Scene | Updating Images | Loading right_real_window_frame_1_top_ROUGHNESS
Fra:1 Mem:26.67M (Peak 35.83M) | Time:495255:13:16.41 | Mem:0.00M, Peak:0.00M | Scene | Synchronizing object | right_real_window_frame_1_top
Fra:1 Mem:26.67M (Peak 35.83M) | Time:495255:13:16.41 | Mem:0.00M, Peak:0.00M | Scene | Initializing
Fra:1 Mem:26.66M (Peak 35.83M) | Time:495255:13:16.41 | Mem:0.00M, Peak:0.00M | Scene | Updating Images | Loading right_real_window_frame_1_top_NORMAL
Fra:1 Mem:26.66M (Peak 35.88M) | Time:495255:13:16.42 | Mem:0.00M, Peak:0.00M | Scene | Synchronizing object | right_real_window_frame_2_bottom
Fra:1 Mem:26.66M (Peak 35.88M) | Time:495255:13:16.42 | Mem:0.00M, Peak:0.00M | Scene | Initializing
Fra:1 Mem:26.66M (Peak 35.88M) | Time:495255:13:16.42 | Mem:0.00M, Peak:0.00M | Scene | Updating Images | Loading right_real_window_frame_2_bottom_METAL
Fra:1 Mem:26.69M (Peak 35.88M) | Time:495255:13:16.43 | Mem:0.00M, Peak:0.00M | Scene | Synchronizing object | right_real_window_frame_2_bottom
Fra:1 Mem:26.69M (Peak 35.88M) | Time:495255:13:16.43 | Mem:0.00M, Peak:0.00M | Scene | Initializing
Fra:1 Mem:26.69M (Peak 35.88M) | Time:495255:13:16.43 | Mem:0.00M, Peak:0.00M | Scene | Updating Images | Loading right_real_window_frame_2_bottom_DIFFUSE
Fra:1 Mem:26.72M (Peak 35.90M) | Time:495255:13:16.44 | Mem:0.00M, Peak:0.00M | Scene | Synchronizing object | right_real_window_frame_2_bottom
Fra:1 Mem:26.72M (Peak 35.90M) | Time:495255:13:16.44 | Mem:0.00M, Peak:0.00M | Scene | Initializing
Fra:1 Mem:26.71M (Peak 35.90M) | Time:495255:13:16.44 | Mem:0.00M, Peak:0.00M | Scene | Updating Images | Loading right_real_window_frame_2_bottom_ROUGHNESS
Fra:1 Mem:26.74M (Peak 35.90M) | Time:495255:13:16.45 | Mem:0.00M, Peak:0.00M | Scene | Synchronizing object | right_real_window_frame_2_bottom
Fra:1 Mem:26.74M (Peak 35.90M) | Time:495255:13:16.45 | Mem:0.00M, Peak:0.00M | Scene | Initializing
Fra:1 Mem:26.73M (Peak 35.90M) | Time:495255:13:16.45 | Mem:0.00M, Peak:0.00M | Scene | Updating Images | Loading right_real_window_frame_2_bottom_NORMAL
Fra:1 Mem:26.73M (Peak 35.95M) | Time:495255:13:16.47 | Mem:0.00M, Peak:0.00M | Scene | Synchronizing object | right_real_window_frame_2_left
Fra:1 Mem:26.73M (Peak 35.95M) | Time:495255:13:16.47 | Mem:0.00M, Peak:0.00M | Scene | Initializing
Fra:1 Mem:26.73M (Peak 35.95M) | Time:495255:13:16.47 | Mem:0.00M, Peak:0.00M | Scene | Updating Images | Loading right_real_window_frame_2_left_METAL
Fra:1 Mem:26.76M (Peak 35.95M) | Time:495255:13:16.48 | Mem:0.00M, Peak:0.00M | Scene | Synchronizing object | right_real_window_frame_2_left
Fra:1 Mem:26.77M (Peak 35.95M) | Time:495255:13:16.48 | Mem:0.00M, Peak:0.00M | Scene | Initializing
Fra:1 Mem:26.76M (Peak 35.95M) | Time:495255:13:16.48 | Mem:0.00M, Peak:0.00M | Scene | Updating Images | Loading right_real_window_frame_2_left_DIFFUSE
Fra:1 Mem:26.79M (Peak 35.97M) | Time:495255:13:16.49 | Mem:0.00M, Peak:0.00M | Scene | Synchronizing object | right_real_window_frame_2_left
Fra:1 Mem:26.79M (Peak 35.97M) | Time:495255:13:16.49 | Mem:0.00M, Peak:0.00M | Scene | Initializing
Fra:1 Mem:26.78M (Peak 35.97M) | Time:495255:13:16.49 | Mem:0.00M, Peak:0.00M | Scene | Updating Images | Loading right_real_window_frame_2_left_ROUGHNESS
Fra:1 Mem:26.81M (Peak 35.97M) | Time:495255:13:16.50 | Mem:0.00M, Peak:0.00M | Scene | Synchronizing object | right_real_window_frame_2_left
Fra:1 Mem:26.81M (Peak 35.97M) | Time:495255:13:16.50 | Mem:0.00M, Peak:0.00M | Scene | Initializing
Fra:1 Mem:26.81M (Peak 35.97M) | Time:495255:13:16.50 | Mem:0.00M, Peak:0.00M | Scene | Updating Images | Loading right_real_window_frame_2_left_NORMAL
Fra:1 Mem:26.80M (Peak 36.02M) | Time:495255:13:16.51 | Mem:0.00M, Peak:0.00M | Scene | Synchronizing object | right_real_window_frame_2_right
Fra:1 Mem:26.81M (Peak 36.02M) | Time:495255:13:16.51 | Mem:0.00M, Peak:0.00M | Scene | Initializing
Fra:1 Mem:26.80M (Peak 36.02M) | Time:495255:13:16.51 | Mem:0.00M, Peak:0.00M | Scene | Updating Images | Loading right_real_window_frame_2_right_METAL
Fra:1 Mem:26.84M (Peak 36.02M) | Time:495255:13:16.52 | Mem:0.00M, Peak:0.00M | Scene | Synchronizing object | right_real_window_frame_2_right
Fra:1 Mem:26.84M (Peak 36.02M) | Time:495255:13:16.52 | Mem:0.00M, Peak:0.00M | Scene | Initializing
Fra:1 Mem:26.83M (Peak 36.02M) | Time:495255:13:16.52 | Mem:0.00M, Peak:0.00M | Scene | Updating Images | Loading right_real_window_frame_2_right_DIFFUSE
Fra:1 Mem:26.86M (Peak 36.05M) | Time:495255:13:16.53 | Mem:0.00M, Peak:0.00M | Scene | Synchronizing object | right_real_window_frame_2_right
Fra:1 Mem:26.86M (Peak 36.05M) | Time:495255:13:16.53 | Mem:0.00M, Peak:0.00M | Scene | Initializing
Fra:1 Mem:26.85M (Peak 36.05M) | Time:495255:13:16.53 | Mem:0.00M, Peak:0.00M | Scene | Updating Images | Loading right_real_window_frame_2_right_ROUGHNESS
Fra:1 Mem:26.88M (Peak 36.05M) | Time:495255:13:16.55 | Mem:0.00M, Peak:0.00M | Scene | Synchronizing object | right_real_window_frame_2_right
Fra:1 Mem:26.88M (Peak 36.05M) | Time:495255:13:16.55 | Mem:0.00M, Peak:0.00M | Scene | Initializing
Fra:1 Mem:26.88M (Peak 36.05M) | Time:495255:13:16.55 | Mem:0.00M, Peak:0.00M | Scene | Updating Images | Loading right_real_window_frame_2_right_NORMAL
Fra:1 Mem:26.88M (Peak 36.09M) | Time:495255:13:16.56 | Mem:0.00M, Peak:0.00M | Scene | Synchronizing object | right_real_window_frame_2_top
Fra:1 Mem:26.88M (Peak 36.09M) | Time:495255:13:16.56 | Mem:0.00M, Peak:0.00M | Scene | Initializing
Fra:1 Mem:26.87M (Peak 36.09M) | Time:495255:13:16.56 | Mem:0.00M, Peak:0.00M | Scene | Updating Images | Loading right_real_window_frame_2_top_METAL
Fra:1 Mem:26.91M (Peak 36.09M) | Time:495255:13:16.57 | Mem:0.00M, Peak:0.00M | Scene | Synchronizing object | right_real_window_frame_2_top
Fra:1 Mem:26.91M (Peak 36.09M) | Time:495255:13:16.57 | Mem:0.00M, Peak:0.00M | Scene | Initializing
Fra:1 Mem:26.90M (Peak 36.09M) | Time:495255:13:16.57 | Mem:0.00M, Peak:0.00M | Scene | Updating Images | Loading right_real_window_frame_2_top_DIFFUSE
Fra:1 Mem:26.93M (Peak 36.12M) | Time:495255:13:16.58 | Mem:0.00M, Peak:0.00M | Scene | Synchronizing object | right_real_window_frame_2_top
Fra:1 Mem:26.93M (Peak 36.12M) | Time:495255:13:16.58 | Mem:0.00M, Peak:0.00M | Scene | Initializing
Fra:1 Mem:26.93M (Peak 36.12M) | Time:495255:13:16.58 | Mem:0.00M, Peak:0.00M | Scene | Updating Images | Loading right_real_window_frame_2_top_ROUGHNESS
Fra:1 Mem:26.95M (Peak 36.12M) | Time:495255:13:16.59 | Mem:0.00M, Peak:0.00M | Scene | Synchronizing object | right_real_window_frame_2_top
Fra:1 Mem:26.95M (Peak 36.12M) | Time:495255:13:16.59 | Mem:0.00M, Peak:0.00M | Scene | Initializing
Fra:1 Mem:26.95M (Peak 36.12M) | Time:495255:13:16.59 | Mem:0.00M, Peak:0.00M | Scene | Updating Images | Loading right_real_window_frame_2_top_NORMAL
Fra:1 Mem:26.95M (Peak 36.16M) | Time:495255:13:16.61 | Mem:0.00M, Peak:0.00M | Scene | Synchronizing object | right_real_window_frame_3_bottom
Fra:1 Mem:26.95M (Peak 36.16M) | Time:495255:13:16.61 | Mem:0.00M, Peak:0.00M | Scene | Initializing
Fra:1 Mem:26.95M (Peak 36.16M) | Time:495255:13:16.61 | Mem:0.00M, Peak:0.00M | Scene | Updating Images | Loading right_real_window_frame_3_bottom_METAL
Fra:1 Mem:26.98M (Peak 36.16M) | Time:495255:13:16.62 | Mem:0.00M, Peak:0.00M | Scene | Synchronizing object | right_real_window_frame_3_bottom
Fra:1 Mem:26.98M (Peak 36.16M) | Time:495255:13:16.62 | Mem:0.00M, Peak:0.00M | Scene | Initializing
Fra:1 Mem:26.98M (Peak 36.16M) | Time:495255:13:16.62 | Mem:0.00M, Peak:0.00M | Scene | Updating Images | Loading right_real_window_frame_3_bottom_DIFFUSE
Fra:1 Mem:27.00M (Peak 36.19M) | Time:495255:13:16.63 | Mem:0.00M, Peak:0.00M | Scene | Synchronizing object | right_real_window_frame_3_bottom
Fra:1 Mem:27.00M (Peak 36.19M) | Time:495255:13:16.63 | Mem:0.00M, Peak:0.00M | Scene | Initializing
Fra:1 Mem:27.00M (Peak 36.19M) | Time:495255:13:16.63 | Mem:0.00M, Peak:0.00M | Scene | Updating Images | Loading right_real_window_frame_3_bottom_ROUGHNESS
Fra:1 Mem:27.02M (Peak 36.19M) | Time:495255:13:16.64 | Mem:0.00M, Peak:0.00M | Scene | Synchronizing object | right_real_window_frame_3_bottom
Fra:1 Mem:27.02M (Peak 36.19M) | Time:495255:13:16.64 | Mem:0.00M, Peak:0.00M | Scene | Initializing
Fra:1 Mem:27.02M (Peak 36.19M) | Time:495255:13:16.64 | Mem:0.00M, Peak:0.00M | Scene | Updating Images | Loading right_real_window_frame_3_bottom_NORMAL
Fra:1 Mem:27.02M (Peak 36.23M) | Time:495255:13:16.65 | Mem:0.00M, Peak:0.00M | Scene | Synchronizing object | right_real_window_frame_3_left
Fra:1 Mem:27.02M (Peak 36.23M) | Time:495255:13:16.65 | Mem:0.00M, Peak:0.00M | Scene | Initializing
Fra:1 Mem:27.02M (Peak 36.23M) | Time:495255:13:16.65 | Mem:0.00M, Peak:0.00M | Scene | Updating Images | Loading right_real_window_frame_3_left_METAL
Fra:1 Mem:27.05M (Peak 36.23M) | Time:495255:13:16.66 | Mem:0.00M, Peak:0.00M | Scene | Synchronizing object | right_real_window_frame_3_left
Fra:1 Mem:27.05M (Peak 36.23M) | Time:495255:13:16.66 | Mem:0.00M, Peak:0.00M | Scene | Initializing
Fra:1 Mem:27.05M (Peak 36.23M) | Time:495255:13:16.66 | Mem:0.00M, Peak:0.00M | Scene | Updating Images | Loading right_real_window_frame_3_left_DIFFUSE
Fra:1 Mem:27.07M (Peak 36.26M) | Time:495255:13:16.68 | Mem:0.00M, Peak:0.00M | Scene | Synchronizing object | right_real_window_frame_3_left
Fra:1 Mem:27.07M (Peak 36.26M) | Time:495255:13:16.68 | Mem:0.00M, Peak:0.00M | Scene | Initializing
Fra:1 Mem:27.07M (Peak 36.26M) | Time:495255:13:16.68 | Mem:0.00M, Peak:0.00M | Scene | Updating Images | Loading right_real_window_frame_3_left_ROUGHNESS
Fra:1 Mem:27.09M (Peak 36.26M) | Time:495255:13:16.69 | Mem:0.00M, Peak:0.00M | Scene | Synchronizing object | right_real_window_frame_3_left
Fra:1 Mem:27.09M (Peak 36.26M) | Time:495255:13:16.69 | Mem:0.00M, Peak:0.00M | Scene | Initializing
Fra:1 Mem:27.09M (Peak 36.26M) | Time:495255:13:16.69 | Mem:0.00M, Peak:0.00M | Scene | Updating Images | Loading right_real_window_frame_3_left_NORMAL
Fra:1 Mem:27.09M (Peak 36.30M) | Time:495255:13:16.70 | Mem:0.00M, Peak:0.00M | Scene | Synchronizing object | right_real_window_frame_3_right
Fra:1 Mem:27.09M (Peak 36.30M) | Time:495255:13:16.70 | Mem:0.00M, Peak:0.00M | Scene | Initializing
Fra:1 Mem:27.09M (Peak 36.30M) | Time:495255:13:16.70 | Mem:0.00M, Peak:0.00M | Scene | Updating Images | Loading right_real_window_frame_3_right_METAL
Fra:1 Mem:27.12M (Peak 36.30M) | Time:495255:13:16.71 | Mem:0.00M, Peak:0.00M | Scene | Synchronizing object | right_real_window_frame_3_right
Fra:1 Mem:27.12M (Peak 36.30M) | Time:495255:13:16.71 | Mem:0.00M, Peak:0.00M | Scene | Initializing
Fra:1 Mem:27.12M (Peak 36.30M) | Time:495255:13:16.71 | Mem:0.00M, Peak:0.00M | Scene | Updating Images | Loading right_real_window_frame_3_right_DIFFUSE
Fra:1 Mem:27.14M (Peak 36.33M) | Time:495255:13:16.72 | Mem:0.00M, Peak:0.00M | Scene | Synchronizing object | right_real_window_frame_3_right
Fra:1 Mem:27.14M (Peak 36.33M) | Time:495255:13:16.72 | Mem:0.00M, Peak:0.00M | Scene | Initializing
Fra:1 Mem:27.14M (Peak 36.33M) | Time:495255:13:16.72 | Mem:0.00M, Peak:0.00M | Scene | Updating Images | Loading right_real_window_frame_3_right_ROUGHNESS
Fra:1 Mem:27.17M (Peak 36.33M) | Time:495255:13:16.73 | Mem:0.00M, Peak:0.00M | Scene | Synchronizing object | right_real_window_frame_3_right
Fra:1 Mem:27.17M (Peak 36.33M) | Time:495255:13:16.73 | Mem:0.00M, Peak:0.00M | Scene | Initializing
Fra:1 Mem:27.16M (Peak 36.33M) | Time:495255:13:16.73 | Mem:0.00M, Peak:0.00M | Scene | Updating Images | Loading right_real_window_frame_3_right_NORMAL
Fra:1 Mem:27.16M (Peak 36.37M) | Time:495255:13:16.75 | Mem:0.00M, Peak:0.00M | Scene | Synchronizing object | right_real_window_frame_3_top
Fra:1 Mem:27.16M (Peak 36.37M) | Time:495255:13:16.75 | Mem:0.00M, Peak:0.00M | Scene | Initializing
Fra:1 Mem:27.16M (Peak 36.37M) | Time:495255:13:16.75 | Mem:0.00M, Peak:0.00M | Scene | Updating Images | Loading right_real_window_frame_3_top_METAL
Fra:1 Mem:27.19M (Peak 36.37M) | Time:495255:13:16.76 | Mem:0.00M, Peak:0.00M | Scene | Synchronizing object | right_real_window_frame_3_top
Fra:1 Mem:27.19M (Peak 36.37M) | Time:495255:13:16.76 | Mem:0.00M, Peak:0.00M | Scene | Initializing
Fra:1 Mem:27.19M (Peak 36.37M) | Time:495255:13:16.76 | Mem:0.00M, Peak:0.00M | Scene | Updating Images | Loading right_real_window_frame_3_top_DIFFUSE
Fra:1 Mem:27.21M (Peak 36.40M) | Time:495255:13:16.77 | Mem:0.00M, Peak:0.00M | Scene | Synchronizing object | right_real_window_frame_3_top
Fra:1 Mem:27.22M (Peak 36.40M) | Time:495255:13:16.77 | Mem:0.00M, Peak:0.00M | Scene | Initializing
Fra:1 Mem:27.21M (Peak 36.40M) | Time:495255:13:16.77 | Mem:0.00M, Peak:0.00M | Scene | Updating Images | Loading right_real_window_frame_3_top_ROUGHNESS
Fra:1 Mem:27.24M (Peak 36.40M) | Time:495255:13:16.78 | Mem:0.00M, Peak:0.00M | Scene | Synchronizing object | right_real_window_frame_3_top
Fra:1 Mem:27.24M (Peak 36.40M) | Time:495255:13:16.78 | Mem:0.00M, Peak:0.00M | Scene | Initializing
Fra:1 Mem:27.23M (Peak 36.40M) | Time:495255:13:16.78 | Mem:0.00M, Peak:0.00M | Scene | Updating Images | Loading right_real_window_frame_3_top_NORMAL
Fra:1 Mem:27.24M (Peak 36.45M) | Time:495255:13:16.79 | Mem:0.00M, Peak:0.00M | Scene | Synchronizing object | right_real_window_glass_0
Fra:1 Mem:27.24M (Peak 36.45M) | Time:495255:13:16.79 | Mem:0.00M, Peak:0.00M | Scene | Initializing
Fra:1 Mem:27.24M (Peak 36.45M) | Time:495255:13:16.79 | Mem:0.00M, Peak:0.00M | Scene | Updating Images | Loading right_real_window_glass_0_TRANSMISSION
Fra:1 Mem:27.26M (Peak 36.45M) | Time:495255:13:16.81 | Mem:0.00M, Peak:0.00M | Scene | Synchronizing object | right_real_window_glass_0
Fra:1 Mem:27.26M (Peak 36.45M) | Time:495255:13:16.81 | Mem:0.00M, Peak:0.00M | Scene | Initializing
Fra:1 Mem:27.26M (Peak 36.45M) | Time:495255:13:16.81 | Mem:0.00M, Peak:0.00M | Scene | Updating Images | Loading right_real_window_glass_0_DIFFUSE
Fra:1 Mem:27.29M (Peak 36.47M) | Time:495255:13:16.82 | Mem:0.00M, Peak:0.00M | Scene | Synchronizing object | right_real_window_glass_0
Fra:1 Mem:27.29M (Peak 36.47M) | Time:495255:13:16.82 | Mem:0.00M, Peak:0.00M | Scene | Initializing
Fra:1 Mem:27.28M (Peak 36.47M) | Time:495255:13:16.82 | Mem:0.00M, Peak:0.00M | Scene | Updating Images | Loading right_real_window_glass_0_ROUGHNESS
Fra:1 Mem:27.31M (Peak 36.47M) | Time:495255:13:16.83 | Mem:0.00M, Peak:0.00M | Scene | Synchronizing object | right_real_window_glass_0
Fra:1 Mem:27.31M (Peak 36.47M) | Time:495255:13:16.83 | Mem:0.00M, Peak:0.00M | Scene | Initializing
Fra:1 Mem:27.30M (Peak 36.47M) | Time:495255:13:16.83 | Mem:0.00M, Peak:0.00M | Scene | Updating Images | Loading right_real_window_glass_0_NORMAL
Fra:1 Mem:27.31M (Peak 36.52M) | Time:495255:13:16.84 | Mem:0.00M, Peak:0.00M | Scene | Synchronizing object | right_real_window_glass_1
Fra:1 Mem:27.31M (Peak 36.52M) | Time:495255:13:16.84 | Mem:0.00M, Peak:0.00M | Scene | Initializing
Fra:1 Mem:27.31M (Peak 36.52M) | Time:495255:13:16.84 | Mem:0.00M, Peak:0.00M | Scene | Updating Images | Loading right_real_window_glass_1_TRANSMISSION
Fra:1 Mem:27.34M (Peak 36.52M) | Time:495255:13:16.86 | Mem:0.00M, Peak:0.00M | Scene | Synchronizing object | right_real_window_glass_1
Fra:1 Mem:27.34M (Peak 36.52M) | Time:495255:13:16.86 | Mem:0.00M, Peak:0.00M | Scene | Initializing
Fra:1 Mem:27.33M (Peak 36.52M) | Time:495255:13:16.86 | Mem:0.00M, Peak:0.00M | Scene | Updating Images | Loading right_real_window_glass_1_DIFFUSE
Fra:1 Mem:27.36M (Peak 36.55M) | Time:495255:13:16.87 | Mem:0.00M, Peak:0.00M | Scene | Synchronizing object | right_real_window_glass_1
Fra:1 Mem:27.36M (Peak 36.55M) | Time:495255:13:16.87 | Mem:0.00M, Peak:0.00M | Scene | Initializing
Fra:1 Mem:27.35M (Peak 36.55M) | Time:495255:13:16.87 | Mem:0.00M, Peak:0.00M | Scene | Updating Images | Loading right_real_window_glass_1_ROUGHNESS
Fra:1 Mem:27.38M (Peak 36.55M) | Time:495255:13:16.88 | Mem:0.00M, Peak:0.00M | Scene | Synchronizing object | right_real_window_glass_1
Fra:1 Mem:27.38M (Peak 36.55M) | Time:495255:13:16.88 | Mem:0.00M, Peak:0.00M | Scene | Initializing
Fra:1 Mem:27.38M (Peak 36.55M) | Time:495255:13:16.88 | Mem:0.00M, Peak:0.00M | Scene | Updating Images | Loading right_real_window_glass_1_NORMAL
Fra:1 Mem:27.38M (Peak 36.59M) | Time:495255:13:16.89 | Mem:0.00M, Peak:0.00M | Scene | Synchronizing object | right_real_window_glass_2
Fra:1 Mem:27.38M (Peak 36.59M) | Time:495255:13:16.89 | Mem:0.00M, Peak:0.00M | Scene | Initializing
Fra:1 Mem:27.38M (Peak 36.59M) | Time:495255:13:16.89 | Mem:0.00M, Peak:0.00M | Scene | Updating Images | Loading right_real_window_glass_2_TRANSMISSION
Fra:1 Mem:27.41M (Peak 36.59M) | Time:495255:13:16.91 | Mem:0.00M, Peak:0.00M | Scene | Synchronizing object | right_real_window_glass_2
Fra:1 Mem:27.41M (Peak 36.59M) | Time:495255:13:16.91 | Mem:0.00M, Peak:0.00M | Scene | Initializing
Fra:1 Mem:27.40M (Peak 36.59M) | Time:495255:13:16.91 | Mem:0.00M, Peak:0.00M | Scene | Updating Images | Loading right_real_window_glass_2_DIFFUSE
Fra:1 Mem:27.43M (Peak 36.62M) | Time:495255:13:16.92 | Mem:0.00M, Peak:0.00M | Scene | Synchronizing object | right_real_window_glass_2
Fra:1 Mem:27.43M (Peak 36.62M) | Time:495255:13:16.92 | Mem:0.00M, Peak:0.00M | Scene | Initializing
Fra:1 Mem:27.43M (Peak 36.62M) | Time:495255:13:16.92 | Mem:0.00M, Peak:0.00M | Scene | Updating Images | Loading right_real_window_glass_2_ROUGHNESS
Fra:1 Mem:27.45M (Peak 36.62M) | Time:495255:13:16.93 | Mem:0.00M, Peak:0.00M | Scene | Synchronizing object | right_real_window_glass_2
Fra:1 Mem:27.45M (Peak 36.62M) | Time:495255:13:16.93 | Mem:0.00M, Peak:0.00M | Scene | Initializing
Fra:1 Mem:27.45M (Peak 36.62M) | Time:495255:13:16.93 | Mem:0.00M, Peak:0.00M | Scene | Updating Images | Loading right_real_window_glass_2_NORMAL
Fra:1 Mem:27.45M (Peak 36.66M) | Time:495255:13:16.94 | Mem:0.00M, Peak:0.00M | Scene | Synchronizing object | right_real_window_glass_3
Fra:1 Mem:27.46M (Peak 36.66M) | Time:495255:13:16.94 | Mem:0.00M, Peak:0.00M | Scene | Initializing
Fra:1 Mem:27.45M (Peak 36.66M) | Time:495255:13:16.94 | Mem:0.00M, Peak:0.00M | Scene | Updating Images | Loading right_real_window_glass_3_TRANSMISSION
Fra:1 Mem:27.48M (Peak 36.66M) | Time:495255:13:16.96 | Mem:0.00M, Peak:0.00M | Scene | Synchronizing object | right_real_window_glass_3
Fra:1 Mem:27.48M (Peak 36.66M) | Time:495255:13:16.96 | Mem:0.00M, Peak:0.00M | Scene | Initializing
Fra:1 Mem:27.48M (Peak 36.66M) | Time:495255:13:16.96 | Mem:0.00M, Peak:0.00M | Scene | Updating Images | Loading right_real_window_glass_3_DIFFUSE
Fra:1 Mem:27.50M (Peak 36.69M) | Time:495255:13:16.97 | Mem:0.00M, Peak:0.00M | Scene | Synchronizing object | right_real_window_glass_3
Fra:1 Mem:27.50M (Peak 36.69M) | Time:495255:13:16.97 | Mem:0.00M, Peak:0.00M | Scene | Initializing
Fra:1 Mem:27.50M (Peak 36.69M) | Time:495255:13:16.97 | Mem:0.00M, Peak:0.00M | Scene | Updating Images | Loading right_real_window_glass_3_ROUGHNESS
Fra:1 Mem:27.52M (Peak 36.69M) | Time:495255:13:16.98 | Mem:0.00M, Peak:0.00M | Scene | Synchronizing object | right_real_window_glass_3
Fra:1 Mem:27.52M (Peak 36.69M) | Time:495255:13:16.98 | Mem:0.00M, Peak:0.00M | Scene | Initializing
Fra:1 Mem:27.52M (Peak 36.69M) | Time:495255:13:16.98 | Mem:0.00M, Peak:0.00M | Scene | Updating Images | Loading right_real_window_glass_3_NORMAL
Fra:1 Mem:27.54M (Peak 36.73M) | Time:495255:13:17.00 | Mem:0.00M, Peak:0.00M | Scene | Synchronizing object | right_wall_above_real_window_openings
Fra:1 Mem:27.55M (Peak 36.73M) | Time:495255:13:17.00 | Mem:0.00M, Peak:0.00M | Scene | Initializing
Fra:1 Mem:27.54M (Peak 36.73M) | Time:495255:13:17.00 | Mem:0.00M, Peak:0.00M | Scene | Updating Images | Loading right_wall_above_real_window_openings_DIFFUSE
Fra:1 Mem:27.56M (Peak 36.77M) | Time:495255:13:17.01 | Mem:0.00M, Peak:0.00M | Scene | Synchronizing object | right_wall_above_real_window_openings
Fra:1 Mem:27.57M (Peak 36.77M) | Time:495255:13:17.01 | Mem:0.00M, Peak:0.00M | Scene | Initializing
Fra:1 Mem:27.57M (Peak 36.77M) | Time:495255:13:17.01 | Mem:0.00M, Peak:0.00M | Scene | Updating Images | Loading right_wall_above_real_window_openings_ROUGHNESS
Fra:1 Mem:27.58M (Peak 36.77M) | Time:495255:13:17.02 | Mem:0.00M, Peak:0.00M | Scene | Synchronizing object | right_wall_above_real_window_openings
Fra:1 Mem:27.59M (Peak 36.77M) | Time:495255:13:17.02 | Mem:0.00M, Peak:0.00M | Scene | Initializing
Fra:1 Mem:27.59M (Peak 36.77M) | Time:495255:13:17.02 | Mem:0.00M, Peak:0.00M | Scene | Updating Images | Loading right_wall_above_real_window_openings_NORMAL
Fra:1 Mem:27.62M (Peak 36.81M) | Time:495255:13:17.03 | Mem:0.00M, Peak:0.00M | Scene | Synchronizing object | right_wall_below_real_window_openings
Fra:1 Mem:27.63M (Peak 36.81M) | Time:495255:13:17.03 | Mem:0.00M, Peak:0.00M | Scene | Initializing
Fra:1 Mem:27.62M (Peak 36.81M) | Time:495255:13:17.03 | Mem:0.00M, Peak:0.00M | Scene | Updating Images | Loading right_wall_below_real_window_openings_DIFFUSE
Fra:1 Mem:27.64M (Peak 36.85M) | Time:495255:13:17.05 | Mem:0.00M, Peak:0.00M | Scene | Synchronizing object | right_wall_below_real_window_openings
Fra:1 Mem:27.65M (Peak 36.85M) | Time:495255:13:17.05 | Mem:0.00M, Peak:0.00M | Scene | Initializing
Fra:1 Mem:27.65M (Peak 36.85M) | Time:495255:13:17.05 | Mem:0.00M, Peak:0.00M | Scene | Updating Images | Loading right_wall_below_real_window_openings_ROUGHNESS
Fra:1 Mem:27.66M (Peak 36.85M) | Time:495255:13:17.06 | Mem:0.00M, Peak:0.00M | Scene | Synchronizing object | right_wall_below_real_window_openings
Fra:1 Mem:27.67M (Peak 36.85M) | Time:495255:13:17.06 | Mem:0.00M, Peak:0.00M | Scene | Initializing
Fra:1 Mem:27.67M (Peak 36.85M) | Time:495255:13:17.06 | Mem:0.00M, Peak:0.00M | Scene | Updating Images | Loading right_wall_below_real_window_openings_NORMAL
Fra:1 Mem:27.68M (Peak 36.89M) | Time:495255:13:17.07 | Mem:0.00M, Peak:0.00M | Scene | Synchronizing object | right_window_wall_mullion_0
Fra:1 Mem:27.69M (Peak 36.89M) | Time:495255:13:17.07 | Mem:0.00M, Peak:0.00M | Scene | Initializing
Fra:1 Mem:27.69M (Peak 36.89M) | Time:495255:13:17.07 | Mem:0.00M, Peak:0.00M | Scene | Updating Images | Loading right_window_wall_mullion_0_DIFFUSE
Fra:1 Mem:27.70M (Peak 36.92M) | Time:495255:13:17.08 | Mem:0.00M, Peak:0.00M | Scene | Synchronizing object | right_window_wall_mullion_0
Fra:1 Mem:27.72M (Peak 36.92M) | Time:495255:13:17.08 | Mem:0.00M, Peak:0.00M | Scene | Initializing
Fra:1 Mem:27.71M (Peak 36.92M) | Time:495255:13:17.08 | Mem:0.00M, Peak:0.00M | Scene | Updating Images | Loading right_window_wall_mullion_0_ROUGHNESS
Fra:1 Mem:27.73M (Peak 36.92M) | Time:495255:13:17.10 | Mem:0.00M, Peak:0.00M | Scene | Synchronizing object | right_window_wall_mullion_0
Fra:1 Mem:27.74M (Peak 36.92M) | Time:495255:13:17.10 | Mem:0.00M, Peak:0.00M | Scene | Initializing
Fra:1 Mem:27.74M (Peak 36.92M) | Time:495255:13:17.10 | Mem:0.00M, Peak:0.00M | Scene | Updating Images | Loading right_window_wall_mullion_0_NORMAL
Fra:1 Mem:27.75M (Peak 36.96M) | Time:495255:13:17.11 | Mem:0.00M, Peak:0.00M | Scene | Synchronizing object | right_window_wall_mullion_1
Fra:1 Mem:27.76M (Peak 36.96M) | Time:495255:13:17.11 | Mem:0.00M, Peak:0.00M | Scene | Initializing
Fra:1 Mem:27.76M (Peak 36.96M) | Time:495255:13:17.11 | Mem:0.00M, Peak:0.00M | Scene | Updating Images | Loading right_window_wall_mullion_1_DIFFUSE
Fra:1 Mem:27.77M (Peak 36.98M) | Time:495255:13:17.12 | Mem:0.00M, Peak:0.00M | Scene | Synchronizing object | right_window_wall_mullion_1
Fra:1 Mem:27.78M (Peak 36.98M) | Time:495255:13:17.12 | Mem:0.00M, Peak:0.00M | Scene | Initializing
Fra:1 Mem:27.78M (Peak 36.98M) | Time:495255:13:17.12 | Mem:0.00M, Peak:0.00M | Scene | Updating Images | Loading right_window_wall_mullion_1_ROUGHNESS
Fra:1 Mem:27.79M (Peak 36.98M) | Time:495255:13:17.13 | Mem:0.00M, Peak:0.00M | Scene | Synchronizing object | right_window_wall_mullion_1
Fra:1 Mem:27.80M (Peak 36.98M) | Time:495255:13:17.13 | Mem:0.00M, Peak:0.00M | Scene | Initializing
Fra:1 Mem:27.80M (Peak 36.98M) | Time:495255:13:17.13 | Mem:0.00M, Peak:0.00M | Scene | Updating Images | Loading right_window_wall_mullion_1_NORMAL
Info: Baking map saved to internal image, save it externally or pack it
Info: Baking map saved to internal image, save it externally or pack it
Info: Baking map saved to internal image, save it externally or pack it
Info: Baking map saved to internal image, save it externally or pack it
Info: Baking map saved to internal image, save it externally or pack it
Info: Baking map saved to internal image, save it externally or pack it
Info: Baking map saved to internal image, save it externally or pack it
Info: Baking map saved to internal image, save it externally or pack it
Info: Baking map saved to internal image, save it externally or pack it
Info: Baking map saved to internal image, save it externally or pack it
Info: Baking map saved to internal image, save it externally or pack it
Info: Baking map saved to internal image, save it externally or pack it
Info: Baking map saved to internal image, save it externally or pack it
Info: Baking map saved to internal image, save it externally or pack it
Info: Baking map saved to internal image, save it externally or pack it
Info: Baking map saved to internal image, save it externally or pack it
Info: Baking map saved to internal image, save it externally or pack it
Info: Baking map saved to internal image, save it externally or pack it
Info: Baking map saved to internal image, save it externally or pack it
Info: Baking map saved to internal image, save it externally or pack it
Info: Baking map saved to internal image, save it externally or pack it
Info: Baking map saved to internal image, save it externally or pack it
Info: Baking map saved to internal image, save it externally or pack it
Info: Baking map saved to internal image, save it externally or pack it
Info: Baking map saved to internal image, save it externally or pack it
Info: Baking map saved to internal image, save it externally or pack it
Info: Baking map saved to internal image, save it externally or pack it
Info: Baking map saved to internal image, save it externally or pack it
Info: Baking map saved to internal image, save it externally or pack it
Info: Baking map saved to internal image, save it externally or pack it
Info: Baking map saved to internal image, save it externally or pack it
Info: Baking map saved to internal image, save it externally or pack it
Info: Baking map saved to internal image, save it externally or pack it
Info: Baking map saved to internal image, save it externally or pack it
Info: Baking map saved to internal image, save it externally or pack it
Info: Baking map saved to internal image, save it externally or pack it
Info: Baking map saved to internal image, save it externally or pack it
Info: Baking map saved to internal image, save it externally or pack it
Info: Baking map saved to internal image, save it externally or pack it
Info: Baking map saved to internal image, save it externally or pack it
Info: Baking map saved to internal image, save it externally or pack it
Info: Baking map saved to internal image, save it externally or pack it
Info: Baking map saved to internal image, save it externally or pack it
Info: Baking map saved to internal image, save it externally or pack it
Info: Baking map saved to internal image, save it externally or pack it
Info: Baking map saved to internal image, save it externally or pack it
Info: Baking map saved to internal image, save it externally or pack it
Info: Baking map saved to internal image, save it externally or pack it
Info: Baking map saved to internal image, save it externally or pack it
Info: Baking map saved to internal image, save it externally or pack it
Info: Baking map saved to internal image, save it externally or pack it
Info: Baking map saved to internal image, save it externally or pack it
Info: Baking map saved to internal image, save it externally or pack it
Info: Baking map saved to internal image, save it externally or pack it
Info: Baking map saved to internal image, save it externally or pack it
Info: Baking map saved to internal image, save it externally or pack it
Info: Baking map saved to internal image, save it externally or pack it
Info: Baking map saved to internal image, save it externally or pack it
Info: Baking map saved to internal image, save it externally or pack it
Info: Baking map saved to internal image, save it externally or pack it
Info: Baking map saved to internal image, save it externally or pack it
Info: Baking map saved to internal image, save it externally or pack it
Info: Baking map saved to internal image, save it externally or pack it
Info: Baking map saved to internal image, save it externally or pack it
Info: Baking map saved to internal image, save it externally or pack it
Info: Baking map saved to internal image, save it externally or pack it
Info: Baking map saved to internal image, save it externally or pack it
Info: Baking map saved to internal image, save it externally or pack it
Info: Baking map saved to internal image, save it externally or pack it
Info: Baking map saved to internal image, save it externally or pack it
Info: Baking map saved to internal image, save it externally or pack it
Info: Baking map saved to internal image, save it externally or pack it
Info: Baking map saved to internal image, save it externally or pack it
Info: Baking map saved to internal image, save it externally or pack it
Info: Baking map saved to internal image, save it externally or pack it
Info: Baking map saved to internal image, save it externally or pack it
Info: Baking map saved to internal image, save it externally or pack it
Info: Baking map saved to internal image, save it externally or pack it
Info: Baking map saved to internal image, save it externally or pack it
Info: Baking map saved to internal image, save it externally or pack it
Info: Baking map saved to internal image, save it externally or pack it
Info: Baking map saved to internal image, save it externally or pack it
Info: Baking map saved to internal image, save it externally or pack it
Info: Baking map saved to internal image, save it externally or pack it
Info: Baking map saved to internal image, save it externally or pack it
Info: Baking map saved to internal image, save it externally or pack it
Info: Baking map saved to internal image, save it externally or pack it
Info: Baking map saved to internal image, save it externally or pack it
Info: Baking map saved to internal image, save it externally or pack it
Info: Baking map saved to internal image, save it externally or pack it
Info: Baking map saved to internal image, save it externally or pack it
Info: Baking map saved to internal image, save it externally or pack it
Info: Baking map saved to internal image, save it externally or pack it
Info: Baking map saved to internal image, save it externally or pack it
Info: Baking map saved to internal image, save it externally or pack it
Info: Baking map saved to internal image, save it externally or pack it
Info: Baking map saved to internal image, save it externally or pack it
Info: Baking map saved to internal image, save it externally or pack it
Info: Baking map saved to internal image, save it externally or pack it
Info: Baking map saved to internal image, save it externally or pack it
Info: Baking map saved to internal image, save it externally or pack it
Info: Baking map saved to internal image, save it externally or pack it
Info: Baking map saved to internal image, save it externally or pack it
Info: Baking map saved to internal image, save it externally or pack it
Info: Baking map saved to internal image, save it externally or pack it
Info: Baking map saved to internal image, save it externally or pack it
Info: Baking map saved to internal image, save it externally or pack it
Info: Baking map saved to internal image, save it externally or pack it
Info: Baking map saved to internal image, save it externally or pack it
Info: Baking map saved to internal image, save it externally or pack it
Info: Baking map saved to internal image, save it externally or pack it
Info: Baking map saved to internal image, save it externally or pack it
Info: Baking map saved to internal image, save it externally or pack it
Info: Baking map saved to internal image, save it externally or pack it
Fra:1 Mem:27.81M (Peak 37.02M) | Time:495255:13:17.15 | Mem:0.00M, Peak:0.00M | Scene | Synchronizing object | right_window_wall_mullion_2
Fra:1 Mem:27.82M (Peak 37.02M) | Time:495255:13:17.15 | Mem:0.00M, Peak:0.00M | Scene | Initializing
Fra:1 Mem:27.82M (Peak 37.02M) | Time:495255:13:17.15 | Mem:0.00M, Peak:0.00M | Scene | Updating Images | Loading right_window_wall_mullion_2_DIFFUSE
Fra:1 Mem:27.83M (Peak 37.04M) | Time:495255:13:17.16 | Mem:0.00M, Peak:0.00M | Scene | Synchronizing object | right_window_wall_mullion_2
Fra:1 Mem:27.85M (Peak 37.04M) | Time:495255:13:17.16 | Mem:0.00M, Peak:0.00M | Scene | Initializing
Fra:1 Mem:27.84M (Peak 37.04M) | Time:495255:13:17.16 | Mem:0.00M, Peak:0.00M | Scene | Updating Images | Loading right_window_wall_mullion_2_ROUGHNESS
Fra:1 Mem:27.86M (Peak 37.04M) | Time:495255:13:17.17 | Mem:0.00M, Peak:0.00M | Scene | Synchronizing object | right_window_wall_mullion_2
Fra:1 Mem:27.87M (Peak 37.04M) | Time:495255:13:17.17 | Mem:0.00M, Peak:0.00M | Scene | Initializing
Fra:1 Mem:27.86M (Peak 37.04M) | Time:495255:13:17.17 | Mem:0.00M, Peak:0.00M | Scene | Updating Images | Loading right_window_wall_mullion_2_NORMAL
Fra:1 Mem:27.88M (Peak 37.09M) | Time:495255:13:17.19 | Mem:0.00M, Peak:0.00M | Scene | Synchronizing object | right_window_wall_solid_end_negative_y
Fra:1 Mem:27.89M (Peak 37.09M) | Time:495255:13:17.19 | Mem:0.00M, Peak:0.00M | Scene | Initializing
Fra:1 Mem:27.88M (Peak 37.09M) | Time:495255:13:17.19 | Mem:0.00M, Peak:0.00M | Scene | Updating Images | Loading right_window_wall_solid_end_negative_y_DIFFUSE
Fra:1 Mem:27.90M (Peak 37.11M) | Time:495255:13:17.20 | Mem:0.00M, Peak:0.00M | Scene | Synchronizing object | right_window_wall_solid_end_negative_y
Fra:1 Mem:27.91M (Peak 37.11M) | Time:495255:13:17.20 | Mem:0.00M, Peak:0.00M | Scene | Initializing
Fra:1 Mem:27.91M (Peak 37.11M) | Time:495255:13:17.20 | Mem:0.00M, Peak:0.00M | Scene | Updating Images | Loading right_window_wall_solid_end_negative_y_ROUGHNESS
Fra:1 Mem:27.92M (Peak 37.11M) | Time:495255:13:17.21 | Mem:0.00M, Peak:0.00M | Scene | Synchronizing object | right_window_wall_solid_end_negative_y
Fra:1 Mem:27.93M (Peak 37.11M) | Time:495255:13:17.21 | Mem:0.00M, Peak:0.00M | Scene | Initializing
Fra:1 Mem:27.93M (Peak 37.11M) | Time:495255:13:17.21 | Mem:0.00M, Peak:0.00M | Scene | Updating Images | Loading right_window_wall_solid_end_negative_y_NORMAL
Fra:1 Mem:27.94M (Peak 37.15M) | Time:495255:13:17.23 | Mem:0.00M, Peak:0.00M | Scene | Synchronizing object | right_window_wall_solid_end_positive_y
Fra:1 Mem:27.95M (Peak 37.15M) | Time:495255:13:17.23 | Mem:0.00M, Peak:0.00M | Scene | Initializing
Fra:1 Mem:27.95M (Peak 37.15M) | Time:495255:13:17.23 | Mem:0.00M, Peak:0.00M | Scene | Updating Images | Loading right_window_wall_solid_end_positive_y_DIFFUSE
Fra:1 Mem:27.96M (Peak 37.17M) | Time:495255:13:17.24 | Mem:0.00M, Peak:0.00M | Scene | Synchronizing object | right_window_wall_solid_end_positive_y
Fra:1 Mem:27.98M (Peak 37.17M) | Time:495255:13:17.24 | Mem:0.00M, Peak:0.00M | Scene | Initializing
Fra:1 Mem:27.97M (Peak 37.17M) | Time:495255:13:17.24 | Mem:0.00M, Peak:0.00M | Scene | Updating Images | Loading right_window_wall_solid_end_positive_y_ROUGHNESS
Fra:1 Mem:27.99M (Peak 37.17M) | Time:495255:13:17.25 | Mem:0.00M, Peak:0.00M | Scene | Synchronizing object | right_window_wall_solid_end_positive_y
Fra:1 Mem:28.00M (Peak 37.17M) | Time:495255:13:17.25 | Mem:0.00M, Peak:0.00M | Scene | Initializing
Fra:1 Mem:27.99M (Peak 37.17M) | Time:495255:13:17.25 | Mem:0.00M, Peak:0.00M | Scene | Updating Images | Loading right_window_wall_solid_end_positive_y_NORMAL
Fra:1 Mem:28.00M (Peak 37.22M) | Time:495255:13:17.27 | Mem:0.00M, Peak:0.00M | Scene | Synchronizing object | round_black_trash_can
Fra:1 Mem:28.01M (Peak 37.22M) | Time:495255:13:17.27 | Mem:0.00M, Peak:0.00M | Scene | Initializing
Fra:1 Mem:28.00M (Peak 37.22M) | Time:495255:13:17.27 | Mem:0.00M, Peak:0.00M | Scene | Updating Images | Loading round_black_trash_can_DIFFUSE
Fra:1 Mem:28.03M (Peak 37.22M) | Time:495255:13:17.28 | Mem:0.00M, Peak:0.00M | Scene | Synchronizing object | round_black_trash_can
Fra:1 Mem:28.03M (Peak 37.22M) | Time:495255:13:17.28 | Mem:0.00M, Peak:0.00M | Scene | Initializing
Fra:1 Mem:28.03M (Peak 37.22M) | Time:495255:13:17.28 | Mem:0.00M, Peak:0.00M | Scene | Updating Images | Loading round_black_trash_can_ROUGHNESS
Fra:1 Mem:28.05M (Peak 37.22M) | Time:495255:13:17.30 | Mem:0.00M, Peak:0.00M | Scene | Synchronizing object | round_black_trash_can
Fra:1 Mem:28.05M (Peak 37.22M) | Time:495255:13:17.30 | Mem:0.00M, Peak:0.00M | Scene | Initializing
Fra:1 Mem:28.05M (Peak 37.22M) | Time:495255:13:17.30 | Mem:0.00M, Peak:0.00M | Scene | Updating Images | Loading round_black_trash_can_NORMAL
Fra:1 Mem:28.07M (Peak 37.26M) | Time:495255:13:17.31 | Mem:0.00M, Peak:0.00M | Scene | Synchronizing object | stacked_paper_cup_0
Fra:1 Mem:28.07M (Peak 37.26M) | Time:495255:13:17.31 | Mem:0.00M, Peak:0.00M | Scene | Initializing
Fra:1 Mem:28.07M (Peak 37.26M) | Time:495255:13:17.31 | Mem:0.00M, Peak:0.00M | Scene | Updating Images | Loading stacked_paper_cup_0_DIFFUSE
Fra:1 Mem:28.09M (Peak 37.28M) | Time:495255:13:17.32 | Mem:0.00M, Peak:0.00M | Scene | Synchronizing object | stacked_paper_cup_0
Fra:1 Mem:28.10M (Peak 37.28M) | Time:495255:13:17.32 | Mem:0.00M, Peak:0.00M | Scene | Initializing
Fra:1 Mem:28.09M (Peak 37.28M) | Time:495255:13:17.32 | Mem:0.00M, Peak:0.00M | Scene | Updating Images | Loading stacked_paper_cup_0_ROUGHNESS
Fra:1 Mem:28.12M (Peak 37.28M) | Time:495255:13:17.34 | Mem:0.00M, Peak:0.00M | Scene | Synchronizing object | stacked_paper_cup_0
Fra:1 Mem:28.12M (Peak 37.28M) | Time:495255:13:17.34 | Mem:0.00M, Peak:0.00M | Scene | Initializing
Fra:1 Mem:28.11M (Peak 37.28M) | Time:495255:13:17.34 | Mem:0.00M, Peak:0.00M | Scene | Updating Images | Loading stacked_paper_cup_0_NORMAL
Fra:1 Mem:28.14M (Peak 37.33M) | Time:495255:13:17.35 | Mem:0.00M, Peak:0.00M | Scene | Synchronizing object | stacked_paper_cup_1
Fra:1 Mem:28.14M (Peak 37.33M) | Time:495255:13:17.35 | Mem:0.00M, Peak:0.00M | Scene | Initializing
Fra:1 Mem:28.14M (Peak 37.33M) | Time:495255:13:17.35 | Mem:0.00M, Peak:0.00M | Scene | Updating Images | Loading stacked_paper_cup_1_DIFFUSE
Fra:1 Mem:28.16M (Peak 37.35M) | Time:495255:13:17.37 | Mem:0.00M, Peak:0.00M | Scene | Synchronizing object | stacked_paper_cup_1
Fra:1 Mem:28.16M (Peak 37.35M) | Time:495255:13:17.37 | Mem:0.00M, Peak:0.00M | Scene | Initializing
Fra:1 Mem:28.16M (Peak 37.35M) | Time:495255:13:17.37 | Mem:0.00M, Peak:0.00M | Scene | Updating Images | Loading stacked_paper_cup_1_ROUGHNESS
Fra:1 Mem:28.18M (Peak 37.35M) | Time:495255:13:17.38 | Mem:0.00M, Peak:0.00M | Scene | Synchronizing object | stacked_paper_cup_1
Fra:1 Mem:28.19M (Peak 37.35M) | Time:495255:13:17.38 | Mem:0.00M, Peak:0.00M | Scene | Initializing
Fra:1 Mem:28.18M (Peak 37.35M) | Time:495255:13:17.38 | Mem:0.00M, Peak:0.00M | Scene | Updating Images | Loading stacked_paper_cup_1_NORMAL
Fra:1 Mem:28.20M (Peak 37.40M) | Time:495255:13:17.39 | Mem:0.00M, Peak:0.00M | Scene | Synchronizing object | stacked_paper_cup_2
Fra:1 Mem:28.21M (Peak 37.40M) | Time:495255:13:17.39 | Mem:0.00M, Peak:0.00M | Scene | Initializing
Fra:1 Mem:28.21M (Peak 37.40M) | Time:495255:13:17.39 | Mem:0.00M, Peak:0.00M | Scene | Updating Images | Loading stacked_paper_cup_2_DIFFUSE
Fra:1 Mem:28.23M (Peak 37.42M) | Time:495255:13:17.41 | Mem:0.00M, Peak:0.00M | Scene | Synchronizing object | stacked_paper_cup_2
Fra:1 Mem:28.23M (Peak 37.42M) | Time:495255:13:17.41 | Mem:0.00M, Peak:0.00M | Scene | Initializing
Fra:1 Mem:28.23M (Peak 37.42M) | Time:495255:13:17.41 | Mem:0.00M, Peak:0.00M | Scene | Updating Images | Loading stacked_paper_cup_2_ROUGHNESS
Fra:1 Mem:28.25M (Peak 37.42M) | Time:495255:13:17.42 | Mem:0.00M, Peak:0.00M | Scene | Synchronizing object | stacked_paper_cup_2
Fra:1 Mem:28.25M (Peak 37.42M) | Time:495255:13:17.42 | Mem:0.00M, Peak:0.00M | Scene | Initializing
Fra:1 Mem:28.25M (Peak 37.42M) | Time:495255:13:17.42 | Mem:0.00M, Peak:0.00M | Scene | Updating Images | Loading stacked_paper_cup_2_NORMAL
Fra:1 Mem:28.27M (Peak 37.47M) | Time:495255:13:17.44 | Mem:0.00M, Peak:0.00M | Scene | Synchronizing object | stacked_paper_cup_3
Fra:1 Mem:28.28M (Peak 37.47M) | Time:495255:13:17.44 | Mem:0.00M, Peak:0.00M | Scene | Initializing
Fra:1 Mem:28.27M (Peak 37.47M) | Time:495255:13:17.44 | Mem:0.00M, Peak:0.00M | Scene | Updating Images | Loading stacked_paper_cup_3_DIFFUSE
Fra:1 Mem:28.30M (Peak 37.49M) | Time:495255:13:17.45 | Mem:0.00M, Peak:0.00M | Scene | Synchronizing object | stacked_paper_cup_3
Fra:1 Mem:28.30M (Peak 37.49M) | Time:495255:13:17.45 | Mem:0.00M, Peak:0.00M | Scene | Initializing
Fra:1 Mem:28.30M (Peak 37.49M) | Time:495255:13:17.45 | Mem:0.00M, Peak:0.00M | Scene | Updating Images | Loading stacked_paper_cup_3_ROUGHNESS
Fra:1 Mem:28.32M (Peak 37.49M) | Time:495255:13:17.47 | Mem:0.00M, Peak:0.00M | Scene | Synchronizing object | stacked_paper_cup_3
Fra:1 Mem:28.32M (Peak 37.49M) | Time:495255:13:17.47 | Mem:0.00M, Peak:0.00M | Scene | Initializing
Fra:1 Mem:28.32M (Peak 37.49M) | Time:495255:13:17.47 | Mem:0.00M, Peak:0.00M | Scene | Updating Images | Loading stacked_paper_cup_3_NORMAL
Fra:1 Mem:28.34M (Peak 37.53M) | Time:495255:13:17.48 | Mem:0.00M, Peak:0.00M | Scene | Synchronizing object | stainless_sneeze_guard_glass
Fra:1 Mem:28.34M (Peak 37.53M) | Time:495255:13:17.48 | Mem:0.00M, Peak:0.00M | Scene | Initializing
Fra:1 Mem:28.34M (Peak 37.53M) | Time:495255:13:17.48 | Mem:0.00M, Peak:0.00M | Scene | Updating Images | Loading stainless_sneeze_guard_glass_TRANSMISSION
Fra:1 Mem:28.36M (Peak 37.55M) | Time:495255:13:17.49 | Mem:0.00M, Peak:0.00M | Scene | Synchronizing object | stainless_sneeze_guard_glass
Fra:1 Mem:28.36M (Peak 37.55M) | Time:495255:13:17.49 | Mem:0.00M, Peak:0.00M | Scene | Initializing
Fra:1 Mem:28.36M (Peak 37.55M) | Time:495255:13:17.49 | Mem:0.00M, Peak:0.00M | Scene | Updating Images | Loading stainless_sneeze_guard_glass_DIFFUSE
Fra:1 Mem:28.39M (Peak 37.57M) | Time:495255:13:17.50 | Mem:0.00M, Peak:0.00M | Scene | Synchronizing object | stainless_sneeze_guard_glass
Fra:1 Mem:28.39M (Peak 37.57M) | Time:495255:13:17.50 | Mem:0.00M, Peak:0.00M | Scene | Initializing
Fra:1 Mem:28.38M (Peak 37.57M) | Time:495255:13:17.50 | Mem:0.00M, Peak:0.00M | Scene | Updating Images | Loading stainless_sneeze_guard_glass_ROUGHNESS
Fra:1 Mem:28.41M (Peak 37.57M) | Time:495255:13:17.51 | Mem:0.00M, Peak:0.00M | Scene | Synchronizing object | stainless_sneeze_guard_glass
Fra:1 Mem:28.41M (Peak 37.57M) | Time:495255:13:17.51 | Mem:0.00M, Peak:0.00M | Scene | Initializing
Fra:1 Mem:28.40M (Peak 37.57M) | Time:495255:13:17.51 | Mem:0.00M, Peak:0.00M | Scene | Updating Images | Loading stainless_sneeze_guard_glass_NORMAL
Fra:1 Mem:28.41M (Peak 37.62M) | Time:495255:13:17.52 | Mem:0.00M, Peak:0.00M | Scene | Synchronizing object | table_0_central_pedestal
Fra:1 Mem:28.41M (Peak 37.62M) | Time:495255:13:17.53 | Mem:0.00M, Peak:0.00M | Scene | Initializing
Fra:1 Mem:28.41M (Peak 37.62M) | Time:495255:13:17.53 | Mem:0.00M, Peak:0.00M | Scene | Updating Images | Loading table_0_central_pedestal_METAL
Fra:1 Mem:28.44M (Peak 37.62M) | Time:495255:13:17.54 | Mem:0.00M, Peak:0.00M | Scene | Synchronizing object | table_0_central_pedestal
Fra:1 Mem:28.44M (Peak 37.62M) | Time:495255:13:17.54 | Mem:0.00M, Peak:0.00M | Scene | Initializing
Fra:1 Mem:28.44M (Peak 37.62M) | Time:495255:13:17.54 | Mem:0.00M, Peak:0.00M | Scene | Updating Images | Loading table_0_central_pedestal_DIFFUSE
Fra:1 Mem:28.46M (Peak 37.65M) | Time:495255:13:17.55 | Mem:0.00M, Peak:0.00M | Scene | Synchronizing object | table_0_central_pedestal
Fra:1 Mem:28.46M (Peak 37.65M) | Time:495255:13:17.55 | Mem:0.00M, Peak:0.00M | Scene | Initializing
Fra:1 Mem:28.46M (Peak 37.65M) | Time:495255:13:17.55 | Mem:0.00M, Peak:0.00M | Scene | Updating Images | Loading table_0_central_pedestal_ROUGHNESS
Fra:1 Mem:28.48M (Peak 37.65M) | Time:495255:13:17.56 | Mem:0.00M, Peak:0.00M | Scene | Synchronizing object | table_0_central_pedestal
Fra:1 Mem:28.49M (Peak 37.65M) | Time:495255:13:17.56 | Mem:0.00M, Peak:0.00M | Scene | Initializing
Fra:1 Mem:28.48M (Peak 37.65M) | Time:495255:13:17.56 | Mem:0.00M, Peak:0.00M | Scene | Updating Images | Loading table_0_central_pedestal_NORMAL
Fra:1 Mem:28.50M (Peak 37.70M) | Time:495255:13:17.58 | Mem:0.00M, Peak:0.00M | Scene | Synchronizing object | table_0_chair_0_back
Fra:1 Mem:28.51M (Peak 37.70M) | Time:495255:13:17.58 | Mem:0.00M, Peak:0.00M | Scene | Initializing
Fra:1 Mem:28.51M (Peak 37.70M) | Time:495255:13:17.58 | Mem:0.00M, Peak:0.00M | Scene | Updating Images | Loading table_0_chair_0_back_DIFFUSE
Fra:1 Mem:28.52M (Peak 37.73M) | Time:495255:13:17.59 | Mem:0.00M, Peak:0.00M | Scene | Synchronizing object | table_0_chair_0_back
Fra:1 Mem:28.53M (Peak 37.73M) | Time:495255:13:17.59 | Mem:0.00M, Peak:0.00M | Scene | Initializing
Fra:1 Mem:28.53M (Peak 37.73M) | Time:495255:13:17.59 | Mem:0.00M, Peak:0.00M | Scene | Updating Images | Loading table_0_chair_0_back_ROUGHNESS
Fra:1 Mem:28.54M (Peak 37.73M) | Time:495255:13:17.60 | Mem:0.00M, Peak:0.00M | Scene | Synchronizing object | table_0_chair_0_back
Fra:1 Mem:28.55M (Peak 37.73M) | Time:495255:13:17.60 | Mem:0.00M, Peak:0.00M | Scene | Initializing
Fra:1 Mem:28.55M (Peak 37.73M) | Time:495255:13:17.60 | Mem:0.00M, Peak:0.00M | Scene | Updating Images | Loading table_0_chair_0_back_NORMAL
Fra:1 Mem:28.54M (Peak 37.77M) | Time:495255:13:17.62 | Mem:0.00M, Peak:0.00M | Scene | Synchronizing object | table_0_chair_0_leg_-0.19_-0.17
Fra:1 Mem:28.55M (Peak 37.77M) | Time:495255:13:17.62 | Mem:0.00M, Peak:0.00M | Scene | Initializing
Fra:1 Mem:28.54M (Peak 37.77M) | Time:495255:13:17.62 | Mem:0.00M, Peak:0.00M | Scene | Updating Images | Loading table_0_chair_0_leg_-0.19_-0.17_METAL
Fra:1 Mem:28.58M (Peak 37.77M) | Time:495255:13:17.63 | Mem:0.00M, Peak:0.00M | Scene | Synchronizing object | table_0_chair_0_leg_-0.19_-0.17
Fra:1 Mem:28.58M (Peak 37.77M) | Time:495255:13:17.63 | Mem:0.00M, Peak:0.00M | Scene | Initializing
Fra:1 Mem:28.57M (Peak 37.77M) | Time:495255:13:17.63 | Mem:0.00M, Peak:0.00M | Scene | Updating Images | Loading table_0_chair_0_leg_-0.19_-0.17_DIFFUSE
Fra:1 Mem:28.60M (Peak 37.79M) | Time:495255:13:17.64 | Mem:0.00M, Peak:0.00M | Scene | Synchronizing object | table_0_chair_0_leg_-0.19_-0.17
Fra:1 Mem:28.60M (Peak 37.79M) | Time:495255:13:17.64 | Mem:0.00M, Peak:0.00M | Scene | Initializing
Fra:1 Mem:28.60M (Peak 37.79M) | Time:495255:13:17.64 | Mem:0.00M, Peak:0.00M | Scene | Updating Images | Loading table_0_chair_0_leg_-0.19_-0.17_ROUGHNESS
Fra:1 Mem:28.62M (Peak 37.79M) | Time:495255:13:17.65 | Mem:0.00M, Peak:0.00M | Scene | Synchronizing object | table_0_chair_0_leg_-0.19_-0.17
Fra:1 Mem:28.62M (Peak 37.79M) | Time:495255:13:17.65 | Mem:0.00M, Peak:0.00M | Scene | Initializing
Fra:1 Mem:28.62M (Peak 37.79M) | Time:495255:13:17.65 | Mem:0.00M, Peak:0.00M | Scene | Updating Images | Loading table_0_chair_0_leg_-0.19_-0.17_NORMAL
Fra:1 Mem:28.62M (Peak 37.83M) | Time:495255:13:17.67 | Mem:0.00M, Peak:0.00M | Scene | Synchronizing object | table_0_chair_0_leg_-0.19_0.17
Fra:1 Mem:28.62M (Peak 37.83M) | Time:495255:13:17.67 | Mem:0.00M, Peak:0.00M | Scene | Initializing
Fra:1 Mem:28.62M (Peak 37.83M) | Time:495255:13:17.67 | Mem:0.00M, Peak:0.00M | Scene | Updating Images | Loading table_0_chair_0_leg_-0.19_0.17_METAL
Fra:1 Mem:28.65M (Peak 37.83M) | Time:495255:13:17.68 | Mem:0.00M, Peak:0.00M | Scene | Synchronizing object | table_0_chair_0_leg_-0.19_0.17
Fra:1 Mem:28.65M (Peak 37.83M) | Time:495255:13:17.68 | Mem:0.00M, Peak:0.00M | Scene | Initializing
Fra:1 Mem:28.65M (Peak 37.83M) | Time:495255:13:17.68 | Mem:0.00M, Peak:0.00M | Scene | Updating Images | Loading table_0_chair_0_leg_-0.19_0.17_DIFFUSE
Fra:1 Mem:28.67M (Peak 37.86M) | Time:495255:13:17.69 | Mem:0.00M, Peak:0.00M | Scene | Synchronizing object | table_0_chair_0_leg_-0.19_0.17
Fra:1 Mem:28.67M (Peak 37.86M) | Time:495255:13:17.69 | Mem:0.00M, Peak:0.00M | Scene | Initializing
Fra:1 Mem:28.67M (Peak 37.86M) | Time:495255:13:17.69 | Mem:0.00M, Peak:0.00M | Scene | Updating Images | Loading table_0_chair_0_leg_-0.19_0.17_ROUGHNESS
Fra:1 Mem:28.69M (Peak 37.86M) | Time:495255:13:17.70 | Mem:0.00M, Peak:0.00M | Scene | Synchronizing object | table_0_chair_0_leg_-0.19_0.17
Fra:1 Mem:28.70M (Peak 37.86M) | Time:495255:13:17.70 | Mem:0.00M, Peak:0.00M | Scene | Initializing
Fra:1 Mem:28.69M (Peak 37.86M) | Time:495255:13:17.70 | Mem:0.00M, Peak:0.00M | Scene | Updating Images | Loading table_0_chair_0_leg_-0.19_0.17_NORMAL
Fra:1 Mem:28.69M (Peak 37.91M) | Time:495255:13:17.71 | Mem:0.00M, Peak:0.00M | Scene | Synchronizing object | table_0_chair_0_leg_0.19_-0.17
Fra:1 Mem:28.69M (Peak 37.91M) | Time:495255:13:17.71 | Mem:0.00M, Peak:0.00M | Scene | Initializing
Fra:1 Mem:28.69M (Peak 37.91M) | Time:495255:13:17.71 | Mem:0.00M, Peak:0.00M | Scene | Updating Images | Loading table_0_chair_0_leg_0.19_-0.17_METAL
Fra:1 Mem:28.72M (Peak 37.91M) | Time:495255:13:17.72 | Mem:0.00M, Peak:0.00M | Scene | Synchronizing object | table_0_chair_0_leg_0.19_-0.17
Fra:1 Mem:28.73M (Peak 37.91M) | Time:495255:13:17.72 | Mem:0.00M, Peak:0.00M | Scene | Initializing
Fra:1 Mem:28.72M (Peak 37.91M) | Time:495255:13:17.73 | Mem:0.00M, Peak:0.00M | Scene | Updating Images | Loading table_0_chair_0_leg_0.19_-0.17_DIFFUSE
Fra:1 Mem:28.75M (Peak 37.94M) | Time:495255:13:17.74 | Mem:0.00M, Peak:0.00M | Scene | Synchronizing object | table_0_chair_0_leg_0.19_-0.17
Fra:1 Mem:28.75M (Peak 37.94M) | Time:495255:13:17.74 | Mem:0.00M, Peak:0.00M | Scene | Initializing
Fra:1 Mem:28.74M (Peak 37.94M) | Time:495255:13:17.74 | Mem:0.00M, Peak:0.00M | Scene | Updating Images | Loading table_0_chair_0_leg_0.19_-0.17_ROUGHNESS
Fra:1 Mem:28.77M (Peak 37.94M) | Time:495255:13:17.75 | Mem:0.00M, Peak:0.00M | Scene | Synchronizing object | table_0_chair_0_leg_0.19_-0.17
Fra:1 Mem:28.77M (Peak 37.94M) | Time:495255:13:17.75 | Mem:0.00M, Peak:0.00M | Scene | Initializing
Fra:1 Mem:28.77M (Peak 37.94M) | Time:495255:13:17.75 | Mem:0.00M, Peak:0.00M | Scene | Updating Images | Loading table_0_chair_0_leg_0.19_-0.17_NORMAL
Fra:1 Mem:28.77M (Peak 37.98M) | Time:495255:13:17.76 | Mem:0.00M, Peak:0.00M | Scene | Synchronizing object | table_0_chair_0_leg_0.19_0.17
Fra:1 Mem:28.77M (Peak 37.98M) | Time:495255:13:17.76 | Mem:0.00M, Peak:0.00M | Scene | Initializing
Fra:1 Mem:28.76M (Peak 37.98M) | Time:495255:13:17.76 | Mem:0.00M, Peak:0.00M | Scene | Updating Images | Loading table_0_chair_0_leg_0.19_0.17_METAL
Fra:1 Mem:28.80M (Peak 37.98M) | Time:495255:13:17.77 | Mem:0.00M, Peak:0.00M | Scene | Synchronizing object | table_0_chair_0_leg_0.19_0.17
Fra:1 Mem:28.80M (Peak 37.98M) | Time:495255:13:17.77 | Mem:0.00M, Peak:0.00M | Scene | Initializing
Fra:1 Mem:28.79M (Peak 37.98M) | Time:495255:13:17.77 | Mem:0.00M, Peak:0.00M | Scene | Updating Images | Loading table_0_chair_0_leg_0.19_0.17_DIFFUSE
Fra:1 Mem:28.82M (Peak 38.01M) | Time:495255:13:17.79 | Mem:0.00M, Peak:0.00M | Scene | Synchronizing object | table_0_chair_0_leg_0.19_0.17
Fra:1 Mem:28.82M (Peak 38.01M) | Time:495255:13:17.79 | Mem:0.00M, Peak:0.00M | Scene | Initializing
Fra:1 Mem:28.82M (Peak 38.01M) | Time:495255:13:17.79 | Mem:0.00M, Peak:0.00M | Scene | Updating Images | Loading table_0_chair_0_leg_0.19_0.17_ROUGHNESS
Fra:1 Mem:28.84M (Peak 38.01M) | Time:495255:13:17.80 | Mem:0.00M, Peak:0.00M | Scene | Synchronizing object | table_0_chair_0_leg_0.19_0.17
Fra:1 Mem:28.84M (Peak 38.01M) | Time:495255:13:17.80 | Mem:0.00M, Peak:0.00M | Scene | Initializing
Fra:1 Mem:28.84M (Peak 38.01M) | Time:495255:13:17.80 | Mem:0.00M, Peak:0.00M | Scene | Updating Images | Loading table_0_chair_0_leg_0.19_0.17_NORMAL
Fra:1 Mem:28.85M (Peak 38.05M) | Time:495255:13:17.81 | Mem:0.00M, Peak:0.00M | Scene | Synchronizing object | table_0_chair_0_seat
Fra:1 Mem:28.87M (Peak 38.05M) | Time:495255:13:17.81 | Mem:0.00M, Peak:0.00M | Scene | Initializing
Fra:1 Mem:28.86M (Peak 38.05M) | Time:495255:13:17.81 | Mem:0.00M, Peak:0.00M | Scene | Updating Images | Loading table_0_chair_0_seat_DIFFUSE
Fra:1 Mem:28.88M (Peak 38.09M) | Time:495255:13:17.82 | Mem:0.00M, Peak:0.00M | Scene | Synchronizing object | table_0_chair_0_seat
Fra:1 Mem:28.89M (Peak 38.09M) | Time:495255:13:17.82 | Mem:0.00M, Peak:0.00M | Scene | Initializing
Fra:1 Mem:28.89M (Peak 38.09M) | Time:495255:13:17.82 | Mem:0.00M, Peak:0.00M | Scene | Updating Images | Loading table_0_chair_0_seat_ROUGHNESS
Fra:1 Mem:28.90M (Peak 38.09M) | Time:495255:13:17.84 | Mem:0.00M, Peak:0.00M | Scene | Synchronizing object | table_0_chair_0_seat
Fra:1 Mem:28.91M (Peak 38.09M) | Time:495255:13:17.84 | Mem:0.00M, Peak:0.00M | Scene | Initializing
Fra:1 Mem:28.91M (Peak 38.09M) | Time:495255:13:17.84 | Mem:0.00M, Peak:0.00M | Scene | Updating Images | Loading table_0_chair_0_seat_NORMAL
Fra:1 Mem:28.92M (Peak 38.13M) | Time:495255:13:17.85 | Mem:0.00M, Peak:0.00M | Scene | Synchronizing object | table_0_chair_1_back
Fra:1 Mem:28.93M (Peak 38.13M) | Time:495255:13:17.85 | Mem:0.00M, Peak:0.00M | Scene | Initializing
Fra:1 Mem:28.93M (Peak 38.13M) | Time:495255:13:17.85 | Mem:0.00M, Peak:0.00M | Scene | Updating Images | Loading table_0_chair_1_back_DIFFUSE
Fra:1 Mem:28.94M (Peak 38.15M) | Time:495255:13:17.87 | Mem:0.00M, Peak:0.00M | Scene | Synchronizing object | table_0_chair_1_back
Fra:1 Mem:28.95M (Peak 38.15M) | Time:495255:13:17.87 | Mem:0.00M, Peak:0.00M | Scene | Initializing
Fra:1 Mem:28.95M (Peak 38.15M) | Time:495255:13:17.87 | Mem:0.00M, Peak:0.00M | Scene | Updating Images | Loading table_0_chair_1_back_ROUGHNESS
Fra:1 Mem:28.96M (Peak 38.15M) | Time:495255:13:17.88 | Mem:0.00M, Peak:0.00M | Scene | Synchronizing object | table_0_chair_1_back
Fra:1 Mem:28.98M (Peak 38.15M) | Time:495255:13:17.88 | Mem:0.00M, Peak:0.00M | Scene | Initializing
Fra:1 Mem:28.97M (Peak 38.15M) | Time:495255:13:17.88 | Mem:0.00M, Peak:0.00M | Scene | Updating Images | Loading table_0_chair_1_back_NORMAL
Fra:1 Mem:28.97M (Peak 38.20M) | Time:495255:13:17.89 | Mem:0.00M, Peak:0.00M | Scene | Synchronizing object | table_0_chair_1_leg_-0.19_-0.17
Fra:1 Mem:28.97M (Peak 38.20M) | Time:495255:13:17.89 | Mem:0.00M, Peak:0.00M | Scene | Initializing
Fra:1 Mem:28.97M (Peak 38.20M) | Time:495255:13:17.89 | Mem:0.00M, Peak:0.00M | Scene | Updating Images | Loading table_0_chair_1_leg_-0.19_-0.17_METAL
Fra:1 Mem:29.00M (Peak 38.20M) | Time:495255:13:17.91 | Mem:0.00M, Peak:0.00M | Scene | Synchronizing object | table_0_chair_1_leg_-0.19_-0.17
Fra:1 Mem:29.00M (Peak 38.20M) | Time:495255:13:17.91 | Mem:0.00M, Peak:0.00M | Scene | Initializing
Fra:1 Mem:29.00M (Peak 38.20M) | Time:495255:13:17.91 | Mem:0.00M, Peak:0.00M | Scene | Updating Images | Loading table_0_chair_1_leg_-0.19_-0.17_DIFFUSE
Fra:1 Mem:29.02M (Peak 38.21M) | Time:495255:13:17.92 | Mem:0.00M, Peak:0.00M | Scene | Synchronizing object | table_0_chair_1_leg_-0.19_-0.17
Fra:1 Mem:29.02M (Peak 38.21M) | Time:495255:13:17.92 | Mem:0.00M, Peak:0.00M | Scene | Initializing
Fra:1 Mem:29.02M (Peak 38.21M) | Time:495255:13:17.92 | Mem:0.00M, Peak:0.00M | Scene | Updating Images | Loading table_0_chair_1_leg_-0.19_-0.17_ROUGHNESS
Fra:1 Mem:29.04M (Peak 38.21M) | Time:495255:13:17.93 | Mem:0.00M, Peak:0.00M | Scene | Synchronizing object | table_0_chair_1_leg_-0.19_-0.17
Fra:1 Mem:29.04M (Peak 38.21M) | Time:495255:13:17.93 | Mem:0.00M, Peak:0.00M | Scene | Initializing
Fra:1 Mem:29.04M (Peak 38.21M) | Time:495255:13:17.93 | Mem:0.00M, Peak:0.00M | Scene | Updating Images | Loading table_0_chair_1_leg_-0.19_-0.17_NORMAL
Fra:1 Mem:29.04M (Peak 38.25M) | Time:495255:13:17.94 | Mem:0.00M, Peak:0.00M | Scene | Synchronizing object | table_0_chair_1_leg_-0.19_0.17
Fra:1 Mem:29.04M (Peak 38.25M) | Time:495255:13:17.94 | Mem:0.00M, Peak:0.00M | Scene | Initializing
Fra:1 Mem:29.04M (Peak 38.25M) | Time:495255:13:17.94 | Mem:0.00M, Peak:0.00M | Scene | Updating Images | Loading table_0_chair_1_leg_-0.19_0.17_METAL
Fra:1 Mem:29.07M (Peak 38.25M) | Time:495255:13:17.95 | Mem:0.00M, Peak:0.00M | Scene | Synchronizing object | table_0_chair_1_leg_-0.19_0.17
Fra:1 Mem:29.08M (Peak 38.25M) | Time:495255:13:17.95 | Mem:0.00M, Peak:0.00M | Scene | Initializing
Fra:1 Mem:29.07M (Peak 38.25M) | Time:495255:13:17.95 | Mem:0.00M, Peak:0.00M | Scene | Updating Images | Loading table_0_chair_1_leg_-0.19_0.17_DIFFUSE
Fra:1 Mem:29.10M (Peak 38.28M) | Time:495255:13:17.96 | Mem:0.00M, Peak:0.00M | Scene | Synchronizing object | table_0_chair_1_leg_-0.19_0.17
Fra:1 Mem:29.10M (Peak 38.28M) | Time:495255:13:17.96 | Mem:0.00M, Peak:0.00M | Scene | Initializing
Fra:1 Mem:29.09M (Peak 38.28M) | Time:495255:13:17.96 | Mem:0.00M, Peak:0.00M | Scene | Updating Images | Loading table_0_chair_1_leg_-0.19_0.17_ROUGHNESS
Fra:1 Mem:29.12M (Peak 38.28M) | Time:495255:13:17.98 | Mem:0.00M, Peak:0.00M | Scene | Synchronizing object | table_0_chair_1_leg_-0.19_0.17
Fra:1 Mem:29.12M (Peak 38.28M) | Time:495255:13:17.98 | Mem:0.00M, Peak:0.00M | Scene | Initializing
Fra:1 Mem:29.12M (Peak 38.28M) | Time:495255:13:17.98 | Mem:0.00M, Peak:0.00M | Scene | Updating Images | Loading table_0_chair_1_leg_-0.19_0.17_NORMAL
Fra:1 Mem:29.11M (Peak 38.33M) | Time:495255:13:17.99 | Mem:0.00M, Peak:0.00M | Scene | Synchronizing object | table_0_chair_1_leg_0.19_-0.17
Fra:1 Mem:29.12M (Peak 38.33M) | Time:495255:13:17.99 | Mem:0.00M, Peak:0.00M | Scene | Initializing
Fra:1 Mem:29.11M (Peak 38.33M) | Time:495255:13:17.99 | Mem:0.00M, Peak:0.00M | Scene | Updating Images | Loading table_0_chair_1_leg_0.19_-0.17_METAL
Fra:1 Mem:29.15M (Peak 38.33M) | Time:495255:13:18.00 | Mem:0.00M, Peak:0.00M | Scene | Synchronizing object | table_0_chair_1_leg_0.19_-0.17
Fra:1 Mem:29.15M (Peak 38.33M) | Time:495255:13:18.00 | Mem:0.00M, Peak:0.00M | Scene | Initializing
Fra:1 Mem:29.14M (Peak 38.33M) | Time:495255:13:18.00 | Mem:0.00M, Peak:0.00M | Scene | Updating Images | Loading table_0_chair_1_leg_0.19_-0.17_DIFFUSE
Fra:1 Mem:29.17M (Peak 38.36M) | Time:495255:13:18.01 | Mem:0.00M, Peak:0.00M | Scene | Synchronizing object | table_0_chair_1_leg_0.19_-0.17
Fra:1 Mem:29.17M (Peak 38.36M) | Time:495255:13:18.01 | Mem:0.00M, Peak:0.00M | Scene | Initializing
Fra:1 Mem:29.17M (Peak 38.36M) | Time:495255:13:18.01 | Mem:0.00M, Peak:0.00M | Scene | Updating Images | Loading table_0_chair_1_leg_0.19_-0.17_ROUGHNESS
Fra:1 Mem:29.19M (Peak 38.36M) | Time:495255:13:18.02 | Mem:0.00M, Peak:0.00M | Scene | Synchronizing object | table_0_chair_1_leg_0.19_-0.17
Fra:1 Mem:29.19M (Peak 38.36M) | Time:495255:13:18.02 | Mem:0.00M, Peak:0.00M | Scene | Initializing
Fra:1 Mem:29.19M (Peak 38.36M) | Time:495255:13:18.02 | Mem:0.00M, Peak:0.00M | Scene | Updating Images | Loading table_0_chair_1_leg_0.19_-0.17_NORMAL
Fra:1 Mem:29.19M (Peak 38.40M) | Time:495255:13:18.04 | Mem:0.00M, Peak:0.00M | Scene | Synchronizing object | table_0_chair_1_leg_0.19_0.17
Fra:1 Mem:29.19M (Peak 38.40M) | Time:495255:13:18.04 | Mem:0.00M, Peak:0.00M | Scene | Initializing
Fra:1 Mem:29.19M (Peak 38.40M) | Time:495255:13:18.04 | Mem:0.00M, Peak:0.00M | Scene | Updating Images | Loading table_0_chair_1_leg_0.19_0.17_METAL
Fra:1 Mem:29.22M (Peak 38.40M) | Time:495255:13:18.05 | Mem:0.00M, Peak:0.00M | Scene | Synchronizing object | table_0_chair_1_leg_0.19_0.17
Fra:1 Mem:29.22M (Peak 38.40M) | Time:495255:13:18.05 | Mem:0.00M, Peak:0.00M | Scene | Initializing
Fra:1 Mem:29.22M (Peak 38.40M) | Time:495255:13:18.05 | Mem:0.00M, Peak:0.00M | Scene | Updating Images | Loading table_0_chair_1_leg_0.19_0.17_DIFFUSE
Fra:1 Mem:29.24M (Peak 38.43M) | Time:495255:13:18.06 | Mem:0.00M, Peak:0.00M | Scene | Synchronizing object | table_0_chair_1_leg_0.19_0.17
Fra:1 Mem:29.24M (Peak 38.43M) | Time:495255:13:18.06 | Mem:0.00M, Peak:0.00M | Scene | Initializing
Fra:1 Mem:29.24M (Peak 38.43M) | Time:495255:13:18.06 | Mem:0.00M, Peak:0.00M | Scene | Updating Images | Loading table_0_chair_1_leg_0.19_0.17_ROUGHNESS
Fra:1 Mem:29.26M (Peak 38.43M) | Time:495255:13:18.07 | Mem:0.00M, Peak:0.00M | Scene | Synchronizing object | table_0_chair_1_leg_0.19_0.17
Fra:1 Mem:29.26M (Peak 38.43M) | Time:495255:13:18.07 | Mem:0.00M, Peak:0.00M | Scene | Initializing
Fra:1 Mem:29.26M (Peak 38.43M) | Time:495255:13:18.07 | Mem:0.00M, Peak:0.00M | Scene | Updating Images | Loading table_0_chair_1_leg_0.19_0.17_NORMAL
Fra:1 Mem:29.28M (Peak 38.47M) | Time:495255:13:18.08 | Mem:0.00M, Peak:0.00M | Scene | Synchronizing object | table_0_chair_1_seat
Fra:1 Mem:29.29M (Peak 38.47M) | Time:495255:13:18.08 | Mem:0.00M, Peak:0.00M | Scene | Initializing
Fra:1 Mem:29.29M (Peak 38.47M) | Time:495255:13:18.08 | Mem:0.00M, Peak:0.00M | Scene | Updating Images | Loading table_0_chair_1_seat_DIFFUSE
Fra:1 Mem:29.30M (Peak 38.51M) | Time:495255:13:18.10 | Mem:0.00M, Peak:0.00M | Scene | Synchronizing object | table_0_chair_1_seat
Fra:1 Mem:29.31M (Peak 38.51M) | Time:495255:13:18.10 | Mem:0.00M, Peak:0.00M | Scene | Initializing
Fra:1 Mem:29.31M (Peak 38.51M) | Time:495255:13:18.10 | Mem:0.00M, Peak:0.00M | Scene | Updating Images | Loading table_0_chair_1_seat_ROUGHNESS
Fra:1 Mem:29.32M (Peak 38.51M) | Time:495255:13:18.11 | Mem:0.00M, Peak:0.00M | Scene | Synchronizing object | table_0_chair_1_seat
Fra:1 Mem:29.33M (Peak 38.51M) | Time:495255:13:18.11 | Mem:0.00M, Peak:0.00M | Scene | Initializing
Fra:1 Mem:29.33M (Peak 38.51M) | Time:495255:13:18.11 | Mem:0.00M, Peak:0.00M | Scene | Updating Images | Loading table_0_chair_1_seat_NORMAL
Fra:1 Mem:29.34M (Peak 38.56M) | Time:495255:13:18.12 | Mem:0.00M, Peak:0.00M | Scene | Synchronizing object | table_0_chair_2_back
Fra:1 Mem:29.35M (Peak 38.56M) | Time:495255:13:18.13 | Mem:0.00M, Peak:0.00M | Scene | Initializing
Fra:1 Mem:29.35M (Peak 38.56M) | Time:495255:13:18.13 | Mem:0.00M, Peak:0.00M | Scene | Updating Images | Loading table_0_chair_2_back_DIFFUSE
Fra:1 Mem:29.36M (Peak 38.58M) | Time:495255:13:18.14 | Mem:0.00M, Peak:0.00M | Scene | Synchronizing object | table_0_chair_2_back
Fra:1 Mem:29.38M (Peak 38.58M) | Time:495255:13:18.14 | Mem:0.00M, Peak:0.00M | Scene | Initializing
Fra:1 Mem:29.37M (Peak 38.58M) | Time:495255:13:18.14 | Mem:0.00M, Peak:0.00M | Scene | Updating Images | Loading table_0_chair_2_back_ROUGHNESS
Fra:1 Mem:29.39M (Peak 38.58M) | Time:495255:13:18.15 | Mem:0.00M, Peak:0.00M | Scene | Synchronizing object | table_0_chair_2_back
Fra:1 Mem:29.40M (Peak 38.58M) | Time:495255:13:18.15 | Mem:0.00M, Peak:0.00M | Scene | Initializing
Fra:1 Mem:29.40M (Peak 38.58M) | Time:495255:13:18.15 | Mem:0.00M, Peak:0.00M | Scene | Updating Images | Loading table_0_chair_2_back_NORMAL
Fra:1 Mem:29.39M (Peak 38.62M) | Time:495255:13:18.17 | Mem:0.00M, Peak:0.00M | Scene | Synchronizing object | table_0_chair_2_leg_-0.19_-0.17
Fra:1 Mem:29.39M (Peak 38.62M) | Time:495255:13:18.17 | Mem:0.00M, Peak:0.00M | Scene | Initializing
Fra:1 Mem:29.39M (Peak 38.62M) | Time:495255:13:18.17 | Mem:0.00M, Peak:0.00M | Scene | Updating Images | Loading table_0_chair_2_leg_-0.19_-0.17_METAL
Fra:1 Mem:29.42M (Peak 38.62M) | Time:495255:13:18.18 | Mem:0.00M, Peak:0.00M | Scene | Synchronizing object | table_0_chair_2_leg_-0.19_-0.17
Fra:1 Mem:29.42M (Peak 38.62M) | Time:495255:13:18.18 | Mem:0.00M, Peak:0.00M | Scene | Initializing
Fra:1 Mem:29.42M (Peak 38.62M) | Time:495255:13:18.18 | Mem:0.00M, Peak:0.00M | Scene | Updating Images | Loading table_0_chair_2_leg_-0.19_-0.17_DIFFUSE
Fra:1 Mem:29.44M (Peak 38.63M) | Time:495255:13:18.19 | Mem:0.00M, Peak:0.00M | Scene | Synchronizing object | table_0_chair_2_leg_-0.19_-0.17
Fra:1 Mem:29.45M (Peak 38.63M) | Time:495255:13:18.19 | Mem:0.00M, Peak:0.00M | Scene | Initializing
Fra:1 Mem:29.44M (Peak 38.63M) | Time:495255:13:18.19 | Mem:0.00M, Peak:0.00M | Scene | Updating Images | Loading table_0_chair_2_leg_-0.19_-0.17_ROUGHNESS
Fra:1 Mem:29.47M (Peak 38.63M) | Time:495255:13:18.20 | Mem:0.00M, Peak:0.00M | Scene | Synchronizing object | table_0_chair_2_leg_-0.19_-0.17
Fra:1 Mem:29.47M (Peak 38.63M) | Time:495255:13:18.20 | Mem:0.00M, Peak:0.00M | Scene | Initializing
Fra:1 Mem:29.46M (Peak 38.63M) | Time:495255:13:18.20 | Mem:0.00M, Peak:0.00M | Scene | Updating Images | Loading table_0_chair_2_leg_-0.19_-0.17_NORMAL
Fra:1 Mem:29.46M (Peak 38.68M) | Time:495255:13:18.21 | Mem:0.00M, Peak:0.00M | Scene | Synchronizing object | table_0_chair_2_leg_-0.19_0.17
Fra:1 Mem:29.47M (Peak 38.68M) | Time:495255:13:18.21 | Mem:0.00M, Peak:0.00M | Scene | Initializing
Fra:1 Mem:29.46M (Peak 38.68M) | Time:495255:13:18.21 | Mem:0.00M, Peak:0.00M | Scene | Updating Images | Loading table_0_chair_2_leg_-0.19_0.17_METAL
Fra:1 Mem:29.50M (Peak 38.68M) | Time:495255:13:18.22 | Mem:0.00M, Peak:0.00M | Scene | Synchronizing object | table_0_chair_2_leg_-0.19_0.17
Fra:1 Mem:29.50M (Peak 38.68M) | Time:495255:13:18.22 | Mem:0.00M, Peak:0.00M | Scene | Initializing
Fra:1 Mem:29.49M (Peak 38.68M) | Time:495255:13:18.22 | Mem:0.00M, Peak:0.00M | Scene | Updating Images | Loading table_0_chair_2_leg_-0.19_0.17_DIFFUSE
Fra:1 Mem:29.52M (Peak 38.71M) | Time:495255:13:18.24 | Mem:0.00M, Peak:0.00M | Scene | Synchronizing object | table_0_chair_2_leg_-0.19_0.17
Fra:1 Mem:29.52M (Peak 38.71M) | Time:495255:13:18.24 | Mem:0.00M, Peak:0.00M | Scene | Initializing
Fra:1 Mem:29.52M (Peak 38.71M) | Time:495255:13:18.24 | Mem:0.00M, Peak:0.00M | Scene | Updating Images | Loading table_0_chair_2_leg_-0.19_0.17_ROUGHNESS
Fra:1 Mem:29.54M (Peak 38.71M) | Time:495255:13:18.25 | Mem:0.00M, Peak:0.00M | Scene | Synchronizing object | table_0_chair_2_leg_-0.19_0.17
Fra:1 Mem:29.54M (Peak 38.71M) | Time:495255:13:18.25 | Mem:0.00M, Peak:0.00M | Scene | Initializing
Fra:1 Mem:29.54M (Peak 38.71M) | Time:495255:13:18.25 | Mem:0.00M, Peak:0.00M | Scene | Updating Images | Loading table_0_chair_2_leg_-0.19_0.17_NORMAL
Fra:1 Mem:29.54M (Peak 38.75M) | Time:495255:13:18.26 | Mem:0.00M, Peak:0.00M | Scene | Synchronizing object | table_0_chair_2_leg_0.19_-0.17
Fra:1 Mem:29.54M (Peak 38.75M) | Time:495255:13:18.26 | Mem:0.00M, Peak:0.00M | Scene | Initializing
Fra:1 Mem:29.54M (Peak 38.75M) | Time:495255:13:18.26 | Mem:0.00M, Peak:0.00M | Scene | Updating Images | Loading table_0_chair_2_leg_0.19_-0.17_METAL
Fra:1 Mem:29.57M (Peak 38.75M) | Time:495255:13:18.27 | Mem:0.00M, Peak:0.00M | Scene | Synchronizing object | table_0_chair_2_leg_0.19_-0.17
Fra:1 Mem:29.57M (Peak 38.75M) | Time:495255:13:18.27 | Mem:0.00M, Peak:0.00M | Scene | Initializing
Fra:1 Mem:29.57M (Peak 38.75M) | Time:495255:13:18.27 | Mem:0.00M, Peak:0.00M | Scene | Updating Images | Loading table_0_chair_2_leg_0.19_-0.17_DIFFUSE
Fra:1 Mem:29.59M (Peak 38.78M) | Time:495255:13:18.28 | Mem:0.00M, Peak:0.00M | Scene | Synchronizing object | table_0_chair_2_leg_0.19_-0.17
Fra:1 Mem:29.59M (Peak 38.78M) | Time:495255:13:18.28 | Mem:0.00M, Peak:0.00M | Scene | Initializing
Fra:1 Mem:29.59M (Peak 38.78M) | Time:495255:13:18.28 | Mem:0.00M, Peak:0.00M | Scene | Updating Images | Loading table_0_chair_2_leg_0.19_-0.17_ROUGHNESS
Fra:1 Mem:29.61M (Peak 38.78M) | Time:495255:13:18.29 | Mem:0.00M, Peak:0.00M | Scene | Synchronizing object | table_0_chair_2_leg_0.19_-0.17
Fra:1 Mem:29.61M (Peak 38.78M) | Time:495255:13:18.29 | Mem:0.00M, Peak:0.00M | Scene | Initializing
Fra:1 Mem:29.61M (Peak 38.78M) | Time:495255:13:18.29 | Mem:0.00M, Peak:0.00M | Scene | Updating Images | Loading table_0_chair_2_leg_0.19_-0.17_NORMAL
Fra:1 Mem:29.61M (Peak 38.82M) | Time:495255:13:18.31 | Mem:0.00M, Peak:0.00M | Scene | Synchronizing object | table_0_chair_2_leg_0.19_0.17
Fra:1 Mem:29.61M (Peak 38.82M) | Time:495255:13:18.31 | Mem:0.00M, Peak:0.00M | Scene | Initializing
Fra:1 Mem:29.61M (Peak 38.82M) | Time:495255:13:18.31 | Mem:0.00M, Peak:0.00M | Scene | Updating Images | Loading table_0_chair_2_leg_0.19_0.17_METAL
Fra:1 Mem:29.64M (Peak 38.82M) | Time:495255:13:18.32 | Mem:0.00M, Peak:0.00M | Scene | Synchronizing object | table_0_chair_2_leg_0.19_0.17
Fra:1 Mem:29.64M (Peak 38.82M) | Time:495255:13:18.32 | Mem:0.00M, Peak:0.00M | Scene | Initializing
Fra:1 Mem:29.64M (Peak 38.82M) | Time:495255:13:18.32 | Mem:0.00M, Peak:0.00M | Scene | Updating Images | Loading table_0_chair_2_leg_0.19_0.17_DIFFUSE
Fra:1 Mem:29.66M (Peak 38.85M) | Time:495255:13:18.33 | Mem:0.00M, Peak:0.00M | Scene | Synchronizing object | table_0_chair_2_leg_0.19_0.17
Fra:1 Mem:29.67M (Peak 38.85M) | Time:495255:13:18.33 | Mem:0.00M, Peak:0.00M | Scene | Initializing
Fra:1 Mem:29.66M (Peak 38.85M) | Time:495255:13:18.33 | Mem:0.00M, Peak:0.00M | Scene | Updating Images | Loading table_0_chair_2_leg_0.19_0.17_ROUGHNESS
Fra:1 Mem:29.69M (Peak 38.85M) | Time:495255:13:18.34 | Mem:0.00M, Peak:0.00M | Scene | Synchronizing object | table_0_chair_2_leg_0.19_0.17
Fra:1 Mem:29.69M (Peak 38.85M) | Time:495255:13:18.34 | Mem:0.00M, Peak:0.00M | Scene | Initializing
Fra:1 Mem:29.68M (Peak 38.85M) | Time:495255:13:18.34 | Mem:0.00M, Peak:0.00M | Scene | Updating Images | Loading table_0_chair_2_leg_0.19_0.17_NORMAL
Fra:1 Mem:29.73M (Peak 38.90M) | Time:495255:13:18.36 | Mem:0.00M, Peak:0.00M | Scene | Synchronizing object | table_0_chair_2_seat
Fra:1 Mem:29.74M (Peak 38.90M) | Time:495255:13:18.36 | Mem:0.00M, Peak:0.00M | Scene | Initializing
Fra:1 Mem:29.74M (Peak 38.90M) | Time:495255:13:18.36 | Mem:0.00M, Peak:0.00M | Scene | Updating Images | Loading table_0_chair_2_seat_DIFFUSE
Fra:1 Mem:29.75M (Peak 38.96M) | Time:495255:13:18.37 | Mem:0.00M, Peak:0.00M | Scene | Synchronizing object | table_0_chair_2_seat
Fra:1 Mem:29.77M (Peak 38.96M) | Time:495255:13:18.37 | Mem:0.00M, Peak:0.00M | Scene | Initializing
Fra:1 Mem:29.76M (Peak 38.96M) | Time:495255:13:18.37 | Mem:0.00M, Peak:0.00M | Scene | Updating Images | Loading table_0_chair_2_seat_ROUGHNESS
Fra:1 Mem:29.78M (Peak 38.96M) | Time:495255:13:18.38 | Mem:0.00M, Peak:0.00M | Scene | Synchronizing object | table_0_chair_2_seat
Fra:1 Mem:29.79M (Peak 38.96M) | Time:495255:13:18.38 | Mem:0.00M, Peak:0.00M | Scene | Initializing
Fra:1 Mem:29.78M (Peak 38.96M) | Time:495255:13:18.38 | Mem:0.00M, Peak:0.00M | Scene | Updating Images | Loading table_0_chair_2_seat_NORMAL
Fra:1 Mem:29.80M (Peak 39.01M) | Time:495255:13:18.40 | Mem:0.00M, Peak:0.00M | Scene | Synchronizing object | table_0_chair_3_back
Fra:1 Mem:29.81M (Peak 39.01M) | Time:495255:13:18.40 | Mem:0.00M, Peak:0.00M | Scene | Initializing
Fra:1 Mem:29.81M (Peak 39.01M) | Time:495255:13:18.40 | Mem:0.00M, Peak:0.00M | Scene | Updating Images | Loading table_0_chair_3_back_DIFFUSE
Fra:1 Mem:29.82M (Peak 39.03M) | Time:495255:13:18.41 | Mem:0.00M, Peak:0.00M | Scene | Synchronizing object | table_0_chair_3_back
Fra:1 Mem:29.83M (Peak 39.03M) | Time:495255:13:18.41 | Mem:0.00M, Peak:0.00M | Scene | Initializing
Fra:1 Mem:29.83M (Peak 39.03M) | Time:495255:13:18.41 | Mem:0.00M, Peak:0.00M | Scene | Updating Images | Loading table_0_chair_3_back_ROUGHNESS
Fra:1 Mem:29.84M (Peak 39.03M) | Time:495255:13:18.43 | Mem:0.00M, Peak:0.00M | Scene | Synchronizing object | table_0_chair_3_back
Fra:1 Mem:29.85M (Peak 39.03M) | Time:495255:13:18.43 | Mem:0.00M, Peak:0.00M | Scene | Initializing
Fra:1 Mem:29.85M (Peak 39.03M) | Time:495255:13:18.43 | Mem:0.00M, Peak:0.00M | Scene | Updating Images | Loading table_0_chair_3_back_NORMAL
Fra:1 Mem:29.84M (Peak 39.07M) | Time:495255:13:18.44 | Mem:0.00M, Peak:0.00M | Scene | Synchronizing object | table_0_chair_3_leg_-0.19_-0.17
Fra:1 Mem:29.85M (Peak 39.07M) | Time:495255:13:18.44 | Mem:0.00M, Peak:0.00M | Scene | Initializing
Fra:1 Mem:29.84M (Peak 39.07M) | Time:495255:13:18.44 | Mem:0.00M, Peak:0.00M | Scene | Updating Images | Loading table_0_chair_3_leg_-0.19_-0.17_METAL
Fra:1 Mem:29.88M (Peak 39.07M) | Time:495255:13:18.45 | Mem:0.00M, Peak:0.00M | Scene | Synchronizing object | table_0_chair_3_leg_-0.19_-0.17
Fra:1 Mem:29.88M (Peak 39.07M) | Time:495255:13:18.45 | Mem:0.00M, Peak:0.00M | Scene | Initializing
Fra:1 Mem:29.87M (Peak 39.07M) | Time:495255:13:18.45 | Mem:0.00M, Peak:0.00M | Scene | Updating Images | Loading table_0_chair_3_leg_-0.19_-0.17_DIFFUSE
Fra:1 Mem:29.90M (Peak 39.09M) | Time:495255:13:18.47 | Mem:0.00M, Peak:0.00M | Scene | Synchronizing object | table_0_chair_3_leg_-0.19_-0.17
Fra:1 Mem:29.90M (Peak 39.09M) | Time:495255:13:18.47 | Mem:0.00M, Peak:0.00M | Scene | Initializing
Fra:1 Mem:29.90M (Peak 39.09M) | Time:495255:13:18.47 | Mem:0.00M, Peak:0.00M | Scene | Updating Images | Loading table_0_chair_3_leg_-0.19_-0.17_ROUGHNESS
Fra:1 Mem:29.92M (Peak 39.09M) | Time:495255:13:18.48 | Mem:0.00M, Peak:0.00M | Scene | Synchronizing object | table_0_chair_3_leg_-0.19_-0.17
Fra:1 Mem:29.92M (Peak 39.09M) | Time:495255:13:18.48 | Mem:0.00M, Peak:0.00M | Scene | Initializing
Fra:1 Mem:29.92M (Peak 39.09M) | Time:495255:13:18.48 | Mem:0.00M, Peak:0.00M | Scene | Updating Images | Loading table_0_chair_3_leg_-0.19_-0.17_NORMAL
Fra:1 Mem:29.92M (Peak 39.13M) | Time:495255:13:18.49 | Mem:0.00M, Peak:0.00M | Scene | Synchronizing object | table_0_chair_3_leg_-0.19_0.17
Fra:1 Mem:29.92M (Peak 39.13M) | Time:495255:13:18.49 | Mem:0.00M, Peak:0.00M | Scene | Initializing
Fra:1 Mem:29.92M (Peak 39.13M) | Time:495255:13:18.49 | Mem:0.00M, Peak:0.00M | Scene | Updating Images | Loading table_0_chair_3_leg_-0.19_0.17_METAL
Fra:1 Mem:29.95M (Peak 39.13M) | Time:495255:13:18.50 | Mem:0.00M, Peak:0.00M | Scene | Synchronizing object | table_0_chair_3_leg_-0.19_0.17
Fra:1 Mem:29.95M (Peak 39.13M) | Time:495255:13:18.50 | Mem:0.00M, Peak:0.00M | Scene | Initializing
Fra:1 Mem:29.95M (Peak 39.13M) | Time:495255:13:18.50 | Mem:0.00M, Peak:0.00M | Scene | Updating Images | Loading table_0_chair_3_leg_-0.19_0.17_DIFFUSE
Fra:1 Mem:29.97M (Peak 39.16M) | Time:495255:13:18.52 | Mem:0.00M, Peak:0.00M | Scene | Synchronizing object | table_0_chair_3_leg_-0.19_0.17
Fra:1 Mem:29.97M (Peak 39.16M) | Time:495255:13:18.52 | Mem:0.00M, Peak:0.00M | Scene | Initializing
Fra:1 Mem:29.97M (Peak 39.16M) | Time:495255:13:18.52 | Mem:0.00M, Peak:0.00M | Scene | Updating Images | Loading table_0_chair_3_leg_-0.19_0.17_ROUGHNESS
Fra:1 Mem:29.99M (Peak 39.16M) | Time:495255:13:18.53 | Mem:0.00M, Peak:0.00M | Scene | Synchronizing object | table_0_chair_3_leg_-0.19_0.17
Fra:1 Mem:30.00M (Peak 39.16M) | Time:495255:13:18.53 | Mem:0.00M, Peak:0.00M | Scene | Initializing
Fra:1 Mem:29.99M (Peak 39.16M) | Time:495255:13:18.53 | Mem:0.00M, Peak:0.00M | Scene | Updating Images | Loading table_0_chair_3_leg_-0.19_0.17_NORMAL
Fra:1 Mem:29.99M (Peak 39.21M) | Time:495255:13:18.54 | Mem:0.00M, Peak:0.00M | Scene | Synchronizing object | table_0_chair_3_leg_0.19_-0.17
Fra:1 Mem:29.99M (Peak 39.21M) | Time:495255:13:18.54 | Mem:0.00M, Peak:0.00M | Scene | Initializing
Fra:1 Mem:29.99M (Peak 39.21M) | Time:495255:13:18.54 | Mem:0.00M, Peak:0.00M | Scene | Updating Images | Loading table_0_chair_3_leg_0.19_-0.17_METAL
Fra:1 Mem:30.02M (Peak 39.21M) | Time:495255:13:18.55 | Mem:0.00M, Peak:0.00M | Scene | Synchronizing object | table_0_chair_3_leg_0.19_-0.17
Fra:1 Mem:30.02M (Peak 39.21M) | Time:495255:13:18.55 | Mem:0.00M, Peak:0.00M | Scene | Initializing
Fra:1 Mem:30.02M (Peak 39.21M) | Time:495255:13:18.55 | Mem:0.00M, Peak:0.00M | Scene | Updating Images | Loading table_0_chair_3_leg_0.19_-0.17_DIFFUSE
Fra:1 Mem:30.05M (Peak 39.23M) | Time:495255:13:18.56 | Mem:0.00M, Peak:0.00M | Scene | Synchronizing object | table_0_chair_3_leg_0.19_-0.17
Fra:1 Mem:30.05M (Peak 39.23M) | Time:495255:13:18.56 | Mem:0.00M, Peak:0.00M | Scene | Initializing
Fra:1 Mem:30.04M (Peak 39.23M) | Time:495255:13:18.56 | Mem:0.00M, Peak:0.00M | Scene | Updating Images | Loading table_0_chair_3_leg_0.19_-0.17_ROUGHNESS
Fra:1 Mem:30.07M (Peak 39.23M) | Time:495255:13:18.57 | Mem:0.00M, Peak:0.00M | Scene | Synchronizing object | table_0_chair_3_leg_0.19_-0.17
Fra:1 Mem:30.07M (Peak 39.23M) | Time:495255:13:18.57 | Mem:0.00M, Peak:0.00M | Scene | Initializing
Fra:1 Mem:30.06M (Peak 39.23M) | Time:495255:13:18.57 | Mem:0.00M, Peak:0.00M | Scene | Updating Images | Loading table_0_chair_3_leg_0.19_-0.17_NORMAL
Fra:1 Mem:30.06M (Peak 39.28M) | Time:495255:13:18.59 | Mem:0.00M, Peak:0.00M | Scene | Synchronizing object | table_0_chair_3_leg_0.19_0.17
Fra:1 Mem:30.07M (Peak 39.28M) | Time:495255:13:18.59 | Mem:0.00M, Peak:0.00M | Scene | Initializing
Fra:1 Mem:30.06M (Peak 39.28M) | Time:495255:13:18.59 | Mem:0.00M, Peak:0.00M | Scene | Updating Images | Loading table_0_chair_3_leg_0.19_0.17_METAL
Info: Baking map saved to internal image, save it externally or pack it
Info: Baking map saved to internal image, save it externally or pack it
Info: Baking map saved to internal image, save it externally or pack it
Info: Baking map saved to internal image, save it externally or pack it
Info: Baking map saved to internal image, save it externally or pack it
Info: Baking map saved to internal image, save it externally or pack it
Info: Baking map saved to internal image, save it externally or pack it
Info: Baking map saved to internal image, save it externally or pack it
Info: Baking map saved to internal image, save it externally or pack it
Info: Baking map saved to internal image, save it externally or pack it
Info: Baking map saved to internal image, save it externally or pack it
Info: Baking map saved to internal image, save it externally or pack it
Info: Baking map saved to internal image, save it externally or pack it
Info: Baking map saved to internal image, save it externally or pack it
Info: Baking map saved to internal image, save it externally or pack it
Info: Baking map saved to internal image, save it externally or pack it
Info: Baking map saved to internal image, save it externally or pack it
Info: Baking map saved to internal image, save it externally or pack it
Info: Baking map saved to internal image, save it externally or pack it
Info: Baking map saved to internal image, save it externally or pack it
Info: Baking map saved to internal image, save it externally or pack it
Info: Baking map saved to internal image, save it externally or pack it
Info: Baking map saved to internal image, save it externally or pack it
Info: Baking map saved to internal image, save it externally or pack it
Info: Baking map saved to internal image, save it externally or pack it
Info: Baking map saved to internal image, save it externally or pack it
Info: Baking map saved to internal image, save it externally or pack it
Info: Baking map saved to internal image, save it externally or pack it
Info: Baking map saved to internal image, save it externally or pack it
Info: Baking map saved to internal image, save it externally or pack it
Info: Baking map saved to internal image, save it externally or pack it
Info: Baking map saved to internal image, save it externally or pack it
Info: Baking map saved to internal image, save it externally or pack it
Info: Baking map saved to internal image, save it externally or pack it
Info: Baking map saved to internal image, save it externally or pack it
Info: Baking map saved to internal image, save it externally or pack it
Info: Baking map saved to internal image, save it externally or pack it
Info: Baking map saved to internal image, save it externally or pack it
Info: Baking map saved to internal image, save it externally or pack it
Info: Baking map saved to internal image, save it externally or pack it
Info: Baking map saved to internal image, save it externally or pack it
Info: Baking map saved to internal image, save it externally or pack it
Info: Baking map saved to internal image, save it externally or pack it
Info: Baking map saved to internal image, save it externally or pack it
Info: Baking map saved to internal image, save it externally or pack it
Info: Baking map saved to internal image, save it externally or pack it
Info: Baking map saved to internal image, save it externally or pack it
Info: Baking map saved to internal image, save it externally or pack it
Info: Baking map saved to internal image, save it externally or pack it
Info: Baking map saved to internal image, save it externally or pack it
Info: Baking map saved to internal image, save it externally or pack it
Info: Baking map saved to internal image, save it externally or pack it
Info: Baking map saved to internal image, save it externally or pack it
Info: Baking map saved to internal image, save it externally or pack it
Info: Baking map saved to internal image, save it externally or pack it
Info: Baking map saved to internal image, save it externally or pack it
Info: Baking map saved to internal image, save it externally or pack it
Info: Baking map saved to internal image, save it externally or pack it
Info: Baking map saved to internal image, save it externally or pack it
Info: Baking map saved to internal image, save it externally or pack it
Info: Baking map saved to internal image, save it externally or pack it
Info: Baking map saved to internal image, save it externally or pack it
Info: Baking map saved to internal image, save it externally or pack it
Info: Baking map saved to internal image, save it externally or pack it
Info: Baking map saved to internal image, save it externally or pack it
Info: Baking map saved to internal image, save it externally or pack it
Info: Baking map saved to internal image, save it externally or pack it
Info: Baking map saved to internal image, save it externally or pack it
Info: Baking map saved to internal image, save it externally or pack it
Info: Baking map saved to internal image, save it externally or pack it
Info: Baking map saved to internal image, save it externally or pack it
Info: Baking map saved to internal image, save it externally or pack it
Info: Baking map saved to internal image, save it externally or pack it
Info: Baking map saved to internal image, save it externally or pack it
Info: Baking map saved to internal image, save it externally or pack it
Info: Baking map saved to internal image, save it externally or pack it
Info: Baking map saved to internal image, save it externally or pack it
Info: Baking map saved to internal image, save it externally or pack it
Info: Baking map saved to internal image, save it externally or pack it
Info: Baking map saved to internal image, save it externally or pack it
Info: Baking map saved to internal image, save it externally or pack it
Info: Baking map saved to internal image, save it externally or pack it
Info: Baking map saved to internal image, save it externally or pack it
Info: Baking map saved to internal image, save it externally or pack it
Info: Baking map saved to internal image, save it externally or pack it
Info: Baking map saved to internal image, save it externally or pack it
Info: Baking map saved to internal image, save it externally or pack it
Info: Baking map saved to internal image, save it externally or pack it
Info: Baking map saved to internal image, save it externally or pack it
Info: Baking map saved to internal image, save it externally or pack it
Info: Baking map saved to internal image, save it externally or pack it
Info: Baking map saved to internal image, save it externally or pack it
Info: Baking map saved to internal image, save it externally or pack it
Info: Baking map saved to internal image, save it externally or pack it
Info: Baking map saved to internal image, save it externally or pack it
Info: Baking map saved to internal image, save it externally or pack it
Info: Baking map saved to internal image, save it externally or pack it
Info: Baking map saved to internal image, save it externally or pack it
Info: Baking map saved to internal image, save it externally or pack it
Info: Baking map saved to internal image, save it externally or pack it
Info: Baking map saved to internal image, save it externally or pack it
Info: Baking map saved to internal image, save it externally or pack it
Info: Baking map saved to internal image, save it externally or pack it
Info: Baking map saved to internal image, save it externally or pack it
Info: Baking map saved to internal image, save it externally or pack it
Info: Baking map saved to internal image, save it externally or pack it
Info: Baking map saved to internal image, save it externally or pack it
Info: Baking map saved to internal image, save it externally or pack it
Info: Baking map saved to internal image, save it externally or pack it
Info: Baking map saved to internal image, save it externally or pack it
Info: Baking map saved to internal image, save it externally or pack it
Info: Baking map saved to internal image, save it externally or pack it
Info: Baking map saved to internal image, save it externally or pack it
Info: Baking map saved to internal image, save it externally or pack it
Fra:1 Mem:30.10M (Peak 39.28M) | Time:495255:13:18.60 | Mem:0.00M, Peak:0.00M | Scene | Synchronizing object | table_0_chair_3_leg_0.19_0.17
Fra:1 Mem:30.10M (Peak 39.28M) | Time:495255:13:18.60 | Mem:0.00M, Peak:0.00M | Scene | Initializing
Fra:1 Mem:30.09M (Peak 39.28M) | Time:495255:13:18.60 | Mem:0.00M, Peak:0.00M | Scene | Updating Images | Loading table_0_chair_3_leg_0.19_0.17_DIFFUSE
Fra:1 Mem:30.12M (Peak 39.31M) | Time:495255:13:18.61 | Mem:0.00M, Peak:0.00M | Scene | Synchronizing object | table_0_chair_3_leg_0.19_0.17
Fra:1 Mem:30.12M (Peak 39.31M) | Time:495255:13:18.61 | Mem:0.00M, Peak:0.00M | Scene | Initializing
Fra:1 Mem:30.12M (Peak 39.31M) | Time:495255:13:18.61 | Mem:0.00M, Peak:0.00M | Scene | Updating Images | Loading table_0_chair_3_leg_0.19_0.17_ROUGHNESS
Fra:1 Mem:30.14M (Peak 39.31M) | Time:495255:13:18.62 | Mem:0.00M, Peak:0.00M | Scene | Synchronizing object | table_0_chair_3_leg_0.19_0.17
Fra:1 Mem:30.14M (Peak 39.31M) | Time:495255:13:18.62 | Mem:0.00M, Peak:0.00M | Scene | Initializing
Fra:1 Mem:30.14M (Peak 39.31M) | Time:495255:13:18.62 | Mem:0.00M, Peak:0.00M | Scene | Updating Images | Loading table_0_chair_3_leg_0.19_0.17_NORMAL
Fra:1 Mem:30.16M (Peak 39.35M) | Time:495255:13:18.64 | Mem:0.00M, Peak:0.00M | Scene | Synchronizing object | table_0_chair_3_seat
Fra:1 Mem:30.17M (Peak 39.35M) | Time:495255:13:18.64 | Mem:0.00M, Peak:0.00M | Scene | Initializing
Fra:1 Mem:30.16M (Peak 39.35M) | Time:495255:13:18.64 | Mem:0.00M, Peak:0.00M | Scene | Updating Images | Loading table_0_chair_3_seat_DIFFUSE
Fra:1 Mem:30.18M (Peak 39.39M) | Time:495255:13:18.65 | Mem:0.00M, Peak:0.00M | Scene | Synchronizing object | table_0_chair_3_seat
Fra:1 Mem:30.19M (Peak 39.39M) | Time:495255:13:18.65 | Mem:0.00M, Peak:0.00M | Scene | Initializing
Fra:1 Mem:30.19M (Peak 39.39M) | Time:495255:13:18.65 | Mem:0.00M, Peak:0.00M | Scene | Updating Images | Loading table_0_chair_3_seat_ROUGHNESS
Fra:1 Mem:30.20M (Peak 39.39M) | Time:495255:13:18.66 | Mem:0.00M, Peak:0.00M | Scene | Synchronizing object | table_0_chair_3_seat
Fra:1 Mem:30.21M (Peak 39.39M) | Time:495255:13:18.66 | Mem:0.00M, Peak:0.00M | Scene | Initializing
Fra:1 Mem:30.21M (Peak 39.39M) | Time:495255:13:18.66 | Mem:0.00M, Peak:0.00M | Scene | Updating Images | Loading table_0_chair_3_seat_NORMAL
Fra:1 Mem:30.21M (Peak 39.43M) | Time:495255:13:18.68 | Mem:0.00M, Peak:0.00M | Scene | Synchronizing object | table_0_gray_green_tray
Fra:1 Mem:30.21M (Peak 39.43M) | Time:495255:13:18.68 | Mem:0.00M, Peak:0.00M | Scene | Initializing
Fra:1 Mem:30.21M (Peak 39.43M) | Time:495255:13:18.68 | Mem:0.00M, Peak:0.00M | Scene | Updating Images | Loading table_0_gray_green_tray_DIFFUSE
Fra:1 Mem:30.23M (Peak 39.43M) | Time:495255:13:18.69 | Mem:0.00M, Peak:0.00M | Scene | Synchronizing object | table_0_gray_green_tray
Fra:1 Mem:30.23M (Peak 39.43M) | Time:495255:13:18.69 | Mem:0.00M, Peak:0.00M | Scene | Initializing
Fra:1 Mem:30.23M (Peak 39.43M) | Time:495255:13:18.69 | Mem:0.00M, Peak:0.00M | Scene | Updating Images | Loading table_0_gray_green_tray_ROUGHNESS
Fra:1 Mem:30.26M (Peak 39.43M) | Time:495255:13:18.70 | Mem:0.00M, Peak:0.00M | Scene | Synchronizing object | table_0_gray_green_tray
Fra:1 Mem:30.26M (Peak 39.43M) | Time:495255:13:18.70 | Mem:0.00M, Peak:0.00M | Scene | Initializing
Fra:1 Mem:30.25M (Peak 39.43M) | Time:495255:13:18.70 | Mem:0.00M, Peak:0.00M | Scene | Updating Images | Loading table_0_gray_green_tray_NORMAL
Fra:1 Mem:30.28M (Peak 39.46M) | Time:495255:13:18.72 | Mem:0.00M, Peak:0.00M | Scene | Synchronizing object | table_0_paper_cup
Fra:1 Mem:30.28M (Peak 39.46M) | Time:495255:13:18.72 | Mem:0.00M, Peak:0.00M | Scene | Initializing
Fra:1 Mem:30.28M (Peak 39.46M) | Time:495255:13:18.72 | Mem:0.00M, Peak:0.00M | Scene | Updating Images | Loading table_0_paper_cup_DIFFUSE
Fra:1 Mem:30.30M (Peak 39.49M) | Time:495255:13:18.73 | Mem:0.00M, Peak:0.00M | Scene | Synchronizing object | table_0_paper_cup
Fra:1 Mem:30.30M (Peak 39.49M) | Time:495255:13:18.73 | Mem:0.00M, Peak:0.00M | Scene | Initializing
Fra:1 Mem:30.30M (Peak 39.49M) | Time:495255:13:18.73 | Mem:0.00M, Peak:0.00M | Scene | Updating Images | Loading table_0_paper_cup_ROUGHNESS
Fra:1 Mem:30.32M (Peak 39.49M) | Time:495255:13:18.74 | Mem:0.00M, Peak:0.00M | Scene | Synchronizing object | table_0_paper_cup
Fra:1 Mem:30.33M (Peak 39.49M) | Time:495255:13:18.74 | Mem:0.00M, Peak:0.00M | Scene | Initializing
Fra:1 Mem:30.32M (Peak 39.49M) | Time:495255:13:18.74 | Mem:0.00M, Peak:0.00M | Scene | Updating Images | Loading table_0_paper_cup_NORMAL
Fra:1 Mem:30.34M (Peak 39.54M) | Time:495255:13:18.76 | Mem:0.00M, Peak:0.00M | Scene | Synchronizing object | table_0_round_table_base
Fra:1 Mem:30.35M (Peak 39.54M) | Time:495255:13:18.76 | Mem:0.00M, Peak:0.00M | Scene | Initializing
Fra:1 Mem:30.34M (Peak 39.54M) | Time:495255:13:18.76 | Mem:0.00M, Peak:0.00M | Scene | Updating Images | Loading table_0_round_table_base_METAL
Fra:1 Mem:30.37M (Peak 39.56M) | Time:495255:13:18.77 | Mem:0.00M, Peak:0.00M | Scene | Synchronizing object | table_0_round_table_base
Fra:1 Mem:30.38M (Peak 39.56M) | Time:495255:13:18.77 | Mem:0.00M, Peak:0.00M | Scene | Initializing
Fra:1 Mem:30.37M (Peak 39.56M) | Time:495255:13:18.77 | Mem:0.00M, Peak:0.00M | Scene | Updating Images | Loading table_0_round_table_base_DIFFUSE
Fra:1 Mem:30.39M (Peak 39.59M) | Time:495255:13:18.78 | Mem:0.00M, Peak:0.00M | Scene | Synchronizing object | table_0_round_table_base
Fra:1 Mem:30.40M (Peak 39.59M) | Time:495255:13:18.78 | Mem:0.00M, Peak:0.00M | Scene | Initializing
Fra:1 Mem:30.39M (Peak 39.59M) | Time:495255:13:18.78 | Mem:0.00M, Peak:0.00M | Scene | Updating Images | Loading table_0_round_table_base_ROUGHNESS
Fra:1 Mem:30.42M (Peak 39.59M) | Time:495255:13:18.80 | Mem:0.00M, Peak:0.00M | Scene | Synchronizing object | table_0_round_table_base
Fra:1 Mem:30.42M (Peak 39.59M) | Time:495255:13:18.80 | Mem:0.00M, Peak:0.00M | Scene | Initializing
Fra:1 Mem:30.42M (Peak 39.59M) | Time:495255:13:18.80 | Mem:0.00M, Peak:0.00M | Scene | Updating Images | Loading table_0_round_table_base_NORMAL
Fra:1 Mem:30.42M (Peak 39.63M) | Time:495255:13:18.81 | Mem:0.00M, Peak:0.00M | Scene | Synchronizing object | table_0_sandwich_half_a
Fra:1 Mem:30.42M (Peak 39.63M) | Time:495255:13:18.81 | Mem:0.00M, Peak:0.00M | Scene | Initializing
Fra:1 Mem:30.42M (Peak 39.63M) | Time:495255:13:18.81 | Mem:0.00M, Peak:0.00M | Scene | Updating Images | Loading table_0_sandwich_half_a_DIFFUSE
Fra:1 Mem:30.44M (Peak 39.63M) | Time:495255:13:18.82 | Mem:0.00M, Peak:0.00M | Scene | Synchronizing object | table_0_sandwich_half_a
Fra:1 Mem:30.45M (Peak 39.63M) | Time:495255:13:18.82 | Mem:0.00M, Peak:0.00M | Scene | Initializing
Fra:1 Mem:30.44M (Peak 39.63M) | Time:495255:13:18.82 | Mem:0.00M, Peak:0.00M | Scene | Updating Images | Loading table_0_sandwich_half_a_ROUGHNESS
Fra:1 Mem:30.47M (Peak 39.63M) | Time:495255:13:18.84 | Mem:0.00M, Peak:0.00M | Scene | Synchronizing object | table_0_sandwich_half_a
Fra:1 Mem:30.47M (Peak 39.63M) | Time:495255:13:18.84 | Mem:0.00M, Peak:0.00M | Scene | Initializing
Fra:1 Mem:30.46M (Peak 39.63M) | Time:495255:13:18.84 | Mem:0.00M, Peak:0.00M | Scene | Updating Images | Loading table_0_sandwich_half_a_NORMAL
Fra:1 Mem:30.49M (Peak 39.68M) | Time:495255:13:18.85 | Mem:0.00M, Peak:0.00M | Scene | Synchronizing object | table_0_sandwich_half_b
Fra:1 Mem:30.49M (Peak 39.68M) | Time:495255:13:18.85 | Mem:0.00M, Peak:0.00M | Scene | Initializing
Fra:1 Mem:30.48M (Peak 39.68M) | Time:495255:13:18.85 | Mem:0.00M, Peak:0.00M | Scene | Updating Images | Loading table_0_sandwich_half_b_DIFFUSE
Fra:1 Mem:30.51M (Peak 39.70M) | Time:495255:13:18.86 | Mem:0.00M, Peak:0.00M | Scene | Synchronizing object | table_0_sandwich_half_b
Fra:1 Mem:30.51M (Peak 39.70M) | Time:495255:13:18.86 | Mem:0.00M, Peak:0.00M | Scene | Initializing
Fra:1 Mem:30.51M (Peak 39.70M) | Time:495255:13:18.86 | Mem:0.00M, Peak:0.00M | Scene | Updating Images | Loading table_0_sandwich_half_b_ROUGHNESS
Fra:1 Mem:30.53M (Peak 39.70M) | Time:495255:13:18.88 | Mem:0.00M, Peak:0.00M | Scene | Synchronizing object | table_0_sandwich_half_b
Fra:1 Mem:30.53M (Peak 39.70M) | Time:495255:13:18.88 | Mem:0.00M, Peak:0.00M | Scene | Initializing
Fra:1 Mem:30.53M (Peak 39.70M) | Time:495255:13:18.88 | Mem:0.00M, Peak:0.00M | Scene | Updating Images | Loading table_0_sandwich_half_b_NORMAL
Fra:1 Mem:30.55M (Peak 39.74M) | Time:495255:13:18.89 | Mem:0.00M, Peak:0.00M | Scene | Synchronizing object | table_0_sandwich_plate
Fra:1 Mem:30.55M (Peak 39.74M) | Time:495255:13:18.89 | Mem:0.00M, Peak:0.00M | Scene | Initializing
Fra:1 Mem:30.55M (Peak 39.74M) | Time:495255:13:18.89 | Mem:0.00M, Peak:0.00M | Scene | Updating Images | Loading table_0_sandwich_plate_DIFFUSE
Fra:1 Mem:30.57M (Peak 39.76M) | Time:495255:13:18.90 | Mem:0.00M, Peak:0.00M | Scene | Synchronizing object | table_0_sandwich_plate
Fra:1 Mem:30.57M (Peak 39.76M) | Time:495255:13:18.90 | Mem:0.00M, Peak:0.00M | Scene | Initializing
Fra:1 Mem:30.57M (Peak 39.76M) | Time:495255:13:18.90 | Mem:0.00M, Peak:0.00M | Scene | Updating Images | Loading table_0_sandwich_plate_ROUGHNESS
Fra:1 Mem:30.60M (Peak 39.76M) | Time:495255:13:18.92 | Mem:0.00M, Peak:0.00M | Scene | Synchronizing object | table_0_sandwich_plate
Fra:1 Mem:30.60M (Peak 39.76M) | Time:495255:13:18.92 | Mem:0.00M, Peak:0.00M | Scene | Initializing
Fra:1 Mem:30.59M (Peak 39.76M) | Time:495255:13:18.92 | Mem:0.00M, Peak:0.00M | Scene | Updating Images | Loading table_0_sandwich_plate_NORMAL
Fra:1 Mem:30.62M (Peak 39.80M) | Time:495255:13:18.93 | Mem:0.00M, Peak:0.00M | Scene | Synchronizing object | table_0_square_tabletop
Fra:1 Mem:30.64M (Peak 39.80M) | Time:495255:13:18.93 | Mem:0.00M, Peak:0.00M | Scene | Initializing
Fra:1 Mem:30.63M (Peak 39.80M) | Time:495255:13:18.93 | Mem:0.00M, Peak:0.00M | Scene | Updating Images | Loading table_0_square_tabletop_DIFFUSE
Fra:1 Mem:30.65M (Peak 39.86M) | Time:495255:13:18.94 | Mem:0.00M, Peak:0.00M | Scene | Synchronizing object | table_0_square_tabletop
Fra:1 Mem:30.66M (Peak 39.86M) | Time:495255:13:18.94 | Mem:0.00M, Peak:0.00M | Scene | Initializing
Fra:1 Mem:30.66M (Peak 39.86M) | Time:495255:13:18.94 | Mem:0.00M, Peak:0.00M | Scene | Updating Images | Loading table_0_square_tabletop_ROUGHNESS
Fra:1 Mem:30.67M (Peak 39.86M) | Time:495255:13:18.96 | Mem:0.00M, Peak:0.00M | Scene | Synchronizing object | table_0_square_tabletop
Fra:1 Mem:30.68M (Peak 39.86M) | Time:495255:13:18.96 | Mem:0.00M, Peak:0.00M | Scene | Initializing
Fra:1 Mem:30.68M (Peak 39.86M) | Time:495255:13:18.96 | Mem:0.00M, Peak:0.00M | Scene | Updating Images | Loading table_0_square_tabletop_NORMAL
Fra:1 Mem:30.67M (Peak 39.90M) | Time:495255:13:18.97 | Mem:0.00M, Peak:0.00M | Scene | Synchronizing object | table_1_central_pedestal
Fra:1 Mem:30.68M (Peak 39.90M) | Time:495255:13:18.97 | Mem:0.00M, Peak:0.00M | Scene | Initializing
Fra:1 Mem:30.67M (Peak 39.90M) | Time:495255:13:18.97 | Mem:0.00M, Peak:0.00M | Scene | Updating Images | Loading table_1_central_pedestal_METAL
Fra:1 Mem:30.71M (Peak 39.90M) | Time:495255:13:18.98 | Mem:0.00M, Peak:0.00M | Scene | Synchronizing object | table_1_central_pedestal
Fra:1 Mem:30.71M (Peak 39.90M) | Time:495255:13:18.98 | Mem:0.00M, Peak:0.00M | Scene | Initializing
Fra:1 Mem:30.71M (Peak 39.90M) | Time:495255:13:18.98 | Mem:0.00M, Peak:0.00M | Scene | Updating Images | Loading table_1_central_pedestal_DIFFUSE
Fra:1 Mem:30.73M (Peak 39.92M) | Time:495255:13:18.99 | Mem:0.00M, Peak:0.00M | Scene | Synchronizing object | table_1_central_pedestal
Fra:1 Mem:30.73M (Peak 39.92M) | Time:495255:13:18.99 | Mem:0.00M, Peak:0.00M | Scene | Initializing
Fra:1 Mem:30.73M (Peak 39.92M) | Time:495255:13:18.99 | Mem:0.00M, Peak:0.00M | Scene | Updating Images | Loading table_1_central_pedestal_ROUGHNESS
Fra:1 Mem:30.75M (Peak 39.92M) | Time:495255:13:19.01 | Mem:0.00M, Peak:0.00M | Scene | Synchronizing object | table_1_central_pedestal
Fra:1 Mem:30.75M (Peak 39.92M) | Time:495255:13:19.01 | Mem:0.00M, Peak:0.00M | Scene | Initializing
Fra:1 Mem:30.75M (Peak 39.92M) | Time:495255:13:19.01 | Mem:0.00M, Peak:0.00M | Scene | Updating Images | Loading table_1_central_pedestal_NORMAL
Fra:1 Mem:30.76M (Peak 39.96M) | Time:495255:13:19.02 | Mem:0.00M, Peak:0.00M | Scene | Synchronizing object | table_1_chair_0_back
Fra:1 Mem:30.78M (Peak 39.96M) | Time:495255:13:19.02 | Mem:0.00M, Peak:0.00M | Scene | Initializing
Fra:1 Mem:30.77M (Peak 39.96M) | Time:495255:13:19.02 | Mem:0.00M, Peak:0.00M | Scene | Updating Images | Loading table_1_chair_0_back_DIFFUSE
Fra:1 Mem:30.79M (Peak 40.00M) | Time:495255:13:19.04 | Mem:0.00M, Peak:0.00M | Scene | Synchronizing object | table_1_chair_0_back
Fra:1 Mem:30.80M (Peak 40.00M) | Time:495255:13:19.04 | Mem:0.00M, Peak:0.00M | Scene | Initializing
Fra:1 Mem:30.80M (Peak 40.00M) | Time:495255:13:19.04 | Mem:0.00M, Peak:0.00M | Scene | Updating Images | Loading table_1_chair_0_back_ROUGHNESS
Fra:1 Mem:30.81M (Peak 40.00M) | Time:495255:13:19.05 | Mem:0.00M, Peak:0.00M | Scene | Synchronizing object | table_1_chair_0_back
Fra:1 Mem:30.82M (Peak 40.00M) | Time:495255:13:19.05 | Mem:0.00M, Peak:0.00M | Scene | Initializing
Fra:1 Mem:30.82M (Peak 40.00M) | Time:495255:13:19.05 | Mem:0.00M, Peak:0.00M | Scene | Updating Images | Loading table_1_chair_0_back_NORMAL
Fra:1 Mem:30.81M (Peak 40.04M) | Time:495255:13:19.06 | Mem:0.00M, Peak:0.00M | Scene | Synchronizing object | table_1_chair_0_leg_-0.19_-0.17
Fra:1 Mem:30.82M (Peak 40.04M) | Time:495255:13:19.06 | Mem:0.00M, Peak:0.00M | Scene | Initializing
Fra:1 Mem:30.81M (Peak 40.04M) | Time:495255:13:19.06 | Mem:0.00M, Peak:0.00M | Scene | Updating Images | Loading table_1_chair_0_leg_-0.19_-0.17_METAL
Fra:1 Mem:30.84M (Peak 40.04M) | Time:495255:13:19.08 | Mem:0.00M, Peak:0.00M | Scene | Synchronizing object | table_1_chair_0_leg_-0.19_-0.17
Fra:1 Mem:30.85M (Peak 40.04M) | Time:495255:13:19.08 | Mem:0.00M, Peak:0.00M | Scene | Initializing
Fra:1 Mem:30.84M (Peak 40.04M) | Time:495255:13:19.08 | Mem:0.00M, Peak:0.00M | Scene | Updating Images | Loading table_1_chair_0_leg_-0.19_-0.17_DIFFUSE
Fra:1 Mem:30.87M (Peak 40.06M) | Time:495255:13:19.09 | Mem:0.00M, Peak:0.00M | Scene | Synchronizing object | table_1_chair_0_leg_-0.19_-0.17
Fra:1 Mem:30.87M (Peak 40.06M) | Time:495255:13:19.09 | Mem:0.00M, Peak:0.00M | Scene | Initializing
Fra:1 Mem:30.87M (Peak 40.06M) | Time:495255:13:19.09 | Mem:0.00M, Peak:0.00M | Scene | Updating Images | Loading table_1_chair_0_leg_-0.19_-0.17_ROUGHNESS
Fra:1 Mem:30.89M (Peak 40.06M) | Time:495255:13:19.10 | Mem:0.00M, Peak:0.00M | Scene | Synchronizing object | table_1_chair_0_leg_-0.19_-0.17
Fra:1 Mem:30.89M (Peak 40.06M) | Time:495255:13:19.10 | Mem:0.00M, Peak:0.00M | Scene | Initializing
Fra:1 Mem:30.89M (Peak 40.06M) | Time:495255:13:19.10 | Mem:0.00M, Peak:0.00M | Scene | Updating Images | Loading table_1_chair_0_leg_-0.19_-0.17_NORMAL
Fra:1 Mem:30.89M (Peak 40.10M) | Time:495255:13:19.11 | Mem:0.00M, Peak:0.00M | Scene | Synchronizing object | table_1_chair_0_leg_-0.19_0.17
Fra:1 Mem:30.89M (Peak 40.10M) | Time:495255:13:19.11 | Mem:0.00M, Peak:0.00M | Scene | Initializing
Fra:1 Mem:30.89M (Peak 40.10M) | Time:495255:13:19.11 | Mem:0.00M, Peak:0.00M | Scene | Updating Images | Loading table_1_chair_0_leg_-0.19_0.17_METAL
Fra:1 Mem:30.92M (Peak 40.10M) | Time:495255:13:19.12 | Mem:0.00M, Peak:0.00M | Scene | Synchronizing object | table_1_chair_0_leg_-0.19_0.17
Fra:1 Mem:30.92M (Peak 40.10M) | Time:495255:13:19.12 | Mem:0.00M, Peak:0.00M | Scene | Initializing
Fra:1 Mem:30.92M (Peak 40.10M) | Time:495255:13:19.12 | Mem:0.00M, Peak:0.00M | Scene | Updating Images | Loading table_1_chair_0_leg_-0.19_0.17_DIFFUSE
Fra:1 Mem:30.94M (Peak 40.13M) | Time:495255:13:19.14 | Mem:0.00M, Peak:0.00M | Scene | Synchronizing object | table_1_chair_0_leg_-0.19_0.17
Fra:1 Mem:30.94M (Peak 40.13M) | Time:495255:13:19.14 | Mem:0.00M, Peak:0.00M | Scene | Initializing
Fra:1 Mem:30.94M (Peak 40.13M) | Time:495255:13:19.14 | Mem:0.00M, Peak:0.00M | Scene | Updating Images | Loading table_1_chair_0_leg_-0.19_0.17_ROUGHNESS
Fra:1 Mem:30.96M (Peak 40.13M) | Time:495255:13:19.15 | Mem:0.00M, Peak:0.00M | Scene | Synchronizing object | table_1_chair_0_leg_-0.19_0.17
Fra:1 Mem:30.96M (Peak 40.13M) | Time:495255:13:19.15 | Mem:0.00M, Peak:0.00M | Scene | Initializing
Fra:1 Mem:30.96M (Peak 40.13M) | Time:495255:13:19.15 | Mem:0.00M, Peak:0.00M | Scene | Updating Images | Loading table_1_chair_0_leg_-0.19_0.17_NORMAL
Fra:1 Mem:30.96M (Peak 40.17M) | Time:495255:13:19.16 | Mem:0.00M, Peak:0.00M | Scene | Synchronizing object | table_1_chair_0_leg_0.19_-0.17
Fra:1 Mem:30.96M (Peak 40.17M) | Time:495255:13:19.16 | Mem:0.00M, Peak:0.00M | Scene | Initializing
Fra:1 Mem:30.96M (Peak 40.17M) | Time:495255:13:19.16 | Mem:0.00M, Peak:0.00M | Scene | Updating Images | Loading table_1_chair_0_leg_0.19_-0.17_METAL
Fra:1 Mem:30.99M (Peak 40.17M) | Time:495255:13:19.17 | Mem:0.00M, Peak:0.00M | Scene | Synchronizing object | table_1_chair_0_leg_0.19_-0.17
Fra:1 Mem:30.99M (Peak 40.17M) | Time:495255:13:19.17 | Mem:0.00M, Peak:0.00M | Scene | Initializing
Fra:1 Mem:30.99M (Peak 40.17M) | Time:495255:13:19.17 | Mem:0.00M, Peak:0.00M | Scene | Updating Images | Loading table_1_chair_0_leg_0.19_-0.17_DIFFUSE
Fra:1 Mem:31.01M (Peak 40.20M) | Time:495255:13:19.18 | Mem:0.00M, Peak:0.00M | Scene | Synchronizing object | table_1_chair_0_leg_0.19_-0.17
Fra:1 Mem:31.02M (Peak 40.20M) | Time:495255:13:19.18 | Mem:0.00M, Peak:0.00M | Scene | Initializing
Fra:1 Mem:31.01M (Peak 40.20M) | Time:495255:13:19.18 | Mem:0.00M, Peak:0.00M | Scene | Updating Images | Loading table_1_chair_0_leg_0.19_-0.17_ROUGHNESS
Fra:1 Mem:31.04M (Peak 40.20M) | Time:495255:13:19.20 | Mem:0.00M, Peak:0.00M | Scene | Synchronizing object | table_1_chair_0_leg_0.19_-0.17
Fra:1 Mem:31.04M (Peak 40.20M) | Time:495255:13:19.20 | Mem:0.00M, Peak:0.00M | Scene | Initializing
Fra:1 Mem:31.03M (Peak 40.20M) | Time:495255:13:19.20 | Mem:0.00M, Peak:0.00M | Scene | Updating Images | Loading table_1_chair_0_leg_0.19_-0.17_NORMAL
Fra:1 Mem:31.03M (Peak 40.25M) | Time:495255:13:19.21 | Mem:0.00M, Peak:0.00M | Scene | Synchronizing object | table_1_chair_0_leg_0.19_0.17
Fra:1 Mem:31.04M (Peak 40.25M) | Time:495255:13:19.21 | Mem:0.00M, Peak:0.00M | Scene | Initializing
Fra:1 Mem:31.03M (Peak 40.25M) | Time:495255:13:19.21 | Mem:0.00M, Peak:0.00M | Scene | Updating Images | Loading table_1_chair_0_leg_0.19_0.17_METAL
Fra:1 Mem:31.06M (Peak 40.25M) | Time:495255:13:19.22 | Mem:0.00M, Peak:0.00M | Scene | Synchronizing object | table_1_chair_0_leg_0.19_0.17
Fra:1 Mem:31.07M (Peak 40.25M) | Time:495255:13:19.22 | Mem:0.00M, Peak:0.00M | Scene | Initializing
Fra:1 Mem:31.06M (Peak 40.25M) | Time:495255:13:19.22 | Mem:0.00M, Peak:0.00M | Scene | Updating Images | Loading table_1_chair_0_leg_0.19_0.17_DIFFUSE
Fra:1 Mem:31.09M (Peak 40.28M) | Time:495255:13:19.23 | Mem:0.00M, Peak:0.00M | Scene | Synchronizing object | table_1_chair_0_leg_0.19_0.17
Fra:1 Mem:31.09M (Peak 40.28M) | Time:495255:13:19.23 | Mem:0.00M, Peak:0.00M | Scene | Initializing
Fra:1 Mem:31.08M (Peak 40.28M) | Time:495255:13:19.23 | Mem:0.00M, Peak:0.00M | Scene | Updating Images | Loading table_1_chair_0_leg_0.19_0.17_ROUGHNESS
Fra:1 Mem:31.11M (Peak 40.28M) | Time:495255:13:19.24 | Mem:0.00M, Peak:0.00M | Scene | Synchronizing object | table_1_chair_0_leg_0.19_0.17
Fra:1 Mem:31.11M (Peak 40.28M) | Time:495255:13:19.24 | Mem:0.00M, Peak:0.00M | Scene | Initializing
Fra:1 Mem:31.11M (Peak 40.28M) | Time:495255:13:19.24 | Mem:0.00M, Peak:0.00M | Scene | Updating Images | Loading table_1_chair_0_leg_0.19_0.17_NORMAL
Fra:1 Mem:31.12M (Peak 40.32M) | Time:495255:13:19.26 | Mem:0.00M, Peak:0.00M | Scene | Synchronizing object | table_1_chair_0_seat
Fra:1 Mem:31.13M (Peak 40.32M) | Time:495255:13:19.26 | Mem:0.00M, Peak:0.00M | Scene | Initializing
Fra:1 Mem:31.13M (Peak 40.32M) | Time:495255:13:19.26 | Mem:0.00M, Peak:0.00M | Scene | Updating Images | Loading table_1_chair_0_seat_DIFFUSE
Fra:1 Mem:31.15M (Peak 40.36M) | Time:495255:13:19.27 | Mem:0.00M, Peak:0.00M | Scene | Synchronizing object | table_1_chair_0_seat
Fra:1 Mem:31.16M (Peak 40.36M) | Time:495255:13:19.27 | Mem:0.00M, Peak:0.00M | Scene | Initializing
Fra:1 Mem:31.15M (Peak 40.36M) | Time:495255:13:19.27 | Mem:0.00M, Peak:0.00M | Scene | Updating Images | Loading table_1_chair_0_seat_ROUGHNESS
Fra:1 Mem:31.17M (Peak 40.36M) | Time:495255:13:19.28 | Mem:0.00M, Peak:0.00M | Scene | Synchronizing object | table_1_chair_0_seat
Fra:1 Mem:31.18M (Peak 40.36M) | Time:495255:13:19.29 | Mem:0.00M, Peak:0.00M | Scene | Initializing
Fra:1 Mem:31.18M (Peak 40.36M) | Time:495255:13:19.29 | Mem:0.00M, Peak:0.00M | Scene | Updating Images | Loading table_1_chair_0_seat_NORMAL
Fra:1 Mem:31.19M (Peak 40.40M) | Time:495255:13:19.30 | Mem:0.00M, Peak:0.00M | Scene | Synchronizing object | table_1_chair_1_back
Fra:1 Mem:31.20M (Peak 40.40M) | Time:495255:13:19.30 | Mem:0.00M, Peak:0.00M | Scene | Initializing
Fra:1 Mem:31.20M (Peak 40.40M) | Time:495255:13:19.30 | Mem:0.00M, Peak:0.00M | Scene | Updating Images | Loading table_1_chair_1_back_DIFFUSE
Fra:1 Mem:31.47M (Peak 40.42M) | Time:495255:13:19.31 | Mem:0.00M, Peak:0.00M | Scene | Synchronizing object | table_1_chair_1_back
Fra:1 Mem:31.48M (Peak 40.42M) | Time:495255:13:19.31 | Mem:0.00M, Peak:0.00M | Scene | Initializing
Fra:1 Mem:31.48M (Peak 40.42M) | Time:495255:13:19.31 | Mem:0.00M, Peak:0.00M | Scene | Updating Images | Loading table_1_chair_1_back_ROUGHNESS
Fra:1 Mem:31.49M (Peak 40.42M) | Time:495255:13:19.33 | Mem:0.00M, Peak:0.00M | Scene | Synchronizing object | table_1_chair_1_back
Fra:1 Mem:31.50M (Peak 40.42M) | Time:495255:13:19.33 | Mem:0.00M, Peak:0.00M | Scene | Initializing
Fra:1 Mem:31.50M (Peak 40.42M) | Time:495255:13:19.33 | Mem:0.00M, Peak:0.00M | Scene | Updating Images | Loading table_1_chair_1_back_NORMAL
Fra:1 Mem:31.49M (Peak 40.72M) | Time:495255:13:19.34 | Mem:0.00M, Peak:0.00M | Scene | Synchronizing object | table_1_chair_1_leg_-0.19_-0.17
Fra:1 Mem:31.50M (Peak 40.72M) | Time:495255:13:19.34 | Mem:0.00M, Peak:0.00M | Scene | Initializing
Fra:1 Mem:31.49M (Peak 40.72M) | Time:495255:13:19.34 | Mem:0.00M, Peak:0.00M | Scene | Updating Images | Loading table_1_chair_1_leg_-0.19_-0.17_METAL
Fra:1 Mem:31.53M (Peak 40.72M) | Time:495255:13:19.35 | Mem:0.00M, Peak:0.00M | Scene | Synchronizing object | table_1_chair_1_leg_-0.19_-0.17
Fra:1 Mem:31.53M (Peak 40.72M) | Time:495255:13:19.35 | Mem:0.00M, Peak:0.00M | Scene | Initializing
Fra:1 Mem:31.52M (Peak 40.72M) | Time:495255:13:19.35 | Mem:0.00M, Peak:0.00M | Scene | Updating Images | Loading table_1_chair_1_leg_-0.19_-0.17_DIFFUSE
Fra:1 Mem:31.55M (Peak 40.74M) | Time:495255:13:19.36 | Mem:0.00M, Peak:0.00M | Scene | Synchronizing object | table_1_chair_1_leg_-0.19_-0.17
Fra:1 Mem:31.55M (Peak 40.74M) | Time:495255:13:19.36 | Mem:0.00M, Peak:0.00M | Scene | Initializing
Fra:1 Mem:31.55M (Peak 40.74M) | Time:495255:13:19.36 | Mem:0.00M, Peak:0.00M | Scene | Updating Images | Loading table_1_chair_1_leg_-0.19_-0.17_ROUGHNESS
Fra:1 Mem:31.57M (Peak 40.74M) | Time:495255:13:19.38 | Mem:0.00M, Peak:0.00M | Scene | Synchronizing object | table_1_chair_1_leg_-0.19_-0.17
Fra:1 Mem:31.57M (Peak 40.74M) | Time:495255:13:19.38 | Mem:0.00M, Peak:0.00M | Scene | Initializing
Fra:1 Mem:31.57M (Peak 40.74M) | Time:495255:13:19.38 | Mem:0.00M, Peak:0.00M | Scene | Updating Images | Loading table_1_chair_1_leg_-0.19_-0.17_NORMAL
Fra:1 Mem:31.57M (Peak 40.78M) | Time:495255:13:19.39 | Mem:0.00M, Peak:0.00M | Scene | Synchronizing object | table_1_chair_1_leg_-0.19_0.17
Fra:1 Mem:31.57M (Peak 40.78M) | Time:495255:13:19.39 | Mem:0.00M, Peak:0.00M | Scene | Initializing
Fra:1 Mem:31.57M (Peak 40.78M) | Time:495255:13:19.39 | Mem:0.00M, Peak:0.00M | Scene | Updating Images | Loading table_1_chair_1_leg_-0.19_0.17_METAL
Fra:1 Mem:31.60M (Peak 40.78M) | Time:495255:13:19.40 | Mem:0.00M, Peak:0.00M | Scene | Synchronizing object | table_1_chair_1_leg_-0.19_0.17
Fra:1 Mem:31.60M (Peak 40.78M) | Time:495255:13:19.40 | Mem:0.00M, Peak:0.00M | Scene | Initializing
Fra:1 Mem:31.60M (Peak 40.78M) | Time:495255:13:19.40 | Mem:0.00M, Peak:0.00M | Scene | Updating Images | Loading table_1_chair_1_leg_-0.19_0.17_DIFFUSE
Fra:1 Mem:31.62M (Peak 40.81M) | Time:495255:13:19.41 | Mem:0.00M, Peak:0.00M | Scene | Synchronizing object | table_1_chair_1_leg_-0.19_0.17
Fra:1 Mem:31.62M (Peak 40.81M) | Time:495255:13:19.41 | Mem:0.00M, Peak:0.00M | Scene | Initializing
Fra:1 Mem:31.62M (Peak 40.81M) | Time:495255:13:19.41 | Mem:0.00M, Peak:0.00M | Scene | Updating Images | Loading table_1_chair_1_leg_-0.19_0.17_ROUGHNESS
Fra:1 Mem:31.64M (Peak 40.81M) | Time:495255:13:19.42 | Mem:0.00M, Peak:0.00M | Scene | Synchronizing object | table_1_chair_1_leg_-0.19_0.17
Fra:1 Mem:31.65M (Peak 40.81M) | Time:495255:13:19.42 | Mem:0.00M, Peak:0.00M | Scene | Initializing
Fra:1 Mem:31.64M (Peak 40.81M) | Time:495255:13:19.42 | Mem:0.00M, Peak:0.00M | Scene | Updating Images | Loading table_1_chair_1_leg_-0.19_0.17_NORMAL
Fra:1 Mem:31.64M (Peak 40.86M) | Time:495255:13:19.44 | Mem:0.00M, Peak:0.00M | Scene | Synchronizing object | table_1_chair_1_leg_0.19_-0.17
Fra:1 Mem:31.64M (Peak 40.86M) | Time:495255:13:19.44 | Mem:0.00M, Peak:0.00M | Scene | Initializing
Fra:1 Mem:31.64M (Peak 40.86M) | Time:495255:13:19.44 | Mem:0.00M, Peak:0.00M | Scene | Updating Images | Loading table_1_chair_1_leg_0.19_-0.17_METAL
Fra:1 Mem:31.67M (Peak 40.86M) | Time:495255:13:19.45 | Mem:0.00M, Peak:0.00M | Scene | Synchronizing object | table_1_chair_1_leg_0.19_-0.17
Fra:1 Mem:31.67M (Peak 40.86M) | Time:495255:13:19.45 | Mem:0.00M, Peak:0.00M | Scene | Initializing
Fra:1 Mem:31.67M (Peak 40.86M) | Time:495255:13:19.45 | Mem:0.00M, Peak:0.00M | Scene | Updating Images | Loading table_1_chair_1_leg_0.19_-0.17_DIFFUSE
Fra:1 Mem:31.69M (Peak 40.88M) | Time:495255:13:19.46 | Mem:0.00M, Peak:0.00M | Scene | Synchronizing object | table_1_chair_1_leg_0.19_-0.17
Fra:1 Mem:31.70M (Peak 40.88M) | Time:495255:13:19.46 | Mem:0.00M, Peak:0.00M | Scene | Initializing
Fra:1 Mem:31.69M (Peak 40.88M) | Time:495255:13:19.46 | Mem:0.00M, Peak:0.00M | Scene | Updating Images | Loading table_1_chair_1_leg_0.19_-0.17_ROUGHNESS
Fra:1 Mem:31.72M (Peak 40.88M) | Time:495255:13:19.47 | Mem:0.00M, Peak:0.00M | Scene | Synchronizing object | table_1_chair_1_leg_0.19_-0.17
Fra:1 Mem:31.72M (Peak 40.88M) | Time:495255:13:19.47 | Mem:0.00M, Peak:0.00M | Scene | Initializing
Fra:1 Mem:31.71M (Peak 40.88M) | Time:495255:13:19.47 | Mem:0.00M, Peak:0.00M | Scene | Updating Images | Loading table_1_chair_1_leg_0.19_-0.17_NORMAL
Fra:1 Mem:31.71M (Peak 40.93M) | Time:495255:13:19.48 | Mem:0.00M, Peak:0.00M | Scene | Synchronizing object | table_1_chair_1_leg_0.19_0.17
Fra:1 Mem:31.72M (Peak 40.93M) | Time:495255:13:19.48 | Mem:0.00M, Peak:0.00M | Scene | Initializing
Fra:1 Mem:31.71M (Peak 40.93M) | Time:495255:13:19.48 | Mem:0.00M, Peak:0.00M | Scene | Updating Images | Loading table_1_chair_1_leg_0.19_0.17_METAL
Fra:1 Mem:31.75M (Peak 40.93M) | Time:495255:13:19.49 | Mem:0.00M, Peak:0.00M | Scene | Synchronizing object | table_1_chair_1_leg_0.19_0.17
Fra:1 Mem:31.75M (Peak 40.93M) | Time:495255:13:19.49 | Mem:0.00M, Peak:0.00M | Scene | Initializing
Fra:1 Mem:31.74M (Peak 40.93M) | Time:495255:13:19.49 | Mem:0.00M, Peak:0.00M | Scene | Updating Images | Loading table_1_chair_1_leg_0.19_0.17_DIFFUSE
Fra:1 Mem:31.77M (Peak 40.96M) | Time:495255:13:19.51 | Mem:0.00M, Peak:0.00M | Scene | Synchronizing object | table_1_chair_1_leg_0.19_0.17
Fra:1 Mem:31.77M (Peak 40.96M) | Time:495255:13:19.51 | Mem:0.00M, Peak:0.00M | Scene | Initializing
Fra:1 Mem:31.77M (Peak 40.96M) | Time:495255:13:19.51 | Mem:0.00M, Peak:0.00M | Scene | Updating Images | Loading table_1_chair_1_leg_0.19_0.17_ROUGHNESS
Fra:1 Mem:31.79M (Peak 40.96M) | Time:495255:13:19.52 | Mem:0.00M, Peak:0.00M | Scene | Synchronizing object | table_1_chair_1_leg_0.19_0.17
Fra:1 Mem:31.79M (Peak 40.96M) | Time:495255:13:19.52 | Mem:0.00M, Peak:0.00M | Scene | Initializing
Fra:1 Mem:31.79M (Peak 40.96M) | Time:495255:13:19.52 | Mem:0.00M, Peak:0.00M | Scene | Updating Images | Loading table_1_chair_1_leg_0.19_0.17_NORMAL
Fra:1 Mem:31.81M (Peak 41.00M) | Time:495255:13:19.53 | Mem:0.00M, Peak:0.00M | Scene | Synchronizing object | table_1_chair_1_seat
Fra:1 Mem:31.82M (Peak 41.00M) | Time:495255:13:19.53 | Mem:0.00M, Peak:0.00M | Scene | Initializing
Fra:1 Mem:31.81M (Peak 41.00M) | Time:495255:13:19.53 | Mem:0.00M, Peak:0.00M | Scene | Updating Images | Loading table_1_chair_1_seat_DIFFUSE
Fra:1 Mem:31.83M (Peak 41.04M) | Time:495255:13:19.55 | Mem:0.00M, Peak:0.00M | Scene | Synchronizing object | table_1_chair_1_seat
Fra:1 Mem:31.84M (Peak 41.04M) | Time:495255:13:19.55 | Mem:0.00M, Peak:0.00M | Scene | Initializing
Fra:1 Mem:31.84M (Peak 41.04M) | Time:495255:13:19.55 | Mem:0.00M, Peak:0.00M | Scene | Updating Images | Loading table_1_chair_1_seat_ROUGHNESS
Fra:1 Mem:31.85M (Peak 41.04M) | Time:495255:13:19.56 | Mem:0.00M, Peak:0.00M | Scene | Synchronizing object | table_1_chair_1_seat
Fra:1 Mem:31.86M (Peak 41.04M) | Time:495255:13:19.56 | Mem:0.00M, Peak:0.00M | Scene | Initializing
Fra:1 Mem:31.86M (Peak 41.04M) | Time:495255:13:19.56 | Mem:0.00M, Peak:0.00M | Scene | Updating Images | Loading table_1_chair_1_seat_NORMAL
Fra:1 Mem:31.87M (Peak 41.08M) | Time:495255:13:19.57 | Mem:0.00M, Peak:0.00M | Scene | Synchronizing object | table_1_chair_2_back
Fra:1 Mem:31.88M (Peak 41.08M) | Time:495255:13:19.57 | Mem:0.00M, Peak:0.00M | Scene | Initializing
Fra:1 Mem:31.88M (Peak 41.08M) | Time:495255:13:19.57 | Mem:0.00M, Peak:0.00M | Scene | Updating Images | Loading table_1_chair_2_back_DIFFUSE
Fra:1 Mem:31.89M (Peak 41.10M) | Time:495255:13:19.59 | Mem:0.00M, Peak:0.00M | Scene | Synchronizing object | table_1_chair_2_back
Fra:1 Mem:31.90M (Peak 41.10M) | Time:495255:13:19.59 | Mem:0.00M, Peak:0.00M | Scene | Initializing
Fra:1 Mem:31.90M (Peak 41.10M) | Time:495255:13:19.59 | Mem:0.00M, Peak:0.00M | Scene | Updating Images | Loading table_1_chair_2_back_ROUGHNESS
Fra:1 Mem:31.91M (Peak 41.10M) | Time:495255:13:19.60 | Mem:0.00M, Peak:0.00M | Scene | Synchronizing object | table_1_chair_2_back
Fra:1 Mem:31.93M (Peak 41.10M) | Time:495255:13:19.60 | Mem:0.00M, Peak:0.00M | Scene | Initializing
Fra:1 Mem:31.92M (Peak 41.10M) | Time:495255:13:19.60 | Mem:0.00M, Peak:0.00M | Scene | Updating Images | Loading table_1_chair_2_back_NORMAL
Fra:1 Mem:31.92M (Peak 41.15M) | Time:495255:13:19.61 | Mem:0.00M, Peak:0.00M | Scene | Synchronizing object | table_1_chair_2_leg_-0.19_-0.17
Fra:1 Mem:31.92M (Peak 41.15M) | Time:495255:13:19.61 | Mem:0.00M, Peak:0.00M | Scene | Initializing
Fra:1 Mem:31.92M (Peak 41.15M) | Time:495255:13:19.61 | Mem:0.00M, Peak:0.00M | Scene | Updating Images | Loading table_1_chair_2_leg_-0.19_-0.17_METAL
Fra:1 Mem:31.95M (Peak 41.15M) | Time:495255:13:19.63 | Mem:0.00M, Peak:0.00M | Scene | Synchronizing object | table_1_chair_2_leg_-0.19_-0.17
Fra:1 Mem:31.95M (Peak 41.15M) | Time:495255:13:19.63 | Mem:0.00M, Peak:0.00M | Scene | Initializing
Fra:1 Mem:31.95M (Peak 41.15M) | Time:495255:13:19.63 | Mem:0.00M, Peak:0.00M | Scene | Updating Images | Loading table_1_chair_2_leg_-0.19_-0.17_DIFFUSE
Fra:1 Mem:31.97M (Peak 41.16M) | Time:495255:13:19.64 | Mem:0.00M, Peak:0.00M | Scene | Synchronizing object | table_1_chair_2_leg_-0.19_-0.17
Fra:1 Mem:31.97M (Peak 41.16M) | Time:495255:13:19.64 | Mem:0.00M, Peak:0.00M | Scene | Initializing
Fra:1 Mem:31.97M (Peak 41.16M) | Time:495255:13:19.64 | Mem:0.00M, Peak:0.00M | Scene | Updating Images | Loading table_1_chair_2_leg_-0.19_-0.17_ROUGHNESS
Fra:1 Mem:31.99M (Peak 41.16M) | Time:495255:13:19.65 | Mem:0.00M, Peak:0.00M | Scene | Synchronizing object | table_1_chair_2_leg_-0.19_-0.17
Fra:1 Mem:31.99M (Peak 41.16M) | Time:495255:13:19.65 | Mem:0.00M, Peak:0.00M | Scene | Initializing
Fra:1 Mem:31.99M (Peak 41.16M) | Time:495255:13:19.65 | Mem:0.00M, Peak:0.00M | Scene | Updating Images | Loading table_1_chair_2_leg_-0.19_-0.17_NORMAL
Fra:1 Mem:31.99M (Peak 41.20M) | Time:495255:13:19.66 | Mem:0.00M, Peak:0.00M | Scene | Synchronizing object | table_1_chair_2_leg_-0.19_0.17
Fra:1 Mem:31.99M (Peak 41.20M) | Time:495255:13:19.66 | Mem:0.00M, Peak:0.00M | Scene | Initializing
Fra:1 Mem:31.99M (Peak 41.20M) | Time:495255:13:19.66 | Mem:0.00M, Peak:0.00M | Scene | Updating Images | Loading table_1_chair_2_leg_-0.19_0.17_METAL
Fra:1 Mem:32.02M (Peak 41.20M) | Time:495255:13:19.67 | Mem:0.00M, Peak:0.00M | Scene | Synchronizing object | table_1_chair_2_leg_-0.19_0.17
Fra:1 Mem:32.02M (Peak 41.20M) | Time:495255:13:19.67 | Mem:0.00M, Peak:0.00M | Scene | Initializing
Fra:1 Mem:32.02M (Peak 41.20M) | Time:495255:13:19.67 | Mem:0.00M, Peak:0.00M | Scene | Updating Images | Loading table_1_chair_2_leg_-0.19_0.17_DIFFUSE
Fra:1 Mem:32.04M (Peak 41.23M) | Time:495255:13:19.69 | Mem:0.00M, Peak:0.00M | Scene | Synchronizing object | table_1_chair_2_leg_-0.19_0.17
Fra:1 Mem:32.05M (Peak 41.23M) | Time:495255:13:19.69 | Mem:0.00M, Peak:0.00M | Scene | Initializing
Fra:1 Mem:32.04M (Peak 41.23M) | Time:495255:13:19.69 | Mem:0.00M, Peak:0.00M | Scene | Updating Images | Loading table_1_chair_2_leg_-0.19_0.17_ROUGHNESS
Fra:1 Mem:32.07M (Peak 41.23M) | Time:495255:13:19.70 | Mem:0.00M, Peak:0.00M | Scene | Synchronizing object | table_1_chair_2_leg_-0.19_0.17
Fra:1 Mem:32.07M (Peak 41.23M) | Time:495255:13:19.70 | Mem:0.00M, Peak:0.00M | Scene | Initializing
Fra:1 Mem:32.06M (Peak 41.23M) | Time:495255:13:19.70 | Mem:0.00M, Peak:0.00M | Scene | Updating Images | Loading table_1_chair_2_leg_-0.19_0.17_NORMAL
Fra:1 Mem:32.06M (Peak 41.28M) | Time:495255:13:19.71 | Mem:0.00M, Peak:0.00M | Scene | Synchronizing object | table_1_chair_2_leg_0.19_-0.17
Fra:1 Mem:32.07M (Peak 41.28M) | Time:495255:13:19.71 | Mem:0.00M, Peak:0.00M | Scene | Initializing
Fra:1 Mem:32.06M (Peak 41.28M) | Time:495255:13:19.71 | Mem:0.00M, Peak:0.00M | Scene | Updating Images | Loading table_1_chair_2_leg_0.19_-0.17_METAL
Fra:1 Mem:32.10M (Peak 41.28M) | Time:495255:13:19.72 | Mem:0.00M, Peak:0.00M | Scene | Synchronizing object | table_1_chair_2_leg_0.19_-0.17
Fra:1 Mem:32.10M (Peak 41.28M) | Time:495255:13:19.72 | Mem:0.00M, Peak:0.00M | Scene | Initializing
Fra:1 Mem:32.09M (Peak 41.28M) | Time:495255:13:19.72 | Mem:0.00M, Peak:0.00M | Scene | Updating Images | Loading table_1_chair_2_leg_0.19_-0.17_DIFFUSE
Fra:1 Mem:32.12M (Peak 41.31M) | Time:495255:13:19.73 | Mem:0.00M, Peak:0.00M | Scene | Synchronizing object | table_1_chair_2_leg_0.19_-0.17
Fra:1 Mem:32.12M (Peak 41.31M) | Time:495255:13:19.73 | Mem:0.00M, Peak:0.00M | Scene | Initializing
Fra:1 Mem:32.12M (Peak 41.31M) | Time:495255:13:19.73 | Mem:0.00M, Peak:0.00M | Scene | Updating Images | Loading table_1_chair_2_leg_0.19_-0.17_ROUGHNESS
Fra:1 Mem:32.14M (Peak 41.31M) | Time:495255:13:19.75 | Mem:0.00M, Peak:0.00M | Scene | Synchronizing object | table_1_chair_2_leg_0.19_-0.17
Fra:1 Mem:32.14M (Peak 41.31M) | Time:495255:13:19.75 | Mem:0.00M, Peak:0.00M | Scene | Initializing
Fra:1 Mem:32.14M (Peak 41.31M) | Time:495255:13:19.75 | Mem:0.00M, Peak:0.00M | Scene | Updating Images | Loading table_1_chair_2_leg_0.19_-0.17_NORMAL
Fra:1 Mem:32.14M (Peak 41.35M) | Time:495255:13:19.76 | Mem:0.00M, Peak:0.00M | Scene | Synchronizing object | table_1_chair_2_leg_0.19_0.17
Fra:1 Mem:32.14M (Peak 41.35M) | Time:495255:13:19.76 | Mem:0.00M, Peak:0.00M | Scene | Initializing
Fra:1 Mem:32.14M (Peak 41.35M) | Time:495255:13:19.76 | Mem:0.00M, Peak:0.00M | Scene | Updating Images | Loading table_1_chair_2_leg_0.19_0.17_METAL
Fra:1 Mem:32.17M (Peak 41.35M) | Time:495255:13:19.77 | Mem:0.00M, Peak:0.00M | Scene | Synchronizing object | table_1_chair_2_leg_0.19_0.17
Fra:1 Mem:32.17M (Peak 41.35M) | Time:495255:13:19.77 | Mem:0.00M, Peak:0.00M | Scene | Initializing
Fra:1 Mem:32.17M (Peak 41.35M) | Time:495255:13:19.77 | Mem:0.00M, Peak:0.00M | Scene | Updating Images | Loading table_1_chair_2_leg_0.19_0.17_DIFFUSE
Fra:1 Mem:32.19M (Peak 41.38M) | Time:495255:13:19.78 | Mem:0.00M, Peak:0.00M | Scene | Synchronizing object | table_1_chair_2_leg_0.19_0.17
Fra:1 Mem:32.19M (Peak 41.38M) | Time:495255:13:19.78 | Mem:0.00M, Peak:0.00M | Scene | Initializing
Fra:1 Mem:32.19M (Peak 41.38M) | Time:495255:13:19.78 | Mem:0.00M, Peak:0.00M | Scene | Updating Images | Loading table_1_chair_2_leg_0.19_0.17_ROUGHNESS
Fra:1 Mem:32.21M (Peak 41.38M) | Time:495255:13:19.79 | Mem:0.00M, Peak:0.00M | Scene | Synchronizing object | table_1_chair_2_leg_0.19_0.17
Fra:1 Mem:32.22M (Peak 41.38M) | Time:495255:13:19.79 | Mem:0.00M, Peak:0.00M | Scene | Initializing
Fra:1 Mem:32.21M (Peak 41.38M) | Time:495255:13:19.79 | Mem:0.00M, Peak:0.00M | Scene | Updating Images | Loading table_1_chair_2_leg_0.19_0.17_NORMAL
Fra:1 Mem:32.23M (Peak 41.42M) | Time:495255:13:19.81 | Mem:0.00M, Peak:0.00M | Scene | Synchronizing object | table_1_chair_2_seat
Fra:1 Mem:32.24M (Peak 41.42M) | Time:495255:13:19.81 | Mem:0.00M, Peak:0.00M | Scene | Initializing
Fra:1 Mem:32.24M (Peak 41.42M) | Time:495255:13:19.81 | Mem:0.00M, Peak:0.00M | Scene | Updating Images | Loading table_1_chair_2_seat_DIFFUSE
Fra:1 Mem:32.25M (Peak 41.46M) | Time:495255:13:19.82 | Mem:0.00M, Peak:0.00M | Scene | Synchronizing object | table_1_chair_2_seat
Fra:1 Mem:32.26M (Peak 41.46M) | Time:495255:13:19.82 | Mem:0.00M, Peak:0.00M | Scene | Initializing
Fra:1 Mem:32.26M (Peak 41.46M) | Time:495255:13:19.82 | Mem:0.00M, Peak:0.00M | Scene | Updating Images | Loading table_1_chair_2_seat_ROUGHNESS
Fra:1 Mem:32.27M (Peak 41.46M) | Time:495255:13:19.83 | Mem:0.00M, Peak:0.00M | Scene | Synchronizing object | table_1_chair_2_seat
Fra:1 Mem:32.28M (Peak 41.46M) | Time:495255:13:19.83 | Mem:0.00M, Peak:0.00M | Scene | Initializing
Fra:1 Mem:32.28M (Peak 41.46M) | Time:495255:13:19.83 | Mem:0.00M, Peak:0.00M | Scene | Updating Images | Loading table_1_chair_2_seat_NORMAL
Fra:1 Mem:32.29M (Peak 41.51M) | Time:495255:13:19.85 | Mem:0.00M, Peak:0.00M | Scene | Synchronizing object | table_1_chair_3_back
Fra:1 Mem:32.30M (Peak 41.51M) | Time:495255:13:19.85 | Mem:0.00M, Peak:0.00M | Scene | Initializing
Fra:1 Mem:32.30M (Peak 41.51M) | Time:495255:13:19.85 | Mem:0.00M, Peak:0.00M | Scene | Updating Images | Loading table_1_chair_3_back_DIFFUSE
Fra:1 Mem:32.32M (Peak 41.53M) | Time:495255:13:19.86 | Mem:0.00M, Peak:0.00M | Scene | Synchronizing object | table_1_chair_3_back
Fra:1 Mem:32.33M (Peak 41.53M) | Time:495255:13:19.86 | Mem:0.00M, Peak:0.00M | Scene | Initializing
Fra:1 Mem:32.32M (Peak 41.53M) | Time:495255:13:19.86 | Mem:0.00M, Peak:0.00M | Scene | Updating Images | Loading table_1_chair_3_back_ROUGHNESS
Fra:1 Mem:32.34M (Peak 41.53M) | Time:495255:13:19.88 | Mem:0.00M, Peak:0.00M | Scene | Synchronizing object | table_1_chair_3_back
Fra:1 Mem:32.35M (Peak 41.53M) | Time:495255:13:19.88 | Mem:0.00M, Peak:0.00M | Scene | Initializing
Fra:1 Mem:32.35M (Peak 41.53M) | Time:495255:13:19.88 | Mem:0.00M, Peak:0.00M | Scene | Updating Images | Loading table_1_chair_3_back_NORMAL
Fra:1 Mem:32.34M (Peak 41.57M) | Time:495255:13:19.89 | Mem:0.00M, Peak:0.00M | Scene | Synchronizing object | table_1_chair_3_leg_-0.19_-0.17
Fra:1 Mem:32.34M (Peak 41.57M) | Time:495255:13:19.89 | Mem:0.00M, Peak:0.00M | Scene | Initializing
Fra:1 Mem:32.34M (Peak 41.57M) | Time:495255:13:19.89 | Mem:0.00M, Peak:0.00M | Scene | Updating Images | Loading table_1_chair_3_leg_-0.19_-0.17_METAL
Fra:1 Mem:32.37M (Peak 41.57M) | Time:495255:13:19.90 | Mem:0.00M, Peak:0.00M | Scene | Synchronizing object | table_1_chair_3_leg_-0.19_-0.17
Fra:1 Mem:32.37M (Peak 41.57M) | Time:495255:13:19.90 | Mem:0.00M, Peak:0.00M | Scene | Initializing
Fra:1 Mem:32.37M (Peak 41.57M) | Time:495255:13:19.90 | Mem:0.00M, Peak:0.00M | Scene | Updating Images | Loading table_1_chair_3_leg_-0.19_-0.17_DIFFUSE
Fra:1 Mem:32.39M (Peak 41.58M) | Time:495255:13:19.91 | Mem:0.00M, Peak:0.00M | Scene | Synchronizing object | table_1_chair_3_leg_-0.19_-0.17
Fra:1 Mem:32.40M (Peak 41.58M) | Time:495255:13:19.91 | Mem:0.00M, Peak:0.00M | Scene | Initializing
Fra:1 Mem:32.39M (Peak 41.58M) | Time:495255:13:19.91 | Mem:0.00M, Peak:0.00M | Scene | Updating Images | Loading table_1_chair_3_leg_-0.19_-0.17_ROUGHNESS
Fra:1 Mem:32.42M (Peak 41.58M) | Time:495255:13:19.93 | Mem:0.00M, Peak:0.00M | Scene | Synchronizing object | table_1_chair_3_leg_-0.19_-0.17
Fra:1 Mem:32.42M (Peak 41.58M) | Time:495255:13:19.93 | Mem:0.00M, Peak:0.00M | Scene | Initializing
Fra:1 Mem:32.41M (Peak 41.58M) | Time:495255:13:19.93 | Mem:0.00M, Peak:0.00M | Scene | Updating Images | Loading table_1_chair_3_leg_-0.19_-0.17_NORMAL
Fra:1 Mem:32.41M (Peak 41.63M) | Time:495255:13:19.94 | Mem:0.00M, Peak:0.00M | Scene | Synchronizing object | table_1_chair_3_leg_-0.19_0.17
Fra:1 Mem:32.42M (Peak 41.63M) | Time:495255:13:19.94 | Mem:0.00M, Peak:0.00M | Scene | Initializing
Fra:1 Mem:32.41M (Peak 41.63M) | Time:495255:13:19.94 | Mem:0.00M, Peak:0.00M | Scene | Updating Images | Loading table_1_chair_3_leg_-0.19_0.17_METAL
Fra:1 Mem:32.45M (Peak 41.63M) | Time:495255:13:19.95 | Mem:0.00M, Peak:0.00M | Scene | Synchronizing object | table_1_chair_3_leg_-0.19_0.17
Fra:1 Mem:32.45M (Peak 41.63M) | Time:495255:13:19.95 | Mem:0.00M, Peak:0.00M | Scene | Initializing
Fra:1 Mem:32.44M (Peak 41.63M) | Time:495255:13:19.95 | Mem:0.00M, Peak:0.00M | Scene | Updating Images | Loading table_1_chair_3_leg_-0.19_0.17_DIFFUSE
Fra:1 Mem:32.47M (Peak 41.66M) | Time:495255:13:19.96 | Mem:0.00M, Peak:0.00M | Scene | Synchronizing object | table_1_chair_3_leg_-0.19_0.17
Fra:1 Mem:32.47M (Peak 41.66M) | Time:495255:13:19.96 | Mem:0.00M, Peak:0.00M | Scene | Initializing
Fra:1 Mem:32.46M (Peak 41.66M) | Time:495255:13:19.96 | Mem:0.00M, Peak:0.00M | Scene | Updating Images | Loading table_1_chair_3_leg_-0.19_0.17_ROUGHNESS
Fra:1 Mem:32.49M (Peak 41.66M) | Time:495255:13:19.97 | Mem:0.00M, Peak:0.00M | Scene | Synchronizing object | table_1_chair_3_leg_-0.19_0.17
Fra:1 Mem:32.49M (Peak 41.66M) | Time:495255:13:19.97 | Mem:0.00M, Peak:0.00M | Scene | Initializing
Fra:1 Mem:32.49M (Peak 41.66M) | Time:495255:13:19.97 | Mem:0.00M, Peak:0.00M | Scene | Updating Images | Loading table_1_chair_3_leg_-0.19_0.17_NORMAL
Fra:1 Mem:32.49M (Peak 41.70M) | Time:495255:13:19.99 | Mem:0.00M, Peak:0.00M | Scene | Synchronizing object | table_1_chair_3_leg_0.19_-0.17
Fra:1 Mem:32.49M (Peak 41.70M) | Time:495255:13:19.99 | Mem:0.00M, Peak:0.00M | Scene | Initializing
Fra:1 Mem:32.49M (Peak 41.70M) | Time:495255:13:19.99 | Mem:0.00M, Peak:0.00M | Scene | Updating Images | Loading table_1_chair_3_leg_0.19_-0.17_METAL
Fra:1 Mem:32.52M (Peak 41.70M) | Time:495255:13:20.00 | Mem:0.00M, Peak:0.00M | Scene | Synchronizing object | table_1_chair_3_leg_0.19_-0.17
Fra:1 Mem:32.52M (Peak 41.70M) | Time:495255:13:20.00 | Mem:0.00M, Peak:0.00M | Scene | Initializing
Fra:1 Mem:32.52M (Peak 41.70M) | Time:495255:13:20.00 | Mem:0.00M, Peak:0.00M | Scene | Updating Images | Loading table_1_chair_3_leg_0.19_-0.17_DIFFUSE
Fra:1 Mem:32.54M (Peak 41.73M) | Time:495255:13:20.01 | Mem:0.00M, Peak:0.00M | Scene | Synchronizing object | table_1_chair_3_leg_0.19_-0.17
Fra:1 Mem:32.54M (Peak 41.73M) | Time:495255:13:20.01 | Mem:0.00M, Peak:0.00M | Scene | Initializing
Fra:1 Mem:32.54M (Peak 41.73M) | Time:495255:13:20.01 | Mem:0.00M, Peak:0.00M | Scene | Updating Images | Loading table_1_chair_3_leg_0.19_-0.17_ROUGHNESS
Fra:1 Mem:32.56M (Peak 41.73M) | Time:495255:13:20.02 | Mem:0.00M, Peak:0.00M | Scene | Synchronizing object | table_1_chair_3_leg_0.19_-0.17
Fra:1 Mem:32.56M (Peak 41.73M) | Time:495255:13:20.02 | Mem:0.00M, Peak:0.00M | Scene | Initializing
Fra:1 Mem:32.56M (Peak 41.73M) | Time:495255:13:20.02 | Mem:0.00M, Peak:0.00M | Scene | Updating Images | Loading table_1_chair_3_leg_0.19_-0.17_NORMAL
Fra:1 Mem:32.56M (Peak 41.77M) | Time:495255:13:20.03 | Mem:0.00M, Peak:0.00M | Scene | Synchronizing object | table_1_chair_3_leg_0.19_0.17
Fra:1 Mem:32.56M (Peak 41.77M) | Time:495255:13:20.03 | Mem:0.00M, Peak:0.00M | Scene | Initializing
Fra:1 Mem:32.56M (Peak 41.77M) | Time:495255:13:20.03 | Mem:0.00M, Peak:0.00M | Scene | Updating Images | Loading table_1_chair_3_leg_0.19_0.17_METAL
Info: Baking map saved to internal image, save it externally or pack it
Info: Baking map saved to internal image, save it externally or pack it
Info: Baking map saved to internal image, save it externally or pack it
Info: Baking map saved to internal image, save it externally or pack it
Info: Baking map saved to internal image, save it externally or pack it
Info: Baking map saved to internal image, save it externally or pack it
Info: Baking map saved to internal image, save it externally or pack it
Info: Baking map saved to internal image, save it externally or pack it
Info: Baking map saved to internal image, save it externally or pack it
Info: Baking map saved to internal image, save it externally or pack it
Info: Baking map saved to internal image, save it externally or pack it
Info: Baking map saved to internal image, save it externally or pack it
Info: Baking map saved to internal image, save it externally or pack it
Info: Baking map saved to internal image, save it externally or pack it
Info: Baking map saved to internal image, save it externally or pack it
Info: Baking map saved to internal image, save it externally or pack it
Info: Baking map saved to internal image, save it externally or pack it
Info: Baking map saved to internal image, save it externally or pack it
Info: Baking map saved to internal image, save it externally or pack it
Info: Baking map saved to internal image, save it externally or pack it
Info: Baking map saved to internal image, save it externally or pack it
Info: Baking map saved to internal image, save it externally or pack it
Info: Baking map saved to internal image, save it externally or pack it
Info: Baking map saved to internal image, save it externally or pack it
Info: Baking map saved to internal image, save it externally or pack it
Info: Baking map saved to internal image, save it externally or pack it
Info: Baking map saved to internal image, save it externally or pack it
Info: Baking map saved to internal image, save it externally or pack it
Info: Baking map saved to internal image, save it externally or pack it
Info: Baking map saved to internal image, save it externally or pack it
Info: Baking map saved to internal image, save it externally or pack it
Info: Baking map saved to internal image, save it externally or pack it
Info: Baking map saved to internal image, save it externally or pack it
Info: Baking map saved to internal image, save it externally or pack it
Info: Baking map saved to internal image, save it externally or pack it
Info: Baking map saved to internal image, save it externally or pack it
Info: Baking map saved to internal image, save it externally or pack it
Info: Baking map saved to internal image, save it externally or pack it
Info: Baking map saved to internal image, save it externally or pack it
Info: Baking map saved to internal image, save it externally or pack it
Info: Baking map saved to internal image, save it externally or pack it
Info: Baking map saved to internal image, save it externally or pack it
Info: Baking map saved to internal image, save it externally or pack it
Info: Baking map saved to internal image, save it externally or pack it
Info: Baking map saved to internal image, save it externally or pack it
Info: Baking map saved to internal image, save it externally or pack it
Info: Baking map saved to internal image, save it externally or pack it
Info: Baking map saved to internal image, save it externally or pack it
Info: Baking map saved to internal image, save it externally or pack it
Info: Baking map saved to internal image, save it externally or pack it
Info: Baking map saved to internal image, save it externally or pack it
Info: Baking map saved to internal image, save it externally or pack it
Info: Baking map saved to internal image, save it externally or pack it
Info: Baking map saved to internal image, save it externally or pack it
Info: Baking map saved to internal image, save it externally or pack it
Info: Baking map saved to internal image, save it externally or pack it
Info: Baking map saved to internal image, save it externally or pack it
Info: Baking map saved to internal image, save it externally or pack it
Info: Baking map saved to internal image, save it externally or pack it
Info: Baking map saved to internal image, save it externally or pack it
Info: Baking map saved to internal image, save it externally or pack it
Info: Baking map saved to internal image, save it externally or pack it
Info: Baking map saved to internal image, save it externally or pack it
Info: Baking map saved to internal image, save it externally or pack it
Info: Baking map saved to internal image, save it externally or pack it
Info: Baking map saved to internal image, save it externally or pack it
Info: Baking map saved to internal image, save it externally or pack it
Info: Baking map saved to internal image, save it externally or pack it
Info: Baking map saved to internal image, save it externally or pack it
Info: Baking map saved to internal image, save it externally or pack it
Info: Baking map saved to internal image, save it externally or pack it
Info: Baking map saved to internal image, save it externally or pack it
Info: Baking map saved to internal image, save it externally or pack it
Info: Baking map saved to internal image, save it externally or pack it
Info: Baking map saved to internal image, save it externally or pack it
Info: Baking map saved to internal image, save it externally or pack it
Info: Baking map saved to internal image, save it externally or pack it
Info: Baking map saved to internal image, save it externally or pack it
Info: Baking map saved to internal image, save it externally or pack it
Info: Baking map saved to internal image, save it externally or pack it
Info: Baking map saved to internal image, save it externally or pack it
Info: Baking map saved to internal image, save it externally or pack it
Info: Baking map saved to internal image, save it externally or pack it
Info: Baking map saved to internal image, save it externally or pack it
Info: Baking map saved to internal image, save it externally or pack it
Info: Baking map saved to internal image, save it externally or pack it
Info: Baking map saved to internal image, save it externally or pack it
Info: Baking map saved to internal image, save it externally or pack it
Info: Baking map saved to internal image, save it externally or pack it
Info: Baking map saved to internal image, save it externally or pack it
Info: Baking map saved to internal image, save it externally or pack it
Info: Baking map saved to internal image, save it externally or pack it
Info: Baking map saved to internal image, save it externally or pack it
Info: Baking map saved to internal image, save it externally or pack it
Info: Baking map saved to internal image, save it externally or pack it
Info: Baking map saved to internal image, save it externally or pack it
Info: Baking map saved to internal image, save it externally or pack it
Info: Baking map saved to internal image, save it externally or pack it
Info: Baking map saved to internal image, save it externally or pack it
Info: Baking map saved to internal image, save it externally or pack it
Info: Baking map saved to internal image, save it externally or pack it
Info: Baking map saved to internal image, save it externally or pack it
Info: Baking map saved to internal image, save it externally or pack it
Info: Baking map saved to internal image, save it externally or pack it
Info: Baking map saved to internal image, save it externally or pack it
Info: Baking map saved to internal image, save it externally or pack it
Info: Baking map saved to internal image, save it externally or pack it
Info: Baking map saved to internal image, save it externally or pack it
Info: Baking map saved to internal image, save it externally or pack it
Info: Baking map saved to internal image, save it externally or pack it
Info: Baking map saved to internal image, save it externally or pack it
Info: Baking map saved to internal image, save it externally or pack it
Info: Baking map saved to internal image, save it externally or pack it
Info: Baking map saved to internal image, save it externally or pack it
Fra:1 Mem:32.59M (Peak 41.77M) | Time:495255:13:20.04 | Mem:0.00M, Peak:0.00M | Scene | Synchronizing object | table_1_chair_3_leg_0.19_0.17
Fra:1 Mem:32.59M (Peak 41.77M) | Time:495255:13:20.04 | Mem:0.00M, Peak:0.00M | Scene | Initializing
Fra:1 Mem:32.59M (Peak 41.77M) | Time:495255:13:20.04 | Mem:0.00M, Peak:0.00M | Scene | Updating Images | Loading table_1_chair_3_leg_0.19_0.17_DIFFUSE
Fra:1 Mem:32.61M (Peak 41.80M) | Time:495255:13:20.06 | Mem:0.00M, Peak:0.00M | Scene | Synchronizing object | table_1_chair_3_leg_0.19_0.17
Fra:1 Mem:32.62M (Peak 41.80M) | Time:495255:13:20.06 | Mem:0.00M, Peak:0.00M | Scene | Initializing
Fra:1 Mem:32.61M (Peak 41.80M) | Time:495255:13:20.06 | Mem:0.00M, Peak:0.00M | Scene | Updating Images | Loading table_1_chair_3_leg_0.19_0.17_ROUGHNESS
Fra:1 Mem:32.64M (Peak 41.80M) | Time:495255:13:20.07 | Mem:0.00M, Peak:0.00M | Scene | Synchronizing object | table_1_chair_3_leg_0.19_0.17
Fra:1 Mem:32.64M (Peak 41.80M) | Time:495255:13:20.07 | Mem:0.00M, Peak:0.00M | Scene | Initializing
Fra:1 Mem:32.63M (Peak 41.80M) | Time:495255:13:20.07 | Mem:0.00M, Peak:0.00M | Scene | Updating Images | Loading table_1_chair_3_leg_0.19_0.17_NORMAL
Fra:1 Mem:32.65M (Peak 41.85M) | Time:495255:13:20.08 | Mem:0.00M, Peak:0.00M | Scene | Synchronizing object | table_1_chair_3_seat
Fra:1 Mem:32.66M (Peak 41.85M) | Time:495255:13:20.08 | Mem:0.00M, Peak:0.00M | Scene | Initializing
Fra:1 Mem:32.66M (Peak 41.85M) | Time:495255:13:20.08 | Mem:0.00M, Peak:0.00M | Scene | Updating Images | Loading table_1_chair_3_seat_DIFFUSE
Fra:1 Mem:32.67M (Peak 41.88M) | Time:495255:13:20.09 | Mem:0.00M, Peak:0.00M | Scene | Synchronizing object | table_1_chair_3_seat
Fra:1 Mem:32.69M (Peak 41.88M) | Time:495255:13:20.09 | Mem:0.00M, Peak:0.00M | Scene | Initializing
Fra:1 Mem:32.68M (Peak 41.88M) | Time:495255:13:20.09 | Mem:0.00M, Peak:0.00M | Scene | Updating Images | Loading table_1_chair_3_seat_ROUGHNESS
Fra:1 Mem:32.69M (Peak 41.88M) | Time:495255:13:20.11 | Mem:0.00M, Peak:0.00M | Scene | Synchronizing object | table_1_chair_3_seat
Fra:1 Mem:32.71M (Peak 41.88M) | Time:495255:13:20.11 | Mem:0.00M, Peak:0.00M | Scene | Initializing
Fra:1 Mem:32.70M (Peak 41.88M) | Time:495255:13:20.11 | Mem:0.00M, Peak:0.00M | Scene | Updating Images | Loading table_1_chair_3_seat_NORMAL
Fra:1 Mem:32.71M (Peak 41.93M) | Time:495255:13:20.12 | Mem:0.00M, Peak:0.00M | Scene | Synchronizing object | table_1_gray_green_tray
Fra:1 Mem:32.71M (Peak 41.93M) | Time:495255:13:20.12 | Mem:0.00M, Peak:0.00M | Scene | Initializing
Fra:1 Mem:32.70M (Peak 41.93M) | Time:495255:13:20.12 | Mem:0.00M, Peak:0.00M | Scene | Updating Images | Loading table_1_gray_green_tray_DIFFUSE
Fra:1 Mem:32.73M (Peak 41.93M) | Time:495255:13:20.13 | Mem:0.00M, Peak:0.00M | Scene | Synchronizing object | table_1_gray_green_tray
Fra:1 Mem:32.73M (Peak 41.93M) | Time:495255:13:20.13 | Mem:0.00M, Peak:0.00M | Scene | Initializing
Fra:1 Mem:32.73M (Peak 41.93M) | Time:495255:13:20.13 | Mem:0.00M, Peak:0.00M | Scene | Updating Images | Loading table_1_gray_green_tray_ROUGHNESS
Fra:1 Mem:32.75M (Peak 41.93M) | Time:495255:13:20.15 | Mem:0.00M, Peak:0.00M | Scene | Synchronizing object | table_1_gray_green_tray
Fra:1 Mem:32.75M (Peak 41.93M) | Time:495255:13:20.15 | Mem:0.00M, Peak:0.00M | Scene | Initializing
Fra:1 Mem:32.75M (Peak 41.93M) | Time:495255:13:20.15 | Mem:0.00M, Peak:0.00M | Scene | Updating Images | Loading table_1_gray_green_tray_NORMAL
Fra:1 Mem:32.77M (Peak 41.96M) | Time:495255:13:20.16 | Mem:0.00M, Peak:0.00M | Scene | Synchronizing object | table_1_paper_cup
Fra:1 Mem:32.78M (Peak 41.96M) | Time:495255:13:20.16 | Mem:0.00M, Peak:0.00M | Scene | Initializing
Fra:1 Mem:32.77M (Peak 41.96M) | Time:495255:13:20.16 | Mem:0.00M, Peak:0.00M | Scene | Updating Images | Loading table_1_paper_cup_DIFFUSE
Fra:1 Mem:32.80M (Peak 41.99M) | Time:495255:13:20.17 | Mem:0.00M, Peak:0.00M | Scene | Synchronizing object | table_1_paper_cup
Fra:1 Mem:32.80M (Peak 41.99M) | Time:495255:13:20.17 | Mem:0.00M, Peak:0.00M | Scene | Initializing
Fra:1 Mem:32.79M (Peak 41.99M) | Time:495255:13:20.17 | Mem:0.00M, Peak:0.00M | Scene | Updating Images | Loading table_1_paper_cup_ROUGHNESS
Fra:1 Mem:32.82M (Peak 41.99M) | Time:495255:13:20.19 | Mem:0.00M, Peak:0.00M | Scene | Synchronizing object | table_1_paper_cup
Fra:1 Mem:32.82M (Peak 41.99M) | Time:495255:13:20.19 | Mem:0.00M, Peak:0.00M | Scene | Initializing
Fra:1 Mem:32.82M (Peak 41.99M) | Time:495255:13:20.19 | Mem:0.00M, Peak:0.00M | Scene | Updating Images | Loading table_1_paper_cup_NORMAL
Fra:1 Mem:32.83M (Peak 42.03M) | Time:495255:13:20.20 | Mem:0.00M, Peak:0.00M | Scene | Synchronizing object | table_1_round_table_base
Fra:1 Mem:32.84M (Peak 42.03M) | Time:495255:13:20.20 | Mem:0.00M, Peak:0.00M | Scene | Initializing
Fra:1 Mem:32.84M (Peak 42.03M) | Time:495255:13:20.20 | Mem:0.00M, Peak:0.00M | Scene | Updating Images | Loading table_1_round_table_base_METAL
Fra:1 Mem:32.87M (Peak 42.05M) | Time:495255:13:20.21 | Mem:0.00M, Peak:0.00M | Scene | Synchronizing object | table_1_round_table_base
Fra:1 Mem:32.87M (Peak 42.05M) | Time:495255:13:20.21 | Mem:0.00M, Peak:0.00M | Scene | Initializing
Fra:1 Mem:32.87M (Peak 42.05M) | Time:495255:13:20.21 | Mem:0.00M, Peak:0.00M | Scene | Updating Images | Loading table_1_round_table_base_DIFFUSE
Fra:1 Mem:32.89M (Peak 42.09M) | Time:495255:13:20.23 | Mem:0.00M, Peak:0.00M | Scene | Synchronizing object | table_1_round_table_base
Fra:1 Mem:32.89M (Peak 42.09M) | Time:495255:13:20.23 | Mem:0.00M, Peak:0.00M | Scene | Initializing
Fra:1 Mem:32.89M (Peak 42.09M) | Time:495255:13:20.23 | Mem:0.00M, Peak:0.00M | Scene | Updating Images | Loading table_1_round_table_base_ROUGHNESS
Fra:1 Mem:32.91M (Peak 42.09M) | Time:495255:13:20.24 | Mem:0.00M, Peak:0.00M | Scene | Synchronizing object | table_1_round_table_base
Fra:1 Mem:32.92M (Peak 42.09M) | Time:495255:13:20.24 | Mem:0.00M, Peak:0.00M | Scene | Initializing
Fra:1 Mem:32.91M (Peak 42.09M) | Time:495255:13:20.24 | Mem:0.00M, Peak:0.00M | Scene | Updating Images | Loading table_1_round_table_base_NORMAL
Fra:1 Mem:32.93M (Peak 42.13M) | Time:495255:13:20.25 | Mem:0.00M, Peak:0.00M | Scene | Synchronizing object | table_1_square_tabletop
Fra:1 Mem:32.94M (Peak 42.13M) | Time:495255:13:20.25 | Mem:0.00M, Peak:0.00M | Scene | Initializing
Fra:1 Mem:32.94M (Peak 42.13M) | Time:495255:13:20.25 | Mem:0.00M, Peak:0.00M | Scene | Updating Images | Loading table_1_square_tabletop_DIFFUSE
Fra:1 Mem:32.95M (Peak 42.16M) | Time:495255:13:20.27 | Mem:0.00M, Peak:0.00M | Scene | Synchronizing object | table_1_square_tabletop
Fra:1 Mem:32.96M (Peak 42.16M) | Time:495255:13:20.27 | Mem:0.00M, Peak:0.00M | Scene | Initializing
Fra:1 Mem:32.96M (Peak 42.16M) | Time:495255:13:20.27 | Mem:0.00M, Peak:0.00M | Scene | Updating Images | Loading table_1_square_tabletop_ROUGHNESS
Fra:1 Mem:32.97M (Peak 42.16M) | Time:495255:13:20.28 | Mem:0.00M, Peak:0.00M | Scene | Synchronizing object | table_1_square_tabletop
Fra:1 Mem:32.98M (Peak 42.16M) | Time:495255:13:20.28 | Mem:0.00M, Peak:0.00M | Scene | Initializing
Fra:1 Mem:32.98M (Peak 42.16M) | Time:495255:13:20.28 | Mem:0.00M, Peak:0.00M | Scene | Updating Images | Loading table_1_square_tabletop_NORMAL
Fra:1 Mem:32.98M (Peak 42.20M) | Time:495255:13:20.29 | Mem:0.00M, Peak:0.00M | Scene | Synchronizing object | table_2_central_pedestal
Fra:1 Mem:32.98M (Peak 42.20M) | Time:495255:13:20.29 | Mem:0.00M, Peak:0.00M | Scene | Initializing
Fra:1 Mem:32.98M (Peak 42.20M) | Time:495255:13:20.29 | Mem:0.00M, Peak:0.00M | Scene | Updating Images | Loading table_2_central_pedestal_METAL
Fra:1 Mem:33.01M (Peak 42.20M) | Time:495255:13:20.31 | Mem:0.00M, Peak:0.00M | Scene | Synchronizing object | table_2_central_pedestal
Fra:1 Mem:33.01M (Peak 42.20M) | Time:495255:13:20.31 | Mem:0.00M, Peak:0.00M | Scene | Initializing
Fra:1 Mem:33.01M (Peak 42.20M) | Time:495255:13:20.31 | Mem:0.00M, Peak:0.00M | Scene | Updating Images | Loading table_2_central_pedestal_DIFFUSE
Fra:1 Mem:33.03M (Peak 42.22M) | Time:495255:13:20.33 | Mem:0.00M, Peak:0.00M | Scene | Synchronizing object | table_2_central_pedestal
Fra:1 Mem:33.03M (Peak 42.22M) | Time:495255:13:20.33 | Mem:0.00M, Peak:0.00M | Scene | Initializing
Fra:1 Mem:33.03M (Peak 42.22M) | Time:495255:13:20.33 | Mem:0.00M, Peak:0.00M | Scene | Updating Images | Loading table_2_central_pedestal_ROUGHNESS
Fra:1 Mem:33.05M (Peak 42.22M) | Time:495255:13:20.34 | Mem:0.00M, Peak:0.00M | Scene | Synchronizing object | table_2_central_pedestal
Fra:1 Mem:33.06M (Peak 42.22M) | Time:495255:13:20.34 | Mem:0.00M, Peak:0.00M | Scene | Initializing
Fra:1 Mem:33.05M (Peak 42.22M) | Time:495255:13:20.34 | Mem:0.00M, Peak:0.00M | Scene | Updating Images | Loading table_2_central_pedestal_NORMAL
Fra:1 Mem:33.07M (Peak 42.27M) | Time:495255:13:20.35 | Mem:0.00M, Peak:0.00M | Scene | Synchronizing object | table_2_chair_0_back
Fra:1 Mem:33.08M (Peak 42.27M) | Time:495255:13:20.35 | Mem:0.00M, Peak:0.00M | Scene | Initializing
Fra:1 Mem:33.08M (Peak 42.27M) | Time:495255:13:20.35 | Mem:0.00M, Peak:0.00M | Scene | Updating Images | Loading table_2_chair_0_back_DIFFUSE
Fra:1 Mem:33.09M (Peak 42.30M) | Time:495255:13:20.37 | Mem:0.00M, Peak:0.00M | Scene | Synchronizing object | table_2_chair_0_back
Fra:1 Mem:33.10M (Peak 42.30M) | Time:495255:13:20.37 | Mem:0.00M, Peak:0.00M | Scene | Initializing
Fra:1 Mem:33.10M (Peak 42.30M) | Time:495255:13:20.37 | Mem:0.00M, Peak:0.00M | Scene | Updating Images | Loading table_2_chair_0_back_ROUGHNESS
Fra:1 Mem:33.11M (Peak 42.30M) | Time:495255:13:20.38 | Mem:0.00M, Peak:0.00M | Scene | Synchronizing object | table_2_chair_0_back
Fra:1 Mem:33.12M (Peak 42.30M) | Time:495255:13:20.38 | Mem:0.00M, Peak:0.00M | Scene | Initializing
Fra:1 Mem:33.12M (Peak 42.30M) | Time:495255:13:20.38 | Mem:0.00M, Peak:0.00M | Scene | Updating Images | Loading table_2_chair_0_back_NORMAL
Fra:1 Mem:33.12M (Peak 42.35M) | Time:495255:13:20.39 | Mem:0.00M, Peak:0.00M | Scene | Synchronizing object | table_2_chair_0_leg_-0.19_-0.17
Fra:1 Mem:33.12M (Peak 42.35M) | Time:495255:13:20.39 | Mem:0.00M, Peak:0.00M | Scene | Initializing
Fra:1 Mem:33.11M (Peak 42.35M) | Time:495255:13:20.39 | Mem:0.00M, Peak:0.00M | Scene | Updating Images | Loading table_2_chair_0_leg_-0.19_-0.17_METAL
Fra:1 Mem:33.15M (Peak 42.35M) | Time:495255:13:20.41 | Mem:0.00M, Peak:0.00M | Scene | Synchronizing object | table_2_chair_0_leg_-0.19_-0.17
Fra:1 Mem:33.15M (Peak 42.35M) | Time:495255:13:20.41 | Mem:0.00M, Peak:0.00M | Scene | Initializing
Fra:1 Mem:33.15M (Peak 42.35M) | Time:495255:13:20.41 | Mem:0.00M, Peak:0.00M | Scene | Updating Images | Loading table_2_chair_0_leg_-0.19_-0.17_DIFFUSE
Fra:1 Mem:33.17M (Peak 42.36M) | Time:495255:13:20.42 | Mem:0.00M, Peak:0.00M | Scene | Synchronizing object | table_2_chair_0_leg_-0.19_-0.17
Fra:1 Mem:33.17M (Peak 42.36M) | Time:495255:13:20.42 | Mem:0.00M, Peak:0.00M | Scene | Initializing
Fra:1 Mem:33.17M (Peak 42.36M) | Time:495255:13:20.42 | Mem:0.00M, Peak:0.00M | Scene | Updating Images | Loading table_2_chair_0_leg_-0.19_-0.17_ROUGHNESS
Fra:1 Mem:33.19M (Peak 42.36M) | Time:495255:13:20.43 | Mem:0.00M, Peak:0.00M | Scene | Synchronizing object | table_2_chair_0_leg_-0.19_-0.17
Fra:1 Mem:33.19M (Peak 42.36M) | Time:495255:13:20.43 | Mem:0.00M, Peak:0.00M | Scene | Initializing
Fra:1 Mem:33.19M (Peak 42.36M) | Time:495255:13:20.43 | Mem:0.00M, Peak:0.00M | Scene | Updating Images | Loading table_2_chair_0_leg_-0.19_-0.17_NORMAL
Fra:1 Mem:33.19M (Peak 42.40M) | Time:495255:13:20.44 | Mem:0.00M, Peak:0.00M | Scene | Synchronizing object | table_2_chair_0_leg_-0.19_0.17
Fra:1 Mem:33.19M (Peak 42.40M) | Time:495255:13:20.44 | Mem:0.00M, Peak:0.00M | Scene | Initializing
Fra:1 Mem:33.19M (Peak 42.40M) | Time:495255:13:20.44 | Mem:0.00M, Peak:0.00M | Scene | Updating Images | Loading table_2_chair_0_leg_-0.19_0.17_METAL
Fra:1 Mem:33.22M (Peak 42.40M) | Time:495255:13:20.45 | Mem:0.00M, Peak:0.00M | Scene | Synchronizing object | table_2_chair_0_leg_-0.19_0.17
Fra:1 Mem:33.22M (Peak 42.40M) | Time:495255:13:20.45 | Mem:0.00M, Peak:0.00M | Scene | Initializing
Fra:1 Mem:33.22M (Peak 42.40M) | Time:495255:13:20.45 | Mem:0.00M, Peak:0.00M | Scene | Updating Images | Loading table_2_chair_0_leg_-0.19_0.17_DIFFUSE
Fra:1 Mem:33.24M (Peak 42.43M) | Time:495255:13:20.47 | Mem:0.00M, Peak:0.00M | Scene | Synchronizing object | table_2_chair_0_leg_-0.19_0.17
Fra:1 Mem:33.24M (Peak 42.43M) | Time:495255:13:20.47 | Mem:0.00M, Peak:0.00M | Scene | Initializing
Fra:1 Mem:33.24M (Peak 42.43M) | Time:495255:13:20.47 | Mem:0.00M, Peak:0.00M | Scene | Updating Images | Loading table_2_chair_0_leg_-0.19_0.17_ROUGHNESS
Fra:1 Mem:33.26M (Peak 42.43M) | Time:495255:13:20.48 | Mem:0.00M, Peak:0.00M | Scene | Synchronizing object | table_2_chair_0_leg_-0.19_0.17
Fra:1 Mem:33.27M (Peak 42.43M) | Time:495255:13:20.48 | Mem:0.00M, Peak:0.00M | Scene | Initializing
Fra:1 Mem:33.26M (Peak 42.43M) | Time:495255:13:20.48 | Mem:0.00M, Peak:0.00M | Scene | Updating Images | Loading table_2_chair_0_leg_-0.19_0.17_NORMAL
Fra:1 Mem:33.26M (Peak 42.48M) | Time:495255:13:20.49 | Mem:0.00M, Peak:0.00M | Scene | Synchronizing object | table_2_chair_0_leg_0.19_-0.17
Fra:1 Mem:33.27M (Peak 42.48M) | Time:495255:13:20.49 | Mem:0.00M, Peak:0.00M | Scene | Initializing
Fra:1 Mem:33.26M (Peak 42.48M) | Time:495255:13:20.49 | Mem:0.00M, Peak:0.00M | Scene | Updating Images | Loading table_2_chair_0_leg_0.19_-0.17_METAL
Fra:1 Mem:33.29M (Peak 42.48M) | Time:495255:13:20.50 | Mem:0.00M, Peak:0.00M | Scene | Synchronizing object | table_2_chair_0_leg_0.19_-0.17
Fra:1 Mem:33.30M (Peak 42.48M) | Time:495255:13:20.50 | Mem:0.00M, Peak:0.00M | Scene | Initializing
Fra:1 Mem:33.29M (Peak 42.48M) | Time:495255:13:20.50 | Mem:0.00M, Peak:0.00M | Scene | Updating Images | Loading table_2_chair_0_leg_0.19_-0.17_DIFFUSE
Fra:1 Mem:33.32M (Peak 42.51M) | Time:495255:13:20.51 | Mem:0.00M, Peak:0.00M | Scene | Synchronizing object | table_2_chair_0_leg_0.19_-0.17
Fra:1 Mem:33.32M (Peak 42.51M) | Time:495255:13:20.51 | Mem:0.00M, Peak:0.00M | Scene | Initializing
Fra:1 Mem:33.31M (Peak 42.51M) | Time:495255:13:20.51 | Mem:0.00M, Peak:0.00M | Scene | Updating Images | Loading table_2_chair_0_leg_0.19_-0.17_ROUGHNESS
Fra:1 Mem:33.34M (Peak 42.51M) | Time:495255:13:20.52 | Mem:0.00M, Peak:0.00M | Scene | Synchronizing object | table_2_chair_0_leg_0.19_-0.17
Fra:1 Mem:33.34M (Peak 42.51M) | Time:495255:13:20.52 | Mem:0.00M, Peak:0.00M | Scene | Initializing
Fra:1 Mem:33.34M (Peak 42.51M) | Time:495255:13:20.52 | Mem:0.00M, Peak:0.00M | Scene | Updating Images | Loading table_2_chair_0_leg_0.19_-0.17_NORMAL
Fra:1 Mem:33.34M (Peak 42.55M) | Time:495255:13:20.54 | Mem:0.00M, Peak:0.00M | Scene | Synchronizing object | table_2_chair_0_leg_0.19_0.17
Fra:1 Mem:33.34M (Peak 42.55M) | Time:495255:13:20.54 | Mem:0.00M, Peak:0.00M | Scene | Initializing
Fra:1 Mem:33.33M (Peak 42.55M) | Time:495255:13:20.54 | Mem:0.00M, Peak:0.00M | Scene | Updating Images | Loading table_2_chair_0_leg_0.19_0.17_METAL
Fra:1 Mem:33.37M (Peak 42.55M) | Time:495255:13:20.55 | Mem:0.00M, Peak:0.00M | Scene | Synchronizing object | table_2_chair_0_leg_0.19_0.17
Fra:1 Mem:33.37M (Peak 42.55M) | Time:495255:13:20.55 | Mem:0.00M, Peak:0.00M | Scene | Initializing
Fra:1 Mem:33.37M (Peak 42.55M) | Time:495255:13:20.55 | Mem:0.00M, Peak:0.00M | Scene | Updating Images | Loading table_2_chair_0_leg_0.19_0.17_DIFFUSE
Fra:1 Mem:33.39M (Peak 42.58M) | Time:495255:13:20.56 | Mem:0.00M, Peak:0.00M | Scene | Synchronizing object | table_2_chair_0_leg_0.19_0.17
Fra:1 Mem:33.39M (Peak 42.58M) | Time:495255:13:20.56 | Mem:0.00M, Peak:0.00M | Scene | Initializing
Fra:1 Mem:33.39M (Peak 42.58M) | Time:495255:13:20.56 | Mem:0.00M, Peak:0.00M | Scene | Updating Images | Loading table_2_chair_0_leg_0.19_0.17_ROUGHNESS
Fra:1 Mem:33.41M (Peak 42.58M) | Time:495255:13:20.57 | Mem:0.00M, Peak:0.00M | Scene | Synchronizing object | table_2_chair_0_leg_0.19_0.17
Fra:1 Mem:33.41M (Peak 42.58M) | Time:495255:13:20.57 | Mem:0.00M, Peak:0.00M | Scene | Initializing
Fra:1 Mem:33.41M (Peak 42.58M) | Time:495255:13:20.57 | Mem:0.00M, Peak:0.00M | Scene | Updating Images | Loading table_2_chair_0_leg_0.19_0.17_NORMAL
Fra:1 Mem:33.43M (Peak 42.62M) | Time:495255:13:20.58 | Mem:0.00M, Peak:0.00M | Scene | Synchronizing object | table_2_chair_0_seat
Fra:1 Mem:33.44M (Peak 42.62M) | Time:495255:13:20.58 | Mem:0.00M, Peak:0.00M | Scene | Initializing
Fra:1 Mem:33.43M (Peak 42.62M) | Time:495255:13:20.58 | Mem:0.00M, Peak:0.00M | Scene | Updating Images | Loading table_2_chair_0_seat_DIFFUSE
Fra:1 Mem:33.45M (Peak 42.66M) | Time:495255:13:20.60 | Mem:0.00M, Peak:0.00M | Scene | Synchronizing object | table_2_chair_0_seat
Fra:1 Mem:33.46M (Peak 42.66M) | Time:495255:13:20.60 | Mem:0.00M, Peak:0.00M | Scene | Initializing
Fra:1 Mem:33.46M (Peak 42.66M) | Time:495255:13:20.60 | Mem:0.00M, Peak:0.00M | Scene | Updating Images | Loading table_2_chair_0_seat_ROUGHNESS
Fra:1 Mem:33.47M (Peak 42.66M) | Time:495255:13:20.61 | Mem:0.00M, Peak:0.00M | Scene | Synchronizing object | table_2_chair_0_seat
Fra:1 Mem:33.48M (Peak 42.66M) | Time:495255:13:20.61 | Mem:0.00M, Peak:0.00M | Scene | Initializing
Fra:1 Mem:33.48M (Peak 42.66M) | Time:495255:13:20.61 | Mem:0.00M, Peak:0.00M | Scene | Updating Images | Loading table_2_chair_0_seat_NORMAL
Fra:1 Mem:33.49M (Peak 42.70M) | Time:495255:13:20.62 | Mem:0.00M, Peak:0.00M | Scene | Synchronizing object | table_2_chair_1_back
Fra:1 Mem:33.50M (Peak 42.70M) | Time:495255:13:20.62 | Mem:0.00M, Peak:0.00M | Scene | Initializing
Fra:1 Mem:33.50M (Peak 42.70M) | Time:495255:13:20.62 | Mem:0.00M, Peak:0.00M | Scene | Updating Images | Loading table_2_chair_1_back_DIFFUSE
Fra:1 Mem:33.51M (Peak 42.72M) | Time:495255:13:20.64 | Mem:0.00M, Peak:0.00M | Scene | Synchronizing object | table_2_chair_1_back
Fra:1 Mem:33.52M (Peak 42.72M) | Time:495255:13:20.64 | Mem:0.00M, Peak:0.00M | Scene | Initializing
Fra:1 Mem:33.52M (Peak 42.72M) | Time:495255:13:20.64 | Mem:0.00M, Peak:0.00M | Scene | Updating Images | Loading table_2_chair_1_back_ROUGHNESS
Fra:1 Mem:33.53M (Peak 42.72M) | Time:495255:13:20.65 | Mem:0.00M, Peak:0.00M | Scene | Synchronizing object | table_2_chair_1_back
Fra:1 Mem:33.55M (Peak 42.72M) | Time:495255:13:20.65 | Mem:0.00M, Peak:0.00M | Scene | Initializing
Fra:1 Mem:33.54M (Peak 42.72M) | Time:495255:13:20.65 | Mem:0.00M, Peak:0.00M | Scene | Updating Images | Loading table_2_chair_1_back_NORMAL
Fra:1 Mem:33.54M (Peak 42.77M) | Time:495255:13:20.67 | Mem:0.00M, Peak:0.00M | Scene | Synchronizing object | table_2_chair_1_leg_-0.19_-0.17
Fra:1 Mem:33.54M (Peak 42.77M) | Time:495255:13:20.67 | Mem:0.00M, Peak:0.00M | Scene | Initializing
Fra:1 Mem:33.54M (Peak 42.77M) | Time:495255:13:20.67 | Mem:0.00M, Peak:0.00M | Scene | Updating Images | Loading table_2_chair_1_leg_-0.19_-0.17_METAL
Fra:1 Mem:33.57M (Peak 42.77M) | Time:495255:13:20.68 | Mem:0.00M, Peak:0.00M | Scene | Synchronizing object | table_2_chair_1_leg_-0.19_-0.17
Fra:1 Mem:33.57M (Peak 42.77M) | Time:495255:13:20.68 | Mem:0.00M, Peak:0.00M | Scene | Initializing
Fra:1 Mem:33.57M (Peak 42.77M) | Time:495255:13:20.68 | Mem:0.00M, Peak:0.00M | Scene | Updating Images | Loading table_2_chair_1_leg_-0.19_-0.17_DIFFUSE
Fra:1 Mem:33.59M (Peak 42.78M) | Time:495255:13:20.69 | Mem:0.00M, Peak:0.00M | Scene | Synchronizing object | table_2_chair_1_leg_-0.19_-0.17
Fra:1 Mem:33.59M (Peak 42.78M) | Time:495255:13:20.69 | Mem:0.00M, Peak:0.00M | Scene | Initializing
Fra:1 Mem:33.59M (Peak 42.78M) | Time:495255:13:20.69 | Mem:0.00M, Peak:0.00M | Scene | Updating Images | Loading table_2_chair_1_leg_-0.19_-0.17_ROUGHNESS
Fra:1 Mem:33.61M (Peak 42.78M) | Time:495255:13:20.70 | Mem:0.00M, Peak:0.00M | Scene | Synchronizing object | table_2_chair_1_leg_-0.19_-0.17
Fra:1 Mem:33.62M (Peak 42.78M) | Time:495255:13:20.70 | Mem:0.00M, Peak:0.00M | Scene | Initializing
Fra:1 Mem:33.61M (Peak 42.78M) | Time:495255:13:20.70 | Mem:0.00M, Peak:0.00M | Scene | Updating Images | Loading table_2_chair_1_leg_-0.19_-0.17_NORMAL
Fra:1 Mem:33.61M (Peak 42.83M) | Time:495255:13:20.71 | Mem:0.00M, Peak:0.00M | Scene | Synchronizing object | table_2_chair_1_leg_-0.19_0.17
Fra:1 Mem:33.61M (Peak 42.83M) | Time:495255:13:20.71 | Mem:0.00M, Peak:0.00M | Scene | Initializing
Fra:1 Mem:33.61M (Peak 42.83M) | Time:495255:13:20.71 | Mem:0.00M, Peak:0.00M | Scene | Updating Images | Loading table_2_chair_1_leg_-0.19_0.17_METAL
Fra:1 Mem:33.64M (Peak 42.83M) | Time:495255:13:20.72 | Mem:0.00M, Peak:0.00M | Scene | Synchronizing object | table_2_chair_1_leg_-0.19_0.17
Fra:1 Mem:33.65M (Peak 42.83M) | Time:495255:13:20.72 | Mem:0.00M, Peak:0.00M | Scene | Initializing
Fra:1 Mem:33.64M (Peak 42.83M) | Time:495255:13:20.72 | Mem:0.00M, Peak:0.00M | Scene | Updating Images | Loading table_2_chair_1_leg_-0.19_0.17_DIFFUSE
Fra:1 Mem:33.67M (Peak 42.86M) | Time:495255:13:20.74 | Mem:0.00M, Peak:0.00M | Scene | Synchronizing object | table_2_chair_1_leg_-0.19_0.17
Fra:1 Mem:33.67M (Peak 42.86M) | Time:495255:13:20.74 | Mem:0.00M, Peak:0.00M | Scene | Initializing
Fra:1 Mem:33.66M (Peak 42.86M) | Time:495255:13:20.74 | Mem:0.00M, Peak:0.00M | Scene | Updating Images | Loading table_2_chair_1_leg_-0.19_0.17_ROUGHNESS
Fra:1 Mem:33.69M (Peak 42.86M) | Time:495255:13:20.75 | Mem:0.00M, Peak:0.00M | Scene | Synchronizing object | table_2_chair_1_leg_-0.19_0.17
Fra:1 Mem:33.69M (Peak 42.86M) | Time:495255:13:20.75 | Mem:0.00M, Peak:0.00M | Scene | Initializing
Fra:1 Mem:33.69M (Peak 42.86M) | Time:495255:13:20.75 | Mem:0.00M, Peak:0.00M | Scene | Updating Images | Loading table_2_chair_1_leg_-0.19_0.17_NORMAL
Fra:1 Mem:33.68M (Peak 42.90M) | Time:495255:13:20.76 | Mem:0.00M, Peak:0.00M | Scene | Synchronizing object | table_2_chair_1_leg_0.19_-0.17
Fra:1 Mem:33.69M (Peak 42.90M) | Time:495255:13:20.76 | Mem:0.00M, Peak:0.00M | Scene | Initializing
Fra:1 Mem:33.68M (Peak 42.90M) | Time:495255:13:20.76 | Mem:0.00M, Peak:0.00M | Scene | Updating Images | Loading table_2_chair_1_leg_0.19_-0.17_METAL
Fra:1 Mem:33.72M (Peak 42.90M) | Time:495255:13:20.77 | Mem:0.00M, Peak:0.00M | Scene | Synchronizing object | table_2_chair_1_leg_0.19_-0.17
Fra:1 Mem:33.72M (Peak 42.90M) | Time:495255:13:20.77 | Mem:0.00M, Peak:0.00M | Scene | Initializing
Fra:1 Mem:33.71M (Peak 42.90M) | Time:495255:13:20.77 | Mem:0.00M, Peak:0.00M | Scene | Updating Images | Loading table_2_chair_1_leg_0.19_-0.17_DIFFUSE
Fra:1 Mem:33.74M (Peak 42.93M) | Time:495255:13:20.78 | Mem:0.00M, Peak:0.00M | Scene | Synchronizing object | table_2_chair_1_leg_0.19_-0.17
Fra:1 Mem:33.74M (Peak 42.93M) | Time:495255:13:20.78 | Mem:0.00M, Peak:0.00M | Scene | Initializing
Fra:1 Mem:33.74M (Peak 42.93M) | Time:495255:13:20.78 | Mem:0.00M, Peak:0.00M | Scene | Updating Images | Loading table_2_chair_1_leg_0.19_-0.17_ROUGHNESS
Fra:1 Mem:33.76M (Peak 42.93M) | Time:495255:13:20.79 | Mem:0.00M, Peak:0.00M | Scene | Synchronizing object | table_2_chair_1_leg_0.19_-0.17
Fra:1 Mem:33.76M (Peak 42.93M) | Time:495255:13:20.79 | Mem:0.00M, Peak:0.00M | Scene | Initializing
Fra:1 Mem:33.76M (Peak 42.93M) | Time:495255:13:20.79 | Mem:0.00M, Peak:0.00M | Scene | Updating Images | Loading table_2_chair_1_leg_0.19_-0.17_NORMAL
Fra:1 Mem:33.76M (Peak 42.97M) | Time:495255:13:20.81 | Mem:0.00M, Peak:0.00M | Scene | Synchronizing object | table_2_chair_1_leg_0.19_0.17
Fra:1 Mem:33.76M (Peak 42.97M) | Time:495255:13:20.81 | Mem:0.00M, Peak:0.00M | Scene | Initializing
Fra:1 Mem:33.76M (Peak 42.97M) | Time:495255:13:20.81 | Mem:0.00M, Peak:0.00M | Scene | Updating Images | Loading table_2_chair_1_leg_0.19_0.17_METAL
Fra:1 Mem:33.79M (Peak 42.97M) | Time:495255:13:20.82 | Mem:0.00M, Peak:0.00M | Scene | Synchronizing object | table_2_chair_1_leg_0.19_0.17
Fra:1 Mem:33.79M (Peak 42.97M) | Time:495255:13:20.82 | Mem:0.00M, Peak:0.00M | Scene | Initializing
Fra:1 Mem:33.79M (Peak 42.97M) | Time:495255:13:20.82 | Mem:0.00M, Peak:0.00M | Scene | Updating Images | Loading table_2_chair_1_leg_0.19_0.17_DIFFUSE
Fra:1 Mem:33.81M (Peak 43.00M) | Time:495255:13:20.83 | Mem:0.00M, Peak:0.00M | Scene | Synchronizing object | table_2_chair_1_leg_0.19_0.17
Fra:1 Mem:33.81M (Peak 43.00M) | Time:495255:13:20.83 | Mem:0.00M, Peak:0.00M | Scene | Initializing
Fra:1 Mem:33.81M (Peak 43.00M) | Time:495255:13:20.83 | Mem:0.00M, Peak:0.00M | Scene | Updating Images | Loading table_2_chair_1_leg_0.19_0.17_ROUGHNESS
Fra:1 Mem:33.83M (Peak 43.00M) | Time:495255:13:20.84 | Mem:0.00M, Peak:0.00M | Scene | Synchronizing object | table_2_chair_1_leg_0.19_0.17
Fra:1 Mem:33.84M (Peak 43.00M) | Time:495255:13:20.84 | Mem:0.00M, Peak:0.00M | Scene | Initializing
Fra:1 Mem:33.83M (Peak 43.00M) | Time:495255:13:20.84 | Mem:0.00M, Peak:0.00M | Scene | Updating Images | Loading table_2_chair_1_leg_0.19_0.17_NORMAL
Fra:1 Mem:33.85M (Peak 43.05M) | Time:495255:13:20.86 | Mem:0.00M, Peak:0.00M | Scene | Synchronizing object | table_2_chair_1_seat
Fra:1 Mem:33.86M (Peak 43.05M) | Time:495255:13:20.86 | Mem:0.00M, Peak:0.00M | Scene | Initializing
Fra:1 Mem:33.86M (Peak 43.05M) | Time:495255:13:20.86 | Mem:0.00M, Peak:0.00M | Scene | Updating Images | Loading table_2_chair_1_seat_DIFFUSE
Fra:1 Mem:33.87M (Peak 43.08M) | Time:495255:13:20.87 | Mem:0.00M, Peak:0.00M | Scene | Synchronizing object | table_2_chair_1_seat
Fra:1 Mem:33.88M (Peak 43.08M) | Time:495255:13:20.87 | Mem:0.00M, Peak:0.00M | Scene | Initializing
Fra:1 Mem:33.88M (Peak 43.08M) | Time:495255:13:20.87 | Mem:0.00M, Peak:0.00M | Scene | Updating Images | Loading table_2_chair_1_seat_ROUGHNESS
Fra:1 Mem:33.89M (Peak 43.08M) | Time:495255:13:20.88 | Mem:0.00M, Peak:0.00M | Scene | Synchronizing object | table_2_chair_1_seat
Fra:1 Mem:33.90M (Peak 43.08M) | Time:495255:13:20.88 | Mem:0.00M, Peak:0.00M | Scene | Initializing
Fra:1 Mem:33.90M (Peak 43.08M) | Time:495255:13:20.88 | Mem:0.00M, Peak:0.00M | Scene | Updating Images | Loading table_2_chair_1_seat_NORMAL
Fra:1 Mem:33.91M (Peak 43.13M) | Time:495255:13:20.90 | Mem:0.00M, Peak:0.00M | Scene | Synchronizing object | table_2_chair_2_back
Fra:1 Mem:33.93M (Peak 43.13M) | Time:495255:13:20.90 | Mem:0.00M, Peak:0.00M | Scene | Initializing
Fra:1 Mem:33.92M (Peak 43.13M) | Time:495255:13:20.90 | Mem:0.00M, Peak:0.00M | Scene | Updating Images | Loading table_2_chair_2_back_DIFFUSE
Fra:1 Mem:33.94M (Peak 43.15M) | Time:495255:13:20.91 | Mem:0.00M, Peak:0.00M | Scene | Synchronizing object | table_2_chair_2_back
Fra:1 Mem:33.95M (Peak 43.15M) | Time:495255:13:20.91 | Mem:0.00M, Peak:0.00M | Scene | Initializing
Fra:1 Mem:33.94M (Peak 43.15M) | Time:495255:13:20.91 | Mem:0.00M, Peak:0.00M | Scene | Updating Images | Loading table_2_chair_2_back_ROUGHNESS
Fra:1 Mem:33.96M (Peak 43.15M) | Time:495255:13:20.93 | Mem:0.00M, Peak:0.00M | Scene | Synchronizing object | table_2_chair_2_back
Fra:1 Mem:33.97M (Peak 43.15M) | Time:495255:13:20.93 | Mem:0.00M, Peak:0.00M | Scene | Initializing
Fra:1 Mem:33.97M (Peak 43.15M) | Time:495255:13:20.93 | Mem:0.00M, Peak:0.00M | Scene | Updating Images | Loading table_2_chair_2_back_NORMAL
Fra:1 Mem:33.96M (Peak 43.19M) | Time:495255:13:20.94 | Mem:0.00M, Peak:0.00M | Scene | Synchronizing object | table_2_chair_2_leg_-0.19_-0.17
Fra:1 Mem:33.96M (Peak 43.19M) | Time:495255:13:20.94 | Mem:0.00M, Peak:0.00M | Scene | Initializing
Fra:1 Mem:33.96M (Peak 43.19M) | Time:495255:13:20.94 | Mem:0.00M, Peak:0.00M | Scene | Updating Images | Loading table_2_chair_2_leg_-0.19_-0.17_METAL
Fra:1 Mem:33.99M (Peak 43.19M) | Time:495255:13:20.95 | Mem:0.00M, Peak:0.00M | Scene | Synchronizing object | table_2_chair_2_leg_-0.19_-0.17
Fra:1 Mem:34.00M (Peak 43.19M) | Time:495255:13:20.95 | Mem:0.00M, Peak:0.00M | Scene | Initializing
Fra:1 Mem:33.99M (Peak 43.19M) | Time:495255:13:20.95 | Mem:0.00M, Peak:0.00M | Scene | Updating Images | Loading table_2_chair_2_leg_-0.19_-0.17_DIFFUSE
Fra:1 Mem:34.02M (Peak 43.20M) | Time:495255:13:20.96 | Mem:0.00M, Peak:0.00M | Scene | Synchronizing object | table_2_chair_2_leg_-0.19_-0.17
Fra:1 Mem:34.02M (Peak 43.20M) | Time:495255:13:20.96 | Mem:0.00M, Peak:0.00M | Scene | Initializing
Fra:1 Mem:34.01M (Peak 43.20M) | Time:495255:13:20.96 | Mem:0.00M, Peak:0.00M | Scene | Updating Images | Loading table_2_chair_2_leg_-0.19_-0.17_ROUGHNESS
Fra:1 Mem:34.04M (Peak 43.20M) | Time:495255:13:20.97 | Mem:0.00M, Peak:0.00M | Scene | Synchronizing object | table_2_chair_2_leg_-0.19_-0.17
Fra:1 Mem:34.04M (Peak 43.20M) | Time:495255:13:20.98 | Mem:0.00M, Peak:0.00M | Scene | Initializing
Fra:1 Mem:34.03M (Peak 43.20M) | Time:495255:13:20.98 | Mem:0.00M, Peak:0.00M | Scene | Updating Images | Loading table_2_chair_2_leg_-0.19_-0.17_NORMAL
Fra:1 Mem:34.03M (Peak 43.25M) | Time:495255:13:20.99 | Mem:0.00M, Peak:0.00M | Scene | Synchronizing object | table_2_chair_2_leg_-0.19_0.17
Fra:1 Mem:34.04M (Peak 43.25M) | Time:495255:13:20.99 | Mem:0.00M, Peak:0.00M | Scene | Initializing
Fra:1 Mem:34.03M (Peak 43.25M) | Time:495255:13:20.99 | Mem:0.00M, Peak:0.00M | Scene | Updating Images | Loading table_2_chair_2_leg_-0.19_0.17_METAL
Fra:1 Mem:34.07M (Peak 43.25M) | Time:495255:13:21.00 | Mem:0.00M, Peak:0.00M | Scene | Synchronizing object | table_2_chair_2_leg_-0.19_0.17
Fra:1 Mem:34.07M (Peak 43.25M) | Time:495255:13:21.00 | Mem:0.00M, Peak:0.00M | Scene | Initializing
Fra:1 Mem:34.06M (Peak 43.25M) | Time:495255:13:21.00 | Mem:0.00M, Peak:0.00M | Scene | Updating Images | Loading table_2_chair_2_leg_-0.19_0.17_DIFFUSE
Fra:1 Mem:34.09M (Peak 43.28M) | Time:495255:13:21.01 | Mem:0.00M, Peak:0.00M | Scene | Synchronizing object | table_2_chair_2_leg_-0.19_0.17
Fra:1 Mem:34.09M (Peak 43.28M) | Time:495255:13:21.01 | Mem:0.00M, Peak:0.00M | Scene | Initializing
Fra:1 Mem:34.09M (Peak 43.28M) | Time:495255:13:21.01 | Mem:0.00M, Peak:0.00M | Scene | Updating Images | Loading table_2_chair_2_leg_-0.19_0.17_ROUGHNESS
Fra:1 Mem:34.11M (Peak 43.28M) | Time:495255:13:21.02 | Mem:0.00M, Peak:0.00M | Scene | Synchronizing object | table_2_chair_2_leg_-0.19_0.17
Fra:1 Mem:34.11M (Peak 43.28M) | Time:495255:13:21.02 | Mem:0.00M, Peak:0.00M | Scene | Initializing
Fra:1 Mem:34.11M (Peak 43.28M) | Time:495255:13:21.02 | Mem:0.00M, Peak:0.00M | Scene | Updating Images | Loading table_2_chair_2_leg_-0.19_0.17_NORMAL
Fra:1 Mem:34.11M (Peak 43.32M) | Time:495255:13:21.03 | Mem:0.00M, Peak:0.00M | Scene | Synchronizing object | table_2_chair_2_leg_0.19_-0.17
Fra:1 Mem:34.11M (Peak 43.32M) | Time:495255:13:21.03 | Mem:0.00M, Peak:0.00M | Scene | Initializing
Fra:1 Mem:34.11M (Peak 43.32M) | Time:495255:13:21.03 | Mem:0.00M, Peak:0.00M | Scene | Updating Images | Loading table_2_chair_2_leg_0.19_-0.17_METAL
Fra:1 Mem:34.14M (Peak 43.32M) | Time:495255:13:21.05 | Mem:0.00M, Peak:0.00M | Scene | Synchronizing object | table_2_chair_2_leg_0.19_-0.17
Fra:1 Mem:34.14M (Peak 43.32M) | Time:495255:13:21.05 | Mem:0.00M, Peak:0.00M | Scene | Initializing
Fra:1 Mem:34.14M (Peak 43.32M) | Time:495255:13:21.05 | Mem:0.00M, Peak:0.00M | Scene | Updating Images | Loading table_2_chair_2_leg_0.19_-0.17_DIFFUSE
Fra:1 Mem:34.16M (Peak 43.35M) | Time:495255:13:21.06 | Mem:0.00M, Peak:0.00M | Scene | Synchronizing object | table_2_chair_2_leg_0.19_-0.17
Fra:1 Mem:34.16M (Peak 43.35M) | Time:495255:13:21.06 | Mem:0.00M, Peak:0.00M | Scene | Initializing
Fra:1 Mem:34.16M (Peak 43.35M) | Time:495255:13:21.06 | Mem:0.00M, Peak:0.00M | Scene | Updating Images | Loading table_2_chair_2_leg_0.19_-0.17_ROUGHNESS
Fra:1 Mem:34.18M (Peak 43.35M) | Time:495255:13:21.07 | Mem:0.00M, Peak:0.00M | Scene | Synchronizing object | table_2_chair_2_leg_0.19_-0.17
Fra:1 Mem:34.18M (Peak 43.35M) | Time:495255:13:21.07 | Mem:0.00M, Peak:0.00M | Scene | Initializing
Fra:1 Mem:34.18M (Peak 43.35M) | Time:495255:13:21.07 | Mem:0.00M, Peak:0.00M | Scene | Updating Images | Loading table_2_chair_2_leg_0.19_-0.17_NORMAL
Fra:1 Mem:34.18M (Peak 43.39M) | Time:495255:13:21.08 | Mem:0.00M, Peak:0.00M | Scene | Synchronizing object | table_2_chair_2_leg_0.19_0.17
Fra:1 Mem:34.18M (Peak 43.39M) | Time:495255:13:21.08 | Mem:0.00M, Peak:0.00M | Scene | Initializing
Fra:1 Mem:34.18M (Peak 43.39M) | Time:495255:13:21.08 | Mem:0.00M, Peak:0.00M | Scene | Updating Images | Loading table_2_chair_2_leg_0.19_0.17_METAL
Fra:1 Mem:34.21M (Peak 43.39M) | Time:495255:13:21.09 | Mem:0.00M, Peak:0.00M | Scene | Synchronizing object | table_2_chair_2_leg_0.19_0.17
Fra:1 Mem:34.21M (Peak 43.39M) | Time:495255:13:21.09 | Mem:0.00M, Peak:0.00M | Scene | Initializing
Fra:1 Mem:34.21M (Peak 43.39M) | Time:495255:13:21.09 | Mem:0.00M, Peak:0.00M | Scene | Updating Images | Loading table_2_chair_2_leg_0.19_0.17_DIFFUSE
Fra:1 Mem:34.23M (Peak 43.42M) | Time:495255:13:21.10 | Mem:0.00M, Peak:0.00M | Scene | Synchronizing object | table_2_chair_2_leg_0.19_0.17
Fra:1 Mem:34.24M (Peak 43.42M) | Time:495255:13:21.10 | Mem:0.00M, Peak:0.00M | Scene | Initializing
Fra:1 Mem:34.23M (Peak 43.42M) | Time:495255:13:21.10 | Mem:0.00M, Peak:0.00M | Scene | Updating Images | Loading table_2_chair_2_leg_0.19_0.17_ROUGHNESS
Fra:1 Mem:34.26M (Peak 43.42M) | Time:495255:13:21.11 | Mem:0.00M, Peak:0.00M | Scene | Synchronizing object | table_2_chair_2_leg_0.19_0.17
Fra:1 Mem:34.26M (Peak 43.42M) | Time:495255:13:21.11 | Mem:0.00M, Peak:0.00M | Scene | Initializing
Fra:1 Mem:34.25M (Peak 43.42M) | Time:495255:13:21.11 | Mem:0.00M, Peak:0.00M | Scene | Updating Images | Loading table_2_chair_2_leg_0.19_0.17_NORMAL
Fra:1 Mem:34.27M (Peak 43.47M) | Time:495255:13:21.13 | Mem:0.00M, Peak:0.00M | Scene | Synchronizing object | table_2_chair_2_seat
Fra:1 Mem:34.28M (Peak 43.47M) | Time:495255:13:21.13 | Mem:0.00M, Peak:0.00M | Scene | Initializing
Fra:1 Mem:34.28M (Peak 43.47M) | Time:495255:13:21.13 | Mem:0.00M, Peak:0.00M | Scene | Updating Images | Loading table_2_chair_2_seat_DIFFUSE
Fra:1 Mem:34.29M (Peak 43.50M) | Time:495255:13:21.14 | Mem:0.00M, Peak:0.00M | Scene | Synchronizing object | table_2_chair_2_seat
Fra:1 Mem:34.31M (Peak 43.50M) | Time:495255:13:21.14 | Mem:0.00M, Peak:0.00M | Scene | Initializing
Fra:1 Mem:34.30M (Peak 43.50M) | Time:495255:13:21.14 | Mem:0.00M, Peak:0.00M | Scene | Updating Images | Loading table_2_chair_2_seat_ROUGHNESS
Fra:1 Mem:34.32M (Peak 43.50M) | Time:495255:13:21.16 | Mem:0.00M, Peak:0.00M | Scene | Synchronizing object | table_2_chair_2_seat
Fra:1 Mem:34.33M (Peak 43.50M) | Time:495255:13:21.16 | Mem:0.00M, Peak:0.00M | Scene | Initializing
Fra:1 Mem:34.32M (Peak 43.50M) | Time:495255:13:21.16 | Mem:0.00M, Peak:0.00M | Scene | Updating Images | Loading table_2_chair_2_seat_NORMAL
Fra:1 Mem:34.34M (Peak 43.55M) | Time:495255:13:21.17 | Mem:0.00M, Peak:0.00M | Scene | Synchronizing object | table_2_chair_3_back
Fra:1 Mem:34.35M (Peak 43.55M) | Time:495255:13:21.17 | Mem:0.00M, Peak:0.00M | Scene | Initializing
Fra:1 Mem:34.34M (Peak 43.55M) | Time:495255:13:21.17 | Mem:0.00M, Peak:0.00M | Scene | Updating Images | Loading table_2_chair_3_back_DIFFUSE
Fra:1 Mem:34.36M (Peak 43.57M) | Time:495255:13:21.18 | Mem:0.00M, Peak:0.00M | Scene | Synchronizing object | table_2_chair_3_back
Fra:1 Mem:34.37M (Peak 43.57M) | Time:495255:13:21.18 | Mem:0.00M, Peak:0.00M | Scene | Initializing
Fra:1 Mem:34.37M (Peak 43.57M) | Time:495255:13:21.18 | Mem:0.00M, Peak:0.00M | Scene | Updating Images | Loading table_2_chair_3_back_ROUGHNESS
Fra:1 Mem:34.38M (Peak 43.57M) | Time:495255:13:21.20 | Mem:0.00M, Peak:0.00M | Scene | Synchronizing object | table_2_chair_3_back
Fra:1 Mem:34.39M (Peak 43.57M) | Time:495255:13:21.20 | Mem:0.00M, Peak:0.00M | Scene | Initializing
Fra:1 Mem:34.39M (Peak 43.57M) | Time:495255:13:21.20 | Mem:0.00M, Peak:0.00M | Scene | Updating Images | Loading table_2_chair_3_back_NORMAL
Fra:1 Mem:34.38M (Peak 43.61M) | Time:495255:13:21.21 | Mem:0.00M, Peak:0.00M | Scene | Synchronizing object | table_2_chair_3_leg_-0.19_-0.17
Fra:1 Mem:34.39M (Peak 43.61M) | Time:495255:13:21.21 | Mem:0.00M, Peak:0.00M | Scene | Initializing
Fra:1 Mem:34.38M (Peak 43.61M) | Time:495255:13:21.21 | Mem:0.00M, Peak:0.00M | Scene | Updating Images | Loading table_2_chair_3_leg_-0.19_-0.17_METAL
Fra:1 Mem:34.42M (Peak 43.61M) | Time:495255:13:21.22 | Mem:0.00M, Peak:0.00M | Scene | Synchronizing object | table_2_chair_3_leg_-0.19_-0.17
Fra:1 Mem:34.42M (Peak 43.61M) | Time:495255:13:21.22 | Mem:0.00M, Peak:0.00M | Scene | Initializing
Fra:1 Mem:34.41M (Peak 43.61M) | Time:495255:13:21.22 | Mem:0.00M, Peak:0.00M | Scene | Updating Images | Loading table_2_chair_3_leg_-0.19_-0.17_DIFFUSE
Fra:1 Mem:34.44M (Peak 43.63M) | Time:495255:13:21.23 | Mem:0.00M, Peak:0.00M | Scene | Synchronizing object | table_2_chair_3_leg_-0.19_-0.17
Fra:1 Mem:34.44M (Peak 43.63M) | Time:495255:13:21.23 | Mem:0.00M, Peak:0.00M | Scene | Initializing
Fra:1 Mem:34.44M (Peak 43.63M) | Time:495255:13:21.23 | Mem:0.00M, Peak:0.00M | Scene | Updating Images | Loading table_2_chair_3_leg_-0.19_-0.17_ROUGHNESS
Fra:1 Mem:34.46M (Peak 43.63M) | Time:495255:13:21.25 | Mem:0.00M, Peak:0.00M | Scene | Synchronizing object | table_2_chair_3_leg_-0.19_-0.17
Fra:1 Mem:34.46M (Peak 43.63M) | Time:495255:13:21.25 | Mem:0.00M, Peak:0.00M | Scene | Initializing
Fra:1 Mem:34.46M (Peak 43.63M) | Time:495255:13:21.25 | Mem:0.00M, Peak:0.00M | Scene | Updating Images | Loading table_2_chair_3_leg_-0.19_-0.17_NORMAL
Fra:1 Mem:34.46M (Peak 43.67M) | Time:495255:13:21.26 | Mem:0.00M, Peak:0.00M | Scene | Synchronizing object | table_2_chair_3_leg_-0.19_0.17
Fra:1 Mem:34.46M (Peak 43.67M) | Time:495255:13:21.26 | Mem:0.00M, Peak:0.00M | Scene | Initializing
Fra:1 Mem:34.46M (Peak 43.67M) | Time:495255:13:21.26 | Mem:0.00M, Peak:0.00M | Scene | Updating Images | Loading table_2_chair_3_leg_-0.19_0.17_METAL
Fra:1 Mem:34.49M (Peak 43.67M) | Time:495255:13:21.27 | Mem:0.00M, Peak:0.00M | Scene | Synchronizing object | table_2_chair_3_leg_-0.19_0.17
Fra:1 Mem:34.49M (Peak 43.67M) | Time:495255:13:21.27 | Mem:0.00M, Peak:0.00M | Scene | Initializing
Fra:1 Mem:34.49M (Peak 43.67M) | Time:495255:13:21.27 | Mem:0.00M, Peak:0.00M | Scene | Updating Images | Loading table_2_chair_3_leg_-0.19_0.17_DIFFUSE
Fra:1 Mem:34.51M (Peak 43.70M) | Time:495255:13:21.28 | Mem:0.00M, Peak:0.00M | Scene | Synchronizing object | table_2_chair_3_leg_-0.19_0.17
Fra:1 Mem:34.51M (Peak 43.70M) | Time:495255:13:21.28 | Mem:0.00M, Peak:0.00M | Scene | Initializing
Fra:1 Mem:34.51M (Peak 43.70M) | Time:495255:13:21.28 | Mem:0.00M, Peak:0.00M | Scene | Updating Images | Loading table_2_chair_3_leg_-0.19_0.17_ROUGHNESS
Fra:1 Mem:34.53M (Peak 43.70M) | Time:495255:13:21.29 | Mem:0.00M, Peak:0.00M | Scene | Synchronizing object | table_2_chair_3_leg_-0.19_0.17
Fra:1 Mem:34.53M (Peak 43.70M) | Time:495255:13:21.29 | Mem:0.00M, Peak:0.00M | Scene | Initializing
Fra:1 Mem:34.53M (Peak 43.70M) | Time:495255:13:21.29 | Mem:0.00M, Peak:0.00M | Scene | Updating Images | Loading table_2_chair_3_leg_-0.19_0.17_NORMAL
Fra:1 Mem:34.53M (Peak 43.74M) | Time:495255:13:21.31 | Mem:0.00M, Peak:0.00M | Scene | Synchronizing object | table_2_chair_3_leg_0.19_-0.17
Fra:1 Mem:34.53M (Peak 43.74M) | Time:495255:13:21.31 | Mem:0.00M, Peak:0.00M | Scene | Initializing
Fra:1 Mem:34.53M (Peak 43.74M) | Time:495255:13:21.31 | Mem:0.00M, Peak:0.00M | Scene | Updating Images | Loading table_2_chair_3_leg_0.19_-0.17_METAL
Fra:1 Mem:34.56M (Peak 43.74M) | Time:495255:13:21.32 | Mem:0.00M, Peak:0.00M | Scene | Synchronizing object | table_2_chair_3_leg_0.19_-0.17
Fra:1 Mem:34.56M (Peak 43.74M) | Time:495255:13:21.32 | Mem:0.00M, Peak:0.00M | Scene | Initializing
Fra:1 Mem:34.56M (Peak 43.74M) | Time:495255:13:21.32 | Mem:0.00M, Peak:0.00M | Scene | Updating Images | Loading table_2_chair_3_leg_0.19_-0.17_DIFFUSE
Fra:1 Mem:34.58M (Peak 43.77M) | Time:495255:13:21.33 | Mem:0.00M, Peak:0.00M | Scene | Synchronizing object | table_2_chair_3_leg_0.19_-0.17
Fra:1 Mem:34.59M (Peak 43.77M) | Time:495255:13:21.33 | Mem:0.00M, Peak:0.00M | Scene | Initializing
Fra:1 Mem:34.58M (Peak 43.77M) | Time:495255:13:21.33 | Mem:0.00M, Peak:0.00M | Scene | Updating Images | Loading table_2_chair_3_leg_0.19_-0.17_ROUGHNESS
Fra:1 Mem:34.61M (Peak 43.77M) | Time:495255:13:21.34 | Mem:0.00M, Peak:0.00M | Scene | Synchronizing object | table_2_chair_3_leg_0.19_-0.17
Fra:1 Mem:34.61M (Peak 43.77M) | Time:495255:13:21.34 | Mem:0.00M, Peak:0.00M | Scene | Initializing
Fra:1 Mem:34.60M (Peak 43.77M) | Time:495255:13:21.34 | Mem:0.00M, Peak:0.00M | Scene | Updating Images | Loading table_2_chair_3_leg_0.19_-0.17_NORMAL
Fra:1 Mem:34.60M (Peak 43.82M) | Time:495255:13:21.36 | Mem:0.00M, Peak:0.00M | Scene | Synchronizing object | table_2_chair_3_leg_0.19_0.17
Fra:1 Mem:34.61M (Peak 43.82M) | Time:495255:13:21.36 | Mem:0.00M, Peak:0.00M | Scene | Initializing
Fra:1 Mem:34.60M (Peak 43.82M) | Time:495255:13:21.36 | Mem:0.00M, Peak:0.00M | Scene | Updating Images | Loading table_2_chair_3_leg_0.19_0.17_METAL
Fra:1 Mem:34.64M (Peak 43.82M) | Time:495255:13:21.37 | Mem:0.00M, Peak:0.00M | Scene | Synchronizing object | table_2_chair_3_leg_0.19_0.17
Fra:1 Mem:34.64M (Peak 43.82M) | Time:495255:13:21.37 | Mem:0.00M, Peak:0.00M | Scene | Initializing
Fra:1 Mem:34.63M (Peak 43.82M) | Time:495255:13:21.37 | Mem:0.00M, Peak:0.00M | Scene | Updating Images | Loading table_2_chair_3_leg_0.19_0.17_DIFFUSE
Fra:1 Mem:34.66M (Peak 43.85M) | Time:495255:13:21.38 | Mem:0.00M, Peak:0.00M | Scene | Synchronizing object | table_2_chair_3_leg_0.19_0.17
Fra:1 Mem:34.66M (Peak 43.85M) | Time:495255:13:21.38 | Mem:0.00M, Peak:0.00M | Scene | Initializing
Fra:1 Mem:34.66M (Peak 43.85M) | Time:495255:13:21.38 | Mem:0.00M, Peak:0.00M | Scene | Updating Images | Loading table_2_chair_3_leg_0.19_0.17_ROUGHNESS
Fra:1 Mem:34.68M (Peak 43.85M) | Time:495255:13:21.39 | Mem:0.00M, Peak:0.00M | Scene | Synchronizing object | table_2_chair_3_leg_0.19_0.17
Fra:1 Mem:34.68M (Peak 43.85M) | Time:495255:13:21.39 | Mem:0.00M, Peak:0.00M | Scene | Initializing
Fra:1 Mem:34.68M (Peak 43.85M) | Time:495255:13:21.39 | Mem:0.00M, Peak:0.00M | Scene | Updating Images | Loading table_2_chair_3_leg_0.19_0.17_NORMAL
Fra:1 Mem:34.69M (Peak 43.89M) | Time:495255:13:21.40 | Mem:0.00M, Peak:0.00M | Scene | Synchronizing object | table_2_chair_3_seat
Fra:1 Mem:34.71M (Peak 43.89M) | Time:495255:13:21.40 | Mem:0.00M, Peak:0.00M | Scene | Initializing
Fra:1 Mem:34.70M (Peak 43.89M) | Time:495255:13:21.40 | Mem:0.00M, Peak:0.00M | Scene | Updating Images | Loading table_2_chair_3_seat_DIFFUSE
Fra:1 Mem:34.72M (Peak 43.93M) | Time:495255:13:21.42 | Mem:0.00M, Peak:0.00M | Scene | Synchronizing object | table_2_chair_3_seat
Fra:1 Mem:34.73M (Peak 43.93M) | Time:495255:13:21.42 | Mem:0.00M, Peak:0.00M | Scene | Initializing
Fra:1 Mem:34.73M (Peak 43.93M) | Time:495255:13:21.42 | Mem:0.00M, Peak:0.00M | Scene | Updating Images | Loading table_2_chair_3_seat_ROUGHNESS
Fra:1 Mem:34.74M (Peak 43.93M) | Time:495255:13:21.43 | Mem:0.00M, Peak:0.00M | Scene | Synchronizing object | table_2_chair_3_seat
Fra:1 Mem:34.75M (Peak 43.93M) | Time:495255:13:21.43 | Mem:0.00M, Peak:0.00M | Scene | Initializing
Fra:1 Mem:34.75M (Peak 43.93M) | Time:495255:13:21.43 | Mem:0.00M, Peak:0.00M | Scene | Updating Images | Loading table_2_chair_3_seat_NORMAL
Fra:1 Mem:34.75M (Peak 43.97M) | Time:495255:13:21.44 | Mem:0.00M, Peak:0.00M | Scene | Synchronizing object | table_2_gray_green_tray
Fra:1 Mem:34.75M (Peak 43.97M) | Time:495255:13:21.44 | Mem:0.00M, Peak:0.00M | Scene | Initializing
Fra:1 Mem:34.75M (Peak 43.97M) | Time:495255:13:21.44 | Mem:0.00M, Peak:0.00M | Scene | Updating Images | Loading table_2_gray_green_tray_DIFFUSE
Fra:1 Mem:34.77M (Peak 43.97M) | Time:495255:13:21.46 | Mem:0.00M, Peak:0.00M | Scene | Synchronizing object | table_2_gray_green_tray
Fra:1 Mem:34.77M (Peak 43.97M) | Time:495255:13:21.46 | Mem:0.00M, Peak:0.00M | Scene | Initializing
Fra:1 Mem:34.77M (Peak 43.97M) | Time:495255:13:21.46 | Mem:0.00M, Peak:0.00M | Scene | Updating Images | Loading table_2_gray_green_tray_ROUGHNESS
Fra:1 Mem:34.79M (Peak 43.97M) | Time:495255:13:21.47 | Mem:0.00M, Peak:0.00M | Scene | Synchronizing object | table_2_gray_green_tray
Fra:1 Mem:34.79M (Peak 43.97M) | Time:495255:13:21.47 | Mem:0.00M, Peak:0.00M | Scene | Initializing
Fra:1 Mem:34.79M (Peak 43.97M) | Time:495255:13:21.47 | Mem:0.00M, Peak:0.00M | Scene | Updating Images | Loading table_2_gray_green_tray_NORMAL
Info: Baking map saved to internal image, save it externally or pack it
Info: Baking map saved to internal image, save it externally or pack it
Info: Baking map saved to internal image, save it externally or pack it
Info: Baking map saved to internal image, save it externally or pack it
Info: Baking map saved to internal image, save it externally or pack it
Info: Baking map saved to internal image, save it externally or pack it
Info: Baking map saved to internal image, save it externally or pack it
Info: Baking map saved to internal image, save it externally or pack it
Info: Baking map saved to internal image, save it externally or pack it
Info: Baking map saved to internal image, save it externally or pack it
Info: Baking map saved to internal image, save it externally or pack it
Info: Baking map saved to internal image, save it externally or pack it
Info: Baking map saved to internal image, save it externally or pack it
Info: Baking map saved to internal image, save it externally or pack it
Info: Baking map saved to internal image, save it externally or pack it
Info: Baking map saved to internal image, save it externally or pack it
Info: Baking map saved to internal image, save it externally or pack it
Info: Baking map saved to internal image, save it externally or pack it
Info: Baking map saved to internal image, save it externally or pack it
Info: Baking map saved to internal image, save it externally or pack it
Info: Baking map saved to internal image, save it externally or pack it
Info: Baking map saved to internal image, save it externally or pack it
Info: Baking map saved to internal image, save it externally or pack it
Info: Baking map saved to internal image, save it externally or pack it
Info: Baking map saved to internal image, save it externally or pack it
Info: Baking map saved to internal image, save it externally or pack it
Info: Baking map saved to internal image, save it externally or pack it
Info: Baking map saved to internal image, save it externally or pack it
Info: Baking map saved to internal image, save it externally or pack it
Info: Baking map saved to internal image, save it externally or pack it
Info: Baking map saved to internal image, save it externally or pack it
Info: Baking map saved to internal image, save it externally or pack it
Info: Baking map saved to internal image, save it externally or pack it
Info: Baking map saved to internal image, save it externally or pack it
Info: Baking map saved to internal image, save it externally or pack it
Info: Baking map saved to internal image, save it externally or pack it
Info: Baking map saved to internal image, save it externally or pack it
Info: Baking map saved to internal image, save it externally or pack it
Info: Baking map saved to internal image, save it externally or pack it
Info: Baking map saved to internal image, save it externally or pack it
Info: Baking map saved to internal image, save it externally or pack it
Info: Baking map saved to internal image, save it externally or pack it
Info: Baking map saved to internal image, save it externally or pack it
Info: Baking map saved to internal image, save it externally or pack it
Info: Baking map saved to internal image, save it externally or pack it
Info: Baking map saved to internal image, save it externally or pack it
Info: Baking map saved to internal image, save it externally or pack it
Info: Baking map saved to internal image, save it externally or pack it
Info: Baking map saved to internal image, save it externally or pack it
Info: Baking map saved to internal image, save it externally or pack it
Info: Baking map saved to internal image, save it externally or pack it
Info: Baking map saved to internal image, save it externally or pack it
Info: Baking map saved to internal image, save it externally or pack it
Info: Baking map saved to internal image, save it externally or pack it
Info: Baking map saved to internal image, save it externally or pack it
Info: Baking map saved to internal image, save it externally or pack it
Info: Baking map saved to internal image, save it externally or pack it
Info: Baking map saved to internal image, save it externally or pack it
Info: Baking map saved to internal image, save it externally or pack it
Info: Baking map saved to internal image, save it externally or pack it
Info: Baking map saved to internal image, save it externally or pack it
Info: Baking map saved to internal image, save it externally or pack it
Info: Baking map saved to internal image, save it externally or pack it
Info: Baking map saved to internal image, save it externally or pack it
Info: Baking map saved to internal image, save it externally or pack it
Info: Baking map saved to internal image, save it externally or pack it
Info: Baking map saved to internal image, save it externally or pack it
Info: Baking map saved to internal image, save it externally or pack it
Info: Baking map saved to internal image, save it externally or pack it
Info: Baking map saved to internal image, save it externally or pack it
Info: Baking map saved to internal image, save it externally or pack it
Info: Baking map saved to internal image, save it externally or pack it
Info: Baking map saved to internal image, save it externally or pack it
Info: Baking map saved to internal image, save it externally or pack it
Info: Baking map saved to internal image, save it externally or pack it
Info: Baking map saved to internal image, save it externally or pack it
Info: Baking map saved to internal image, save it externally or pack it
Info: Baking map saved to internal image, save it externally or pack it
Info: Baking map saved to internal image, save it externally or pack it
Info: Baking map saved to internal image, save it externally or pack it
Info: Baking map saved to internal image, save it externally or pack it
Info: Baking map saved to internal image, save it externally or pack it
Info: Baking map saved to internal image, save it externally or pack it
Info: Baking map saved to internal image, save it externally or pack it
Info: Baking map saved to internal image, save it externally or pack it
Info: Baking map saved to internal image, save it externally or pack it
Info: Baking map saved to internal image, save it externally or pack it
Info: Baking map saved to internal image, save it externally or pack it
Info: Baking map saved to internal image, save it externally or pack it
Info: Baking map saved to internal image, save it externally or pack it
Info: Baking map saved to internal image, save it externally or pack it
Info: Baking map saved to internal image, save it externally or pack it
Info: Baking map saved to internal image, save it externally or pack it
Info: Baking map saved to internal image, save it externally or pack it
Info: Baking map saved to internal image, save it externally or pack it
Info: Baking map saved to internal image, save it externally or pack it
Info: Baking map saved to internal image, save it externally or pack it
Info: Baking map saved to internal image, save it externally or pack it
Info: Baking map saved to internal image, save it externally or pack it
Info: Baking map saved to internal image, save it externally or pack it
Info: Baking map saved to internal image, save it externally or pack it
Info: Baking map saved to internal image, save it externally or pack it
Info: Baking map saved to internal image, save it externally or pack it
Info: Baking map saved to internal image, save it externally or pack it
Info: Baking map saved to internal image, save it externally or pack it
Info: Baking map saved to internal image, save it externally or pack it
Info: Baking map saved to internal image, save it externally or pack it
Info: Baking map saved to internal image, save it externally or pack it
Info: Baking map saved to internal image, save it externally or pack it
Info: Baking map saved to internal image, save it externally or pack it
Info: Baking map saved to internal image, save it externally or pack it
Info: Baking map saved to internal image, save it externally or pack it
Info: Baking map saved to internal image, save it externally or pack it
Info: Baking map saved to internal image, save it externally or pack it
Fra:1 Mem:34.81M (Peak 44.00M) | Time:495255:13:21.48 | Mem:0.00M, Peak:0.00M | Scene | Synchronizing object | table_2_paper_cup
Fra:1 Mem:34.82M (Peak 44.00M) | Time:495255:13:21.48 | Mem:0.00M, Peak:0.00M | Scene | Initializing
Fra:1 Mem:34.82M (Peak 44.00M) | Time:495255:13:21.48 | Mem:0.00M, Peak:0.00M | Scene | Updating Images | Loading table_2_paper_cup_DIFFUSE
Fra:1 Mem:34.84M (Peak 44.03M) | Time:495255:13:21.50 | Mem:0.00M, Peak:0.00M | Scene | Synchronizing object | table_2_paper_cup
Fra:1 Mem:34.84M (Peak 44.03M) | Time:495255:13:21.50 | Mem:0.00M, Peak:0.00M | Scene | Initializing
Fra:1 Mem:34.84M (Peak 44.03M) | Time:495255:13:21.50 | Mem:0.00M, Peak:0.00M | Scene | Updating Images | Loading table_2_paper_cup_ROUGHNESS
Fra:1 Mem:34.86M (Peak 44.03M) | Time:495255:13:21.51 | Mem:0.00M, Peak:0.00M | Scene | Synchronizing object | table_2_paper_cup
Fra:1 Mem:34.86M (Peak 44.03M) | Time:495255:13:21.51 | Mem:0.00M, Peak:0.00M | Scene | Initializing
Fra:1 Mem:34.86M (Peak 44.03M) | Time:495255:13:21.51 | Mem:0.00M, Peak:0.00M | Scene | Updating Images | Loading table_2_paper_cup_NORMAL
Fra:1 Mem:34.88M (Peak 44.08M) | Time:495255:13:21.52 | Mem:0.00M, Peak:0.00M | Scene | Synchronizing object | table_2_round_table_base
Fra:1 Mem:34.88M (Peak 44.08M) | Time:495255:13:21.52 | Mem:0.00M, Peak:0.00M | Scene | Initializing
Fra:1 Mem:34.88M (Peak 44.08M) | Time:495255:13:21.52 | Mem:0.00M, Peak:0.00M | Scene | Updating Images | Loading table_2_round_table_base_METAL
Fra:1 Mem:34.91M (Peak 44.10M) | Time:495255:13:21.54 | Mem:0.00M, Peak:0.00M | Scene | Synchronizing object | table_2_round_table_base
Fra:1 Mem:34.92M (Peak 44.10M) | Time:495255:13:21.54 | Mem:0.00M, Peak:0.00M | Scene | Initializing
Fra:1 Mem:34.91M (Peak 44.10M) | Time:495255:13:21.54 | Mem:0.00M, Peak:0.00M | Scene | Updating Images | Loading table_2_round_table_base_DIFFUSE
Fra:1 Mem:34.93M (Peak 44.13M) | Time:495255:13:21.55 | Mem:0.00M, Peak:0.00M | Scene | Synchronizing object | table_2_round_table_base
Fra:1 Mem:34.94M (Peak 44.13M) | Time:495255:13:21.55 | Mem:0.00M, Peak:0.00M | Scene | Initializing
Fra:1 Mem:34.93M (Peak 44.13M) | Time:495255:13:21.55 | Mem:0.00M, Peak:0.00M | Scene | Updating Images | Loading table_2_round_table_base_ROUGHNESS
Fra:1 Mem:34.95M (Peak 44.13M) | Time:495255:13:21.56 | Mem:0.00M, Peak:0.00M | Scene | Synchronizing object | table_2_round_table_base
Fra:1 Mem:34.96M (Peak 44.13M) | Time:495255:13:21.56 | Mem:0.00M, Peak:0.00M | Scene | Initializing
Fra:1 Mem:34.96M (Peak 44.13M) | Time:495255:13:21.56 | Mem:0.00M, Peak:0.00M | Scene | Updating Images | Loading table_2_round_table_base_NORMAL
Fra:1 Mem:34.97M (Peak 44.17M) | Time:495255:13:21.58 | Mem:0.00M, Peak:0.00M | Scene | Synchronizing object | table_2_square_tabletop
Fra:1 Mem:34.98M (Peak 44.17M) | Time:495255:13:21.58 | Mem:0.00M, Peak:0.00M | Scene | Initializing
Fra:1 Mem:34.98M (Peak 44.17M) | Time:495255:13:21.58 | Mem:0.00M, Peak:0.00M | Scene | Updating Images | Loading table_2_square_tabletop_DIFFUSE
Fra:1 Mem:34.99M (Peak 44.20M) | Time:495255:13:21.59 | Mem:0.00M, Peak:0.00M | Scene | Synchronizing object | table_2_square_tabletop
Fra:1 Mem:35.01M (Peak 44.20M) | Time:495255:13:21.59 | Mem:0.00M, Peak:0.00M | Scene | Initializing
Fra:1 Mem:35.00M (Peak 44.20M) | Time:495255:13:21.59 | Mem:0.00M, Peak:0.00M | Scene | Updating Images | Loading table_2_square_tabletop_ROUGHNESS
Fra:1 Mem:35.02M (Peak 44.20M) | Time:495255:13:21.60 | Mem:0.00M, Peak:0.00M | Scene | Synchronizing object | table_2_square_tabletop
Fra:1 Mem:35.03M (Peak 44.20M) | Time:495255:13:21.60 | Mem:0.00M, Peak:0.00M | Scene | Initializing
Fra:1 Mem:35.02M (Peak 44.20M) | Time:495255:13:21.60 | Mem:0.00M, Peak:0.00M | Scene | Updating Images | Loading table_2_square_tabletop_NORMAL
Fra:1 Mem:35.02M (Peak 44.25M) | Time:495255:13:21.62 | Mem:0.00M, Peak:0.00M | Scene | Synchronizing object | table_3_central_pedestal
Fra:1 Mem:35.02M (Peak 44.25M) | Time:495255:13:21.62 | Mem:0.00M, Peak:0.00M | Scene | Initializing
Fra:1 Mem:35.02M (Peak 44.25M) | Time:495255:13:21.62 | Mem:0.00M, Peak:0.00M | Scene | Updating Images | Loading table_3_central_pedestal_METAL
Fra:1 Mem:35.05M (Peak 44.25M) | Time:495255:13:21.63 | Mem:0.00M, Peak:0.00M | Scene | Synchronizing object | table_3_central_pedestal
Fra:1 Mem:35.06M (Peak 44.25M) | Time:495255:13:21.63 | Mem:0.00M, Peak:0.00M | Scene | Initializing
Fra:1 Mem:35.05M (Peak 44.25M) | Time:495255:13:21.63 | Mem:0.00M, Peak:0.00M | Scene | Updating Images | Loading table_3_central_pedestal_DIFFUSE
Fra:1 Mem:35.07M (Peak 44.27M) | Time:495255:13:21.65 | Mem:0.00M, Peak:0.00M | Scene | Synchronizing object | table_3_central_pedestal
Fra:1 Mem:35.08M (Peak 44.27M) | Time:495255:13:21.65 | Mem:0.00M, Peak:0.00M | Scene | Initializing
Fra:1 Mem:35.07M (Peak 44.27M) | Time:495255:13:21.65 | Mem:0.00M, Peak:0.00M | Scene | Updating Images | Loading table_3_central_pedestal_ROUGHNESS
Fra:1 Mem:35.10M (Peak 44.27M) | Time:495255:13:21.66 | Mem:0.00M, Peak:0.00M | Scene | Synchronizing object | table_3_central_pedestal
Fra:1 Mem:35.10M (Peak 44.27M) | Time:495255:13:21.66 | Mem:0.00M, Peak:0.00M | Scene | Initializing
Fra:1 Mem:35.10M (Peak 44.27M) | Time:495255:13:21.66 | Mem:0.00M, Peak:0.00M | Scene | Updating Images | Loading table_3_central_pedestal_NORMAL
Fra:1 Mem:35.11M (Peak 44.31M) | Time:495255:13:21.67 | Mem:0.00M, Peak:0.00M | Scene | Synchronizing object | table_3_chair_0_back
Fra:1 Mem:35.12M (Peak 44.31M) | Time:495255:13:21.67 | Mem:0.00M, Peak:0.00M | Scene | Initializing
Fra:1 Mem:35.12M (Peak 44.31M) | Time:495255:13:21.67 | Mem:0.00M, Peak:0.00M | Scene | Updating Images | Loading table_3_chair_0_back_DIFFUSE
Fra:1 Mem:35.13M (Peak 44.34M) | Time:495255:13:21.69 | Mem:0.00M, Peak:0.00M | Scene | Synchronizing object | table_3_chair_0_back
Fra:1 Mem:35.15M (Peak 44.34M) | Time:495255:13:21.69 | Mem:0.00M, Peak:0.00M | Scene | Initializing
Fra:1 Mem:35.14M (Peak 44.34M) | Time:495255:13:21.69 | Mem:0.00M, Peak:0.00M | Scene | Updating Images | Loading table_3_chair_0_back_ROUGHNESS
Fra:1 Mem:35.16M (Peak 44.34M) | Time:495255:13:21.70 | Mem:0.00M, Peak:0.00M | Scene | Synchronizing object | table_3_chair_0_back
Fra:1 Mem:35.17M (Peak 44.34M) | Time:495255:13:21.70 | Mem:0.00M, Peak:0.00M | Scene | Initializing
Fra:1 Mem:35.16M (Peak 44.34M) | Time:495255:13:21.70 | Mem:0.00M, Peak:0.00M | Scene | Updating Images | Loading table_3_chair_0_back_NORMAL
Fra:1 Mem:35.16M (Peak 44.39M) | Time:495255:13:21.71 | Mem:0.00M, Peak:0.00M | Scene | Synchronizing object | table_3_chair_0_leg_-0.19_-0.17
Fra:1 Mem:35.16M (Peak 44.39M) | Time:495255:13:21.71 | Mem:0.00M, Peak:0.00M | Scene | Initializing
Fra:1 Mem:35.16M (Peak 44.39M) | Time:495255:13:21.71 | Mem:0.00M, Peak:0.00M | Scene | Updating Images | Loading table_3_chair_0_leg_-0.19_-0.17_METAL
Fra:1 Mem:35.19M (Peak 44.39M) | Time:495255:13:21.73 | Mem:0.00M, Peak:0.00M | Scene | Synchronizing object | table_3_chair_0_leg_-0.19_-0.17
Fra:1 Mem:35.19M (Peak 44.39M) | Time:495255:13:21.73 | Mem:0.00M, Peak:0.00M | Scene | Initializing
Fra:1 Mem:35.19M (Peak 44.39M) | Time:495255:13:21.73 | Mem:0.00M, Peak:0.00M | Scene | Updating Images | Loading table_3_chair_0_leg_-0.19_-0.17_DIFFUSE
Fra:1 Mem:35.21M (Peak 44.40M) | Time:495255:13:21.74 | Mem:0.00M, Peak:0.00M | Scene | Synchronizing object | table_3_chair_0_leg_-0.19_-0.17
Fra:1 Mem:35.21M (Peak 44.40M) | Time:495255:13:21.74 | Mem:0.00M, Peak:0.00M | Scene | Initializing
Fra:1 Mem:35.21M (Peak 44.40M) | Time:495255:13:21.74 | Mem:0.00M, Peak:0.00M | Scene | Updating Images | Loading table_3_chair_0_leg_-0.19_-0.17_ROUGHNESS
Fra:1 Mem:35.23M (Peak 44.40M) | Time:495255:13:21.75 | Mem:0.00M, Peak:0.00M | Scene | Synchronizing object | table_3_chair_0_leg_-0.19_-0.17
Fra:1 Mem:35.24M (Peak 44.40M) | Time:495255:13:21.75 | Mem:0.00M, Peak:0.00M | Scene | Initializing
Fra:1 Mem:35.23M (Peak 44.40M) | Time:495255:13:21.75 | Mem:0.00M, Peak:0.00M | Scene | Updating Images | Loading table_3_chair_0_leg_-0.19_-0.17_NORMAL
Fra:1 Mem:35.23M (Peak 44.45M) | Time:495255:13:21.76 | Mem:0.00M, Peak:0.00M | Scene | Synchronizing object | table_3_chair_0_leg_-0.19_0.17
Fra:1 Mem:35.23M (Peak 44.45M) | Time:495255:13:21.76 | Mem:0.00M, Peak:0.00M | Scene | Initializing
Fra:1 Mem:35.23M (Peak 44.45M) | Time:495255:13:21.76 | Mem:0.00M, Peak:0.00M | Scene | Updating Images | Loading table_3_chair_0_leg_-0.19_0.17_METAL
Fra:1 Mem:35.26M (Peak 44.45M) | Time:495255:13:21.77 | Mem:0.00M, Peak:0.00M | Scene | Synchronizing object | table_3_chair_0_leg_-0.19_0.17
Fra:1 Mem:35.27M (Peak 44.45M) | Time:495255:13:21.77 | Mem:0.00M, Peak:0.00M | Scene | Initializing
Fra:1 Mem:35.26M (Peak 44.45M) | Time:495255:13:21.77 | Mem:0.00M, Peak:0.00M | Scene | Updating Images | Loading table_3_chair_0_leg_-0.19_0.17_DIFFUSE
Fra:1 Mem:35.29M (Peak 44.48M) | Time:495255:13:21.79 | Mem:0.00M, Peak:0.00M | Scene | Synchronizing object | table_3_chair_0_leg_-0.19_0.17
Fra:1 Mem:35.29M (Peak 44.48M) | Time:495255:13:21.79 | Mem:0.00M, Peak:0.00M | Scene | Initializing
Fra:1 Mem:35.28M (Peak 44.48M) | Time:495255:13:21.79 | Mem:0.00M, Peak:0.00M | Scene | Updating Images | Loading table_3_chair_0_leg_-0.19_0.17_ROUGHNESS
Fra:1 Mem:35.31M (Peak 44.48M) | Time:495255:13:21.80 | Mem:0.00M, Peak:0.00M | Scene | Synchronizing object | table_3_chair_0_leg_-0.19_0.17
Fra:1 Mem:35.31M (Peak 44.48M) | Time:495255:13:21.80 | Mem:0.00M, Peak:0.00M | Scene | Initializing
Fra:1 Mem:35.31M (Peak 44.48M) | Time:495255:13:21.80 | Mem:0.00M, Peak:0.00M | Scene | Updating Images | Loading table_3_chair_0_leg_-0.19_0.17_NORMAL
Fra:1 Mem:35.31M (Peak 44.52M) | Time:495255:13:21.81 | Mem:0.00M, Peak:0.00M | Scene | Synchronizing object | table_3_chair_0_leg_0.19_-0.17
Fra:1 Mem:35.31M (Peak 44.52M) | Time:495255:13:21.81 | Mem:0.00M, Peak:0.00M | Scene | Initializing
Fra:1 Mem:35.31M (Peak 44.52M) | Time:495255:13:21.81 | Mem:0.00M, Peak:0.00M | Scene | Updating Images | Loading table_3_chair_0_leg_0.19_-0.17_METAL
Fra:1 Mem:35.34M (Peak 44.52M) | Time:495255:13:21.82 | Mem:0.00M, Peak:0.00M | Scene | Synchronizing object | table_3_chair_0_leg_0.19_-0.17
Fra:1 Mem:35.34M (Peak 44.52M) | Time:495255:13:21.82 | Mem:0.00M, Peak:0.00M | Scene | Initializing
Fra:1 Mem:35.34M (Peak 44.52M) | Time:495255:13:21.82 | Mem:0.00M, Peak:0.00M | Scene | Updating Images | Loading table_3_chair_0_leg_0.19_-0.17_DIFFUSE
Fra:1 Mem:35.36M (Peak 44.55M) | Time:495255:13:21.83 | Mem:0.00M, Peak:0.00M | Scene | Synchronizing object | table_3_chair_0_leg_0.19_-0.17
Fra:1 Mem:35.36M (Peak 44.55M) | Time:495255:13:21.83 | Mem:0.00M, Peak:0.00M | Scene | Initializing
Fra:1 Mem:35.36M (Peak 44.55M) | Time:495255:13:21.83 | Mem:0.00M, Peak:0.00M | Scene | Updating Images | Loading table_3_chair_0_leg_0.19_-0.17_ROUGHNESS
Fra:1 Mem:35.38M (Peak 44.55M) | Time:495255:13:21.84 | Mem:0.00M, Peak:0.00M | Scene | Synchronizing object | table_3_chair_0_leg_0.19_-0.17
Fra:1 Mem:35.38M (Peak 44.55M) | Time:495255:13:21.84 | Mem:0.00M, Peak:0.00M | Scene | Initializing
Fra:1 Mem:35.38M (Peak 44.55M) | Time:495255:13:21.84 | Mem:0.00M, Peak:0.00M | Scene | Updating Images | Loading table_3_chair_0_leg_0.19_-0.17_NORMAL
Fra:1 Mem:35.38M (Peak 44.59M) | Time:495255:13:21.86 | Mem:0.00M, Peak:0.00M | Scene | Synchronizing object | table_3_chair_0_leg_0.19_0.17
Fra:1 Mem:35.38M (Peak 44.59M) | Time:495255:13:21.86 | Mem:0.00M, Peak:0.00M | Scene | Initializing
Fra:1 Mem:35.38M (Peak 44.59M) | Time:495255:13:21.86 | Mem:0.00M, Peak:0.00M | Scene | Updating Images | Loading table_3_chair_0_leg_0.19_0.17_METAL
Fra:1 Mem:35.41M (Peak 44.59M) | Time:495255:13:21.87 | Mem:0.00M, Peak:0.00M | Scene | Synchronizing object | table_3_chair_0_leg_0.19_0.17
Fra:1 Mem:35.41M (Peak 44.59M) | Time:495255:13:21.87 | Mem:0.00M, Peak:0.00M | Scene | Initializing
Fra:1 Mem:35.41M (Peak 44.59M) | Time:495255:13:21.87 | Mem:0.00M, Peak:0.00M | Scene | Updating Images | Loading table_3_chair_0_leg_0.19_0.17_DIFFUSE
Fra:1 Mem:35.43M (Peak 44.62M) | Time:495255:13:21.88 | Mem:0.00M, Peak:0.00M | Scene | Synchronizing object | table_3_chair_0_leg_0.19_0.17
Fra:1 Mem:35.43M (Peak 44.62M) | Time:495255:13:21.88 | Mem:0.00M, Peak:0.00M | Scene | Initializing
Fra:1 Mem:35.43M (Peak 44.62M) | Time:495255:13:21.88 | Mem:0.00M, Peak:0.00M | Scene | Updating Images | Loading table_3_chair_0_leg_0.19_0.17_ROUGHNESS
Fra:1 Mem:35.45M (Peak 44.62M) | Time:495255:13:21.89 | Mem:0.00M, Peak:0.00M | Scene | Synchronizing object | table_3_chair_0_leg_0.19_0.17
Fra:1 Mem:35.46M (Peak 44.62M) | Time:495255:13:21.89 | Mem:0.00M, Peak:0.00M | Scene | Initializing
Fra:1 Mem:35.45M (Peak 44.62M) | Time:495255:13:21.89 | Mem:0.00M, Peak:0.00M | Scene | Updating Images | Loading table_3_chair_0_leg_0.19_0.17_NORMAL
Fra:1 Mem:35.47M (Peak 44.67M) | Time:495255:13:21.91 | Mem:0.00M, Peak:0.00M | Scene | Synchronizing object | table_3_chair_0_seat
Fra:1 Mem:35.48M (Peak 44.67M) | Time:495255:13:21.91 | Mem:0.00M, Peak:0.00M | Scene | Initializing
Fra:1 Mem:35.48M (Peak 44.67M) | Time:495255:13:21.91 | Mem:0.00M, Peak:0.00M | Scene | Updating Images | Loading table_3_chair_0_seat_DIFFUSE
Fra:1 Mem:35.49M (Peak 44.70M) | Time:495255:13:21.92 | Mem:0.00M, Peak:0.00M | Scene | Synchronizing object | table_3_chair_0_seat
Fra:1 Mem:35.50M (Peak 44.70M) | Time:495255:13:21.92 | Mem:0.00M, Peak:0.00M | Scene | Initializing
Fra:1 Mem:35.50M (Peak 44.70M) | Time:495255:13:21.92 | Mem:0.00M, Peak:0.00M | Scene | Updating Images | Loading table_3_chair_0_seat_ROUGHNESS
Fra:1 Mem:35.51M (Peak 44.70M) | Time:495255:13:21.93 | Mem:0.00M, Peak:0.00M | Scene | Synchronizing object | table_3_chair_0_seat
Fra:1 Mem:35.53M (Peak 44.70M) | Time:495255:13:21.93 | Mem:0.00M, Peak:0.00M | Scene | Initializing
Fra:1 Mem:35.52M (Peak 44.70M) | Time:495255:13:21.93 | Mem:0.00M, Peak:0.00M | Scene | Updating Images | Loading table_3_chair_0_seat_NORMAL
Fra:1 Mem:35.53M (Peak 44.75M) | Time:495255:13:21.95 | Mem:0.00M, Peak:0.00M | Scene | Synchronizing object | table_3_chair_1_back
Fra:1 Mem:35.55M (Peak 44.75M) | Time:495255:13:21.95 | Mem:0.00M, Peak:0.00M | Scene | Initializing
Fra:1 Mem:35.54M (Peak 44.75M) | Time:495255:13:21.95 | Mem:0.00M, Peak:0.00M | Scene | Updating Images | Loading table_3_chair_1_back_DIFFUSE
Fra:1 Mem:35.56M (Peak 44.77M) | Time:495255:13:21.96 | Mem:0.00M, Peak:0.00M | Scene | Synchronizing object | table_3_chair_1_back
Fra:1 Mem:35.57M (Peak 44.77M) | Time:495255:13:21.96 | Mem:0.00M, Peak:0.00M | Scene | Initializing
Fra:1 Mem:35.57M (Peak 44.77M) | Time:495255:13:21.96 | Mem:0.00M, Peak:0.00M | Scene | Updating Images | Loading table_3_chair_1_back_ROUGHNESS
Fra:1 Mem:35.58M (Peak 44.77M) | Time:495255:13:21.97 | Mem:0.00M, Peak:0.00M | Scene | Synchronizing object | table_3_chair_1_back
Fra:1 Mem:35.59M (Peak 44.77M) | Time:495255:13:21.97 | Mem:0.00M, Peak:0.00M | Scene | Initializing
Fra:1 Mem:35.59M (Peak 44.77M) | Time:495255:13:21.97 | Mem:0.00M, Peak:0.00M | Scene | Updating Images | Loading table_3_chair_1_back_NORMAL
Fra:1 Mem:35.58M (Peak 44.81M) | Time:495255:13:21.99 | Mem:0.00M, Peak:0.00M | Scene | Synchronizing object | table_3_chair_1_leg_-0.19_-0.17
Fra:1 Mem:35.58M (Peak 44.81M) | Time:495255:13:21.99 | Mem:0.00M, Peak:0.00M | Scene | Initializing
Fra:1 Mem:35.58M (Peak 44.81M) | Time:495255:13:21.99 | Mem:0.00M, Peak:0.00M | Scene | Updating Images | Loading table_3_chair_1_leg_-0.19_-0.17_METAL
Fra:1 Mem:35.61M (Peak 44.81M) | Time:495255:13:22.00 | Mem:0.00M, Peak:0.00M | Scene | Synchronizing object | table_3_chair_1_leg_-0.19_-0.17
Fra:1 Mem:35.62M (Peak 44.81M) | Time:495255:13:22.00 | Mem:0.00M, Peak:0.00M | Scene | Initializing
Fra:1 Mem:35.61M (Peak 44.81M) | Time:495255:13:22.00 | Mem:0.00M, Peak:0.00M | Scene | Updating Images | Loading table_3_chair_1_leg_-0.19_-0.17_DIFFUSE
Fra:1 Mem:35.64M (Peak 44.83M) | Time:495255:13:22.01 | Mem:0.00M, Peak:0.00M | Scene | Synchronizing object | table_3_chair_1_leg_-0.19_-0.17
Fra:1 Mem:35.64M (Peak 44.83M) | Time:495255:13:22.01 | Mem:0.00M, Peak:0.00M | Scene | Initializing
Fra:1 Mem:35.63M (Peak 44.83M) | Time:495255:13:22.01 | Mem:0.00M, Peak:0.00M | Scene | Updating Images | Loading table_3_chair_1_leg_-0.19_-0.17_ROUGHNESS
Fra:1 Mem:35.66M (Peak 44.83M) | Time:495255:13:22.02 | Mem:0.00M, Peak:0.00M | Scene | Synchronizing object | table_3_chair_1_leg_-0.19_-0.17
Fra:1 Mem:35.66M (Peak 44.83M) | Time:495255:13:22.02 | Mem:0.00M, Peak:0.00M | Scene | Initializing
Fra:1 Mem:35.66M (Peak 44.83M) | Time:495255:13:22.02 | Mem:0.00M, Peak:0.00M | Scene | Updating Images | Loading table_3_chair_1_leg_-0.19_-0.17_NORMAL
Fra:1 Mem:35.66M (Peak 44.87M) | Time:495255:13:22.04 | Mem:0.00M, Peak:0.00M | Scene | Synchronizing object | table_3_chair_1_leg_-0.19_0.17
Fra:1 Mem:35.66M (Peak 44.87M) | Time:495255:13:22.04 | Mem:0.00M, Peak:0.00M | Scene | Initializing
Fra:1 Mem:35.65M (Peak 44.87M) | Time:495255:13:22.04 | Mem:0.00M, Peak:0.00M | Scene | Updating Images | Loading table_3_chair_1_leg_-0.19_0.17_METAL
Fra:1 Mem:35.69M (Peak 44.87M) | Time:495255:13:22.05 | Mem:0.00M, Peak:0.00M | Scene | Synchronizing object | table_3_chair_1_leg_-0.19_0.17
Fra:1 Mem:35.69M (Peak 44.87M) | Time:495255:13:22.05 | Mem:0.00M, Peak:0.00M | Scene | Initializing
Fra:1 Mem:35.69M (Peak 44.87M) | Time:495255:13:22.05 | Mem:0.00M, Peak:0.00M | Scene | Updating Images | Loading table_3_chair_1_leg_-0.19_0.17_DIFFUSE
Fra:1 Mem:35.71M (Peak 44.90M) | Time:495255:13:22.06 | Mem:0.00M, Peak:0.00M | Scene | Synchronizing object | table_3_chair_1_leg_-0.19_0.17
Fra:1 Mem:35.71M (Peak 44.90M) | Time:495255:13:22.06 | Mem:0.00M, Peak:0.00M | Scene | Initializing
Fra:1 Mem:35.71M (Peak 44.90M) | Time:495255:13:22.06 | Mem:0.00M, Peak:0.00M | Scene | Updating Images | Loading table_3_chair_1_leg_-0.19_0.17_ROUGHNESS
Fra:1 Mem:35.73M (Peak 44.90M) | Time:495255:13:22.07 | Mem:0.00M, Peak:0.00M | Scene | Synchronizing object | table_3_chair_1_leg_-0.19_0.17
Fra:1 Mem:35.73M (Peak 44.90M) | Time:495255:13:22.07 | Mem:0.00M, Peak:0.00M | Scene | Initializing
Fra:1 Mem:35.73M (Peak 44.90M) | Time:495255:13:22.07 | Mem:0.00M, Peak:0.00M | Scene | Updating Images | Loading table_3_chair_1_leg_-0.19_0.17_NORMAL
Fra:1 Mem:35.73M (Peak 44.94M) | Time:495255:13:22.08 | Mem:0.00M, Peak:0.00M | Scene | Synchronizing object | table_3_chair_1_leg_0.19_-0.17
Fra:1 Mem:35.73M (Peak 44.94M) | Time:495255:13:22.08 | Mem:0.00M, Peak:0.00M | Scene | Initializing
Fra:1 Mem:35.73M (Peak 44.94M) | Time:495255:13:22.08 | Mem:0.00M, Peak:0.00M | Scene | Updating Images | Loading table_3_chair_1_leg_0.19_-0.17_METAL
Fra:1 Mem:35.76M (Peak 44.94M) | Time:495255:13:22.10 | Mem:0.00M, Peak:0.00M | Scene | Synchronizing object | table_3_chair_1_leg_0.19_-0.17
Fra:1 Mem:35.76M (Peak 44.94M) | Time:495255:13:22.10 | Mem:0.00M, Peak:0.00M | Scene | Initializing
Fra:1 Mem:35.76M (Peak 44.94M) | Time:495255:13:22.10 | Mem:0.00M, Peak:0.00M | Scene | Updating Images | Loading table_3_chair_1_leg_0.19_-0.17_DIFFUSE
Fra:1 Mem:35.78M (Peak 44.97M) | Time:495255:13:22.11 | Mem:0.00M, Peak:0.00M | Scene | Synchronizing object | table_3_chair_1_leg_0.19_-0.17
Fra:1 Mem:35.78M (Peak 44.97M) | Time:495255:13:22.11 | Mem:0.00M, Peak:0.00M | Scene | Initializing
Fra:1 Mem:35.78M (Peak 44.97M) | Time:495255:13:22.11 | Mem:0.00M, Peak:0.00M | Scene | Updating Images | Loading table_3_chair_1_leg_0.19_-0.17_ROUGHNESS
Fra:1 Mem:35.80M (Peak 44.97M) | Time:495255:13:22.12 | Mem:0.00M, Peak:0.00M | Scene | Synchronizing object | table_3_chair_1_leg_0.19_-0.17
Fra:1 Mem:35.81M (Peak 44.97M) | Time:495255:13:22.12 | Mem:0.00M, Peak:0.00M | Scene | Initializing
Fra:1 Mem:35.80M (Peak 44.97M) | Time:495255:13:22.12 | Mem:0.00M, Peak:0.00M | Scene | Updating Images | Loading table_3_chair_1_leg_0.19_-0.17_NORMAL
Fra:1 Mem:35.80M (Peak 45.02M) | Time:495255:13:22.13 | Mem:0.00M, Peak:0.00M | Scene | Synchronizing object | table_3_chair_1_leg_0.19_0.17
Fra:1 Mem:35.80M (Peak 45.02M) | Time:495255:13:22.13 | Mem:0.00M, Peak:0.00M | Scene | Initializing
Fra:1 Mem:35.80M (Peak 45.02M) | Time:495255:13:22.13 | Mem:0.00M, Peak:0.00M | Scene | Updating Images | Loading table_3_chair_1_leg_0.19_0.17_METAL
Fra:1 Mem:35.83M (Peak 45.02M) | Time:495255:13:22.14 | Mem:0.00M, Peak:0.00M | Scene | Synchronizing object | table_3_chair_1_leg_0.19_0.17
Fra:1 Mem:35.84M (Peak 45.02M) | Time:495255:13:22.14 | Mem:0.00M, Peak:0.00M | Scene | Initializing
Fra:1 Mem:35.83M (Peak 45.02M) | Time:495255:13:22.14 | Mem:0.00M, Peak:0.00M | Scene | Updating Images | Loading table_3_chair_1_leg_0.19_0.17_DIFFUSE
Fra:1 Mem:35.86M (Peak 45.05M) | Time:495255:13:22.16 | Mem:0.00M, Peak:0.00M | Scene | Synchronizing object | table_3_chair_1_leg_0.19_0.17
Fra:1 Mem:35.86M (Peak 45.05M) | Time:495255:13:22.16 | Mem:0.00M, Peak:0.00M | Scene | Initializing
Fra:1 Mem:35.85M (Peak 45.05M) | Time:495255:13:22.16 | Mem:0.00M, Peak:0.00M | Scene | Updating Images | Loading table_3_chair_1_leg_0.19_0.17_ROUGHNESS
Fra:1 Mem:35.88M (Peak 45.05M) | Time:495255:13:22.17 | Mem:0.00M, Peak:0.00M | Scene | Synchronizing object | table_3_chair_1_leg_0.19_0.17
Fra:1 Mem:35.88M (Peak 45.05M) | Time:495255:13:22.17 | Mem:0.00M, Peak:0.00M | Scene | Initializing
Fra:1 Mem:35.88M (Peak 45.05M) | Time:495255:13:22.17 | Mem:0.00M, Peak:0.00M | Scene | Updating Images | Loading table_3_chair_1_leg_0.19_0.17_NORMAL
Fra:1 Mem:35.89M (Peak 45.09M) | Time:495255:13:22.18 | Mem:0.00M, Peak:0.00M | Scene | Synchronizing object | table_3_chair_1_seat
Fra:1 Mem:35.90M (Peak 45.09M) | Time:495255:13:22.18 | Mem:0.00M, Peak:0.00M | Scene | Initializing
Fra:1 Mem:35.90M (Peak 45.09M) | Time:495255:13:22.18 | Mem:0.00M, Peak:0.00M | Scene | Updating Images | Loading table_3_chair_1_seat_DIFFUSE
Fra:1 Mem:35.91M (Peak 45.13M) | Time:495255:13:22.20 | Mem:0.00M, Peak:0.00M | Scene | Synchronizing object | table_3_chair_1_seat
Fra:1 Mem:35.93M (Peak 45.13M) | Time:495255:13:22.20 | Mem:0.00M, Peak:0.00M | Scene | Initializing
Fra:1 Mem:35.92M (Peak 45.13M) | Time:495255:13:22.20 | Mem:0.00M, Peak:0.00M | Scene | Updating Images | Loading table_3_chair_1_seat_ROUGHNESS
Fra:1 Mem:35.94M (Peak 45.13M) | Time:495255:13:22.21 | Mem:0.00M, Peak:0.00M | Scene | Synchronizing object | table_3_chair_1_seat
Fra:1 Mem:35.95M (Peak 45.13M) | Time:495255:13:22.21 | Mem:0.00M, Peak:0.00M | Scene | Initializing
Fra:1 Mem:35.94M (Peak 45.13M) | Time:495255:13:22.21 | Mem:0.00M, Peak:0.00M | Scene | Updating Images | Loading table_3_chair_1_seat_NORMAL
Fra:1 Mem:35.96M (Peak 45.17M) | Time:495255:13:22.23 | Mem:0.00M, Peak:0.00M | Scene | Synchronizing object | table_3_chair_2_back
Fra:1 Mem:35.97M (Peak 45.17M) | Time:495255:13:22.23 | Mem:0.00M, Peak:0.00M | Scene | Initializing
Fra:1 Mem:35.96M (Peak 45.17M) | Time:495255:13:22.23 | Mem:0.00M, Peak:0.00M | Scene | Updating Images | Loading table_3_chair_2_back_DIFFUSE
Fra:1 Mem:35.98M (Peak 45.19M) | Time:495255:13:22.24 | Mem:0.00M, Peak:0.00M | Scene | Synchronizing object | table_3_chair_2_back
Fra:1 Mem:35.99M (Peak 45.19M) | Time:495255:13:22.24 | Mem:0.00M, Peak:0.00M | Scene | Initializing
Fra:1 Mem:35.99M (Peak 45.19M) | Time:495255:13:22.24 | Mem:0.00M, Peak:0.00M | Scene | Updating Images | Loading table_3_chair_2_back_ROUGHNESS
Fra:1 Mem:36.00M (Peak 45.19M) | Time:495255:13:22.25 | Mem:0.00M, Peak:0.00M | Scene | Synchronizing object | table_3_chair_2_back
Fra:1 Mem:36.01M (Peak 45.19M) | Time:495255:13:22.26 | Mem:0.00M, Peak:0.00M | Scene | Initializing
Fra:1 Mem:36.01M (Peak 45.19M) | Time:495255:13:22.26 | Mem:0.00M, Peak:0.00M | Scene | Updating Images | Loading table_3_chair_2_back_NORMAL
Fra:1 Mem:36.01M (Peak 45.23M) | Time:495255:13:22.27 | Mem:0.00M, Peak:0.00M | Scene | Synchronizing object | table_3_chair_2_leg_-0.19_-0.17
Fra:1 Mem:36.01M (Peak 45.23M) | Time:495255:13:22.27 | Mem:0.00M, Peak:0.00M | Scene | Initializing
Fra:1 Mem:36.00M (Peak 45.23M) | Time:495255:13:22.27 | Mem:0.00M, Peak:0.00M | Scene | Updating Images | Loading table_3_chair_2_leg_-0.19_-0.17_METAL
Fra:1 Mem:36.04M (Peak 45.23M) | Time:495255:13:22.28 | Mem:0.00M, Peak:0.00M | Scene | Synchronizing object | table_3_chair_2_leg_-0.19_-0.17
Fra:1 Mem:36.04M (Peak 45.23M) | Time:495255:13:22.28 | Mem:0.00M, Peak:0.00M | Scene | Initializing
Fra:1 Mem:36.04M (Peak 45.23M) | Time:495255:13:22.28 | Mem:0.00M, Peak:0.00M | Scene | Updating Images | Loading table_3_chair_2_leg_-0.19_-0.17_DIFFUSE
Fra:1 Mem:36.06M (Peak 45.25M) | Time:495255:13:22.29 | Mem:0.00M, Peak:0.00M | Scene | Synchronizing object | table_3_chair_2_leg_-0.19_-0.17
Fra:1 Mem:36.06M (Peak 45.25M) | Time:495255:13:22.29 | Mem:0.00M, Peak:0.00M | Scene | Initializing
Fra:1 Mem:36.06M (Peak 45.25M) | Time:495255:13:22.29 | Mem:0.00M, Peak:0.00M | Scene | Updating Images | Loading table_3_chair_2_leg_-0.19_-0.17_ROUGHNESS
Fra:1 Mem:36.08M (Peak 45.25M) | Time:495255:13:22.30 | Mem:0.00M, Peak:0.00M | Scene | Synchronizing object | table_3_chair_2_leg_-0.19_-0.17
Fra:1 Mem:36.08M (Peak 45.25M) | Time:495255:13:22.30 | Mem:0.00M, Peak:0.00M | Scene | Initializing
Fra:1 Mem:36.08M (Peak 45.25M) | Time:495255:13:22.30 | Mem:0.00M, Peak:0.00M | Scene | Updating Images | Loading table_3_chair_2_leg_-0.19_-0.17_NORMAL
Fra:1 Mem:36.08M (Peak 45.29M) | Time:495255:13:22.32 | Mem:0.00M, Peak:0.00M | Scene | Synchronizing object | table_3_chair_2_leg_-0.19_0.17
Fra:1 Mem:36.08M (Peak 45.29M) | Time:495255:13:22.32 | Mem:0.00M, Peak:0.00M | Scene | Initializing
Fra:1 Mem:36.08M (Peak 45.29M) | Time:495255:13:22.32 | Mem:0.00M, Peak:0.00M | Scene | Updating Images | Loading table_3_chair_2_leg_-0.19_0.17_METAL
Fra:1 Mem:36.11M (Peak 45.29M) | Time:495255:13:22.33 | Mem:0.00M, Peak:0.00M | Scene | Synchronizing object | table_3_chair_2_leg_-0.19_0.17
Fra:1 Mem:36.11M (Peak 45.29M) | Time:495255:13:22.33 | Mem:0.00M, Peak:0.00M | Scene | Initializing
Fra:1 Mem:36.11M (Peak 45.29M) | Time:495255:13:22.33 | Mem:0.00M, Peak:0.00M | Scene | Updating Images | Loading table_3_chair_2_leg_-0.19_0.17_DIFFUSE
Fra:1 Mem:36.13M (Peak 45.32M) | Time:495255:13:22.34 | Mem:0.00M, Peak:0.00M | Scene | Synchronizing object | table_3_chair_2_leg_-0.19_0.17
Fra:1 Mem:36.13M (Peak 45.32M) | Time:495255:13:22.34 | Mem:0.00M, Peak:0.00M | Scene | Initializing
Fra:1 Mem:36.13M (Peak 45.32M) | Time:495255:13:22.34 | Mem:0.00M, Peak:0.00M | Scene | Updating Images | Loading table_3_chair_2_leg_-0.19_0.17_ROUGHNESS
Fra:1 Mem:36.15M (Peak 45.32M) | Time:495255:13:22.35 | Mem:0.00M, Peak:0.00M | Scene | Synchronizing object | table_3_chair_2_leg_-0.19_0.17
Fra:1 Mem:36.16M (Peak 45.32M) | Time:495255:13:22.35 | Mem:0.00M, Peak:0.00M | Scene | Initializing
Fra:1 Mem:36.15M (Peak 45.32M) | Time:495255:13:22.35 | Mem:0.00M, Peak:0.00M | Scene | Updating Images | Loading table_3_chair_2_leg_-0.19_0.17_NORMAL
Fra:1 Mem:36.15M (Peak 45.37M) | Time:495255:13:22.37 | Mem:0.00M, Peak:0.00M | Scene | Synchronizing object | table_3_chair_2_leg_0.19_-0.17
Fra:1 Mem:36.15M (Peak 45.37M) | Time:495255:13:22.37 | Mem:0.00M, Peak:0.00M | Scene | Initializing
Fra:1 Mem:36.15M (Peak 45.37M) | Time:495255:13:22.37 | Mem:0.00M, Peak:0.00M | Scene | Updating Images | Loading table_3_chair_2_leg_0.19_-0.17_METAL
Fra:1 Mem:36.18M (Peak 45.37M) | Time:495255:13:22.38 | Mem:0.00M, Peak:0.00M | Scene | Synchronizing object | table_3_chair_2_leg_0.19_-0.17
Fra:1 Mem:36.18M (Peak 45.37M) | Time:495255:13:22.38 | Mem:0.00M, Peak:0.00M | Scene | Initializing
Fra:1 Mem:36.18M (Peak 45.37M) | Time:495255:13:22.38 | Mem:0.00M, Peak:0.00M | Scene | Updating Images | Loading table_3_chair_2_leg_0.19_-0.17_DIFFUSE
Fra:1 Mem:36.21M (Peak 45.39M) | Time:495255:13:22.39 | Mem:0.00M, Peak:0.00M | Scene | Synchronizing object | table_3_chair_2_leg_0.19_-0.17
Fra:1 Mem:36.21M (Peak 45.39M) | Time:495255:13:22.39 | Mem:0.00M, Peak:0.00M | Scene | Initializing
Fra:1 Mem:36.20M (Peak 45.39M) | Time:495255:13:22.39 | Mem:0.00M, Peak:0.00M | Scene | Updating Images | Loading table_3_chair_2_leg_0.19_-0.17_ROUGHNESS
Fra:1 Mem:36.23M (Peak 45.39M) | Time:495255:13:22.40 | Mem:0.00M, Peak:0.00M | Scene | Synchronizing object | table_3_chair_2_leg_0.19_-0.17
Fra:1 Mem:36.23M (Peak 45.39M) | Time:495255:13:22.40 | Mem:0.00M, Peak:0.00M | Scene | Initializing
Fra:1 Mem:36.22M (Peak 45.39M) | Time:495255:13:22.40 | Mem:0.00M, Peak:0.00M | Scene | Updating Images | Loading table_3_chair_2_leg_0.19_-0.17_NORMAL
Fra:1 Mem:36.22M (Peak 45.44M) | Time:495255:13:22.41 | Mem:0.00M, Peak:0.00M | Scene | Synchronizing object | table_3_chair_2_leg_0.19_0.17
Fra:1 Mem:36.23M (Peak 45.44M) | Time:495255:13:22.41 | Mem:0.00M, Peak:0.00M | Scene | Initializing
Fra:1 Mem:36.22M (Peak 45.44M) | Time:495255:13:22.41 | Mem:0.00M, Peak:0.00M | Scene | Updating Images | Loading table_3_chair_2_leg_0.19_0.17_METAL
Fra:1 Mem:36.26M (Peak 45.44M) | Time:495255:13:22.43 | Mem:0.00M, Peak:0.00M | Scene | Synchronizing object | table_3_chair_2_leg_0.19_0.17
Fra:1 Mem:36.26M (Peak 45.44M) | Time:495255:13:22.43 | Mem:0.00M, Peak:0.00M | Scene | Initializing
Fra:1 Mem:36.25M (Peak 45.44M) | Time:495255:13:22.43 | Mem:0.00M, Peak:0.00M | Scene | Updating Images | Loading table_3_chair_2_leg_0.19_0.17_DIFFUSE
Fra:1 Mem:36.28M (Peak 45.47M) | Time:495255:13:22.44 | Mem:0.00M, Peak:0.00M | Scene | Synchronizing object | table_3_chair_2_leg_0.19_0.17
Fra:1 Mem:36.28M (Peak 45.47M) | Time:495255:13:22.44 | Mem:0.00M, Peak:0.00M | Scene | Initializing
Fra:1 Mem:36.28M (Peak 45.47M) | Time:495255:13:22.44 | Mem:0.00M, Peak:0.00M | Scene | Updating Images | Loading table_3_chair_2_leg_0.19_0.17_ROUGHNESS
Fra:1 Mem:36.30M (Peak 45.47M) | Time:495255:13:22.45 | Mem:0.00M, Peak:0.00M | Scene | Synchronizing object | table_3_chair_2_leg_0.19_0.17
Fra:1 Mem:36.30M (Peak 45.47M) | Time:495255:13:22.45 | Mem:0.00M, Peak:0.00M | Scene | Initializing
Fra:1 Mem:36.30M (Peak 45.47M) | Time:495255:13:22.45 | Mem:0.00M, Peak:0.00M | Scene | Updating Images | Loading table_3_chair_2_leg_0.19_0.17_NORMAL
Fra:1 Mem:36.31M (Peak 45.51M) | Time:495255:13:22.46 | Mem:0.00M, Peak:0.00M | Scene | Synchronizing object | table_3_chair_2_seat
Fra:1 Mem:36.33M (Peak 45.51M) | Time:495255:13:22.46 | Mem:0.00M, Peak:0.00M | Scene | Initializing
Fra:1 Mem:36.32M (Peak 45.51M) | Time:495255:13:22.46 | Mem:0.00M, Peak:0.00M | Scene | Updating Images | Loading table_3_chair_2_seat_DIFFUSE
Fra:1 Mem:36.34M (Peak 45.55M) | Time:495255:13:22.48 | Mem:0.00M, Peak:0.00M | Scene | Synchronizing object | table_3_chair_2_seat
Fra:1 Mem:36.35M (Peak 45.55M) | Time:495255:13:22.48 | Mem:0.00M, Peak:0.00M | Scene | Initializing
Fra:1 Mem:36.35M (Peak 45.55M) | Time:495255:13:22.48 | Mem:0.00M, Peak:0.00M | Scene | Updating Images | Loading table_3_chair_2_seat_ROUGHNESS
Fra:1 Mem:36.36M (Peak 45.55M) | Time:495255:13:22.49 | Mem:0.00M, Peak:0.00M | Scene | Synchronizing object | table_3_chair_2_seat
Fra:1 Mem:36.37M (Peak 45.55M) | Time:495255:13:22.49 | Mem:0.00M, Peak:0.00M | Scene | Initializing
Fra:1 Mem:36.37M (Peak 45.55M) | Time:495255:13:22.49 | Mem:0.00M, Peak:0.00M | Scene | Updating Images | Loading table_3_chair_2_seat_NORMAL
Fra:1 Mem:36.38M (Peak 45.59M) | Time:495255:13:22.51 | Mem:0.00M, Peak:0.00M | Scene | Synchronizing object | table_3_chair_3_back
Fra:1 Mem:36.39M (Peak 45.59M) | Time:495255:13:22.51 | Mem:0.00M, Peak:0.00M | Scene | Initializing
Fra:1 Mem:36.39M (Peak 45.59M) | Time:495255:13:22.51 | Mem:0.00M, Peak:0.00M | Scene | Updating Images | Loading table_3_chair_3_back_DIFFUSE
Fra:1 Mem:36.40M (Peak 45.61M) | Time:495255:13:22.52 | Mem:0.00M, Peak:0.00M | Scene | Synchronizing object | table_3_chair_3_back
Fra:1 Mem:36.41M (Peak 45.61M) | Time:495255:13:22.52 | Mem:0.00M, Peak:0.00M | Scene | Initializing
Fra:1 Mem:36.41M (Peak 45.61M) | Time:495255:13:22.52 | Mem:0.00M, Peak:0.00M | Scene | Updating Images | Loading table_3_chair_3_back_ROUGHNESS
Fra:1 Mem:36.42M (Peak 45.61M) | Time:495255:13:22.53 | Mem:0.00M, Peak:0.00M | Scene | Synchronizing object | table_3_chair_3_back
Fra:1 Mem:36.44M (Peak 45.61M) | Time:495255:13:22.53 | Mem:0.00M, Peak:0.00M | Scene | Initializing
Fra:1 Mem:36.43M (Peak 45.61M) | Time:495255:13:22.53 | Mem:0.00M, Peak:0.00M | Scene | Updating Images | Loading table_3_chair_3_back_NORMAL
Fra:1 Mem:36.43M (Peak 45.66M) | Time:495255:13:22.55 | Mem:0.00M, Peak:0.00M | Scene | Synchronizing object | table_3_chair_3_leg_-0.19_-0.17
Fra:1 Mem:36.43M (Peak 45.66M) | Time:495255:13:22.55 | Mem:0.00M, Peak:0.00M | Scene | Initializing
Fra:1 Mem:36.43M (Peak 45.66M) | Time:495255:13:22.55 | Mem:0.00M, Peak:0.00M | Scene | Updating Images | Loading table_3_chair_3_leg_-0.19_-0.17_METAL
Fra:1 Mem:36.46M (Peak 45.66M) | Time:495255:13:22.56 | Mem:0.00M, Peak:0.00M | Scene | Synchronizing object | table_3_chair_3_leg_-0.19_-0.17
Fra:1 Mem:36.46M (Peak 45.66M) | Time:495255:13:22.56 | Mem:0.00M, Peak:0.00M | Scene | Initializing
Fra:1 Mem:36.46M (Peak 45.66M) | Time:495255:13:22.56 | Mem:0.00M, Peak:0.00M | Scene | Updating Images | Loading table_3_chair_3_leg_-0.19_-0.17_DIFFUSE
Fra:1 Mem:36.48M (Peak 45.67M) | Time:495255:13:22.57 | Mem:0.00M, Peak:0.00M | Scene | Synchronizing object | table_3_chair_3_leg_-0.19_-0.17
Fra:1 Mem:36.48M (Peak 45.67M) | Time:495255:13:22.57 | Mem:0.00M, Peak:0.00M | Scene | Initializing
Fra:1 Mem:36.48M (Peak 45.67M) | Time:495255:13:22.57 | Mem:0.00M, Peak:0.00M | Scene | Updating Images | Loading table_3_chair_3_leg_-0.19_-0.17_ROUGHNESS
Fra:1 Mem:36.50M (Peak 45.67M) | Time:495255:13:22.58 | Mem:0.00M, Peak:0.00M | Scene | Synchronizing object | table_3_chair_3_leg_-0.19_-0.17
Fra:1 Mem:36.51M (Peak 45.67M) | Time:495255:13:22.58 | Mem:0.00M, Peak:0.00M | Scene | Initializing
Fra:1 Mem:36.50M (Peak 45.67M) | Time:495255:13:22.58 | Mem:0.00M, Peak:0.00M | Scene | Updating Images | Loading table_3_chair_3_leg_-0.19_-0.17_NORMAL
Fra:1 Mem:36.50M (Peak 45.71M) | Time:495255:13:22.60 | Mem:0.00M, Peak:0.00M | Scene | Synchronizing object | table_3_chair_3_leg_-0.19_0.17
Fra:1 Mem:36.50M (Peak 45.71M) | Time:495255:13:22.60 | Mem:0.00M, Peak:0.00M | Scene | Initializing
Fra:1 Mem:36.50M (Peak 45.71M) | Time:495255:13:22.60 | Mem:0.00M, Peak:0.00M | Scene | Updating Images | Loading table_3_chair_3_leg_-0.19_0.17_METAL
Fra:1 Mem:36.53M (Peak 45.71M) | Time:495255:13:22.61 | Mem:0.00M, Peak:0.00M | Scene | Synchronizing object | table_3_chair_3_leg_-0.19_0.17
Fra:1 Mem:36.53M (Peak 45.71M) | Time:495255:13:22.61 | Mem:0.00M, Peak:0.00M | Scene | Initializing
Fra:1 Mem:36.53M (Peak 45.71M) | Time:495255:13:22.61 | Mem:0.00M, Peak:0.00M | Scene | Updating Images | Loading table_3_chair_3_leg_-0.19_0.17_DIFFUSE
Fra:1 Mem:36.55M (Peak 45.74M) | Time:495255:13:22.62 | Mem:0.00M, Peak:0.00M | Scene | Synchronizing object | table_3_chair_3_leg_-0.19_0.17
Fra:1 Mem:36.56M (Peak 45.74M) | Time:495255:13:22.62 | Mem:0.00M, Peak:0.00M | Scene | Initializing
Fra:1 Mem:36.55M (Peak 45.74M) | Time:495255:13:22.62 | Mem:0.00M, Peak:0.00M | Scene | Updating Images | Loading table_3_chair_3_leg_-0.19_0.17_ROUGHNESS
Fra:1 Mem:36.58M (Peak 45.74M) | Time:495255:13:22.63 | Mem:0.00M, Peak:0.00M | Scene | Synchronizing object | table_3_chair_3_leg_-0.19_0.17
Fra:1 Mem:36.58M (Peak 45.74M) | Time:495255:13:22.63 | Mem:0.00M, Peak:0.00M | Scene | Initializing
Fra:1 Mem:36.57M (Peak 45.74M) | Time:495255:13:22.63 | Mem:0.00M, Peak:0.00M | Scene | Updating Images | Loading table_3_chair_3_leg_-0.19_0.17_NORMAL
Fra:1 Mem:36.57M (Peak 45.79M) | Time:495255:13:22.65 | Mem:0.00M, Peak:0.00M | Scene | Synchronizing object | table_3_chair_3_leg_0.19_-0.17
Fra:1 Mem:36.58M (Peak 45.79M) | Time:495255:13:22.65 | Mem:0.00M, Peak:0.00M | Scene | Initializing
Fra:1 Mem:36.57M (Peak 45.79M) | Time:495255:13:22.65 | Mem:0.00M, Peak:0.00M | Scene | Updating Images | Loading table_3_chair_3_leg_0.19_-0.17_METAL
Fra:1 Mem:36.61M (Peak 45.79M) | Time:495255:13:22.66 | Mem:0.00M, Peak:0.00M | Scene | Synchronizing object | table_3_chair_3_leg_0.19_-0.17
Fra:1 Mem:36.61M (Peak 45.79M) | Time:495255:13:22.66 | Mem:0.00M, Peak:0.00M | Scene | Initializing
Fra:1 Mem:36.60M (Peak 45.79M) | Time:495255:13:22.66 | Mem:0.00M, Peak:0.00M | Scene | Updating Images | Loading table_3_chair_3_leg_0.19_-0.17_DIFFUSE
Fra:1 Mem:36.63M (Peak 45.82M) | Time:495255:13:22.67 | Mem:0.00M, Peak:0.00M | Scene | Synchronizing object | table_3_chair_3_leg_0.19_-0.17
Fra:1 Mem:36.63M (Peak 45.82M) | Time:495255:13:22.67 | Mem:0.00M, Peak:0.00M | Scene | Initializing
Fra:1 Mem:36.63M (Peak 45.82M) | Time:495255:13:22.67 | Mem:0.00M, Peak:0.00M | Scene | Updating Images | Loading table_3_chair_3_leg_0.19_-0.17_ROUGHNESS
Fra:1 Mem:36.65M (Peak 45.82M) | Time:495255:13:22.68 | Mem:0.00M, Peak:0.00M | Scene | Synchronizing object | table_3_chair_3_leg_0.19_-0.17
Fra:1 Mem:36.65M (Peak 45.82M) | Time:495255:13:22.68 | Mem:0.00M, Peak:0.00M | Scene | Initializing
Fra:1 Mem:36.65M (Peak 45.82M) | Time:495255:13:22.68 | Mem:0.00M, Peak:0.00M | Scene | Updating Images | Loading table_3_chair_3_leg_0.19_-0.17_NORMAL
Fra:1 Mem:36.65M (Peak 45.86M) | Time:495255:13:22.70 | Mem:0.00M, Peak:0.00M | Scene | Synchronizing object | table_3_chair_3_leg_0.19_0.17
Fra:1 Mem:36.65M (Peak 45.86M) | Time:495255:13:22.70 | Mem:0.00M, Peak:0.00M | Scene | Initializing
Fra:1 Mem:36.65M (Peak 45.86M) | Time:495255:13:22.70 | Mem:0.00M, Peak:0.00M | Scene | Updating Images | Loading table_3_chair_3_leg_0.19_0.17_METAL
Fra:1 Mem:36.68M (Peak 45.86M) | Time:495255:13:22.71 | Mem:0.00M, Peak:0.00M | Scene | Synchronizing object | table_3_chair_3_leg_0.19_0.17
Fra:1 Mem:36.68M (Peak 45.86M) | Time:495255:13:22.71 | Mem:0.00M, Peak:0.00M | Scene | Initializing
Fra:1 Mem:36.68M (Peak 45.86M) | Time:495255:13:22.71 | Mem:0.00M, Peak:0.00M | Scene | Updating Images | Loading table_3_chair_3_leg_0.19_0.17_DIFFUSE
Fra:1 Mem:36.70M (Peak 45.89M) | Time:495255:13:22.72 | Mem:0.00M, Peak:0.00M | Scene | Synchronizing object | table_3_chair_3_leg_0.19_0.17
Fra:1 Mem:36.70M (Peak 45.89M) | Time:495255:13:22.72 | Mem:0.00M, Peak:0.00M | Scene | Initializing
Fra:1 Mem:36.70M (Peak 45.89M) | Time:495255:13:22.72 | Mem:0.00M, Peak:0.00M | Scene | Updating Images | Loading table_3_chair_3_leg_0.19_0.17_ROUGHNESS
Fra:1 Mem:36.72M (Peak 45.89M) | Time:495255:13:22.73 | Mem:0.00M, Peak:0.00M | Scene | Synchronizing object | table_3_chair_3_leg_0.19_0.17
Fra:1 Mem:36.72M (Peak 45.89M) | Time:495255:13:22.73 | Mem:0.00M, Peak:0.00M | Scene | Initializing
Fra:1 Mem:36.72M (Peak 45.89M) | Time:495255:13:22.73 | Mem:0.00M, Peak:0.00M | Scene | Updating Images | Loading table_3_chair_3_leg_0.19_0.17_NORMAL
Fra:1 Mem:36.74M (Peak 45.93M) | Time:495255:13:22.75 | Mem:0.00M, Peak:0.00M | Scene | Synchronizing object | table_3_chair_3_seat
Fra:1 Mem:36.75M (Peak 45.93M) | Time:495255:13:22.75 | Mem:0.00M, Peak:0.00M | Scene | Initializing
Fra:1 Mem:36.75M (Peak 45.93M) | Time:495255:13:22.75 | Mem:0.00M, Peak:0.00M | Scene | Updating Images | Loading table_3_chair_3_seat_DIFFUSE
Fra:1 Mem:36.76M (Peak 45.97M) | Time:495255:13:22.76 | Mem:0.00M, Peak:0.00M | Scene | Synchronizing object | table_3_chair_3_seat
Fra:1 Mem:36.77M (Peak 45.97M) | Time:495255:13:22.76 | Mem:0.00M, Peak:0.00M | Scene | Initializing
Fra:1 Mem:36.77M (Peak 45.97M) | Time:495255:13:22.76 | Mem:0.00M, Peak:0.00M | Scene | Updating Images | Loading table_3_chair_3_seat_ROUGHNESS
Fra:1 Mem:36.78M (Peak 45.97M) | Time:495255:13:22.77 | Mem:0.00M, Peak:0.00M | Scene | Synchronizing object | table_3_chair_3_seat
Fra:1 Mem:36.79M (Peak 45.97M) | Time:495255:13:22.77 | Mem:0.00M, Peak:0.00M | Scene | Initializing
Fra:1 Mem:36.79M (Peak 45.97M) | Time:495255:13:22.77 | Mem:0.00M, Peak:0.00M | Scene | Updating Images | Loading table_3_chair_3_seat_NORMAL
Fra:1 Mem:36.79M (Peak 46.02M) | Time:495255:13:22.79 | Mem:0.00M, Peak:0.00M | Scene | Synchronizing object | table_3_gray_green_tray
Fra:1 Mem:36.79M (Peak 46.02M) | Time:495255:13:22.79 | Mem:0.00M, Peak:0.00M | Scene | Initializing
Fra:1 Mem:36.79M (Peak 46.02M) | Time:495255:13:22.79 | Mem:0.00M, Peak:0.00M | Scene | Updating Images | Loading table_3_gray_green_tray_DIFFUSE
Fra:1 Mem:36.82M (Peak 46.02M) | Time:495255:13:22.80 | Mem:0.00M, Peak:0.00M | Scene | Synchronizing object | table_3_gray_green_tray
Fra:1 Mem:36.82M (Peak 46.02M) | Time:495255:13:22.80 | Mem:0.00M, Peak:0.00M | Scene | Initializing
Fra:1 Mem:36.81M (Peak 46.02M) | Time:495255:13:22.80 | Mem:0.00M, Peak:0.00M | Scene | Updating Images | Loading table_3_gray_green_tray_ROUGHNESS
Fra:1 Mem:36.84M (Peak 46.02M) | Time:495255:13:22.81 | Mem:0.00M, Peak:0.00M | Scene | Synchronizing object | table_3_gray_green_tray
Fra:1 Mem:36.84M (Peak 46.02M) | Time:495255:13:22.81 | Mem:0.00M, Peak:0.00M | Scene | Initializing
Fra:1 Mem:36.83M (Peak 46.02M) | Time:495255:13:22.81 | Mem:0.00M, Peak:0.00M | Scene | Updating Images | Loading table_3_gray_green_tray_NORMAL
Fra:1 Mem:36.89M (Peak 46.05M) | Time:495255:13:22.83 | Mem:0.00M, Peak:0.00M | Scene | Synchronizing object | table_3_paper_cup
Fra:1 Mem:36.90M (Peak 46.05M) | Time:495255:13:22.83 | Mem:0.00M, Peak:0.00M | Scene | Initializing
Fra:1 Mem:36.89M (Peak 46.05M) | Time:495255:13:22.83 | Mem:0.00M, Peak:0.00M | Scene | Updating Images | Loading table_3_paper_cup_DIFFUSE
Fra:1 Mem:36.92M (Peak 46.11M) | Time:495255:13:22.84 | Mem:0.00M, Peak:0.00M | Scene | Synchronizing object | table_3_paper_cup
Fra:1 Mem:36.92M (Peak 46.11M) | Time:495255:13:22.84 | Mem:0.00M, Peak:0.00M | Scene | Initializing
Fra:1 Mem:36.91M (Peak 46.11M) | Time:495255:13:22.84 | Mem:0.00M, Peak:0.00M | Scene | Updating Images | Loading table_3_paper_cup_ROUGHNESS
Fra:1 Mem:36.94M (Peak 46.11M) | Time:495255:13:22.86 | Mem:0.00M, Peak:0.00M | Scene | Synchronizing object | table_3_paper_cup
Fra:1 Mem:36.94M (Peak 46.11M) | Time:495255:13:22.86 | Mem:0.00M, Peak:0.00M | Scene | Initializing
Fra:1 Mem:36.94M (Peak 46.11M) | Time:495255:13:22.86 | Mem:0.00M, Peak:0.00M | Scene | Updating Images | Loading table_3_paper_cup_NORMAL
Fra:1 Mem:36.95M (Peak 46.15M) | Time:495255:13:22.87 | Mem:0.00M, Peak:0.00M | Scene | Synchronizing object | table_3_round_table_base
Fra:1 Mem:36.96M (Peak 46.15M) | Time:495255:13:22.87 | Mem:0.00M, Peak:0.00M | Scene | Initializing
Fra:1 Mem:36.96M (Peak 46.15M) | Time:495255:13:22.87 | Mem:0.00M, Peak:0.00M | Scene | Updating Images | Loading table_3_round_table_base_METAL
Fra:1 Mem:36.99M (Peak 46.17M) | Time:495255:13:22.88 | Mem:0.00M, Peak:0.00M | Scene | Synchronizing object | table_3_round_table_base
Fra:1 Mem:36.99M (Peak 46.17M) | Time:495255:13:22.88 | Mem:0.00M, Peak:0.00M | Scene | Initializing
Fra:1 Mem:36.99M (Peak 46.17M) | Time:495255:13:22.88 | Mem:0.00M, Peak:0.00M | Scene | Updating Images | Loading table_3_round_table_base_DIFFUSE
Fra:1 Mem:37.01M (Peak 46.21M) | Time:495255:13:22.90 | Mem:0.00M, Peak:0.00M | Scene | Synchronizing object | table_3_round_table_base
Fra:1 Mem:37.01M (Peak 46.21M) | Time:495255:13:22.90 | Mem:0.00M, Peak:0.00M | Scene | Initializing
Fra:1 Mem:37.01M (Peak 46.21M) | Time:495255:13:22.90 | Mem:0.00M, Peak:0.00M | Scene | Updating Images | Loading table_3_round_table_base_ROUGHNESS
Fra:1 Mem:37.03M (Peak 46.21M) | Time:495255:13:22.91 | Mem:0.00M, Peak:0.00M | Scene | Synchronizing object | table_3_round_table_base
Fra:1 Mem:37.03M (Peak 46.21M) | Time:495255:13:22.91 | Mem:0.00M, Peak:0.00M | Scene | Initializing
Fra:1 Mem:37.03M (Peak 46.21M) | Time:495255:13:22.91 | Mem:0.00M, Peak:0.00M | Scene | Updating Images | Loading table_3_round_table_base_NORMAL
Fra:1 Mem:37.04M (Peak 46.25M) | Time:495255:13:22.93 | Mem:0.00M, Peak:0.00M | Scene | Synchronizing object | table_3_sandwich_half_a
Fra:1 Mem:37.04M (Peak 46.25M) | Time:495255:13:22.93 | Mem:0.00M, Peak:0.00M | Scene | Initializing
Fra:1 Mem:37.03M (Peak 46.25M) | Time:495255:13:22.93 | Mem:0.00M, Peak:0.00M | Scene | Updating Images | Loading table_3_sandwich_half_a_DIFFUSE
Fra:1 Mem:37.06M (Peak 46.25M) | Time:495255:13:22.94 | Mem:0.00M, Peak:0.00M | Scene | Synchronizing object | table_3_sandwich_half_a
Fra:1 Mem:37.06M (Peak 46.25M) | Time:495255:13:22.94 | Mem:0.00M, Peak:0.00M | Scene | Initializing
Fra:1 Mem:37.06M (Peak 46.25M) | Time:495255:13:22.94 | Mem:0.00M, Peak:0.00M | Scene | Updating Images | Loading table_3_sandwich_half_a_ROUGHNESS
Info: Baking map saved to internal image, save it externally or pack it
Info: Baking map saved to internal image, save it externally or pack it
Info: Baking map saved to internal image, save it externally or pack it
Info: Baking map saved to internal image, save it externally or pack it
Info: Baking map saved to internal image, save it externally or pack it
Info: Baking map saved to internal image, save it externally or pack it
Info: Baking map saved to internal image, save it externally or pack it
Info: Baking map saved to internal image, save it externally or pack it
Info: Baking map saved to internal image, save it externally or pack it
Info: Baking map saved to internal image, save it externally or pack it
Info: Baking map saved to internal image, save it externally or pack it
Info: Baking map saved to internal image, save it externally or pack it
Info: Baking map saved to internal image, save it externally or pack it
Info: Baking map saved to internal image, save it externally or pack it
Info: Baking map saved to internal image, save it externally or pack it
Info: Baking map saved to internal image, save it externally or pack it
Info: Baking map saved to internal image, save it externally or pack it
Info: Baking map saved to internal image, save it externally or pack it
Info: Baking map saved to internal image, save it externally or pack it
Info: Baking map saved to internal image, save it externally or pack it
Info: Baking map saved to internal image, save it externally or pack it
Info: Baking map saved to internal image, save it externally or pack it
Info: Baking map saved to internal image, save it externally or pack it
Info: Baking map saved to internal image, save it externally or pack it
Info: Baking map saved to internal image, save it externally or pack it
Info: Baking map saved to internal image, save it externally or pack it
Info: Baking map saved to internal image, save it externally or pack it
Info: Baking map saved to internal image, save it externally or pack it
Info: Baking map saved to internal image, save it externally or pack it
Info: Baking map saved to internal image, save it externally or pack it
Info: Baking map saved to internal image, save it externally or pack it
Info: Baking map saved to internal image, save it externally or pack it
Info: Baking map saved to internal image, save it externally or pack it
Info: Baking map saved to internal image, save it externally or pack it
Info: Baking map saved to internal image, save it externally or pack it
Info: Baking map saved to internal image, save it externally or pack it
Info: Baking map saved to internal image, save it externally or pack it
Info: Baking map saved to internal image, save it externally or pack it
Info: Baking map saved to internal image, save it externally or pack it
Info: Baking map saved to internal image, save it externally or pack it
Info: Baking map saved to internal image, save it externally or pack it
Info: Baking map saved to internal image, save it externally or pack it
Info: Baking map saved to internal image, save it externally or pack it
Info: Baking map saved to internal image, save it externally or pack it
Info: Baking map saved to internal image, save it externally or pack it
Info: Baking map saved to internal image, save it externally or pack it
Info: Baking map saved to internal image, save it externally or pack it
Info: Baking map saved to internal image, save it externally or pack it
Info: Baking map saved to internal image, save it externally or pack it
Info: Baking map saved to internal image, save it externally or pack it
Info: Baking map saved to internal image, save it externally or pack it
Info: Baking map saved to internal image, save it externally or pack it
Info: Baking map saved to internal image, save it externally or pack it
Info: Baking map saved to internal image, save it externally or pack it
Info: Baking map saved to internal image, save it externally or pack it
Info: Baking map saved to internal image, save it externally or pack it
Info: Baking map saved to internal image, save it externally or pack it
Info: Baking map saved to internal image, save it externally or pack it
Info: Baking map saved to internal image, save it externally or pack it
Info: Baking map saved to internal image, save it externally or pack it
Info: Baking map saved to internal image, save it externally or pack it
Info: Baking map saved to internal image, save it externally or pack it
Info: Baking map saved to internal image, save it externally or pack it
Info: Baking map saved to internal image, save it externally or pack it
Info: Baking map saved to internal image, save it externally or pack it
Info: Baking map saved to internal image, save it externally or pack it
Info: Baking map saved to internal image, save it externally or pack it
Info: Baking map saved to internal image, save it externally or pack it
Info: Baking map saved to internal image, save it externally or pack it
Info: Baking map saved to internal image, save it externally or pack it
Info: Baking map saved to internal image, save it externally or pack it
Info: Baking map saved to internal image, save it externally or pack it
Info: Baking map saved to internal image, save it externally or pack it
Info: Baking map saved to internal image, save it externally or pack it
Info: Baking map saved to internal image, save it externally or pack it
Info: Baking map saved to internal image, save it externally or pack it
Info: Baking map saved to internal image, save it externally or pack it
Info: Baking map saved to internal image, save it externally or pack it
Info: Baking map saved to internal image, save it externally or pack it
Info: Baking map saved to internal image, save it externally or pack it
Info: Baking map saved to internal image, save it externally or pack it
Info: Baking map saved to internal image, save it externally or pack it
Info: Baking map saved to internal image, save it externally or pack it
Info: Baking map saved to internal image, save it externally or pack it
Info: Baking map saved to internal image, save it externally or pack it
Info: Baking map saved to internal image, save it externally or pack it
Info: Baking map saved to internal image, save it externally or pack it
Info: Baking map saved to internal image, save it externally or pack it
Info: Baking map saved to internal image, save it externally or pack it
Info: Baking map saved to internal image, save it externally or pack it
Info: Baking map saved to internal image, save it externally or pack it
Info: Baking map saved to internal image, save it externally or pack it
Info: Baking map saved to internal image, save it externally or pack it
Info: Baking map saved to internal image, save it externally or pack it
Info: Baking map saved to internal image, save it externally or pack it
Info: Baking map saved to internal image, save it externally or pack it
Info: Baking map saved to internal image, save it externally or pack it
Info: Baking map saved to internal image, save it externally or pack it
Info: Baking map saved to internal image, save it externally or pack it
Info: Baking map saved to internal image, save it externally or pack it
Info: Baking map saved to internal image, save it externally or pack it
Info: Baking map saved to internal image, save it externally or pack it
Info: Baking map saved to internal image, save it externally or pack it
Info: Baking map saved to internal image, save it externally or pack it
Info: Baking map saved to internal image, save it externally or pack it
Info: Baking map saved to internal image, save it externally or pack it
Info: Baking map saved to internal image, save it externally or pack it
Info: Baking map saved to internal image, save it externally or pack it
Info: Baking map saved to internal image, save it externally or pack it
Info: Baking map saved to internal image, save it externally or pack it
Info: Baking map saved to internal image, save it externally or pack it
Info: Baking map saved to internal image, save it externally or pack it
Info: Baking map saved to internal image, save it externally or pack it
Info: Baking map saved to internal image, save it externally or pack it
Fra:1 Mem:37.08M (Peak 46.25M) | Time:495255:13:22.95 | Mem:0.00M, Peak:0.00M | Scene | Synchronizing object | table_3_sandwich_half_a
Fra:1 Mem:37.08M (Peak 46.25M) | Time:495255:13:22.95 | Mem:0.00M, Peak:0.00M | Scene | Initializing
Fra:1 Mem:37.08M (Peak 46.25M) | Time:495255:13:22.95 | Mem:0.00M, Peak:0.00M | Scene | Updating Images | Loading table_3_sandwich_half_a_NORMAL
Fra:1 Mem:37.10M (Peak 46.29M) | Time:495255:13:22.97 | Mem:0.00M, Peak:0.00M | Scene | Synchronizing object | table_3_sandwich_half_b
Fra:1 Mem:37.10M (Peak 46.29M) | Time:495255:13:22.97 | Mem:0.00M, Peak:0.00M | Scene | Initializing
Fra:1 Mem:37.10M (Peak 46.29M) | Time:495255:13:22.97 | Mem:0.00M, Peak:0.00M | Scene | Updating Images | Loading table_3_sandwich_half_b_DIFFUSE
Fra:1 Mem:37.12M (Peak 46.31M) | Time:495255:13:22.98 | Mem:0.00M, Peak:0.00M | Scene | Synchronizing object | table_3_sandwich_half_b
Fra:1 Mem:37.12M (Peak 46.31M) | Time:495255:13:22.98 | Mem:0.00M, Peak:0.00M | Scene | Initializing
Fra:1 Mem:37.12M (Peak 46.31M) | Time:495255:13:22.98 | Mem:0.00M, Peak:0.00M | Scene | Updating Images | Loading table_3_sandwich_half_b_ROUGHNESS
Fra:1 Mem:37.15M (Peak 46.31M) | Time:495255:13:22.99 | Mem:0.00M, Peak:0.00M | Scene | Synchronizing object | table_3_sandwich_half_b
Fra:1 Mem:37.15M (Peak 46.31M) | Time:495255:13:22.99 | Mem:0.00M, Peak:0.00M | Scene | Initializing
Fra:1 Mem:37.14M (Peak 46.31M) | Time:495255:13:22.99 | Mem:0.00M, Peak:0.00M | Scene | Updating Images | Loading table_3_sandwich_half_b_NORMAL
Fra:1 Mem:37.17M (Peak 46.36M) | Time:495255:13:23.01 | Mem:0.00M, Peak:0.00M | Scene | Synchronizing object | table_3_sandwich_plate
Fra:1 Mem:37.17M (Peak 46.36M) | Time:495255:13:23.01 | Mem:0.00M, Peak:0.00M | Scene | Initializing
Fra:1 Mem:37.16M (Peak 46.36M) | Time:495255:13:23.01 | Mem:0.00M, Peak:0.00M | Scene | Updating Images | Loading table_3_sandwich_plate_DIFFUSE
Fra:1 Mem:37.19M (Peak 46.37M) | Time:495255:13:23.02 | Mem:0.00M, Peak:0.00M | Scene | Synchronizing object | table_3_sandwich_plate
Fra:1 Mem:37.19M (Peak 46.37M) | Time:495255:13:23.02 | Mem:0.00M, Peak:0.00M | Scene | Initializing
Fra:1 Mem:37.19M (Peak 46.37M) | Time:495255:13:23.02 | Mem:0.00M, Peak:0.00M | Scene | Updating Images | Loading table_3_sandwich_plate_ROUGHNESS
Fra:1 Mem:37.21M (Peak 46.37M) | Time:495255:13:23.03 | Mem:0.00M, Peak:0.00M | Scene | Synchronizing object | table_3_sandwich_plate
Fra:1 Mem:37.21M (Peak 46.37M) | Time:495255:13:23.03 | Mem:0.00M, Peak:0.00M | Scene | Initializing
Fra:1 Mem:37.21M (Peak 46.37M) | Time:495255:13:23.03 | Mem:0.00M, Peak:0.00M | Scene | Updating Images | Loading table_3_sandwich_plate_NORMAL
Fra:1 Mem:37.24M (Peak 46.42M) | Time:495255:13:23.05 | Mem:0.00M, Peak:0.00M | Scene | Synchronizing object | table_3_square_tabletop
Fra:1 Mem:37.25M (Peak 46.42M) | Time:495255:13:23.05 | Mem:0.00M, Peak:0.00M | Scene | Initializing
Fra:1 Mem:37.25M (Peak 46.42M) | Time:495255:13:23.05 | Mem:0.00M, Peak:0.00M | Scene | Updating Images | Loading table_3_square_tabletop_DIFFUSE
Fra:1 Mem:37.26M (Peak 46.47M) | Time:495255:13:23.06 | Mem:0.00M, Peak:0.00M | Scene | Synchronizing object | table_3_square_tabletop
Fra:1 Mem:37.27M (Peak 46.47M) | Time:495255:13:23.06 | Mem:0.00M, Peak:0.00M | Scene | Initializing
Fra:1 Mem:37.27M (Peak 46.47M) | Time:495255:13:23.06 | Mem:0.00M, Peak:0.00M | Scene | Updating Images | Loading table_3_square_tabletop_ROUGHNESS
Fra:1 Mem:37.28M (Peak 46.47M) | Time:495255:13:23.07 | Mem:0.00M, Peak:0.00M | Scene | Synchronizing object | table_3_square_tabletop
Fra:1 Mem:37.30M (Peak 46.47M) | Time:495255:13:23.07 | Mem:0.00M, Peak:0.00M | Scene | Initializing
Fra:1 Mem:37.29M (Peak 46.47M) | Time:495255:13:23.07 | Mem:0.00M, Peak:0.00M | Scene | Updating Images | Loading table_3_square_tabletop_NORMAL
Fra:1 Mem:37.29M (Peak 46.52M) | Time:495255:13:23.09 | Mem:0.00M, Peak:0.00M | Scene | Synchronizing object | trash_can_metal_lid
Fra:1 Mem:37.30M (Peak 46.52M) | Time:495255:13:23.09 | Mem:0.00M, Peak:0.00M | Scene | Initializing
Fra:1 Mem:37.29M (Peak 46.52M) | Time:495255:13:23.09 | Mem:0.00M, Peak:0.00M | Scene | Updating Images | Loading trash_can_metal_lid_METAL
Fra:1 Mem:37.32M (Peak 46.52M) | Time:495255:13:23.10 | Mem:0.00M, Peak:0.00M | Scene | Synchronizing object | trash_can_metal_lid
Fra:1 Mem:37.33M (Peak 46.52M) | Time:495255:13:23.10 | Mem:0.00M, Peak:0.00M | Scene | Initializing
Fra:1 Mem:37.32M (Peak 46.52M) | Time:495255:13:23.10 | Mem:0.00M, Peak:0.00M | Scene | Updating Images | Loading trash_can_metal_lid_DIFFUSE
Fra:1 Mem:37.34M (Peak 46.54M) | Time:495255:13:23.11 | Mem:0.00M, Peak:0.00M | Scene | Synchronizing object | trash_can_metal_lid
Fra:1 Mem:37.35M (Peak 46.54M) | Time:495255:13:23.11 | Mem:0.00M, Peak:0.00M | Scene | Initializing
Fra:1 Mem:37.34M (Peak 46.54M) | Time:495255:13:23.11 | Mem:0.00M, Peak:0.00M | Scene | Updating Images | Loading trash_can_metal_lid_ROUGHNESS
Fra:1 Mem:37.37M (Peak 46.54M) | Time:495255:13:23.13 | Mem:0.00M, Peak:0.00M | Scene | Synchronizing object | trash_can_metal_lid
Fra:1 Mem:37.37M (Peak 46.54M) | Time:495255:13:23.13 | Mem:0.00M, Peak:0.00M | Scene | Initializing
Fra:1 Mem:37.37M (Peak 46.54M) | Time:495255:13:23.13 | Mem:0.00M, Peak:0.00M | Scene | Updating Images | Loading trash_can_metal_lid_NORMAL
Fra:1 Mem:37.37M (Peak 46.58M) | Time:495255:13:23.14 | Mem:0.00M, Peak:0.00M | Scene | Synchronizing object | warm_wall_sconce_lens_0
Fra:1 Mem:37.37M (Peak 46.58M) | Time:495255:13:23.14 | Mem:0.00M, Peak:0.00M | Scene | Initializing
Fra:1 Mem:37.37M (Peak 46.58M) | Time:495255:13:23.14 | Mem:0.00M, Peak:0.00M | Scene | Updating Images | Loading warm_wall_sconce_lens_0_DIFFUSE
Fra:1 Mem:37.39M (Peak 46.58M) | Time:495255:13:23.16 | Mem:0.00M, Peak:0.00M | Scene | Synchronizing object | warm_wall_sconce_lens_0
Fra:1 Mem:37.40M (Peak 46.58M) | Time:495255:13:23.16 | Mem:0.00M, Peak:0.00M | Scene | Initializing
Fra:1 Mem:37.39M (Peak 46.58M) | Time:495255:13:23.16 | Mem:0.00M, Peak:0.00M | Scene | Updating Images | Loading warm_wall_sconce_lens_0_ROUGHNESS
Fra:1 Mem:37.42M (Peak 46.58M) | Time:495255:13:23.17 | Mem:0.00M, Peak:0.00M | Scene | Synchronizing object | warm_wall_sconce_lens_0
Fra:1 Mem:37.42M (Peak 46.58M) | Time:495255:13:23.17 | Mem:0.00M, Peak:0.00M | Scene | Initializing
Fra:1 Mem:37.41M (Peak 46.58M) | Time:495255:13:23.17 | Mem:0.00M, Peak:0.00M | Scene | Updating Images | Loading warm_wall_sconce_lens_0_NORMAL
Fra:1 Mem:37.44M (Peak 46.63M) | Time:495255:13:23.18 | Mem:0.00M, Peak:0.00M | Scene | Synchronizing object | warm_wall_sconce_lens_1
Fra:1 Mem:37.44M (Peak 46.63M) | Time:495255:13:23.18 | Mem:0.00M, Peak:0.00M | Scene | Initializing
Fra:1 Mem:37.43M (Peak 46.63M) | Time:495255:13:23.18 | Mem:0.00M, Peak:0.00M | Scene | Updating Images | Loading warm_wall_sconce_lens_1_DIFFUSE
Fra:1 Mem:37.46M (Peak 46.65M) | Time:495255:13:23.20 | Mem:0.00M, Peak:0.00M | Scene | Synchronizing object | warm_wall_sconce_lens_1
Fra:1 Mem:37.46M (Peak 46.65M) | Time:495255:13:23.20 | Mem:0.00M, Peak:0.00M | Scene | Initializing
Fra:1 Mem:37.46M (Peak 46.65M) | Time:495255:13:23.20 | Mem:0.00M, Peak:0.00M | Scene | Updating Images | Loading warm_wall_sconce_lens_1_ROUGHNESS
Fra:1 Mem:37.48M (Peak 46.65M) | Time:495255:13:23.21 | Mem:0.00M, Peak:0.00M | Scene | Synchronizing object | warm_wall_sconce_lens_1
Fra:1 Mem:37.48M (Peak 46.65M) | Time:495255:13:23.21 | Mem:0.00M, Peak:0.00M | Scene | Initializing
Fra:1 Mem:37.48M (Peak 46.65M) | Time:495255:13:23.21 | Mem:0.00M, Peak:0.00M | Scene | Updating Images | Loading warm_wall_sconce_lens_1_NORMAL
  adding: home/yashturkar/Workspace/infinigen/outputs/cafeteria_500sqft_v2/spear_export_r256/export_scene.blend/ (stored 0%)
  adding: home/yashturkar/Workspace/infinigen/outputs/cafeteria_500sqft_v2/spear_export_r256/export_scene.blend/textures/ (stored 0%)
  adding: home/yashturkar/Workspace/infinigen/outputs/cafeteria_500sqft_v2/spear_export_r256/export_scene.blend/textures/table_2_chair_1_leg_-0_19_-0_17_ROUGHNESS.png (deflated 18%)
  adding: home/yashturkar/Workspace/infinigen/outputs/cafeteria_500sqft_v2/spear_export_r256/export_scene.blend/textures/condiment_station_countertop_DIFFUSE.png (deflated 62%)
  adding: home/yashturkar/Workspace/infinigen/outputs/cafeteria_500sqft_v2/spear_export_r256/export_scene.blend/textures/fridge_wire_shelf_1_METAL.png (deflated 69%)
  adding: home/yashturkar/Workspace/infinigen/outputs/cafeteria_500sqft_v2/spear_export_r256/export_scene.blend/textures/table_3_chair_1_seat_ROUGHNESS.png (deflated 46%)
  adding: home/yashturkar/Workspace/infinigen/outputs/cafeteria_500sqft_v2/spear_export_r256/export_scene.blend/textures/table_0_chair_1_leg_-0_19_-0_17_METAL.png (deflated 18%)
  adding: home/yashturkar/Workspace/infinigen/outputs/cafeteria_500sqft_v2/spear_export_r256/export_scene.blend/textures/table_3_chair_0_leg_0_19_-0_17_METAL.png (deflated 18%)
  adding: home/yashturkar/Workspace/infinigen/outputs/cafeteria_500sqft_v2/spear_export_r256/export_scene.blend/textures/table_3_chair_2_leg_-0_19_0_17_ROUGHNESS.png (deflated 18%)
  adding: home/yashturkar/Workspace/infinigen/outputs/cafeteria_500sqft_v2/spear_export_r256/export_scene.blend/textures/table_0_chair_3_back_NORMAL.png (deflated 1%)
  adding: home/yashturkar/Workspace/infinigen/outputs/cafeteria_500sqft_v2/spear_export_r256/export_scene.blend/textures/right_real_window_frame_2_bottom_DIFFUSE.png (deflated 66%)
  adding: home/yashturkar/Workspace/infinigen/outputs/cafeteria_500sqft_v2/spear_export_r256/export_scene.blend/textures/entry_door_pull_handle_ROUGHNESS.png (deflated 28%)
  adding: home/yashturkar/Workspace/infinigen/outputs/cafeteria_500sqft_v2/spear_export_r256/export_scene.blend/textures/table_1_chair_1_leg_0_19_0_17_METAL.png (deflated 18%)
  adding: home/yashturkar/Workspace/infinigen/outputs/cafeteria_500sqft_v2/spear_export_r256/export_scene.blend/textures/table_0_chair_0_leg_-0_19_-0_17_DIFFUSE.png (deflated 17%)
  adding: home/yashturkar/Workspace/infinigen/outputs/cafeteria_500sqft_v2/spear_export_r256/export_scene.blend/textures/table_0_chair_0_leg_-0_19_0_17_DIFFUSE.png (deflated 17%)
  adding: home/yashturkar/Workspace/infinigen/outputs/cafeteria_500sqft_v2/spear_export_r256/export_scene.blend/textures/table_3_chair_3_leg_0_19_0_17_ROUGHNESS.png (deflated 18%)
  adding: home/yashturkar/Workspace/infinigen/outputs/cafeteria_500sqft_v2/spear_export_r256/export_scene.blend/textures/exterior_muted_shrub_2_ROUGHNESS.png (deflated 12%)
  adding: home/yashturkar/Workspace/infinigen/outputs/cafeteria_500sqft_v2/spear_export_r256/export_scene.blend/textures/table_2_round_table_base_DIFFUSE.png (deflated 8%)
  adding: home/yashturkar/Workspace/infinigen/outputs/cafeteria_500sqft_v2/spear_export_r256/export_scene.blend/textures/table_1_chair_3_seat_ROUGHNESS.png (deflated 46%)
  adding: home/yashturkar/Workspace/infinigen/outputs/cafeteria_500sqft_v2/spear_export_r256/export_scene.blend/textures/table_2_chair_2_leg_-0_19_0_17_ROUGHNESS.png (deflated 18%)
  adding: home/yashturkar/Workspace/infinigen/outputs/cafeteria_500sqft_v2/spear_export_r256/export_scene.blend/textures/rectangular_led_panel_diffuser_2_DIFFUSE.png (deflated 68%)
  adding: home/yashturkar/Workspace/infinigen/outputs/cafeteria_500sqft_v2/spear_export_r256/export_scene.blend/textures/right_real_window_glass_2_ROUGHNESS.png (deflated 85%)
  adding: home/yashturkar/Workspace/infinigen/outputs/cafeteria_500sqft_v2/spear_export_r256/export_scene.blend/textures/table_3_chair_1_leg_0_19_-0_17_DIFFUSE.png (deflated 17%)
  adding: home/yashturkar/Workspace/infinigen/outputs/cafeteria_500sqft_v2/spear_export_r256/export_scene.blend/textures/table_0_chair_0_leg_-0_19_-0_17_ROUGHNESS.png (deflated 18%)
  adding: home/yashturkar/Workspace/infinigen/outputs/cafeteria_500sqft_v2/spear_export_r256/export_scene.blend/textures/table_2_chair_3_back_NORMAL.png (deflated 1%)
  adding: home/yashturkar/Workspace/infinigen/outputs/cafeteria_500sqft_v2/spear_export_r256/export_scene.blend/textures/fridge_can_r0_c2_METAL.png (deflated 26%)
  adding: home/yashturkar/Workspace/infinigen/outputs/cafeteria_500sqft_v2/spear_export_r256/export_scene.blend/textures/coffee_pot_glass_ROUGHNESS.png (deflated 14%)
  adding: home/yashturkar/Workspace/infinigen/outputs/cafeteria_500sqft_v2/spear_export_r256/export_scene.blend/textures/right_window_wall_mullion_2_NORMAL.png (deflated 11%)
  adding: home/yashturkar/Workspace/infinigen/outputs/cafeteria_500sqft_v2/spear_export_r256/export_scene.blend/textures/table_2_chair_1_leg_0_19_-0_17_METAL.png (deflated 18%)
  adding: home/yashturkar/Workspace/infinigen/outputs/cafeteria_500sqft_v2/spear_export_r256/export_scene.blend/textures/coffee_station_base_ROUGHNESS.png (deflated 55%)
  adding: home/yashturkar/Workspace/infinigen/outputs/cafeteria_500sqft_v2/spear_export_r256/export_scene.blend/textures/menu_chalk_line_4_ROUGHNESS.png (deflated 57%)
  adding: home/yashturkar/Workspace/infinigen/outputs/cafeteria_500sqft_v2/spear_export_r256/export_scene.blend/textures/table_2_chair_3_seat_DIFFUSE.png (deflated 48%)
  adding: home/yashturkar/Workspace/infinigen/outputs/cafeteria_500sqft_v2/spear_export_r256/export_scene.blend/textures/table_2_chair_2_back_NORMAL.png (deflated 1%)
  adding: home/yashturkar/Workspace/infinigen/outputs/cafeteria_500sqft_v2/spear_export_r256/export_scene.blend/textures/table_0_chair_0_back_NORMAL.png (deflated 1%)
  adding: home/yashturkar/Workspace/infinigen/outputs/cafeteria_500sqft_v2/spear_export_r256/export_scene.blend/textures/table_1_chair_3_leg_-0_19_0_17_NORMAL.png (deflated 82%)
  adding: home/yashturkar/Workspace/infinigen/outputs/cafeteria_500sqft_v2/spear_export_r256/export_scene.blend/textures/menu_chalk_line_5_ROUGHNESS.png (deflated 57%)
  adding: home/yashturkar/Workspace/infinigen/outputs/cafeteria_500sqft_v2/spear_export_r256/export_scene.blend/textures/table_3_chair_2_seat_ROUGHNESS.png (deflated 46%)
  adding: home/yashturkar/Workspace/infinigen/outputs/cafeteria_500sqft_v2/spear_export_r256/export_scene.blend/textures/table_2_chair_1_leg_0_19_-0_17_NORMAL.png (deflated 82%)
  adding: home/yashturkar/Workspace/infinigen/outputs/cafeteria_500sqft_v2/spear_export_r256/export_scene.blend/textures/table_1_chair_0_leg_-0_19_-0_17_DIFFUSE.png (deflated 17%)
  adding: home/yashturkar/Workspace/infinigen/outputs/cafeteria_500sqft_v2/spear_export_r256/export_scene.blend/textures/table_0_chair_0_leg_0_19_0_17_METAL.png (deflated 18%)
  adding: home/yashturkar/Workspace/infinigen/outputs/cafeteria_500sqft_v2/spear_export_r256/export_scene.blend/textures/floor_grout_line_x_-2_4_DIFFUSE.png (deflated 62%)
  adding: home/yashturkar/Workspace/infinigen/outputs/cafeteria_500sqft_v2/spear_export_r256/export_scene.blend/textures/table_1_chair_0_leg_-0_19_-0_17_NORMAL.png (deflated 82%)
  adding: home/yashturkar/Workspace/infinigen/outputs/cafeteria_500sqft_v2/spear_export_r256/export_scene.blend/textures/rear_glass_entry_door_DIFFUSE.png (deflated 85%)
  adding: home/yashturkar/Workspace/infinigen/outputs/cafeteria_500sqft_v2/spear_export_r256/export_scene.blend/textures/table_3_sandwich_half_a_ROUGHNESS.png (deflated 51%)
  adding: home/yashturkar/Workspace/infinigen/outputs/cafeteria_500sqft_v2/spear_export_r256/export_scene.blend/textures/table_0_sandwich_half_a_ROUGHNESS.png (deflated 51%)
  adding: home/yashturkar/Workspace/infinigen/outputs/cafeteria_500sqft_v2/spear_export_r256/export_scene.blend/textures/table_2_square_tabletop_NORMAL.png (deflated 1%)
  adding: home/yashturkar/Workspace/infinigen/outputs/cafeteria_500sqft_v2/spear_export_r256/export_scene.blend/textures/table_2_chair_2_leg_-0_19_-0_17_DIFFUSE.png (deflated 17%)
  adding: home/yashturkar/Workspace/infinigen/outputs/cafeteria_500sqft_v2/spear_export_r256/export_scene.blend/textures/fruit_bowl_piece_2_NORMAL.png (deflated 82%)
  adding: home/yashturkar/Workspace/infinigen/outputs/cafeteria_500sqft_v2/spear_export_r256/export_scene.blend/textures/right_real_window_frame_0_right_DIFFUSE.png (deflated 69%)
  adding: home/yashturkar/Workspace/infinigen/outputs/cafeteria_500sqft_v2/spear_export_r256/export_scene.blend/textures/right_real_window_frame_3_right_DIFFUSE.png (deflated 69%)
  adding: home/yashturkar/Workspace/infinigen/outputs/cafeteria_500sqft_v2/spear_export_r256/export_scene.blend/textures/table_1_chair_3_leg_-0_19_-0_17_ROUGHNESS.png (deflated 18%)
  adding: home/yashturkar/Workspace/infinigen/outputs/cafeteria_500sqft_v2/spear_export_r256/export_scene.blend/textures/table_3_chair_2_leg_-0_19_-0_17_ROUGHNESS.png (deflated 18%)
  adding: home/yashturkar/Workspace/infinigen/outputs/cafeteria_500sqft_v2/spear_export_r256/export_scene.blend/textures/fridge_wire_shelf_3_DIFFUSE.png (deflated 61%)
  adding: home/yashturkar/Workspace/infinigen/outputs/cafeteria_500sqft_v2/spear_export_r256/export_scene.blend/textures/floor_grout_line_x_2_4_ROUGHNESS.png (deflated 63%)
  adding: home/yashturkar/Workspace/infinigen/outputs/cafeteria_500sqft_v2/spear_export_r256/export_scene.blend/textures/table_2_paper_cup_DIFFUSE.png (deflated 17%)
  adding: home/yashturkar/Workspace/infinigen/outputs/cafeteria_500sqft_v2/spear_export_r256/export_scene.blend/textures/fridge_wire_shelf_1_ROUGHNESS.png (deflated 63%)
  adding: home/yashturkar/Workspace/infinigen/outputs/cafeteria_500sqft_v2/spear_export_r256/export_scene.blend/textures/table_0_round_table_base_METAL.png (deflated 10%)
  adding: home/yashturkar/Workspace/infinigen/outputs/cafeteria_500sqft_v2/spear_export_r256/export_scene.blend/textures/table_0_chair_1_leg_-0_19_0_17_METAL.png (deflated 18%)
  adding: home/yashturkar/Workspace/infinigen/outputs/cafeteria_500sqft_v2/spear_export_r256/export_scene.blend/textures/table_2_chair_3_leg_0_19_-0_17_METAL.png (deflated 18%)
  adding: home/yashturkar/Workspace/infinigen/outputs/cafeteria_500sqft_v2/spear_export_r256/export_scene.blend/textures/right_window_wall_solid_end_negative_y_ROUGHNESS.png (deflated 65%)
  adding: home/yashturkar/Workspace/infinigen/outputs/cafeteria_500sqft_v2/spear_export_r256/export_scene.blend/textures/fridge_can_r1_c0_NORMAL.png (deflated 82%)
  adding: home/yashturkar/Workspace/infinigen/outputs/cafeteria_500sqft_v2/spear_export_r256/export_scene.blend/textures/fridge_can_r3_c0_DIFFUSE.png (deflated 25%)
  adding: home/yashturkar/Workspace/infinigen/outputs/cafeteria_500sqft_v2/spear_export_r256/export_scene.blend/textures/table_0_chair_0_seat_ROUGHNESS.png (deflated 46%)
  adding: home/yashturkar/Workspace/infinigen/outputs/cafeteria_500sqft_v2/spear_export_r256/export_scene.blend/textures/table_1_chair_2_leg_0_19_-0_17_ROUGHNESS.png (deflated 18%)
  adding: home/yashturkar/Workspace/infinigen/outputs/cafeteria_500sqft_v2/spear_export_r256/export_scene.blend/textures/fridge_wire_shelf_1_NORMAL.png (deflated 82%)
  adding: home/yashturkar/Workspace/infinigen/outputs/cafeteria_500sqft_v2/spear_export_r256/export_scene.blend/textures/table_3_chair_3_seat_DIFFUSE.png (deflated 49%)
  adding: home/yashturkar/Workspace/infinigen/outputs/cafeteria_500sqft_v2/spear_export_r256/export_scene.blend/textures/pale_sky_strip_above_exterior_wall_DIFFUSE.png (deflated 74%)
  adding: home/yashturkar/Workspace/infinigen/outputs/cafeteria_500sqft_v2/spear_export_r256/export_scene.blend/textures/table_0_chair_3_leg_0_19_-0_17_DIFFUSE.png (deflated 17%)
  adding: home/yashturkar/Workspace/infinigen/outputs/cafeteria_500sqft_v2/spear_export_r256/export_scene.blend/textures/floor_grout_line_x_1_2_DIFFUSE.png (deflated 62%)
  adding: home/yashturkar/Workspace/infinigen/outputs/cafeteria_500sqft_v2/spear_export_r256/export_scene.blend/textures/round_black_trash_can_NORMAL.png (deflated 82%)
  adding: home/yashturkar/Workspace/infinigen/outputs/cafeteria_500sqft_v2/spear_export_r256/export_scene.blend/textures/long_dark_stained_service_counter_front_NORMAL.png (deflated 10%)
  adding: home/yashturkar/Workspace/infinigen/outputs/cafeteria_500sqft_v2/spear_export_r256/export_scene.blend/textures/right_real_window_frame_1_bottom_DIFFUSE.png (deflated 66%)
  adding: home/yashturkar/Workspace/infinigen/outputs/cafeteria_500sqft_v2/spear_export_r256/export_scene.blend/textures/condiment_station_countertop_ROUGHNESS.png (deflated 57%)
  adding: home/yashturkar/Workspace/infinigen/outputs/cafeteria_500sqft_v2/spear_export_r256/export_scene.blend/textures/exterior_planter_box_1_DIFFUSE.png (deflated 28%)
  adding: home/yashturkar/Workspace/infinigen/outputs/cafeteria_500sqft_v2/spear_export_r256/export_scene.blend/textures/table_0_chair_0_leg_-0_19_0_17_NORMAL.png (deflated 82%)
  adding: home/yashturkar/Workspace/infinigen/outputs/cafeteria_500sqft_v2/spear_export_r256/export_scene.blend/textures/right_real_window_frame_0_top_DIFFUSE.png (deflated 66%)
  adding: home/yashturkar/Workspace/infinigen/outputs/cafeteria_500sqft_v2/spear_export_r256/export_scene.blend/textures/right_real_window_frame_1_bottom_NORMAL.png (deflated 82%)
  adding: home/yashturkar/Workspace/infinigen/outputs/cafeteria_500sqft_v2/spear_export_r256/export_scene.blend/textures/table_0_chair_1_leg_-0_19_0_17_NORMAL.png (deflated 82%)
  adding: home/yashturkar/Workspace/infinigen/outputs/cafeteria_500sqft_v2/spear_export_r256/export_scene.blend/textures/table_0_chair_3_leg_0_19_-0_17_ROUGHNESS.png (deflated 18%)
  adding: home/yashturkar/Workspace/infinigen/outputs/cafeteria_500sqft_v2/spear_export_r256/export_scene.blend/textures/table_3_chair_1_leg_0_19_0_17_DIFFUSE.png (deflated 17%)
  adding: home/yashturkar/Workspace/infinigen/outputs/cafeteria_500sqft_v2/spear_export_r256/export_scene.blend/textures/table_1_chair_2_leg_0_19_0_17_METAL.png (deflated 18%)
  adding: home/yashturkar/Workspace/infinigen/outputs/cafeteria_500sqft_v2/spear_export_r256/export_scene.blend/textures/coffee_machine_black_body_ROUGHNESS.png (deflated 50%)
  adding: home/yashturkar/Workspace/infinigen/outputs/cafeteria_500sqft_v2/spear_export_r256/export_scene.blend/textures/floor_grout_line_x_1_2_NORMAL.png (deflated 82%)
  adding: home/yashturkar/Workspace/infinigen/outputs/cafeteria_500sqft_v2/spear_export_r256/export_scene.blend/textures/table_3_chair_2_leg_-0_19_0_17_DIFFUSE.png (deflated 17%)
  adding: home/yashturkar/Workspace/infinigen/outputs/cafeteria_500sqft_v2/spear_export_r256/export_scene.blend/textures/table_0_chair_3_leg_-0_19_-0_17_ROUGHNESS.png (deflated 18%)
  adding: home/yashturkar/Workspace/infinigen/outputs/cafeteria_500sqft_v2/spear_export_r256/export_scene.blend/textures/warm_wall_sconce_lens_0_NORMAL.png (deflated 82%)
  adding: home/yashturkar/Workspace/infinigen/outputs/cafeteria_500sqft_v2/spear_export_r256/export_scene.blend/textures/table_2_chair_1_leg_0_19_-0_17_ROUGHNESS.png (deflated 18%)
  adding: home/yashturkar/Workspace/infinigen/outputs/cafeteria_500sqft_v2/spear_export_r256/export_scene.blend/textures/table_0_chair_2_leg_-0_19_0_17_NORMAL.png (deflated 82%)
  adding: home/yashturkar/Workspace/infinigen/outputs/cafeteria_500sqft_v2/spear_export_r256/export_scene.blend/textures/floor_grout_line_y_-1_2_ROUGHNESS.png (deflated 73%)
  adding: home/yashturkar/Workspace/infinigen/outputs/cafeteria_500sqft_v2/spear_export_r256/export_scene.blend/textures/fridge_can_r3_c2_ROUGHNESS.png (deflated 26%)
  adding: home/yashturkar/Workspace/infinigen/outputs/cafeteria_500sqft_v2/spear_export_r256/export_scene.blend/textures/drink_refrigerator_glass_door_ROUGHNESS.png (deflated 85%)
  adding: home/yashturkar/Workspace/infinigen/outputs/cafeteria_500sqft_v2/spear_export_r256/export_scene.blend/textures/table_2_chair_3_leg_-0_19_0_17_ROUGHNESS.png (deflated 18%)
  adding: home/yashturkar/Workspace/infinigen/outputs/cafeteria_500sqft_v2/spear_export_r256/export_scene.blend/textures/table_3_chair_0_seat_DIFFUSE.png (deflated 49%)
  adding: home/yashturkar/Workspace/infinigen/outputs/cafeteria_500sqft_v2/spear_export_r256/export_scene.blend/textures/menu_chalk_line_1_DIFFUSE.png (deflated 57%)
  adding: home/yashturkar/Workspace/infinigen/outputs/cafeteria_500sqft_v2/spear_export_r256/export_scene.blend/textures/floor_grout_line_x_-2_4_ROUGHNESS.png (deflated 63%)
  adding: home/yashturkar/Workspace/infinigen/outputs/cafeteria_500sqft_v2/spear_export_r256/export_scene.blend/textures/stacked_paper_cup_0_ROUGHNESS.png (deflated 26%)
  adding: home/yashturkar/Workspace/infinigen/outputs/cafeteria_500sqft_v2/spear_export_r256/export_scene.blend/textures/fridge_can_r1_c1_METAL.png (deflated 26%)
  adding: home/yashturkar/Workspace/infinigen/outputs/cafeteria_500sqft_v2/spear_export_r256/export_scene.blend/textures/fridge_wire_shelf_2_NORMAL.png (deflated 82%)
  adding: home/yashturkar/Workspace/infinigen/outputs/cafeteria_500sqft_v2/spear_export_r256/export_scene.blend/textures/table_0_chair_2_leg_0_19_-0_17_NORMAL.png (deflated 82%)
  adding: home/yashturkar/Workspace/infinigen/outputs/cafeteria_500sqft_v2/spear_export_r256/export_scene.blend/textures/table_3_chair_1_back_NORMAL.png (deflated 1%)
  adding: home/yashturkar/Workspace/infinigen/outputs/cafeteria_500sqft_v2/spear_export_r256/export_scene.blend/textures/floor_grout_line_y_1_2_NORMAL.png (deflated 82%)
  adding: home/yashturkar/Workspace/infinigen/outputs/cafeteria_500sqft_v2/spear_export_r256/export_scene.blend/textures/exterior_planter_box_1_NORMAL.png (deflated 82%)
  adding: home/yashturkar/Workspace/infinigen/outputs/cafeteria_500sqft_v2/spear_export_r256/export_scene.blend/textures/table_1_chair_0_leg_0_19_-0_17_ROUGHNESS.png (deflated 18%)
  adding: home/yashturkar/Workspace/infinigen/outputs/cafeteria_500sqft_v2/spear_export_r256/export_scene.blend/textures/right_real_window_frame_3_left_NORMAL.png (deflated 82%)
  adding: home/yashturkar/Workspace/infinigen/outputs/cafeteria_500sqft_v2/spear_export_r256/export_scene.blend/textures/fridge_can_r3_c1_METAL.png (deflated 26%)
  adding: home/yashturkar/Workspace/infinigen/outputs/cafeteria_500sqft_v2/spear_export_r256/export_scene.blend/textures/table_3_chair_1_leg_0_19_-0_17_METAL.png (deflated 18%)
  adding: home/yashturkar/Workspace/infinigen/outputs/cafeteria_500sqft_v2/spear_export_r256/export_scene.blend/textures/napkin_dispenser_metal_ROUGHNESS.png (deflated 28%)
  adding: home/yashturkar/Workspace/infinigen/outputs/cafeteria_500sqft_v2/spear_export_r256/export_scene.blend/textures/floor_large_format_tile_slab_DIFFUSE.png (deflated 70%)
  adding: home/yashturkar/Workspace/infinigen/outputs/cafeteria_500sqft_v2/spear_export_r256/export_scene.blend/textures/table_0_chair_3_leg_0_19_0_17_NORMAL.png (deflated 82%)
  adding: home/yashturkar/Workspace/infinigen/outputs/cafeteria_500sqft_v2/spear_export_r256/export_scene.blend/textures/table_1_chair_0_leg_0_19_0_17_ROUGHNESS.png (deflated 18%)
  adding: home/yashturkar/Workspace/infinigen/outputs/cafeteria_500sqft_v2/spear_export_r256/export_scene.blend/textures/table_3_chair_0_leg_-0_19_-0_17_ROUGHNESS.png (deflated 18%)
  adding: home/yashturkar/Workspace/infinigen/outputs/cafeteria_500sqft_v2/spear_export_r256/export_scene.blend/textures/exterior_planter_box_2_DIFFUSE.png (deflated 28%)
  adding: home/yashturkar/Workspace/infinigen/outputs/cafeteria_500sqft_v2/spear_export_r256/export_scene.blend/textures/menu_chalk_line_2_ROUGHNESS.png (deflated 57%)
  adding: home/yashturkar/Workspace/infinigen/outputs/cafeteria_500sqft_v2/spear_export_r256/export_scene.blend/textures/table_1_chair_0_leg_-0_19_-0_17_ROUGHNESS.png (deflated 18%)
  adding: home/yashturkar/Workspace/infinigen/outputs/cafeteria_500sqft_v2/spear_export_r256/export_scene.blend/textures/table_3_chair_2_leg_0_19_-0_17_DIFFUSE.png (deflated 17%)
  adding: home/yashturkar/Workspace/infinigen/outputs/cafeteria_500sqft_v2/spear_export_r256/export_scene.blend/textures/right_real_window_frame_1_left_METAL.png (deflated 70%)
  adding: home/yashturkar/Workspace/infinigen/outputs/cafeteria_500sqft_v2/spear_export_r256/export_scene.blend/textures/table_3_round_table_base_DIFFUSE.png (deflated 8%)
  adding: home/yashturkar/Workspace/infinigen/outputs/cafeteria_500sqft_v2/spear_export_r256/export_scene.blend/textures/table_1_chair_3_leg_0_19_0_17_NORMAL.png (deflated 82%)
  adding: home/yashturkar/Workspace/infinigen/outputs/cafeteria_500sqft_v2/spear_export_r256/export_scene.blend/textures/floor_grout_line_y_1_2_ROUGHNESS.png (deflated 73%)
  adding: home/yashturkar/Workspace/infinigen/outputs/cafeteria_500sqft_v2/spear_export_r256/export_scene.blend/textures/stacked_paper_cup_2_NORMAL.png (deflated 82%)
  adding: home/yashturkar/Workspace/infinigen/outputs/cafeteria_500sqft_v2/spear_export_r256/export_scene.blend/textures/menu_chalk_line_2_NORMAL.png (deflated 82%)
  adding: home/yashturkar/Workspace/infinigen/outputs/cafeteria_500sqft_v2/spear_export_r256/export_scene.blend/textures/table_3_central_pedestal_NORMAL.png (deflated 82%)
  adding: home/yashturkar/Workspace/infinigen/outputs/cafeteria_500sqft_v2/spear_export_r256/export_scene.blend/textures/table_3_chair_1_leg_-0_19_0_17_ROUGHNESS.png (deflated 18%)
  adding: home/yashturkar/Workspace/infinigen/outputs/cafeteria_500sqft_v2/spear_export_r256/export_scene.blend/textures/trash_can_metal_lid_NORMAL.png (deflated 82%)
  adding: home/yashturkar/Workspace/infinigen/outputs/cafeteria_500sqft_v2/spear_export_r256/export_scene.blend/textures/drink_refrigerator_body_DIFFUSE.png (deflated 56%)
  adding: home/yashturkar/Workspace/infinigen/outputs/cafeteria_500sqft_v2/spear_export_r256/export_scene.blend/textures/table_1_chair_1_leg_-0_19_0_17_NORMAL.png (deflated 82%)
  adding: home/yashturkar/Workspace/infinigen/outputs/cafeteria_500sqft_v2/spear_export_r256/export_scene.blend/textures/table_1_gray_green_tray_ROUGHNESS.png (deflated 56%)
  adding: home/yashturkar/Workspace/infinigen/outputs/cafeteria_500sqft_v2/spear_export_r256/export_scene.blend/textures/right_wall_above_real_window_openings_NORMAL.png (deflated 33%)
  adding: home/yashturkar/Workspace/infinigen/outputs/cafeteria_500sqft_v2/spear_export_r256/export_scene.blend/textures/table_2_chair_1_back_NORMAL.png (deflated 1%)
  adding: home/yashturkar/Workspace/infinigen/outputs/cafeteria_500sqft_v2/spear_export_r256/export_scene.blend/textures/entry_door_pull_handle_NORMAL.png (deflated 82%)
  adding: home/yashturkar/Workspace/infinigen/outputs/cafeteria_500sqft_v2/spear_export_r256/export_scene.blend/textures/table_2_chair_3_back_DIFFUSE.png (deflated 55%)
  adding: home/yashturkar/Workspace/infinigen/outputs/cafeteria_500sqft_v2/spear_export_r256/export_scene.blend/textures/rectangular_led_panel_diffuser_3_DIFFUSE.png (deflated 68%)
  adding: home/yashturkar/Workspace/infinigen/outputs/cafeteria_500sqft_v2/spear_export_r256/export_scene.blend/textures/table_3_chair_2_leg_-0_19_0_17_METAL.png (deflated 18%)
  adding: home/yashturkar/Workspace/infinigen/outputs/cafeteria_500sqft_v2/spear_export_r256/export_scene.blend/textures/right_window_wall_mullion_0_ROUGHNESS.png (deflated 67%)
  adding: home/yashturkar/Workspace/infinigen/outputs/cafeteria_500sqft_v2/spear_export_r256/export_scene.blend/textures/right_wall_below_real_window_openings_DIFFUSE.png (deflated 75%)
  adding: home/yashturkar/Workspace/infinigen/outputs/cafeteria_500sqft_v2/spear_export_r256/export_scene.blend/textures/table_0_central_pedestal_ROUGHNESS.png (deflated 18%)
  adding: home/yashturkar/Workspace/infinigen/outputs/cafeteria_500sqft_v2/spear_export_r256/export_scene.blend/textures/table_3_chair_0_seat_NORMAL.png (deflated 2%)
  adding: home/yashturkar/Workspace/infinigen/outputs/cafeteria_500sqft_v2/spear_export_r256/export_scene.blend/textures/table_2_chair_2_leg_-0_19_-0_17_ROUGHNESS.png (deflated 18%)
  adding: home/yashturkar/Workspace/infinigen/outputs/cafeteria_500sqft_v2/spear_export_r256/export_scene.blend/textures/table_2_chair_1_leg_-0_19_0_17_METAL.png (deflated 18%)
  adding: home/yashturkar/Workspace/infinigen/outputs/cafeteria_500sqft_v2/spear_export_r256/export_scene.blend/textures/table_1_chair_2_leg_-0_19_0_17_METAL.png (deflated 18%)
  adding: home/yashturkar/Workspace/infinigen/outputs/cafeteria_500sqft_v2/spear_export_r256/export_scene.blend/textures/table_2_chair_1_seat_NORMAL.png (deflated 2%)
  adding: home/yashturkar/Workspace/infinigen/outputs/cafeteria_500sqft_v2/spear_export_r256/export_scene.blend/textures/entry_door_pull_handle_DIFFUSE.png (deflated 23%)
  adding: home/yashturkar/Workspace/infinigen/outputs/cafeteria_500sqft_v2/spear_export_r256/export_scene.blend/textures/table_3_chair_2_seat_NORMAL.png (deflated 2%)
  adding: home/yashturkar/Workspace/infinigen/outputs/cafeteria_500sqft_v2/spear_export_r256/export_scene.blend/textures/table_1_chair_1_seat_DIFFUSE.png (deflated 49%)
  adding: home/yashturkar/Workspace/infinigen/outputs/cafeteria_500sqft_v2/spear_export_r256/export_scene.blend/textures/exterior_muted_shrub_0_DIFFUSE.png (deflated 10%)
  adding: home/yashturkar/Workspace/infinigen/outputs/cafeteria_500sqft_v2/spear_export_r256/export_scene.blend/textures/table_1_chair_2_leg_-0_19_-0_17_NORMAL.png (deflated 82%)
  adding: home/yashturkar/Workspace/infinigen/outputs/cafeteria_500sqft_v2/spear_export_r256/export_scene.blend/textures/table_0_chair_0_leg_-0_19_0_17_METAL.png (deflated 18%)
  adding: home/yashturkar/Workspace/infinigen/outputs/cafeteria_500sqft_v2/spear_export_r256/export_scene.blend/textures/table_1_chair_3_leg_-0_19_0_17_ROUGHNESS.png (deflated 18%)
  adding: home/yashturkar/Workspace/infinigen/outputs/cafeteria_500sqft_v2/spear_export_r256/export_scene.blend/textures/fridge_can_r1_c2_METAL.png (deflated 26%)
  adding: home/yashturkar/Workspace/infinigen/outputs/cafeteria_500sqft_v2/spear_export_r256/export_scene.blend/textures/fridge_can_r1_c1_ROUGHNESS.png (deflated 26%)
  adding: home/yashturkar/Workspace/infinigen/outputs/cafeteria_500sqft_v2/spear_export_r256/export_scene.blend/textures/table_2_chair_1_leg_-0_19_-0_17_DIFFUSE.png (deflated 17%)
  adding: home/yashturkar/Workspace/infinigen/outputs/cafeteria_500sqft_v2/spear_export_r256/export_scene.blend/textures/table_1_chair_3_leg_0_19_0_17_METAL.png (deflated 18%)
  adding: home/yashturkar/Workspace/infinigen/outputs/cafeteria_500sqft_v2/spear_export_r256/export_scene.blend/textures/table_2_chair_0_leg_0_19_0_17_NORMAL.png (deflated 82%)
  adding: home/yashturkar/Workspace/infinigen/outputs/cafeteria_500sqft_v2/spear_export_r256/export_scene.blend/textures/table_0_chair_1_leg_0_19_-0_17_DIFFUSE.png (deflated 17%)
  adding: home/yashturkar/Workspace/infinigen/outputs/cafeteria_500sqft_v2/spear_export_r256/export_scene.blend/textures/table_3_chair_0_back_ROUGHNESS.png (deflated 54%)
  adding: home/yashturkar/Workspace/infinigen/outputs/cafeteria_500sqft_v2/spear_export_r256/export_scene.blend/textures/table_2_chair_0_leg_0_19_-0_17_METAL.png (deflated 18%)
  adding: home/yashturkar/Workspace/infinigen/outputs/cafeteria_500sqft_v2/spear_export_r256/export_scene.blend/textures/table_3_chair_3_leg_0_19_-0_17_ROUGHNESS.png (deflated 18%)
  adding: home/yashturkar/Workspace/infinigen/outputs/cafeteria_500sqft_v2/spear_export_r256/export_scene.blend/textures/table_2_chair_2_leg_-0_19_0_17_NORMAL.png (deflated 82%)
  adding: home/yashturkar/Workspace/infinigen/outputs/cafeteria_500sqft_v2/spear_export_r256/export_scene.blend/textures/table_3_gray_green_tray_DIFFUSE.png (deflated 55%)
  adding: home/yashturkar/Workspace/infinigen/outputs/cafeteria_500sqft_v2/spear_export_r256/export_scene.blend/textures/notice_board_muted_flyer_0_ROUGHNESS.png (deflated 61%)
  adding: home/yashturkar/Workspace/infinigen/outputs/cafeteria_500sqft_v2/spear_export_r256/export_scene.blend/textures/fridge_wire_shelf_3_NORMAL.png (deflated 82%)
  adding: home/yashturkar/Workspace/infinigen/outputs/cafeteria_500sqft_v2/spear_export_r256/export_scene.blend/textures/low_condiment_station_DIFFUSE.png (deflated 82%)
  adding: home/yashturkar/Workspace/infinigen/outputs/cafeteria_500sqft_v2/spear_export_r256/export_scene.blend/textures/table_3_chair_0_leg_0_19_0_17_METAL.png (deflated 18%)
  adding: home/yashturkar/Workspace/infinigen/outputs/cafeteria_500sqft_v2/spear_export_r256/export_scene.blend/textures/ceiling_acoustic_panel_plane_NORMAL.png (deflated 14%)
  adding: home/yashturkar/Workspace/infinigen/outputs/cafeteria_500sqft_v2/spear_export_r256/export_scene.blend/textures/table_1_chair_2_back_DIFFUSE.png (deflated 55%)
  adding: home/yashturkar/Workspace/infinigen/outputs/cafeteria_500sqft_v2/spear_export_r256/export_scene.blend/textures/right_real_window_frame_3_bottom_NORMAL.png (deflated 82%)
  adding: home/yashturkar/Workspace/infinigen/outputs/cafeteria_500sqft_v2/spear_export_r256/export_scene.blend/textures/table_3_chair_1_leg_-0_19_0_17_NORMAL.png (deflated 82%)
  adding: home/yashturkar/Workspace/infinigen/outputs/cafeteria_500sqft_v2/spear_export_r256/export_scene.blend/textures/right_window_wall_solid_end_negative_y_NORMAL.png (deflated 6%)
  adding: home/yashturkar/Workspace/infinigen/outputs/cafeteria_500sqft_v2/spear_export_r256/export_scene.blend/textures/fridge_can_r0_c0_METAL.png (deflated 26%)
  adding: home/yashturkar/Workspace/infinigen/outputs/cafeteria_500sqft_v2/spear_export_r256/export_scene.blend/textures/table_3_chair_3_leg_0_19_0_17_METAL.png (deflated 18%)
  adding: home/yashturkar/Workspace/infinigen/outputs/cafeteria_500sqft_v2/spear_export_r256/export_scene.blend/textures/menu_chalk_line_0_ROUGHNESS.png (deflated 57%)
  adding: home/yashturkar/Workspace/infinigen/outputs/cafeteria_500sqft_v2/spear_export_r256/export_scene.blend/textures/trash_can_metal_lid_DIFFUSE.png (deflated 13%)
  adding: home/yashturkar/Workspace/infinigen/outputs/cafeteria_500sqft_v2/spear_export_r256/export_scene.blend/textures/right_window_wall_mullion_2_ROUGHNESS.png (deflated 67%)
  adding: home/yashturkar/Workspace/infinigen/outputs/cafeteria_500sqft_v2/spear_export_r256/export_scene.blend/textures/notice_board_muted_flyer_2_ROUGHNESS.png (deflated 55%)
  adding: home/yashturkar/Workspace/infinigen/outputs/cafeteria_500sqft_v2/spear_export_r256/export_scene.blend/textures/table_0_round_table_base_DIFFUSE.png (deflated 8%)
  adding: home/yashturkar/Workspace/infinigen/outputs/cafeteria_500sqft_v2/spear_export_r256/export_scene.blend/textures/table_0_chair_0_leg_0_19_0_17_ROUGHNESS.png (deflated 18%)
  adding: home/yashturkar/Workspace/infinigen/outputs/cafeteria_500sqft_v2/spear_export_r256/export_scene.blend/textures/table_3_chair_1_back_ROUGHNESS.png (deflated 54%)
  adding: home/yashturkar/Workspace/infinigen/outputs/cafeteria_500sqft_v2/spear_export_r256/export_scene.blend/textures/table_2_chair_0_leg_-0_19_0_17_NORMAL.png (deflated 82%)
  adding: home/yashturkar/Workspace/infinigen/outputs/cafeteria_500sqft_v2/spear_export_r256/export_scene.blend/textures/table_1_chair_3_leg_0_19_0_17_DIFFUSE.png (deflated 17%)
  adding: home/yashturkar/Workspace/infinigen/outputs/cafeteria_500sqft_v2/spear_export_r256/export_scene.blend/textures/table_0_chair_2_leg_-0_19_-0_17_DIFFUSE.png (deflated 17%)
  adding: home/yashturkar/Workspace/infinigen/outputs/cafeteria_500sqft_v2/spear_export_r256/export_scene.blend/textures/table_2_chair_0_back_DIFFUSE.png (deflated 55%)
  adding: home/yashturkar/Workspace/infinigen/outputs/cafeteria_500sqft_v2/spear_export_r256/export_scene.blend/textures/table_0_chair_0_seat_DIFFUSE.png (deflated 48%)
  adding: home/yashturkar/Workspace/infinigen/outputs/cafeteria_500sqft_v2/spear_export_r256/export_scene.blend/textures/table_1_chair_3_leg_-0_19_-0_17_DIFFUSE.png (deflated 17%)
  adding: home/yashturkar/Workspace/infinigen/outputs/cafeteria_500sqft_v2/spear_export_r256/export_scene.blend/textures/right_real_window_glass_1_NORMAL.png (deflated 82%)
  adding: home/yashturkar/Workspace/infinigen/outputs/cafeteria_500sqft_v2/spear_export_r256/export_scene.blend/textures/table_2_chair_2_seat_NORMAL.png (deflated 2%)
  adding: home/yashturkar/Workspace/infinigen/outputs/cafeteria_500sqft_v2/spear_export_r256/export_scene.blend/textures/floor_grout_line_y_-2_4_DIFFUSE.png (deflated 73%)
  adding: home/yashturkar/Workspace/infinigen/outputs/cafeteria_500sqft_v2/spear_export_r256/export_scene.blend/textures/table_0_round_table_base_ROUGHNESS.png (deflated 8%)
  adding: home/yashturkar/Workspace/infinigen/outputs/cafeteria_500sqft_v2/spear_export_r256/export_scene.blend/textures/table_0_central_pedestal_NORMAL.png (deflated 82%)
  adding: home/yashturkar/Workspace/infinigen/outputs/cafeteria_500sqft_v2/spear_export_r256/export_scene.blend/textures/exterior_muted_shrub_0_NORMAL.png (deflated 82%)
  adding: home/yashturkar/Workspace/infinigen/outputs/cafeteria_500sqft_v2/spear_export_r256/export_scene.blend/textures/table_0_chair_2_seat_ROUGHNESS.png (deflated 46%)
  adding: home/yashturkar/Workspace/infinigen/outputs/cafeteria_500sqft_v2/spear_export_r256/export_scene.blend/textures/counter_gray_green_tray_stack_-3_15_DIFFUSE.png (deflated 63%)
  adding: home/yashturkar/Workspace/infinigen/outputs/cafeteria_500sqft_v2/spear_export_r256/export_scene.blend/textures/exterior_muted_shrub_1_ROUGHNESS.png (deflated 12%)
  adding: home/yashturkar/Workspace/infinigen/outputs/cafeteria_500sqft_v2/spear_export_r256/export_scene.blend/textures/table_2_chair_2_leg_-0_19_0_17_DIFFUSE.png (deflated 17%)
  adding: home/yashturkar/Workspace/infinigen/outputs/cafeteria_500sqft_v2/spear_export_r256/export_scene.blend/textures/right_real_window_frame_3_top_METAL.png (deflated 63%)
  adding: home/yashturkar/Workspace/infinigen/outputs/cafeteria_500sqft_v2/spear_export_r256/export_scene.blend/textures/right_wall_above_real_window_openings_ROUGHNESS.png (deflated 75%)
  adding: home/yashturkar/Workspace/infinigen/outputs/cafeteria_500sqft_v2/spear_export_r256/export_scene.blend/textures/stacked_paper_cup_2_DIFFUSE.png (deflated 20%)
  adding: home/yashturkar/Workspace/infinigen/outputs/cafeteria_500sqft_v2/spear_export_r256/export_scene.blend/textures/table_2_chair_0_leg_0_19_0_17_DIFFUSE.png (deflated 17%)
  adding: home/yashturkar/Workspace/infinigen/outputs/cafeteria_500sqft_v2/spear_export_r256/export_scene.blend/textures/table_3_round_table_base_NORMAL.png (deflated 82%)
  adding: home/yashturkar/Workspace/infinigen/outputs/cafeteria_500sqft_v2/spear_export_r256/export_scene.blend/textures/right_real_window_frame_0_bottom_NORMAL.png (deflated 82%)
  adding: home/yashturkar/Workspace/infinigen/outputs/cafeteria_500sqft_v2/spear_export_r256/export_scene.blend/textures/table_1_chair_3_leg_-0_19_-0_17_METAL.png (deflated 18%)
  adding: home/yashturkar/Workspace/infinigen/outputs/cafeteria_500sqft_v2/spear_export_r256/export_scene.blend/textures/table_1_central_pedestal_NORMAL.png (deflated 82%)
  adding: home/yashturkar/Workspace/infinigen/outputs/cafeteria_500sqft_v2/spear_export_r256/export_scene.blend/textures/table_3_chair_2_leg_0_19_-0_17_ROUGHNESS.png (deflated 18%)
  adding: home/yashturkar/Workspace/infinigen/outputs/cafeteria_500sqft_v2/spear_export_r256/export_scene.blend/textures/table_2_chair_3_leg_-0_19_-0_17_METAL.png (deflated 18%)
  adding: home/yashturkar/Workspace/infinigen/outputs/cafeteria_500sqft_v2/spear_export_r256/export_scene.blend/textures/table_2_chair_1_leg_-0_19_-0_17_NORMAL.png (deflated 82%)
  adding: home/yashturkar/Workspace/infinigen/outputs/cafeteria_500sqft_v2/spear_export_r256/export_scene.blend/textures/right_real_window_frame_3_top_DIFFUSE.png (deflated 66%)
  adding: home/yashturkar/Workspace/infinigen/outputs/cafeteria_500sqft_v2/spear_export_r256/export_scene.blend/textures/floor_grout_line_y_-1_2_DIFFUSE.png (deflated 73%)
  adding: home/yashturkar/Workspace/infinigen/outputs/cafeteria_500sqft_v2/spear_export_r256/export_scene.blend/textures/rectangular_led_panel_diffuser_2_NORMAL.png (deflated 82%)
  adding: home/yashturkar/Workspace/infinigen/outputs/cafeteria_500sqft_v2/spear_export_r256/export_scene.blend/textures/table_1_chair_3_back_DIFFUSE.png (deflated 55%)
  adding: home/yashturkar/Workspace/infinigen/outputs/cafeteria_500sqft_v2/spear_export_r256/export_scene.blend/textures/exterior_muted_shrub_1_NORMAL.png (deflated 82%)
  adding: home/yashturkar/Workspace/infinigen/outputs/cafeteria_500sqft_v2/spear_export_r256/export_scene.blend/textures/table_0_chair_0_leg_0_19_0_17_NORMAL.png (deflated 82%)
  adding: home/yashturkar/Workspace/infinigen/outputs/cafeteria_500sqft_v2/spear_export_r256/export_scene.blend/textures/table_3_central_pedestal_ROUGHNESS.png (deflated 18%)
  adding: home/yashturkar/Workspace/infinigen/outputs/cafeteria_500sqft_v2/spear_export_r256/export_scene.blend/textures/table_1_chair_0_leg_0_19_-0_17_DIFFUSE.png (deflated 17%)
  adding: home/yashturkar/Workspace/infinigen/outputs/cafeteria_500sqft_v2/spear_export_r256/export_scene.blend/textures/coffee_pot_glass_DIFFUSE.png (deflated 15%)
  adding: home/yashturkar/Workspace/infinigen/outputs/cafeteria_500sqft_v2/spear_export_r256/export_scene.blend/textures/table_2_chair_2_seat_ROUGHNESS.png (deflated 46%)
  adding: home/yashturkar/Workspace/infinigen/outputs/cafeteria_500sqft_v2/spear_export_r256/export_scene.blend/textures/table_3_chair_3_leg_-0_19_0_17_DIFFUSE.png (deflated 17%)
  adding: home/yashturkar/Workspace/infinigen/outputs/cafeteria_500sqft_v2/spear_export_r256/export_scene.blend/textures/table_0_chair_2_leg_-0_19_0_17_ROUGHNESS.png (deflated 18%)
  adding: home/yashturkar/Workspace/infinigen/outputs/cafeteria_500sqft_v2/spear_export_r256/export_scene.blend/textures/notice_board_muted_flyer_0_DIFFUSE.png (deflated 59%)
  adding: home/yashturkar/Workspace/infinigen/outputs/cafeteria_500sqft_v2/spear_export_r256/export_scene.blend/textures/table_2_chair_3_leg_-0_19_0_17_NORMAL.png (deflated 82%)
  adding: home/yashturkar/Workspace/infinigen/outputs/cafeteria_500sqft_v2/spear_export_r256/export_scene.blend/textures/right_window_wall_solid_end_positive_y_ROUGHNESS.png (deflated 65%)
  adding: home/yashturkar/Workspace/infinigen/outputs/cafeteria_500sqft_v2/spear_export_r256/export_scene.blend/textures/right_real_window_frame_1_right_DIFFUSE.png (deflated 69%)
  adding: home/yashturkar/Workspace/infinigen/outputs/cafeteria_500sqft_v2/spear_export_r256/export_scene.blend/textures/table_3_chair_2_leg_-0_19_-0_17_METAL.png (deflated 18%)
  adding: home/yashturkar/Workspace/infinigen/outputs/cafeteria_500sqft_v2/spear_export_r256/export_scene.blend/textures/table_1_chair_1_leg_-0_19_0_17_METAL.png (deflated 18%)
  adding: home/yashturkar/Workspace/infinigen/outputs/cafeteria_500sqft_v2/spear_export_r256/export_scene.blend/textures/fridge_can_r0_c1_ROUGHNESS.png (deflated 26%)
  adding: home/yashturkar/Workspace/infinigen/outputs/cafeteria_500sqft_v2/spear_export_r256/export_scene.blend/textures/table_0_chair_0_leg_0_19_0_17_DIFFUSE.png (deflated 17%)
  adding: home/yashturkar/Workspace/infinigen/outputs/cafeteria_500sqft_v2/spear_export_r256/export_scene.blend/textures/exterior_planter_box_2_ROUGHNESS.png (deflated 30%)
  adding: home/yashturkar/Workspace/infinigen/outputs/cafeteria_500sqft_v2/spear_export_r256/export_scene.blend/textures/fridge_wire_shelf_2_METAL.png (deflated 69%)
  adding: home/yashturkar/Workspace/infinigen/outputs/cafeteria_500sqft_v2/spear_export_r256/export_scene.blend/textures/right_real_window_frame_0_bottom_METAL.png (deflated 63%)
  adding: home/yashturkar/Workspace/infinigen/outputs/cafeteria_500sqft_v2/spear_export_r256/export_scene.blend/textures/ceiling_acoustic_panel_plane_ROUGHNESS.png (deflated 70%)
  adding: home/yashturkar/Workspace/infinigen/outputs/cafeteria_500sqft_v2/spear_export_r256/export_scene.blend/textures/table_3_chair_2_leg_-0_19_-0_17_NORMAL.png (deflated 82%)
  adding: home/yashturkar/Workspace/infinigen/outputs/cafeteria_500sqft_v2/spear_export_r256/export_scene.blend/textures/table_1_chair_0_seat_ROUGHNESS.png (deflated 46%)
  adding: home/yashturkar/Workspace/infinigen/outputs/cafeteria_500sqft_v2/spear_export_r256/export_scene.blend/textures/left_painted_wall_DIFFUSE.png (deflated 66%)
  adding: home/yashturkar/Workspace/infinigen/outputs/cafeteria_500sqft_v2/spear_export_r256/export_scene.blend/textures/table_2_chair_3_leg_0_19_-0_17_NORMAL.png (deflated 82%)
  adding: home/yashturkar/Workspace/infinigen/outputs/cafeteria_500sqft_v2/spear_export_r256/export_scene.blend/textures/table_0_chair_1_leg_0_19_0_17_DIFFUSE.png (deflated 17%)
  adding: home/yashturkar/Workspace/infinigen/outputs/cafeteria_500sqft_v2/spear_export_r256/export_scene.blend/textures/table_3_gray_green_tray_ROUGHNESS.png (deflated 56%)
  adding: home/yashturkar/Workspace/infinigen/outputs/cafeteria_500sqft_v2/spear_export_r256/export_scene.blend/textures/menu_chalk_line_3_NORMAL.png (deflated 82%)
  adding: home/yashturkar/Workspace/infinigen/outputs/cafeteria_500sqft_v2/spear_export_r256/export_scene.blend/textures/right_window_wall_solid_end_positive_y_NORMAL.png (deflated 6%)
  adding: home/yashturkar/Workspace/infinigen/outputs/cafeteria_500sqft_v2/spear_export_r256/export_scene.blend/textures/table_2_round_table_base_ROUGHNESS.png (deflated 8%)
  adding: home/yashturkar/Workspace/infinigen/outputs/cafeteria_500sqft_v2/spear_export_r256/export_scene.blend/textures/table_0_sandwich_half_b_NORMAL.png (deflated 82%)
  adding: home/yashturkar/Workspace/infinigen/outputs/cafeteria_500sqft_v2/spear_export_r256/export_scene.blend/textures/right_real_window_frame_3_left_DIFFUSE.png (deflated 69%)
  adding: home/yashturkar/Workspace/infinigen/outputs/cafeteria_500sqft_v2/spear_export_r256/export_scene.blend/textures/right_window_wall_solid_end_positive_y_DIFFUSE.png (deflated 66%)
  adding: home/yashturkar/Workspace/infinigen/outputs/cafeteria_500sqft_v2/spear_export_r256/export_scene.blend/textures/table_3_chair_0_leg_0_19_0_17_NORMAL.png (deflated 82%)
  adding: home/yashturkar/Workspace/infinigen/outputs/cafeteria_500sqft_v2/spear_export_r256/export_scene.blend/textures/table_3_chair_2_leg_0_19_-0_17_NORMAL.png (deflated 82%)
  adding: home/yashturkar/Workspace/infinigen/outputs/cafeteria_500sqft_v2/spear_export_r256/export_scene.blend/textures/table_2_chair_1_leg_-0_19_0_17_DIFFUSE.png (deflated 17%)
  adding: home/yashturkar/Workspace/infinigen/outputs/cafeteria_500sqft_v2/spear_export_r256/export_scene.blend/textures/fridge_can_r3_c0_METAL.png (deflated 26%)
  adding: home/yashturkar/Workspace/infinigen/outputs/cafeteria_500sqft_v2/spear_export_r256/export_scene.blend/textures/right_real_window_frame_3_left_METAL.png (deflated 70%)
  adding: home/yashturkar/Workspace/infinigen/outputs/cafeteria_500sqft_v2/spear_export_r256/export_scene.blend/textures/table_2_chair_1_back_DIFFUSE.png (deflated 55%)
  adding: home/yashturkar/Workspace/infinigen/outputs/cafeteria_500sqft_v2/spear_export_r256/export_scene.blend/textures/table_0_chair_2_back_ROUGHNESS.png (deflated 54%)
  adding: home/yashturkar/Workspace/infinigen/outputs/cafeteria_500sqft_v2/spear_export_r256/export_scene.blend/textures/table_0_chair_1_leg_0_19_0_17_METAL.png (deflated 18%)
  adding: home/yashturkar/Workspace/infinigen/outputs/cafeteria_500sqft_v2/spear_export_r256/export_scene.blend/textures/table_0_sandwich_half_a_NORMAL.png (deflated 82%)
  adding: home/yashturkar/Workspace/infinigen/outputs/cafeteria_500sqft_v2/spear_export_r256/export_scene.blend/textures/right_real_window_frame_2_left_DIFFUSE.png (deflated 69%)
  adding: home/yashturkar/Workspace/infinigen/outputs/cafeteria_500sqft_v2/spear_export_r256/export_scene.blend/textures/rear_glass_entry_door_ROUGHNESS.png (deflated 85%)
  adding: home/yashturkar/Workspace/infinigen/outputs/cafeteria_500sqft_v2/spear_export_r256/export_scene.blend/textures/fruit_bowl_piece_1_ROUGHNESS.png (deflated 5%)
  adding: home/yashturkar/Workspace/infinigen/outputs/cafeteria_500sqft_v2/spear_export_r256/export_scene.blend/textures/table_1_chair_1_leg_-0_19_-0_17_ROUGHNESS.png (deflated 18%)
  adding: home/yashturkar/Workspace/infinigen/outputs/cafeteria_500sqft_v2/spear_export_r256/export_scene.blend/textures/table_3_chair_3_leg_-0_19_0_17_NORMAL.png (deflated 82%)
  adding: home/yashturkar/Workspace/infinigen/outputs/cafeteria_500sqft_v2/spear_export_r256/export_scene.blend/textures/right_real_window_glass_1_TRANSMISSION.png (deflated 59%)
  adding: home/yashturkar/Workspace/infinigen/outputs/cafeteria_500sqft_v2/spear_export_r256/export_scene.blend/textures/table_3_chair_3_seat_NORMAL.png (deflated 2%)
  adding: home/yashturkar/Workspace/infinigen/outputs/cafeteria_500sqft_v2/spear_export_r256/export_scene.blend/textures/right_window_wall_mullion_2_DIFFUSE.png (deflated 66%)
  adding: home/yashturkar/Workspace/infinigen/outputs/cafeteria_500sqft_v2/spear_export_r256/export_scene.blend/textures/right_real_window_frame_2_right_ROUGHNESS.png (deflated 70%)
  adding: home/yashturkar/Workspace/infinigen/outputs/cafeteria_500sqft_v2/spear_export_r256/export_scene.blend/textures/table_2_chair_2_back_ROUGHNESS.png (deflated 54%)
  adding: home/yashturkar/Workspace/infinigen/outputs/cafeteria_500sqft_v2/spear_export_r256/export_scene.blend/textures/table_1_chair_0_leg_0_19_0_17_NORMAL.png (deflated 82%)
  adding: home/yashturkar/Workspace/infinigen/outputs/cafeteria_500sqft_v2/spear_export_r256/export_scene.blend/textures/table_1_chair_3_leg_0_19_-0_17_NORMAL.png (deflated 82%)
  adding: home/yashturkar/Workspace/infinigen/outputs/cafeteria_500sqft_v2/spear_export_r256/export_scene.blend/textures/table_0_chair_0_leg_0_19_-0_17_DIFFUSE.png (deflated 17%)
  adding: home/yashturkar/Workspace/infinigen/outputs/cafeteria_500sqft_v2/spear_export_r256/export_scene.blend/textures/fridge_can_r1_c0_ROUGHNESS.png (deflated 26%)
  adding: home/yashturkar/Workspace/infinigen/outputs/cafeteria_500sqft_v2/spear_export_r256/export_scene.blend/textures/right_real_window_glass_3_DIFFUSE.png (deflated 85%)
  adding: home/yashturkar/Workspace/infinigen/outputs/cafeteria_500sqft_v2/spear_export_r256/export_scene.blend/textures/table_3_chair_3_back_NORMAL.png (deflated 1%)
  adding: home/yashturkar/Workspace/infinigen/outputs/cafeteria_500sqft_v2/spear_export_r256/export_scene.blend/textures/right_real_window_frame_1_left_NORMAL.png (deflated 82%)
  adding: home/yashturkar/Workspace/infinigen/outputs/cafeteria_500sqft_v2/spear_export_r256/export_scene.blend/textures/fridge_wire_shelf_1_DIFFUSE.png (deflated 61%)
  adding: home/yashturkar/Workspace/infinigen/outputs/cafeteria_500sqft_v2/spear_export_r256/export_scene.blend/textures/table_1_chair_1_leg_0_19_0_17_ROUGHNESS.png (deflated 18%)
  adding: home/yashturkar/Workspace/infinigen/outputs/cafeteria_500sqft_v2/spear_export_r256/export_scene.blend/textures/table_3_chair_1_leg_-0_19_-0_17_METAL.png (deflated 18%)
  adding: home/yashturkar/Workspace/infinigen/outputs/cafeteria_500sqft_v2/spear_export_r256/export_scene.blend/textures/table_1_chair_1_leg_0_19_-0_17_ROUGHNESS.png (deflated 18%)
  adding: home/yashturkar/Workspace/infinigen/outputs/cafeteria_500sqft_v2/spear_export_r256/export_scene.blend/textures/table_2_chair_0_leg_-0_19_0_17_ROUGHNESS.png (deflated 18%)
  adding: home/yashturkar/Workspace/infinigen/outputs/cafeteria_500sqft_v2/spear_export_r256/export_scene.blend/textures/table_0_chair_2_back_DIFFUSE.png (deflated 55%)
  adding: home/yashturkar/Workspace/infinigen/outputs/cafeteria_500sqft_v2/spear_export_r256/export_scene.blend/textures/right_real_window_frame_0_right_ROUGHNESS.png (deflated 70%)
  adding: home/yashturkar/Workspace/infinigen/outputs/cafeteria_500sqft_v2/spear_export_r256/export_scene.blend/textures/table_1_chair_0_leg_-0_19_0_17_ROUGHNESS.png (deflated 18%)
  adding: home/yashturkar/Workspace/infinigen/outputs/cafeteria_500sqft_v2/spear_export_r256/export_scene.blend/textures/floor_grout_line_y_2_4_ROUGHNESS.png (deflated 73%)
  adding: home/yashturkar/Workspace/infinigen/outputs/cafeteria_500sqft_v2/spear_export_r256/export_scene.blend/textures/rectangular_led_panel_diffuser_1_ROUGHNESS.png (deflated 62%)
  adding: home/yashturkar/Workspace/infinigen/outputs/cafeteria_500sqft_v2/spear_export_r256/export_scene.blend/textures/table_2_chair_3_leg_-0_19_0_17_METAL.png (deflated 18%)
  adding: home/yashturkar/Workspace/infinigen/outputs/cafeteria_500sqft_v2/spear_export_r256/export_scene.blend/textures/fridge_can_r2_c2_METAL.png (deflated 26%)
  adding: home/yashturkar/Workspace/infinigen/outputs/cafeteria_500sqft_v2/spear_export_r256/export_scene.blend/textures/right_window_wall_mullion_0_DIFFUSE.png (deflated 66%)
  adding: home/yashturkar/Workspace/infinigen/outputs/cafeteria_500sqft_v2/spear_export_r256/export_scene.blend/textures/drink_refrigerator_glass_door_NORMAL.png (deflated 82%)
  adding: home/yashturkar/Workspace/infinigen/outputs/cafeteria_500sqft_v2/spear_export_r256/export_scene.blend/textures/right_real_window_frame_2_right_NORMAL.png (deflated 82%)
  adding: home/yashturkar/Workspace/infinigen/outputs/cafeteria_500sqft_v2/spear_export_r256/export_scene.blend/textures/table_3_chair_3_leg_0_19_-0_17_METAL.png (deflated 18%)
  adding: home/yashturkar/Workspace/infinigen/outputs/cafeteria_500sqft_v2/spear_export_r256/export_scene.blend/textures/warm_wall_sconce_lens_1_NORMAL.png (deflated 82%)
  adding: home/yashturkar/Workspace/infinigen/outputs/cafeteria_500sqft_v2/spear_export_r256/export_scene.blend/textures/right_real_window_frame_1_left_ROUGHNESS.png (deflated 70%)
  adding: home/yashturkar/Workspace/infinigen/outputs/cafeteria_500sqft_v2/spear_export_r256/export_scene.blend/textures/right_real_window_frame_2_bottom_METAL.png (deflated 63%)
  adding: home/yashturkar/Workspace/infinigen/outputs/cafeteria_500sqft_v2/spear_export_r256/export_scene.blend/textures/right_window_wall_mullion_1_DIFFUSE.png (deflated 66%)
  adding: home/yashturkar/Workspace/infinigen/outputs/cafeteria_500sqft_v2/spear_export_r256/export_scene.blend/textures/fruit_bowl_piece_0_DIFFUSE.png (deflated 4%)
  adding: home/yashturkar/Workspace/infinigen/outputs/cafeteria_500sqft_v2/spear_export_r256/export_scene.blend/textures/table_0_chair_3_back_DIFFUSE.png (deflated 55%)
  adding: home/yashturkar/Workspace/infinigen/outputs/cafeteria_500sqft_v2/spear_export_r256/export_scene.blend/textures/right_real_window_frame_2_left_METAL.png (deflated 70%)
  adding: home/yashturkar/Workspace/infinigen/outputs/cafeteria_500sqft_v2/spear_export_r256/export_scene.blend/textures/drink_refrigerator_body_NORMAL.png (deflated 3%)
  adding: home/yashturkar/Workspace/infinigen/outputs/cafeteria_500sqft_v2/spear_export_r256/export_scene.blend/textures/menu_chalk_line_1_NORMAL.png (deflated 82%)
  adding: home/yashturkar/Workspace/infinigen/outputs/cafeteria_500sqft_v2/spear_export_r256/export_scene.blend/textures/fridge_can_r3_c2_DIFFUSE.png (deflated 25%)
  adding: home/yashturkar/Workspace/infinigen/outputs/cafeteria_500sqft_v2/spear_export_r256/export_scene.blend/textures/table_0_chair_3_leg_-0_19_0_17_NORMAL.png (deflated 82%)
  adding: home/yashturkar/Workspace/infinigen/outputs/cafeteria_500sqft_v2/spear_export_r256/export_scene.blend/textures/right_real_window_glass_0_TRANSMISSION.png (deflated 59%)
  adding: home/yashturkar/Workspace/infinigen/outputs/cafeteria_500sqft_v2/spear_export_r256/export_scene.blend/textures/menu_chalk_line_1_ROUGHNESS.png (deflated 57%)
  adding: home/yashturkar/Workspace/infinigen/outputs/cafeteria_500sqft_v2/spear_export_r256/export_scene.blend/textures/floor_grout_line_y_0_0_ROUGHNESS.png (deflated 73%)
  adding: home/yashturkar/Workspace/infinigen/outputs/cafeteria_500sqft_v2/spear_export_r256/export_scene.blend/textures/table_2_round_table_base_METAL.png (deflated 10%)
  adding: home/yashturkar/Workspace/infinigen/outputs/cafeteria_500sqft_v2/spear_export_r256/export_scene.blend/textures/table_0_round_table_base_NORMAL.png (deflated 82%)
  adding: home/yashturkar/Workspace/infinigen/outputs/cafeteria_500sqft_v2/spear_export_r256/export_scene.blend/textures/table_1_chair_3_leg_-0_19_0_17_DIFFUSE.png (deflated 17%)
  adding: home/yashturkar/Workspace/infinigen/outputs/cafeteria_500sqft_v2/spear_export_r256/export_scene.blend/textures/table_2_chair_1_leg_0_19_0_17_ROUGHNESS.png (deflated 18%)
  adding: home/yashturkar/Workspace/infinigen/outputs/cafeteria_500sqft_v2/spear_export_r256/export_scene.blend/textures/table_3_chair_2_leg_0_19_0_17_METAL.png (deflated 18%)
  adding: home/yashturkar/Workspace/infinigen/outputs/cafeteria_500sqft_v2/spear_export_r256/export_scene.blend/textures/long_dark_stained_service_counter_front_DIFFUSE.png (deflated 61%)
  adding: home/yashturkar/Workspace/infinigen/outputs/cafeteria_500sqft_v2/spear_export_r256/export_scene.blend/textures/table_3_chair_1_leg_-0_19_0_17_METAL.png (deflated 18%)
  adding: home/yashturkar/Workspace/infinigen/outputs/cafeteria_500sqft_v2/spear_export_r256/export_scene.blend/textures/table_1_chair_2_back_NORMAL.png (deflated 1%)
  adding: home/yashturkar/Workspace/infinigen/outputs/cafeteria_500sqft_v2/spear_export_r256/export_scene.blend/textures/floor_grout_line_y_2_4_NORMAL.png (deflated 82%)
  adding: home/yashturkar/Workspace/infinigen/outputs/cafeteria_500sqft_v2/spear_export_r256/export_scene.blend/textures/table_1_central_pedestal_METAL.png (deflated 11%)
  adding: home/yashturkar/Workspace/infinigen/outputs/cafeteria_500sqft_v2/spear_export_r256/export_scene.blend/textures/right_real_window_frame_1_top_ROUGHNESS.png (deflated 66%)
  adding: home/yashturkar/Workspace/infinigen/outputs/cafeteria_500sqft_v2/spear_export_r256/export_scene.blend/textures/table_3_chair_2_back_NORMAL.png (deflated 1%)
  adding: home/yashturkar/Workspace/infinigen/outputs/cafeteria_500sqft_v2/spear_export_r256/export_scene.blend/textures/stacked_paper_cup_3_NORMAL.png (deflated 82%)
  adding: home/yashturkar/Workspace/infinigen/outputs/cafeteria_500sqft_v2/spear_export_r256/export_scene.blend/textures/table_3_chair_1_leg_-0_19_0_17_DIFFUSE.png (deflated 17%)
  adding: home/yashturkar/Workspace/infinigen/outputs/cafeteria_500sqft_v2/spear_export_r256/export_scene.blend/textures/stacked_paper_cup_3_ROUGHNESS.png (deflated 26%)
  adding: home/yashturkar/Workspace/infinigen/outputs/cafeteria_500sqft_v2/spear_export_r256/export_scene.blend/textures/table_1_paper_cup_ROUGHNESS.png (deflated 21%)
  adding: home/yashturkar/Workspace/infinigen/outputs/cafeteria_500sqft_v2/spear_export_r256/export_scene.blend/textures/table_1_square_tabletop_ROUGHNESS.png (deflated 41%)
  adding: home/yashturkar/Workspace/infinigen/outputs/cafeteria_500sqft_v2/spear_export_r256/export_scene.blend/textures/exterior_planter_box_0_NORMAL.png (deflated 82%)
  adding: home/yashturkar/Workspace/infinigen/outputs/cafeteria_500sqft_v2/spear_export_r256/export_scene.blend/textures/table_0_paper_cup_ROUGHNESS.png (deflated 21%)
  adding: home/yashturkar/Workspace/infinigen/outputs/cafeteria_500sqft_v2/spear_export_r256/export_scene.blend/textures/table_3_chair_1_leg_0_19_0_17_METAL.png (deflated 18%)
  adding: home/yashturkar/Workspace/infinigen/outputs/cafeteria_500sqft_v2/spear_export_r256/export_scene.blend/textures/right_real_window_glass_2_TRANSMISSION.png (deflated 59%)
  adding: home/yashturkar/Workspace/infinigen/outputs/cafeteria_500sqft_v2/spear_export_r256/export_scene.blend/textures/table_2_chair_0_leg_-0_19_-0_17_ROUGHNESS.png (deflated 18%)
  adding: home/yashturkar/Workspace/infinigen/outputs/cafeteria_500sqft_v2/spear_export_r256/export_scene.blend/textures/table_3_chair_2_leg_0_19_-0_17_METAL.png (deflated 18%)
  adding: home/yashturkar/Workspace/infinigen/outputs/cafeteria_500sqft_v2/spear_export_r256/export_scene.blend/textures/table_3_chair_3_leg_-0_19_-0_17_NORMAL.png (deflated 82%)
  adding: home/yashturkar/Workspace/infinigen/outputs/cafeteria_500sqft_v2/spear_export_r256/export_scene.blend/textures/table_1_chair_2_leg_0_19_-0_17_DIFFUSE.png (deflated 17%)
  adding: home/yashturkar/Workspace/infinigen/outputs/cafeteria_500sqft_v2/spear_export_r256/export_scene.blend/textures/table_2_round_table_base_NORMAL.png (deflated 82%)
  adding: home/yashturkar/Workspace/infinigen/outputs/cafeteria_500sqft_v2/spear_export_r256/export_scene.blend/textures/table_3_chair_0_leg_0_19_-0_17_NORMAL.png (deflated 82%)
  adding: home/yashturkar/Workspace/infinigen/outputs/cafeteria_500sqft_v2/spear_export_r256/export_scene.blend/textures/counter_gray_green_tray_stack_-2_0_NORMAL.png (deflated 82%)
  adding: home/yashturkar/Workspace/infinigen/outputs/cafeteria_500sqft_v2/spear_export_r256/export_scene.blend/textures/right_window_wall_mullion_1_NORMAL.png (deflated 11%)
  adding: home/yashturkar/Workspace/infinigen/outputs/cafeteria_500sqft_v2/spear_export_r256/export_scene.blend/textures/fridge_can_r2_c2_ROUGHNESS.png (deflated 26%)
  adding: home/yashturkar/Workspace/infinigen/outputs/cafeteria_500sqft_v2/spear_export_r256/export_scene.blend/textures/trash_can_metal_lid_ROUGHNESS.png (deflated 17%)
  adding: home/yashturkar/Workspace/infinigen/outputs/cafeteria_500sqft_v2/spear_export_r256/export_scene.blend/textures/table_0_chair_0_leg_0_19_-0_17_METAL.png (deflated 18%)
  adding: home/yashturkar/Workspace/infinigen/outputs/cafeteria_500sqft_v2/spear_export_r256/export_scene.blend/textures/warm_wall_sconce_lens_0_ROUGHNESS.png (deflated 62%)
  adding: home/yashturkar/Workspace/infinigen/outputs/cafeteria_500sqft_v2/spear_export_r256/export_scene.blend/textures/menu_board_left_DIFFUSE.png (deflated 71%)
  adding: home/yashturkar/Workspace/infinigen/outputs/cafeteria_500sqft_v2/spear_export_r256/export_scene.blend/textures/table_3_chair_0_leg_0_19_0_17_ROUGHNESS.png (deflated 18%)
  adding: home/yashturkar/Workspace/infinigen/outputs/cafeteria_500sqft_v2/spear_export_r256/export_scene.blend/textures/right_real_window_frame_0_right_NORMAL.png (deflated 82%)
  adding: home/yashturkar/Workspace/infinigen/outputs/cafeteria_500sqft_v2/spear_export_r256/export_scene.blend/textures/left_painted_wall_ROUGHNESS.png (deflated 68%)
  adding: home/yashturkar/Workspace/infinigen/outputs/cafeteria_500sqft_v2/spear_export_r256/export_scene.blend/textures/table_2_central_pedestal_NORMAL.png (deflated 82%)
  adding: home/yashturkar/Workspace/infinigen/outputs/cafeteria_500sqft_v2/spear_export_r256/export_scene.blend/textures/table_0_square_tabletop_DIFFUSE.png (deflated 40%)
  adding: home/yashturkar/Workspace/infinigen/outputs/cafeteria_500sqft_v2/spear_export_r256/export_scene.blend/textures/table_1_chair_0_leg_0_19_-0_17_METAL.png (deflated 18%)
  adding: home/yashturkar/Workspace/infinigen/outputs/cafeteria_500sqft_v2/spear_export_r256/export_scene.blend/textures/table_3_chair_1_seat_NORMAL.png (deflated 2%)
  adding: home/yashturkar/Workspace/infinigen/outputs/cafeteria_500sqft_v2/spear_export_r256/export_scene.blend/textures/table_3_chair_0_leg_-0_19_0_17_METAL.png (deflated 18%)
  adding: home/yashturkar/Workspace/infinigen/outputs/cafeteria_500sqft_v2/spear_export_r256/export_scene.blend/textures/right_real_window_frame_0_bottom_ROUGHNESS.png (deflated 66%)
  adding: home/yashturkar/Workspace/infinigen/outputs/cafeteria_500sqft_v2/spear_export_r256/export_scene.blend/textures/coffee_machine_black_body_NORMAL.png (deflated 3%)
  adding: home/yashturkar/Workspace/infinigen/outputs/cafeteria_500sqft_v2/spear_export_r256/export_scene.blend/textures/floor_grout_line_y_-2_4_ROUGHNESS.png (deflated 73%)
  adding: home/yashturkar/Workspace/infinigen/outputs/cafeteria_500sqft_v2/spear_export_r256/export_scene.blend/textures/table_2_central_pedestal_ROUGHNESS.png (deflated 18%)
  adding: home/yashturkar/Workspace/infinigen/outputs/cafeteria_500sqft_v2/spear_export_r256/export_scene.blend/textures/table_0_sandwich_plate_ROUGHNESS.png (deflated 57%)
  adding: home/yashturkar/Workspace/infinigen/outputs/cafeteria_500sqft_v2/spear_export_r256/export_scene.blend/textures/exterior_planter_box_0_ROUGHNESS.png (deflated 30%)
  adding: home/yashturkar/Workspace/infinigen/outputs/cafeteria_500sqft_v2/spear_export_r256/export_scene.blend/textures/table_3_chair_1_leg_0_19_-0_17_NORMAL.png (deflated 82%)
  adding: home/yashturkar/Workspace/infinigen/outputs/cafeteria_500sqft_v2/spear_export_r256/export_scene.blend/textures/right_window_wall_mullion_1_ROUGHNESS.png (deflated 67%)
  adding: home/yashturkar/Workspace/infinigen/outputs/cafeteria_500sqft_v2/spear_export_r256/export_scene.blend/textures/table_2_chair_1_leg_0_19_0_17_DIFFUSE.png (deflated 17%)
  adding: home/yashturkar/Workspace/infinigen/outputs/cafeteria_500sqft_v2/spear_export_r256/export_scene.blend/textures/table_3_sandwich_half_a_DIFFUSE.png (deflated 50%)
  adding: home/yashturkar/Workspace/infinigen/outputs/cafeteria_500sqft_v2/spear_export_r256/export_scene.blend/textures/table_0_chair_2_leg_0_19_-0_17_METAL.png (deflated 18%)
  adding: home/yashturkar/Workspace/infinigen/outputs/cafeteria_500sqft_v2/spear_export_r256/export_scene.blend/textures/table_2_chair_2_leg_0_19_-0_17_METAL.png (deflated 18%)
  adding: home/yashturkar/Workspace/infinigen/outputs/cafeteria_500sqft_v2/spear_export_r256/export_scene.blend/textures/table_2_chair_1_leg_0_19_-0_17_DIFFUSE.png (deflated 17%)
  adding: home/yashturkar/Workspace/infinigen/outputs/cafeteria_500sqft_v2/spear_export_r256/export_scene.blend/textures/fridge_can_r0_c1_METAL.png (deflated 26%)
  adding: home/yashturkar/Workspace/infinigen/outputs/cafeteria_500sqft_v2/spear_export_r256/export_scene.blend/textures/right_real_window_glass_0_NORMAL.png (deflated 82%)
  adding: home/yashturkar/Workspace/infinigen/outputs/cafeteria_500sqft_v2/spear_export_r256/export_scene.blend/textures/table_2_chair_2_leg_-0_19_0_17_METAL.png (deflated 18%)
  adding: home/yashturkar/Workspace/infinigen/outputs/cafeteria_500sqft_v2/spear_export_r256/export_scene.blend/textures/table_1_chair_2_leg_0_19_-0_17_METAL.png (deflated 18%)
  adding: home/yashturkar/Workspace/infinigen/outputs/cafeteria_500sqft_v2/spear_export_r256/export_scene.blend/textures/table_1_chair_0_back_NORMAL.png (deflated 1%)
  adding: home/yashturkar/Workspace/infinigen/outputs/cafeteria_500sqft_v2/spear_export_r256/export_scene.blend/textures/table_3_chair_2_leg_0_19_0_17_NORMAL.png (deflated 82%)
  adding: home/yashturkar/Workspace/infinigen/outputs/cafeteria_500sqft_v2/spear_export_r256/export_scene.blend/textures/table_2_chair_3_leg_0_19_-0_17_DIFFUSE.png (deflated 17%)
  adding: home/yashturkar/Workspace/infinigen/outputs/cafeteria_500sqft_v2/spear_export_r256/export_scene.blend/textures/table_0_chair_1_leg_0_19_0_17_ROUGHNESS.png (deflated 18%)
  adding: home/yashturkar/Workspace/infinigen/outputs/cafeteria_500sqft_v2/spear_export_r256/export_scene.blend/textures/table_1_paper_cup_NORMAL.png (deflated 82%)
  adding: home/yashturkar/Workspace/infinigen/outputs/cafeteria_500sqft_v2/spear_export_r256/export_scene.blend/textures/table_1_chair_1_leg_0_19_-0_17_METAL.png (deflated 18%)
  adding: home/yashturkar/Workspace/infinigen/outputs/cafeteria_500sqft_v2/spear_export_r256/export_scene.blend/textures/table_0_chair_1_seat_ROUGHNESS.png (deflated 46%)
  adding: home/yashturkar/Workspace/infinigen/outputs/cafeteria_500sqft_v2/spear_export_r256/export_scene.blend/textures/fridge_can_r3_c0_NORMAL.png (deflated 82%)
  adding: home/yashturkar/Workspace/infinigen/outputs/cafeteria_500sqft_v2/spear_export_r256/export_scene.blend/textures/table_1_square_tabletop_DIFFUSE.png (deflated 40%)
  adding: home/yashturkar/Workspace/infinigen/outputs/cafeteria_500sqft_v2/spear_export_r256/export_scene.blend/textures/table_2_chair_0_leg_0_19_0_17_METAL.png (deflated 18%)
  adding: home/yashturkar/Workspace/infinigen/outputs/cafeteria_500sqft_v2/spear_export_r256/export_scene.blend/textures/fridge_can_r0_c0_DIFFUSE.png (deflated 24%)
  adding: home/yashturkar/Workspace/infinigen/outputs/cafeteria_500sqft_v2/spear_export_r256/export_scene.blend/textures/right_real_window_frame_2_right_METAL.png (deflated 70%)
  adding: home/yashturkar/Workspace/infinigen/outputs/cafeteria_500sqft_v2/spear_export_r256/export_scene.blend/textures/table_0_chair_0_leg_-0_19_-0_17_METAL.png (deflated 18%)
  adding: home/yashturkar/Workspace/infinigen/outputs/cafeteria_500sqft_v2/spear_export_r256/export_scene.blend/textures/table_1_chair_2_leg_0_19_0_17_NORMAL.png (deflated 82%)
  adding: home/yashturkar/Workspace/infinigen/outputs/cafeteria_500sqft_v2/spear_export_r256/export_scene.blend/textures/table_3_chair_2_leg_-0_19_-0_17_DIFFUSE.png (deflated 17%)
  adding: home/yashturkar/Workspace/infinigen/outputs/cafeteria_500sqft_v2/spear_export_r256/export_scene.blend/textures/right_real_window_glass_0_ROUGHNESS.png (deflated 85%)
  adding: home/yashturkar/Workspace/infinigen/outputs/cafeteria_500sqft_v2/spear_export_r256/export_scene.blend/textures/fruit_bowl_piece_1_DIFFUSE.png (deflated 4%)
  adding: home/yashturkar/Workspace/infinigen/outputs/cafeteria_500sqft_v2/spear_export_r256/export_scene.blend/textures/rectangular_led_panel_diffuser_0_NORMAL.png (deflated 82%)
  adding: home/yashturkar/Workspace/infinigen/outputs/cafeteria_500sqft_v2/spear_export_r256/export_scene.blend/textures/fridge_can_r3_c2_METAL.png (deflated 26%)
  adding: home/yashturkar/Workspace/infinigen/outputs/cafeteria_500sqft_v2/spear_export_r256/export_scene.blend/textures/fridge_can_r3_c0_ROUGHNESS.png (deflated 26%)
  adding: home/yashturkar/Workspace/infinigen/outputs/cafeteria_500sqft_v2/spear_export_r256/export_scene.blend/textures/right_real_window_frame_2_right_DIFFUSE.png (deflated 69%)
  adding: home/yashturkar/Workspace/infinigen/outputs/cafeteria_500sqft_v2/spear_export_r256/export_scene.blend/textures/table_0_sandwich_half_b_DIFFUSE.png (deflated 50%)
  adding: home/yashturkar/Workspace/infinigen/outputs/cafeteria_500sqft_v2/spear_export_r256/export_scene.blend/textures/table_0_chair_2_seat_DIFFUSE.png (deflated 49%)
  adding: home/yashturkar/Workspace/infinigen/outputs/cafeteria_500sqft_v2/spear_export_r256/export_scene.blend/textures/right_real_window_frame_3_bottom_ROUGHNESS.png (deflated 66%)
  adding: home/yashturkar/Workspace/infinigen/outputs/cafeteria_500sqft_v2/spear_export_r256/export_scene.blend/textures/floor_grout_line_y_1_2_DIFFUSE.png (deflated 73%)
  adding: home/yashturkar/Workspace/infinigen/outputs/cafeteria_500sqft_v2/spear_export_r256/export_scene.blend/textures/coffee_machine_metal_face_METAL.png (deflated 67%)
  adding: home/yashturkar/Workspace/infinigen/outputs/cafeteria_500sqft_v2/spear_export_r256/export_scene.blend/textures/table_1_chair_1_seat_ROUGHNESS.png (deflated 46%)
  adding: home/yashturkar/Workspace/infinigen/outputs/cafeteria_500sqft_v2/spear_export_r256/export_scene.blend/textures/right_real_window_frame_0_left_METAL.png (deflated 70%)
  adding: home/yashturkar/Workspace/infinigen/outputs/cafeteria_500sqft_v2/spear_export_r256/export_scene.blend/textures/counter_gray_green_tray_stack_0_3_NORMAL.png (deflated 82%)
  adding: home/yashturkar/Workspace/infinigen/outputs/cafeteria_500sqft_v2/spear_export_r256/export_scene.blend/textures/fruit_bowl_piece_2_DIFFUSE.png (deflated 4%)
  adding: home/yashturkar/Workspace/infinigen/outputs/cafeteria_500sqft_v2/spear_export_r256/export_scene.blend/textures/table_2_chair_0_leg_-0_19_-0_17_METAL.png (deflated 18%)
  adding: home/yashturkar/Workspace/infinigen/outputs/cafeteria_500sqft_v2/spear_export_r256/export_scene.blend/textures/table_2_chair_0_seat_NORMAL.png (deflated 2%)
  adding: home/yashturkar/Workspace/infinigen/outputs/cafeteria_500sqft_v2/spear_export_r256/export_scene.blend/textures/stainless_sneeze_guard_glass_DIFFUSE.png (deflated 85%)
  adding: home/yashturkar/Workspace/infinigen/outputs/cafeteria_500sqft_v2/spear_export_r256/export_scene.blend/textures/right_real_window_frame_1_bottom_METAL.png (deflated 63%)
  adding: home/yashturkar/Workspace/infinigen/outputs/cafeteria_500sqft_v2/spear_export_r256/export_scene.blend/textures/fruit_bowl_piece_2_ROUGHNESS.png (deflated 5%)
  adding: home/yashturkar/Workspace/infinigen/outputs/cafeteria_500sqft_v2/spear_export_r256/export_scene.blend/textures/drink_refrigerator_body_ROUGHNESS.png (deflated 57%)
  adding: home/yashturkar/Workspace/infinigen/outputs/cafeteria_500sqft_v2/spear_export_r256/export_scene.blend/textures/fridge_can_r0_c1_NORMAL.png (deflated 82%)
  adding: home/yashturkar/Workspace/infinigen/outputs/cafeteria_500sqft_v2/spear_export_r256/export_scene.blend/textures/table_3_chair_0_leg_-0_19_-0_17_DIFFUSE.png (deflated 17%)
  adding: home/yashturkar/Workspace/infinigen/outputs/cafeteria_500sqft_v2/spear_export_r256/export_scene.blend/textures/table_3_sandwich_plate_DIFFUSE.png (deflated 58%)
  adding: home/yashturkar/Workspace/infinigen/outputs/cafeteria_500sqft_v2/spear_export_r256/export_scene.blend/textures/table_3_square_tabletop_ROUGHNESS.png (deflated 41%)
  adding: home/yashturkar/Workspace/infinigen/outputs/cafeteria_500sqft_v2/spear_export_r256/export_scene.blend/textures/table_2_chair_2_leg_-0_19_-0_17_METAL.png (deflated 18%)
  adding: home/yashturkar/Workspace/infinigen/outputs/cafeteria_500sqft_v2/spear_export_r256/export_scene.blend/textures/notice_board_muted_flyer_2_NORMAL.png (deflated 82%)
  adding: home/yashturkar/Workspace/infinigen/outputs/cafeteria_500sqft_v2/spear_export_r256/export_scene.blend/textures/table_1_chair_3_leg_-0_19_-0_17_NORMAL.png (deflated 82%)
  adding: home/yashturkar/Workspace/infinigen/outputs/cafeteria_500sqft_v2/spear_export_r256/export_scene.blend/textures/round_black_trash_can_ROUGHNESS.png (deflated 18%)
  adding: home/yashturkar/Workspace/infinigen/outputs/cafeteria_500sqft_v2/spear_export_r256/export_scene.blend/textures/notice_board_muted_flyer_2_DIFFUSE.png (deflated 57%)
  adding: home/yashturkar/Workspace/infinigen/outputs/cafeteria_500sqft_v2/spear_export_r256/export_scene.blend/textures/right_real_window_frame_2_bottom_NORMAL.png (deflated 82%)
  adding: home/yashturkar/Workspace/infinigen/outputs/cafeteria_500sqft_v2/spear_export_r256/export_scene.blend/textures/table_1_chair_2_seat_ROUGHNESS.png (deflated 46%)
  adding: home/yashturkar/Workspace/infinigen/outputs/cafeteria_500sqft_v2/spear_export_r256/export_scene.blend/textures/table_3_paper_cup_NORMAL.png (deflated 82%)
  adding: home/yashturkar/Workspace/infinigen/outputs/cafeteria_500sqft_v2/spear_export_r256/export_scene.blend/textures/table_3_chair_1_seat_DIFFUSE.png (deflated 48%)
  adding: home/yashturkar/Workspace/infinigen/outputs/cafeteria_500sqft_v2/spear_export_r256/export_scene.blend/textures/menu_board_right_ROUGHNESS.png (deflated 72%)
  adding: home/yashturkar/Workspace/infinigen/outputs/cafeteria_500sqft_v2/spear_export_r256/export_scene.blend/textures/fridge_can_r1_c1_DIFFUSE.png (deflated 24%)
  adding: home/yashturkar/Workspace/infinigen/outputs/cafeteria_500sqft_v2/spear_export_r256/export_scene.blend/textures/table_2_chair_2_leg_-0_19_-0_17_NORMAL.png (deflated 82%)
  adding: home/yashturkar/Workspace/infinigen/outputs/cafeteria_500sqft_v2/spear_export_r256/export_scene.blend/textures/front_service_wall_warm_gray_NORMAL.png (deflated 7%)
  adding: home/yashturkar/Workspace/infinigen/outputs/cafeteria_500sqft_v2/spear_export_r256/export_scene.blend/textures/fridge_wire_shelf_3_ROUGHNESS.png (deflated 63%)
  adding: home/yashturkar/Workspace/infinigen/outputs/cafeteria_500sqft_v2/spear_export_r256/export_scene.blend/textures/table_0_chair_3_leg_0_19_-0_17_NORMAL.png (deflated 82%)
  adding: home/yashturkar/Workspace/infinigen/outputs/cafeteria_500sqft_v2/spear_export_r256/export_scene.blend/textures/table_2_chair_3_leg_0_19_0_17_DIFFUSE.png (deflated 17%)
  adding: home/yashturkar/Workspace/infinigen/outputs/cafeteria_500sqft_v2/spear_export_r256/export_scene.blend/textures/notice_board_muted_flyer_1_NORMAL.png (deflated 82%)
  adding: home/yashturkar/Workspace/infinigen/outputs/cafeteria_500sqft_v2/spear_export_r256/export_scene.blend/textures/right_real_window_frame_0_right_METAL.png (deflated 70%)
  adding: home/yashturkar/Workspace/infinigen/outputs/cafeteria_500sqft_v2/spear_export_r256/export_scene.blend/textures/right_window_wall_solid_end_negative_y_DIFFUSE.png (deflated 66%)
  adding: home/yashturkar/Workspace/infinigen/outputs/cafeteria_500sqft_v2/spear_export_r256/export_scene.blend/textures/menu_chalk_line_4_NORMAL.png (deflated 82%)
  adding: home/yashturkar/Workspace/infinigen/outputs/cafeteria_500sqft_v2/spear_export_r256/export_scene.blend/textures/table_1_chair_1_leg_0_19_0_17_NORMAL.png (deflated 82%)
  adding: home/yashturkar/Workspace/infinigen/outputs/cafeteria_500sqft_v2/spear_export_r256/export_scene.blend/textures/table_2_chair_3_seat_ROUGHNESS.png (deflated 46%)
  adding: home/yashturkar/Workspace/infinigen/outputs/cafeteria_500sqft_v2/spear_export_r256/export_scene.blend/textures/table_1_chair_2_leg_-0_19_-0_17_ROUGHNESS.png (deflated 18%)
  adding: home/yashturkar/Workspace/infinigen/outputs/cafeteria_500sqft_v2/spear_export_r256/export_scene.blend/textures/floor_grout_line_x_-1_2_NORMAL.png (deflated 82%)
  adding: home/yashturkar/Workspace/infinigen/outputs/cafeteria_500sqft_v2/spear_export_r256/export_scene.blend/textures/table_1_chair_1_leg_0_19_-0_17_DIFFUSE.png (deflated 17%)
  adding: home/yashturkar/Workspace/infinigen/outputs/cafeteria_500sqft_v2/spear_export_r256/export_scene.blend/textures/rear_glass_entry_door_TRANSMISSION.png (deflated 83%)
  adding: home/yashturkar/Workspace/infinigen/outputs/cafeteria_500sqft_v2/spear_export_r256/export_scene.blend/textures/table_1_chair_3_leg_0_19_0_17_ROUGHNESS.png (deflated 18%)
  adding: home/yashturkar/Workspace/infinigen/outputs/cafeteria_500sqft_v2/spear_export_r256/export_scene.blend/textures/table_1_gray_green_tray_NORMAL.png (deflated 82%)
  adding: home/yashturkar/Workspace/infinigen/outputs/cafeteria_500sqft_v2/spear_export_r256/export_scene.blend/textures/table_2_chair_0_seat_DIFFUSE.png (deflated 48%)
  adding: home/yashturkar/Workspace/infinigen/outputs/cafeteria_500sqft_v2/spear_export_r256/export_scene.blend/textures/drink_refrigerator_glass_door_DIFFUSE.png (deflated 85%)
  adding: home/yashturkar/Workspace/infinigen/outputs/cafeteria_500sqft_v2/spear_export_r256/export_scene.blend/textures/right_wall_below_real_window_openings_NORMAL.png (deflated 35%)
  adding: home/yashturkar/Workspace/infinigen/outputs/cafeteria_500sqft_v2/spear_export_r256/export_scene.blend/textures/table_2_chair_1_leg_-0_19_0_17_ROUGHNESS.png (deflated 18%)
  adding: home/yashturkar/Workspace/infinigen/outputs/cafeteria_500sqft_v2/spear_export_r256/export_scene.blend/textures/fridge_can_r2_c2_DIFFUSE.png (deflated 24%)
  adding: home/yashturkar/Workspace/infinigen/outputs/cafeteria_500sqft_v2/spear_export_r256/export_scene.blend/textures/stacked_paper_cup_1_DIFFUSE.png (deflated 20%)
  adding: home/yashturkar/Workspace/infinigen/outputs/cafeteria_500sqft_v2/spear_export_r256/export_scene.blend/textures/rectangular_led_panel_diffuser_0_ROUGHNESS.png (deflated 62%)
  adding: home/yashturkar/Workspace/infinigen/outputs/cafeteria_500sqft_v2/spear_export_r256/export_scene.blend/textures/menu_chalk_line_3_ROUGHNESS.png (deflated 57%)
  adding: home/yashturkar/Workspace/infinigen/outputs/cafeteria_500sqft_v2/spear_export_r256/export_scene.blend/textures/table_2_chair_2_leg_0_19_0_17_ROUGHNESS.png (deflated 18%)
  adding: home/yashturkar/Workspace/infinigen/outputs/cafeteria_500sqft_v2/spear_export_r256/export_scene.blend/textures/table_0_sandwich_plate_DIFFUSE.png (deflated 58%)
  adding: home/yashturkar/Workspace/infinigen/outputs/cafeteria_500sqft_v2/spear_export_r256/export_scene.blend/textures/table_0_chair_3_leg_0_19_0_17_METAL.png (deflated 18%)
  adding: home/yashturkar/Workspace/infinigen/outputs/cafeteria_500sqft_v2/spear_export_r256/export_scene.blend/textures/table_0_chair_2_leg_-0_19_-0_17_NORMAL.png (deflated 82%)
  adding: home/yashturkar/Workspace/infinigen/outputs/cafeteria_500sqft_v2/spear_export_r256/export_scene.blend/textures/floor_grout_line_y_-2_4_NORMAL.png (deflated 82%)
  adding: home/yashturkar/Workspace/infinigen/outputs/cafeteria_500sqft_v2/spear_export_r256/export_scene.blend/textures/right_real_window_frame_2_top_METAL.png (deflated 63%)
  adding: home/yashturkar/Workspace/infinigen/outputs/cafeteria_500sqft_v2/spear_export_r256/export_scene.blend/textures/table_1_chair_2_leg_-0_19_0_17_DIFFUSE.png (deflated 17%)
  adding: home/yashturkar/Workspace/infinigen/outputs/cafeteria_500sqft_v2/spear_export_r256/export_scene.blend/textures/table_1_chair_0_back_ROUGHNESS.png (deflated 54%)
  adding: home/yashturkar/Workspace/infinigen/outputs/cafeteria_500sqft_v2/spear_export_r256/export_scene.blend/textures/table_1_chair_1_leg_-0_19_-0_17_METAL.png (deflated 18%)
  adding: home/yashturkar/Workspace/infinigen/outputs/cafeteria_500sqft_v2/spear_export_r256/export_scene.blend/textures/napkin_dispenser_metal_METAL.png (deflated 22%)
  adding: home/yashturkar/Workspace/infinigen/outputs/cafeteria_500sqft_v2/spear_export_r256/export_scene.blend/textures/fridge_can_r1_c2_DIFFUSE.png (deflated 25%)
  adding: home/yashturkar/Workspace/infinigen/outputs/cafeteria_500sqft_v2/spear_export_r256/export_scene.blend/textures/table_3_chair_1_leg_0_19_0_17_NORMAL.png (deflated 82%)
  adding: home/yashturkar/Workspace/infinigen/outputs/cafeteria_500sqft_v2/spear_export_r256/export_scene.blend/textures/table_0_chair_3_leg_-0_19_0_17_DIFFUSE.png (deflated 17%)
  adding: home/yashturkar/Workspace/infinigen/outputs/cafeteria_500sqft_v2/spear_export_r256/export_scene.blend/textures/fridge_can_r0_c2_NORMAL.png (deflated 82%)
  adding: home/yashturkar/Workspace/infinigen/outputs/cafeteria_500sqft_v2/spear_export_r256/export_scene.blend/textures/table_0_paper_cup_DIFFUSE.png (deflated 17%)
  adding: home/yashturkar/Workspace/infinigen/outputs/cafeteria_500sqft_v2/spear_export_r256/export_scene.blend/textures/menu_chalk_line_5_NORMAL.png (deflated 82%)
  adding: home/yashturkar/Workspace/infinigen/outputs/cafeteria_500sqft_v2/spear_export_r256/export_scene.blend/textures/right_real_window_frame_1_left_DIFFUSE.png (deflated 69%)
  adding: home/yashturkar/Workspace/infinigen/outputs/cafeteria_500sqft_v2/spear_export_r256/export_scene.blend/textures/table_1_chair_3_back_NORMAL.png (deflated 1%)
  adding: home/yashturkar/Workspace/infinigen/outputs/cafeteria_500sqft_v2/spear_export_r256/export_scene.blend/textures/right_real_window_frame_0_left_ROUGHNESS.png (deflated 70%)
  adding: home/yashturkar/Workspace/infinigen/outputs/cafeteria_500sqft_v2/spear_export_r256/export_scene.blend/textures/floor_grout_line_x_0_0_ROUGHNESS.png (deflated 63%)
  adding: home/yashturkar/Workspace/infinigen/outputs/cafeteria_500sqft_v2/spear_export_r256/export_scene.blend/textures/table_2_chair_2_seat_DIFFUSE.png (deflated 48%)
  adding: home/yashturkar/Workspace/infinigen/outputs/cafeteria_500sqft_v2/spear_export_r256/export_scene.blend/textures/table_3_paper_cup_DIFFUSE.png (deflated 17%)
  adding: home/yashturkar/Workspace/infinigen/outputs/cafeteria_500sqft_v2/spear_export_r256/export_scene.blend/textures/table_0_chair_1_leg_-0_19_-0_17_DIFFUSE.png (deflated 17%)
  adding: home/yashturkar/Workspace/infinigen/outputs/cafeteria_500sqft_v2/spear_export_r256/export_scene.blend/textures/rectangular_led_panel_diffuser_0_DIFFUSE.png (deflated 68%)
  adding: home/yashturkar/Workspace/infinigen/outputs/cafeteria_500sqft_v2/spear_export_r256/export_scene.blend/textures/table_0_chair_2_leg_0_19_-0_17_DIFFUSE.png (deflated 17%)
  adding: home/yashturkar/Workspace/infinigen/outputs/cafeteria_500sqft_v2/spear_export_r256/export_scene.blend/textures/table_3_chair_1_leg_-0_19_-0_17_DIFFUSE.png (deflated 17%)
  adding: home/yashturkar/Workspace/infinigen/outputs/cafeteria_500sqft_v2/spear_export_r256/export_scene.blend/textures/table_2_chair_3_leg_0_19_0_17_METAL.png (deflated 18%)
  adding: home/yashturkar/Workspace/infinigen/outputs/cafeteria_500sqft_v2/spear_export_r256/export_scene.blend/textures/fridge_can_r3_c1_ROUGHNESS.png (deflated 26%)
  adding: home/yashturkar/Workspace/infinigen/outputs/cafeteria_500sqft_v2/spear_export_r256/export_scene.blend/textures/coffee_machine_metal_face_DIFFUSE.png (deflated 61%)
  adding: home/yashturkar/Workspace/infinigen/outputs/cafeteria_500sqft_v2/spear_export_r256/export_scene.blend/textures/coffee_station_base_DIFFUSE.png (deflated 58%)
  adding: home/yashturkar/Workspace/infinigen/outputs/cafeteria_500sqft_v2/spear_export_r256/export_scene.blend/textures/table_0_chair_3_leg_0_19_-0_17_METAL.png (deflated 18%)
  adding: home/yashturkar/Workspace/infinigen/outputs/cafeteria_500sqft_v2/spear_export_r256/export_scene.blend/textures/table_3_chair_0_leg_-0_19_0_17_NORMAL.png (deflated 82%)
  adding: home/yashturkar/Workspace/infinigen/outputs/cafeteria_500sqft_v2/spear_export_r256/export_scene.blend/textures/exterior_planter_box_0_DIFFUSE.png (deflated 28%)
  adding: home/yashturkar/Workspace/infinigen/outputs/cafeteria_500sqft_v2/spear_export_r256/export_scene.blend/textures/fridge_wire_shelf_0_NORMAL.png (deflated 82%)
  adding: home/yashturkar/Workspace/infinigen/outputs/cafeteria_500sqft_v2/spear_export_r256/export_scene.blend/textures/table_1_chair_0_back_DIFFUSE.png (deflated 55%)
  adding: home/yashturkar/Workspace/infinigen/outputs/cafeteria_500sqft_v2/spear_export_r256/export_scene.blend/textures/fridge_can_r3_c1_DIFFUSE.png (deflated 24%)
  adding: home/yashturkar/Workspace/infinigen/outputs/cafeteria_500sqft_v2/spear_export_r256/export_scene.blend/textures/right_real_window_frame_1_top_METAL.png (deflated 63%)
  adding: home/yashturkar/Workspace/infinigen/outputs/cafeteria_500sqft_v2/spear_export_r256/export_scene.blend/textures/fridge_can_r2_c1_NORMAL.png (deflated 82%)
  adding: home/yashturkar/Workspace/infinigen/outputs/cafeteria_500sqft_v2/spear_export_r256/export_scene.blend/textures/table_0_chair_2_leg_-0_19_-0_17_METAL.png (deflated 18%)
  adding: home/yashturkar/Workspace/infinigen/outputs/cafeteria_500sqft_v2/spear_export_r256/export_scene.blend/textures/table_1_chair_2_leg_-0_19_0_17_ROUGHNESS.png (deflated 18%)
  adding: home/yashturkar/Workspace/infinigen/outputs/cafeteria_500sqft_v2/spear_export_r256/export_scene.blend/textures/table_1_chair_0_leg_0_19_0_17_DIFFUSE.png (deflated 17%)
  adding: home/yashturkar/Workspace/infinigen/outputs/cafeteria_500sqft_v2/spear_export_r256/export_scene.blend/textures/table_3_square_tabletop_DIFFUSE.png (deflated 40%)
  adding: home/yashturkar/Workspace/infinigen/outputs/cafeteria_500sqft_v2/spear_export_r256/export_scene.blend/textures/table_3_chair_2_leg_0_19_0_17_DIFFUSE.png (deflated 17%)
  adding: home/yashturkar/Workspace/infinigen/outputs/cafeteria_500sqft_v2/spear_export_r256/export_scene.blend/textures/table_3_chair_3_leg_0_19_0_17_DIFFUSE.png (deflated 17%)
  adding: home/yashturkar/Workspace/infinigen/outputs/cafeteria_500sqft_v2/spear_export_r256/export_scene.blend/textures/trash_can_metal_lid_METAL.png (deflated 19%)
  adding: home/yashturkar/Workspace/infinigen/outputs/cafeteria_500sqft_v2/spear_export_r256/export_scene.blend/textures/table_1_chair_2_seat_NORMAL.png (deflated 2%)
  adding: home/yashturkar/Workspace/infinigen/outputs/cafeteria_500sqft_v2/spear_export_r256/export_scene.blend/textures/table_2_chair_0_leg_0_19_-0_17_ROUGHNESS.png (deflated 18%)
  adding: home/yashturkar/Workspace/infinigen/outputs/cafeteria_500sqft_v2/spear_export_r256/export_scene.blend/textures/table_2_chair_1_seat_DIFFUSE.png (deflated 48%)
  adding: home/yashturkar/Workspace/infinigen/outputs/cafeteria_500sqft_v2/spear_export_r256/export_scene.blend/textures/table_1_chair_3_back_ROUGHNESS.png (deflated 54%)
  adding: home/yashturkar/Workspace/infinigen/outputs/cafeteria_500sqft_v2/spear_export_r256/export_scene.blend/textures/table_1_chair_2_leg_-0_19_0_17_NORMAL.png (deflated 82%)
  adding: home/yashturkar/Workspace/infinigen/outputs/cafeteria_500sqft_v2/spear_export_r256/export_scene.blend/textures/distant_exterior_brick_wall_visible_through_windows_ROUGHNESS.png (deflated 74%)
  adding: home/yashturkar/Workspace/infinigen/outputs/cafeteria_500sqft_v2/spear_export_r256/export_scene.blend/textures/table_2_chair_3_seat_NORMAL.png (deflated 2%)
  adding: home/yashturkar/Workspace/infinigen/outputs/cafeteria_500sqft_v2/spear_export_r256/export_scene.blend/textures/table_3_chair_0_leg_0_19_-0_17_ROUGHNESS.png (deflated 18%)
  adding: home/yashturkar/Workspace/infinigen/outputs/cafeteria_500sqft_v2/spear_export_r256/export_scene.blend/textures/counter_gray_green_tray_stack_0_3_DIFFUSE.png (deflated 63%)
  adding: home/yashturkar/Workspace/infinigen/outputs/cafeteria_500sqft_v2/spear_export_r256/export_scene.blend/textures/right_wall_below_real_window_openings_ROUGHNESS.png (deflated 74%)
  adding: home/yashturkar/Workspace/infinigen/outputs/cafeteria_500sqft_v2/spear_export_r256/export_scene.blend/textures/table_2_chair_1_leg_-0_19_0_17_NORMAL.png (deflated 82%)
  adding: home/yashturkar/Workspace/infinigen/outputs/cafeteria_500sqft_v2/spear_export_r256/export_scene.blend/textures/table_3_chair_0_leg_0_19_-0_17_DIFFUSE.png (deflated 17%)
  adding: home/yashturkar/Workspace/infinigen/outputs/cafeteria_500sqft_v2/spear_export_r256/export_scene.blend/textures/table_2_central_pedestal_METAL.png (deflated 11%)
  adding: home/yashturkar/Workspace/infinigen/outputs/cafeteria_500sqft_v2/spear_export_r256/export_scene.blend/textures/table_0_chair_1_leg_0_19_0_17_NORMAL.png (deflated 82%)
  adding: home/yashturkar/Workspace/infinigen/outputs/cafeteria_500sqft_v2/spear_export_r256/export_scene.blend/textures/right_real_window_glass_3_NORMAL.png (deflated 82%)
  adding: home/yashturkar/Workspace/infinigen/outputs/cafeteria_500sqft_v2/spear_export_r256/export_scene.blend/textures/table_3_chair_3_seat_ROUGHNESS.png (deflated 46%)
  adding: home/yashturkar/Workspace/infinigen/outputs/cafeteria_500sqft_v2/spear_export_r256/export_scene.blend/textures/counter_gray_green_tray_stack_0_3_ROUGHNESS.png (deflated 63%)
  adding: home/yashturkar/Workspace/infinigen/outputs/cafeteria_500sqft_v2/spear_export_r256/export_scene.blend/textures/table_3_sandwich_half_a_NORMAL.png (deflated 82%)
  adding: home/yashturkar/Workspace/infinigen/outputs/cafeteria_500sqft_v2/spear_export_r256/export_scene.blend/textures/table_2_chair_2_leg_0_19_0_17_METAL.png (deflated 18%)
  adding: home/yashturkar/Workspace/infinigen/outputs/cafeteria_500sqft_v2/spear_export_r256/export_scene.blend/textures/stacked_paper_cup_2_ROUGHNESS.png (deflated 26%)
  adding: home/yashturkar/Workspace/infinigen/outputs/cafeteria_500sqft_v2/spear_export_r256/export_scene.blend/textures/table_0_gray_green_tray_NORMAL.png (deflated 82%)
  adding: home/yashturkar/Workspace/infinigen/outputs/cafeteria_500sqft_v2/spear_export_r256/export_scene.blend/textures/exterior_concrete_walk_visible_through_windows_DIFFUSE.png (deflated 81%)
  adding: home/yashturkar/Workspace/infinigen/outputs/cafeteria_500sqft_v2/spear_export_r256/export_scene.blend/textures/table_1_chair_2_leg_0_19_0_17_ROUGHNESS.png (deflated 18%)
  adding: home/yashturkar/Workspace/infinigen/outputs/cafeteria_500sqft_v2/spear_export_r256/export_scene.blend/textures/community_notice_board_NORMAL.png (deflated 6%)
  adding: home/yashturkar/Workspace/infinigen/outputs/cafeteria_500sqft_v2/spear_export_r256/export_scene.blend/textures/table_1_chair_1_leg_-0_19_-0_17_NORMAL.png (deflated 82%)
  adding: home/yashturkar/Workspace/infinigen/outputs/cafeteria_500sqft_v2/spear_export_r256/export_scene.blend/textures/notice_board_muted_flyer_1_ROUGHNESS.png (deflated 55%)
  adding: home/yashturkar/Workspace/infinigen/outputs/cafeteria_500sqft_v2/spear_export_r256/export_scene.blend/textures/right_real_window_frame_1_bottom_ROUGHNESS.png (deflated 66%)
  adding: home/yashturkar/Workspace/infinigen/outputs/cafeteria_500sqft_v2/spear_export_r256/export_scene.blend/textures/rectangular_led_panel_diffuser_1_NORMAL.png (deflated 82%)
  adding: home/yashturkar/Workspace/infinigen/outputs/cafeteria_500sqft_v2/spear_export_r256/export_scene.blend/textures/table_3_chair_1_leg_-0_19_-0_17_NORMAL.png (deflated 82%)
  adding: home/yashturkar/Workspace/infinigen/outputs/cafeteria_500sqft_v2/spear_export_r256/export_scene.blend/textures/table_1_chair_1_seat_NORMAL.png (deflated 2%)
  adding: home/yashturkar/Workspace/infinigen/outputs/cafeteria_500sqft_v2/spear_export_r256/export_scene.blend/textures/fridge_can_r1_c0_DIFFUSE.png (deflated 25%)
  adding: home/yashturkar/Workspace/infinigen/outputs/cafeteria_500sqft_v2/spear_export_r256/export_scene.blend/textures/right_real_window_frame_1_right_NORMAL.png (deflated 82%)
  adding: home/yashturkar/Workspace/infinigen/outputs/cafeteria_500sqft_v2/spear_export_r256/export_scene.blend/textures/table_0_chair_0_leg_-0_19_-0_17_NORMAL.png (deflated 82%)
  adding: home/yashturkar/Workspace/infinigen/outputs/cafeteria_500sqft_v2/spear_export_r256/export_scene.blend/textures/table_2_chair_0_leg_-0_19_0_17_METAL.png (deflated 18%)
  adding: home/yashturkar/Workspace/infinigen/outputs/cafeteria_500sqft_v2/spear_export_r256/export_scene.blend/textures/long_dark_stained_service_counter_front_ROUGHNESS.png (deflated 62%)
  adding: home/yashturkar/Workspace/infinigen/outputs/cafeteria_500sqft_v2/spear_export_r256/export_scene.blend/textures/coffee_machine_metal_face_NORMAL.png (deflated 82%)
  adding: home/yashturkar/Workspace/infinigen/outputs/cafeteria_500sqft_v2/spear_export_r256/export_scene.blend/textures/table_0_chair_1_leg_0_19_-0_17_ROUGHNESS.png (deflated 18%)
  adding: home/yashturkar/Workspace/infinigen/outputs/cafeteria_500sqft_v2/spear_export_r256/export_scene.blend/textures/table_2_gray_green_tray_DIFFUSE.png (deflated 55%)
  adding: home/yashturkar/Workspace/infinigen/outputs/cafeteria_500sqft_v2/spear_export_r256/export_scene.blend/textures/fridge_can_r0_c0_NORMAL.png (deflated 82%)
  adding: home/yashturkar/Workspace/infinigen/outputs/cafeteria_500sqft_v2/spear_export_r256/export_scene.blend/textures/table_1_chair_1_leg_0_19_-0_17_NORMAL.png (deflated 82%)
  adding: home/yashturkar/Workspace/infinigen/outputs/cafeteria_500sqft_v2/spear_export_r256/export_scene.blend/textures/right_real_window_frame_0_top_METAL.png (deflated 63%)
  adding: home/yashturkar/Workspace/infinigen/outputs/cafeteria_500sqft_v2/spear_export_r256/export_scene.blend/textures/table_0_chair_3_leg_0_19_0_17_ROUGHNESS.png (deflated 18%)
  adding: home/yashturkar/Workspace/infinigen/outputs/cafeteria_500sqft_v2/spear_export_r256/export_scene.blend/textures/table_3_sandwich_half_b_DIFFUSE.png (deflated 50%)
  adding: home/yashturkar/Workspace/infinigen/outputs/cafeteria_500sqft_v2/spear_export_r256/export_scene.blend/textures/right_real_window_frame_2_left_NORMAL.png (deflated 82%)
  adding: home/yashturkar/Workspace/infinigen/outputs/cafeteria_500sqft_v2/spear_export_r256/export_scene.blend/textures/floor_grout_line_x_-2_4_NORMAL.png (deflated 82%)
  adding: home/yashturkar/Workspace/infinigen/outputs/cafeteria_500sqft_v2/spear_export_r256/export_scene.blend/textures/stacked_paper_cup_3_DIFFUSE.png (deflated 20%)
  adding: home/yashturkar/Workspace/infinigen/outputs/cafeteria_500sqft_v2/spear_export_r256/export_scene.blend/textures/table_3_chair_3_leg_-0_19_-0_17_DIFFUSE.png (deflated 17%)
  adding: home/yashturkar/Workspace/infinigen/outputs/cafeteria_500sqft_v2/spear_export_r256/export_scene.blend/textures/table_0_chair_1_leg_-0_19_-0_17_NORMAL.png (deflated 82%)
  adding: home/yashturkar/Workspace/infinigen/outputs/cafeteria_500sqft_v2/spear_export_r256/export_scene.blend/textures/table_3_chair_0_back_NORMAL.png (deflated 1%)
  adding: home/yashturkar/Workspace/infinigen/outputs/cafeteria_500sqft_v2/spear_export_r256/export_scene.blend/textures/table_1_chair_2_leg_0_19_0_17_DIFFUSE.png (deflated 17%)
  adding: home/yashturkar/Workspace/infinigen/outputs/cafeteria_500sqft_v2/spear_export_r256/export_scene.blend/textures/menu_board_left_ROUGHNESS.png (deflated 72%)
  adding: home/yashturkar/Workspace/infinigen/outputs/cafeteria_500sqft_v2/spear_export_r256/export_scene.blend/textures/right_real_window_frame_0_top_NORMAL.png (deflated 82%)
  adding: home/yashturkar/Workspace/infinigen/outputs/cafeteria_500sqft_v2/spear_export_r256/export_scene.blend/textures/fridge_can_r1_c2_NORMAL.png (deflated 82%)
  adding: home/yashturkar/Workspace/infinigen/outputs/cafeteria_500sqft_v2/spear_export_r256/export_scene.blend/textures/table_2_chair_3_leg_-0_19_0_17_DIFFUSE.png (deflated 17%)
  adding: home/yashturkar/Workspace/infinigen/outputs/cafeteria_500sqft_v2/spear_export_r256/export_scene.blend/textures/community_notice_board_ROUGHNESS.png (deflated 62%)
  adding: home/yashturkar/Workspace/infinigen/outputs/cafeteria_500sqft_v2/spear_export_r256/export_scene.blend/textures/drink_refrigerator_glass_door_TRANSMISSION.png (deflated 78%)
  adding: home/yashturkar/Workspace/infinigen/outputs/cafeteria_500sqft_v2/spear_export_r256/export_scene.blend/textures/table_0_chair_2_leg_-0_19_0_17_METAL.png (deflated 18%)
  adding: home/yashturkar/Workspace/infinigen/outputs/cafeteria_500sqft_v2/spear_export_r256/export_scene.blend/textures/table_3_chair_1_leg_0_19_-0_17_ROUGHNESS.png (deflated 18%)
  adding: home/yashturkar/Workspace/infinigen/outputs/cafeteria_500sqft_v2/spear_export_r256/export_scene.blend/textures/table_1_chair_1_leg_-0_19_-0_17_DIFFUSE.png (deflated 17%)
  adding: home/yashturkar/Workspace/infinigen/outputs/cafeteria_500sqft_v2/spear_export_r256/export_scene.blend/textures/fridge_can_r1_c2_ROUGHNESS.png (deflated 26%)
  adding: home/yashturkar/Workspace/infinigen/outputs/cafeteria_500sqft_v2/spear_export_r256/export_scene.blend/textures/right_real_window_glass_3_ROUGHNESS.png (deflated 85%)
  adding: home/yashturkar/Workspace/infinigen/outputs/cafeteria_500sqft_v2/spear_export_r256/export_scene.blend/textures/stacked_paper_cup_1_NORMAL.png (deflated 82%)
  adding: home/yashturkar/Workspace/infinigen/outputs/cafeteria_500sqft_v2/spear_export_r256/export_scene.blend/textures/rectangular_led_panel_diffuser_2_ROUGHNESS.png (deflated 62%)
  adding: home/yashturkar/Workspace/infinigen/outputs/cafeteria_500sqft_v2/spear_export_r256/export_scene.blend/textures/table_2_gray_green_tray_ROUGHNESS.png (deflated 56%)
  adding: home/yashturkar/Workspace/infinigen/outputs/cafeteria_500sqft_v2/spear_export_r256/export_scene.blend/textures/table_0_chair_0_seat_NORMAL.png (deflated 2%)
  adding: home/yashturkar/Workspace/infinigen/outputs/cafeteria_500sqft_v2/spear_export_r256/export_scene.blend/textures/left_painted_wall_NORMAL.png (deflated 3%)
  adding: home/yashturkar/Workspace/infinigen/outputs/cafeteria_500sqft_v2/spear_export_r256/export_scene.blend/textures/right_real_window_frame_3_top_ROUGHNESS.png (deflated 66%)
  adding: home/yashturkar/Workspace/infinigen/outputs/cafeteria_500sqft_v2/spear_export_r256/export_scene.blend/textures/exterior_concrete_walk_visible_through_windows_ROUGHNESS.png (deflated 82%)
  adding: home/yashturkar/Workspace/infinigen/outputs/cafeteria_500sqft_v2/spear_export_r256/export_scene.blend/textures/back_entry_wall_with_glass_door_NORMAL.png (deflated 7%)
  adding: home/yashturkar/Workspace/infinigen/outputs/cafeteria_500sqft_v2/spear_export_r256/export_scene.blend/textures/notice_board_muted_flyer_0_NORMAL.png (deflated 82%)
  adding: home/yashturkar/Workspace/infinigen/outputs/cafeteria_500sqft_v2/spear_export_r256/export_scene.blend/textures/right_wall_above_real_window_openings_DIFFUSE.png (deflated 78%)
  adding: home/yashturkar/Workspace/infinigen/outputs/cafeteria_500sqft_v2/spear_export_r256/export_scene.blend/textures/table_0_chair_3_leg_-0_19_0_17_METAL.png (deflated 18%)
  adding: home/yashturkar/Workspace/infinigen/outputs/cafeteria_500sqft_v2/spear_export_r256/export_scene.blend/textures/distant_exterior_brick_wall_visible_through_windows_NORMAL.png (deflated 82%)
  adding: home/yashturkar/Workspace/infinigen/outputs/cafeteria_500sqft_v2/spear_export_r256/export_scene.blend/textures/right_real_window_frame_0_left_DIFFUSE.png (deflated 69%)
  adding: home/yashturkar/Workspace/infinigen/outputs/cafeteria_500sqft_v2/spear_export_r256/export_scene.blend/textures/table_1_chair_2_back_ROUGHNESS.png (deflated 54%)
  adding: home/yashturkar/Workspace/infinigen/outputs/cafeteria_500sqft_v2/spear_export_r256/export_scene.blend/textures/table_3_paper_cup_ROUGHNESS.png (deflated 21%)
  adding: home/yashturkar/Workspace/infinigen/outputs/cafeteria_500sqft_v2/spear_export_r256/export_scene.blend/textures/table_2_chair_3_leg_-0_19_-0_17_ROUGHNESS.png (deflated 18%)
  adding: home/yashturkar/Workspace/infinigen/outputs/cafeteria_500sqft_v2/spear_export_r256/export_scene.blend/textures/exterior_planter_box_2_NORMAL.png (deflated 82%)
  adding: home/yashturkar/Workspace/infinigen/outputs/cafeteria_500sqft_v2/spear_export_r256/export_scene.blend/textures/counter_gray_green_tray_stack_-3_15_ROUGHNESS.png (deflated 63%)
  adding: home/yashturkar/Workspace/infinigen/outputs/cafeteria_500sqft_v2/spear_export_r256/export_scene.blend/textures/table_1_chair_1_back_ROUGHNESS.png (deflated 54%)
  adding: home/yashturkar/Workspace/infinigen/outputs/cafeteria_500sqft_v2/spear_export_r256/export_scene.blend/textures/table_1_chair_1_back_DIFFUSE.png (deflated 55%)
  adding: home/yashturkar/Workspace/infinigen/outputs/cafeteria_500sqft_v2/spear_export_r256/export_scene.blend/textures/table_2_chair_0_leg_0_19_-0_17_NORMAL.png (deflated 82%)
  adding: home/yashturkar/Workspace/infinigen/outputs/cafeteria_500sqft_v2/spear_export_r256/export_scene.blend/textures/table_2_square_tabletop_ROUGHNESS.png (deflated 41%)
  adding: home/yashturkar/Workspace/infinigen/outputs/cafeteria_500sqft_v2/spear_export_r256/export_scene.blend/textures/table_1_round_table_base_NORMAL.png (deflated 82%)
  adding: home/yashturkar/Workspace/infinigen/outputs/cafeteria_500sqft_v2/spear_export_r256/export_scene.blend/textures/table_1_gray_green_tray_DIFFUSE.png (deflated 55%)
  adding: home/yashturkar/Workspace/infinigen/outputs/cafeteria_500sqft_v2/spear_export_r256/export_scene.blend/textures/table_0_central_pedestal_METAL.png (deflated 11%)
  adding: home/yashturkar/Workspace/infinigen/outputs/cafeteria_500sqft_v2/spear_export_r256/export_scene.blend/textures/table_0_chair_1_back_ROUGHNESS.png (deflated 54%)
  adding: home/yashturkar/Workspace/infinigen/outputs/cafeteria_500sqft_v2/spear_export_r256/export_scene.blend/textures/community_notice_board_DIFFUSE.png (deflated 61%)
  adding: home/yashturkar/Workspace/infinigen/outputs/cafeteria_500sqft_v2/spear_export_r256/export_scene.blend/textures/table_1_central_pedestal_DIFFUSE.png (deflated 15%)
  adding: home/yashturkar/Workspace/infinigen/outputs/cafeteria_500sqft_v2/spear_export_r256/export_scene.blend/textures/table_1_chair_0_leg_-0_19_0_17_METAL.png (deflated 18%)
  adding: home/yashturkar/Workspace/infinigen/outputs/cafeteria_500sqft_v2/spear_export_r256/export_scene.blend/textures/table_0_chair_2_leg_0_19_0_17_NORMAL.png (deflated 82%)
  adding: home/yashturkar/Workspace/infinigen/outputs/cafeteria_500sqft_v2/spear_export_r256/export_scene.blend/textures/table_1_chair_3_leg_0_19_-0_17_DIFFUSE.png (deflated 17%)
  adding: home/yashturkar/Workspace/infinigen/outputs/cafeteria_500sqft_v2/spear_export_r256/export_scene.blend/textures/table_1_chair_3_seat_NORMAL.png (deflated 2%)
  adding: home/yashturkar/Workspace/infinigen/outputs/cafeteria_500sqft_v2/spear_export_r256/export_scene.blend/textures/table_1_chair_2_leg_0_19_-0_17_NORMAL.png (deflated 82%)
  adding: home/yashturkar/Workspace/infinigen/outputs/cafeteria_500sqft_v2/spear_export_r256/export_scene.blend/textures/fridge_wire_shelf_0_DIFFUSE.png (deflated 61%)
  adding: home/yashturkar/Workspace/infinigen/outputs/cafeteria_500sqft_v2/spear_export_r256/export_scene.blend/textures/fruit_bowl_piece_0_NORMAL.png (deflated 82%)
  adding: home/yashturkar/Workspace/infinigen/outputs/cafeteria_500sqft_v2/spear_export_r256/export_scene.blend/textures/warm_wall_sconce_lens_1_DIFFUSE.png (deflated 59%)
  adding: home/yashturkar/Workspace/infinigen/outputs/cafeteria_500sqft_v2/spear_export_r256/export_scene.blend/textures/fridge_can_r2_c2_NORMAL.png (deflated 82%)
  adding: home/yashturkar/Workspace/infinigen/outputs/cafeteria_500sqft_v2/spear_export_r256/export_scene.blend/textures/table_3_sandwich_half_b_NORMAL.png (deflated 82%)
  adding: home/yashturkar/Workspace/infinigen/outputs/cafeteria_500sqft_v2/spear_export_r256/export_scene.blend/textures/right_window_wall_mullion_0_NORMAL.png (deflated 11%)
  adding: home/yashturkar/Workspace/infinigen/outputs/cafeteria_500sqft_v2/spear_export_r256/export_scene.blend/textures/table_2_gray_green_tray_NORMAL.png (deflated 82%)
  adding: home/yashturkar/Workspace/infinigen/outputs/cafeteria_500sqft_v2/spear_export_r256/export_scene.blend/textures/right_real_window_frame_2_top_NORMAL.png (deflated 82%)
  adding: home/yashturkar/Workspace/infinigen/outputs/cafeteria_500sqft_v2/spear_export_r256/export_scene.blend/textures/counter_gray_green_tray_stack_-0_85_DIFFUSE.png (deflated 63%)
  adding: home/yashturkar/Workspace/infinigen/outputs/cafeteria_500sqft_v2/spear_export_r256/export_scene.blend/textures/menu_board_right_NORMAL.png (deflated 3%)
  adding: home/yashturkar/Workspace/infinigen/outputs/cafeteria_500sqft_v2/spear_export_r256/export_scene.blend/textures/counter_gray_green_tray_stack_-3_15_NORMAL.png (deflated 82%)
  adding: home/yashturkar/Workspace/infinigen/outputs/cafeteria_500sqft_v2/spear_export_r256/export_scene.blend/textures/fridge_can_r0_c2_ROUGHNESS.png (deflated 26%)
  adding: home/yashturkar/Workspace/infinigen/outputs/cafeteria_500sqft_v2/spear_export_r256/export_scene.blend/textures/table_0_chair_0_leg_0_19_-0_17_NORMAL.png (deflated 82%)
  adding: home/yashturkar/Workspace/infinigen/outputs/cafeteria_500sqft_v2/spear_export_r256/export_scene.blend/textures/fridge_can_r3_c1_NORMAL.png (deflated 82%)
  adding: home/yashturkar/Workspace/infinigen/outputs/cafeteria_500sqft_v2/spear_export_r256/export_scene.blend/textures/right_real_window_glass_1_DIFFUSE.png (deflated 85%)
  adding: home/yashturkar/Workspace/infinigen/outputs/cafeteria_500sqft_v2/spear_export_r256/export_scene.blend/textures/table_1_chair_0_leg_0_19_-0_17_NORMAL.png (deflated 82%)
  adding: home/yashturkar/Workspace/infinigen/outputs/cafeteria_500sqft_v2/spear_export_r256/export_scene.blend/textures/right_real_window_glass_2_DIFFUSE.png (deflated 85%)
  adding: home/yashturkar/Workspace/infinigen/outputs/cafeteria_500sqft_v2/spear_export_r256/export_scene.blend/textures/table_2_chair_1_seat_ROUGHNESS.png (deflated 46%)
  adding: home/yashturkar/Workspace/infinigen/outputs/cafeteria_500sqft_v2/spear_export_r256/export_scene.blend/textures/right_real_window_frame_2_bottom_ROUGHNESS.png (deflated 66%)
  adding: home/yashturkar/Workspace/infinigen/outputs/cafeteria_500sqft_v2/spear_export_r256/export_scene.blend/textures/fridge_can_r3_c2_NORMAL.png (deflated 82%)
  adding: home/yashturkar/Workspace/infinigen/outputs/cafeteria_500sqft_v2/spear_export_r256/export_scene.blend/textures/table_0_gray_green_tray_ROUGHNESS.png (deflated 56%)
  adding: home/yashturkar/Workspace/infinigen/outputs/cafeteria_500sqft_v2/spear_export_r256/export_scene.blend/textures/table_3_round_table_base_ROUGHNESS.png (deflated 8%)
  adding: home/yashturkar/Workspace/infinigen/outputs/cafeteria_500sqft_v2/spear_export_r256/export_scene.blend/textures/table_3_chair_2_leg_0_19_0_17_ROUGHNESS.png (deflated 18%)
  adding: home/yashturkar/Workspace/infinigen/outputs/cafeteria_500sqft_v2/spear_export_r256/export_scene.blend/textures/table_2_central_pedestal_DIFFUSE.png (deflated 15%)
  adding: home/yashturkar/Workspace/infinigen/outputs/cafeteria_500sqft_v2/spear_export_r256/export_scene.blend/textures/table_3_chair_0_back_DIFFUSE.png (deflated 55%)
  adding: home/yashturkar/Workspace/infinigen/outputs/cafeteria_500sqft_v2/spear_export_r256/export_scene.blend/textures/stacked_paper_cup_1_ROUGHNESS.png (deflated 26%)
  adding: home/yashturkar/Workspace/infinigen/outputs/cafeteria_500sqft_v2/spear_export_r256/export_scene.blend/textures/front_service_wall_warm_gray_DIFFUSE.png (deflated 61%)
  adding: home/yashturkar/Workspace/infinigen/outputs/cafeteria_500sqft_v2/spear_export_r256/export_scene.blend/textures/floor_grout_line_x_-1_2_DIFFUSE.png (deflated 62%)
  adding: home/yashturkar/Workspace/infinigen/outputs/cafeteria_500sqft_v2/spear_export_r256/export_scene.blend/textures/floor_grout_line_x_1_2_ROUGHNESS.png (deflated 63%)
  adding: home/yashturkar/Workspace/infinigen/outputs/cafeteria_500sqft_v2/spear_export_r256/export_scene.blend/textures/exterior_muted_shrub_2_NORMAL.png (deflated 82%)
  adding: home/yashturkar/Workspace/infinigen/outputs/cafeteria_500sqft_v2/spear_export_r256/export_scene.blend/textures/floor_grout_line_y_2_4_DIFFUSE.png (deflated 73%)
  adding: home/yashturkar/Workspace/infinigen/outputs/cafeteria_500sqft_v2/spear_export_r256/export_scene.blend/textures/table_1_chair_0_leg_-0_19_0_17_NORMAL.png (deflated 82%)
  adding: home/yashturkar/Workspace/infinigen/outputs/cafeteria_500sqft_v2/spear_export_r256/export_scene.blend/textures/table_1_chair_1_leg_-0_19_0_17_DIFFUSE.png (deflated 17%)
  adding: home/yashturkar/Workspace/infinigen/outputs/cafeteria_500sqft_v2/spear_export_r256/export_scene.blend/textures/rectangular_led_panel_diffuser_3_NORMAL.png (deflated 82%)
  adding: home/yashturkar/Workspace/infinigen/outputs/cafeteria_500sqft_v2/spear_export_r256/export_scene.blend/textures/table_1_chair_1_leg_0_19_0_17_DIFFUSE.png (deflated 17%)
  adding: home/yashturkar/Workspace/infinigen/outputs/cafeteria_500sqft_v2/spear_export_r256/export_scene.blend/textures/table_3_chair_1_leg_-0_19_-0_17_ROUGHNESS.png (deflated 18%)
  adding: home/yashturkar/Workspace/infinigen/outputs/cafeteria_500sqft_v2/spear_export_r256/export_scene.blend/textures/table_1_chair_3_leg_-0_19_0_17_METAL.png (deflated 18%)
  adding: home/yashturkar/Workspace/infinigen/outputs/cafeteria_500sqft_v2/spear_export_r256/export_scene.blend/textures/table_2_chair_3_leg_0_19_0_17_ROUGHNESS.png (deflated 18%)
  adding: home/yashturkar/Workspace/infinigen/outputs/cafeteria_500sqft_v2/spear_export_r256/export_scene.blend/textures/menu_chalk_line_4_DIFFUSE.png (deflated 57%)
  adding: home/yashturkar/Workspace/infinigen/outputs/cafeteria_500sqft_v2/spear_export_r256/export_scene.blend/textures/table_3_gray_green_tray_NORMAL.png (deflated 82%)
  adding: home/yashturkar/Workspace/infinigen/outputs/cafeteria_500sqft_v2/spear_export_r256/export_scene.blend/textures/right_real_window_glass_1_ROUGHNESS.png (deflated 85%)
  adding: home/yashturkar/Workspace/infinigen/outputs/cafeteria_500sqft_v2/spear_export_r256/export_scene.blend/textures/table_0_paper_cup_NORMAL.png (deflated 82%)
  adding: home/yashturkar/Workspace/infinigen/outputs/cafeteria_500sqft_v2/spear_export_r256/export_scene.blend/textures/table_1_central_pedestal_ROUGHNESS.png (deflated 18%)
  adding: home/yashturkar/Workspace/infinigen/outputs/cafeteria_500sqft_v2/spear_export_r256/export_scene.blend/textures/notice_board_muted_flyer_1_DIFFUSE.png (deflated 57%)
  adding: home/yashturkar/Workspace/infinigen/outputs/cafeteria_500sqft_v2/spear_export_r256/export_scene.blend/textures/right_real_window_frame_1_right_ROUGHNESS.png (deflated 70%)
  adding: home/yashturkar/Workspace/infinigen/outputs/cafeteria_500sqft_v2/spear_export_r256/export_scene.blend/textures/right_real_window_frame_3_bottom_DIFFUSE.png (deflated 66%)
  adding: home/yashturkar/Workspace/infinigen/outputs/cafeteria_500sqft_v2/spear_export_r256/export_scene.blend/textures/menu_chalk_line_3_DIFFUSE.png (deflated 57%)
  adding: home/yashturkar/Workspace/infinigen/outputs/cafeteria_500sqft_v2/spear_export_r256/export_scene.blend/textures/coffee_machine_metal_face_ROUGHNESS.png (deflated 66%)
  adding: home/yashturkar/Workspace/infinigen/outputs/cafeteria_500sqft_v2/spear_export_r256/export_scene.blend/textures/table_2_chair_0_seat_ROUGHNESS.png (deflated 46%)
  adding: home/yashturkar/Workspace/infinigen/outputs/cafeteria_500sqft_v2/spear_export_r256/export_scene.blend/textures/table_2_chair_0_back_ROUGHNESS.png (deflated 54%)
  adding: home/yashturkar/Workspace/infinigen/outputs/cafeteria_500sqft_v2/spear_export_r256/export_scene.blend/textures/stainless_sneeze_guard_glass_NORMAL.png (deflated 82%)
  adding: home/yashturkar/Workspace/infinigen/outputs/cafeteria_500sqft_v2/spear_export_r256/export_scene.blend/textures/right_real_window_frame_3_top_NORMAL.png (deflated 82%)
  adding: home/yashturkar/Workspace/infinigen/outputs/cafeteria_500sqft_v2/spear_export_r256/export_scene.blend/textures/table_1_chair_0_seat_NORMAL.png (deflated 2%)
  adding: home/yashturkar/Workspace/infinigen/outputs/cafeteria_500sqft_v2/spear_export_r256/export_scene.blend/textures/table_0_chair_1_leg_-0_19_-0_17_ROUGHNESS.png (deflated 18%)
  adding: home/yashturkar/Workspace/infinigen/outputs/cafeteria_500sqft_v2/spear_export_r256/export_scene.blend/textures/table_3_square_tabletop_NORMAL.png (deflated 1%)
  adding: home/yashturkar/Workspace/infinigen/outputs/cafeteria_500sqft_v2/spear_export_r256/export_scene.blend/textures/table_3_chair_3_back_DIFFUSE.png (deflated 55%)
  adding: home/yashturkar/Workspace/infinigen/outputs/cafeteria_500sqft_v2/spear_export_r256/export_scene.blend/textures/table_1_chair_1_back_NORMAL.png (deflated 1%)
  adding: home/yashturkar/Workspace/infinigen/outputs/cafeteria_500sqft_v2/spear_export_r256/export_scene.blend/textures/fridge_can_r0_c1_DIFFUSE.png (deflated 25%)
  adding: home/yashturkar/Workspace/infinigen/outputs/cafeteria_500sqft_v2/spear_export_r256/export_scene.blend/textures/stainless_sneeze_guard_glass_ROUGHNESS.png (deflated 85%)
  adding: home/yashturkar/Workspace/infinigen/outputs/cafeteria_500sqft_v2/spear_export_r256/export_scene.blend/textures/fridge_can_r2_c0_DIFFUSE.png (deflated 24%)
  adding: home/yashturkar/Workspace/infinigen/outputs/cafeteria_500sqft_v2/spear_export_r256/export_scene.blend/textures/low_condiment_station_NORMAL.png (deflated 2%)
  adding: home/yashturkar/Workspace/infinigen/outputs/cafeteria_500sqft_v2/spear_export_r256/export_scene.blend/textures/right_real_window_frame_1_right_METAL.png (deflated 70%)
  adding: home/yashturkar/Workspace/infinigen/outputs/cafeteria_500sqft_v2/spear_export_r256/export_scene.blend/textures/table_2_chair_1_leg_0_19_0_17_METAL.png (deflated 18%)
  adding: home/yashturkar/Workspace/infinigen/outputs/cafeteria_500sqft_v2/spear_export_r256/export_scene.blend/textures/fridge_can_r2_c1_METAL.png (deflated 26%)
  adding: home/yashturkar/Workspace/infinigen/outputs/cafeteria_500sqft_v2/spear_export_r256/export_scene.blend/textures/rear_glass_entry_door_NORMAL.png (deflated 2%)
  adding: home/yashturkar/Workspace/infinigen/outputs/cafeteria_500sqft_v2/spear_export_r256/export_scene.blend/textures/table_3_chair_3_leg_-0_19_0_17_METAL.png (deflated 18%)
  adding: home/yashturkar/Workspace/infinigen/outputs/cafeteria_500sqft_v2/spear_export_r256/export_scene.blend/textures/table_2_chair_0_leg_0_19_-0_17_DIFFUSE.png (deflated 17%)
  adding: home/yashturkar/Workspace/infinigen/outputs/cafeteria_500sqft_v2/spear_export_r256/export_scene.blend/textures/floor_grout_line_y_0_0_NORMAL.png (deflated 82%)
  adding: home/yashturkar/Workspace/infinigen/outputs/cafeteria_500sqft_v2/spear_export_r256/export_scene.blend/textures/fruit_bowl_piece_0_ROUGHNESS.png (deflated 5%)
  adding: home/yashturkar/Workspace/infinigen/outputs/cafeteria_500sqft_v2/spear_export_r256/export_scene.blend/textures/table_0_chair_3_leg_-0_19_-0_17_METAL.png (deflated 18%)
  adding: home/yashturkar/Workspace/infinigen/outputs/cafeteria_500sqft_v2/spear_export_r256/export_scene.blend/textures/table_2_chair_1_back_ROUGHNESS.png (deflated 54%)
  adding: home/yashturkar/Workspace/infinigen/outputs/cafeteria_500sqft_v2/spear_export_r256/export_scene.blend/textures/exterior_concrete_walk_visible_through_windows_NORMAL.png (deflated 82%)
  adding: home/yashturkar/Workspace/infinigen/outputs/cafeteria_500sqft_v2/spear_export_r256/export_scene.blend/textures/exterior_muted_shrub_0_ROUGHNESS.png (deflated 12%)
  adding: home/yashturkar/Workspace/infinigen/outputs/cafeteria_500sqft_v2/spear_export_r256/export_scene.blend/textures/table_1_chair_3_leg_0_19_-0_17_METAL.png (deflated 18%)
  adding: home/yashturkar/Workspace/infinigen/outputs/cafeteria_500sqft_v2/spear_export_r256/export_scene.blend/textures/table_3_chair_1_leg_0_19_0_17_ROUGHNESS.png (deflated 18%)
  adding: home/yashturkar/Workspace/infinigen/outputs/cafeteria_500sqft_v2/spear_export_r256/export_scene.blend/textures/front_service_wall_warm_gray_ROUGHNESS.png (deflated 59%)
  adding: home/yashturkar/Workspace/infinigen/outputs/cafeteria_500sqft_v2/spear_export_r256/export_scene.blend/textures/menu_chalk_line_2_DIFFUSE.png (deflated 57%)
  adding: home/yashturkar/Workspace/infinigen/outputs/cafeteria_500sqft_v2/spear_export_r256/export_scene.blend/textures/table_2_chair_2_leg_0_19_-0_17_DIFFUSE.png (deflated 17%)
  adding: home/yashturkar/Workspace/infinigen/outputs/cafeteria_500sqft_v2/spear_export_r256/export_scene.blend/textures/floor_large_format_tile_slab_NORMAL.png (deflated 14%)
  adding: home/yashturkar/Workspace/infinigen/outputs/cafeteria_500sqft_v2/spear_export_r256/export_scene.blend/textures/counter_gray_green_tray_stack_-2_0_ROUGHNESS.png (deflated 63%)
  adding: home/yashturkar/Workspace/infinigen/outputs/cafeteria_500sqft_v2/spear_export_r256/export_scene.blend/textures/table_0_chair_1_leg_0_19_-0_17_NORMAL.png (deflated 82%)
  adding: home/yashturkar/Workspace/infinigen/outputs/cafeteria_500sqft_v2/spear_export_r256/export_scene.blend/textures/table_0_chair_2_back_NORMAL.png (deflated 1%)
  adding: home/yashturkar/Workspace/infinigen/outputs/cafeteria_500sqft_v2/spear_export_r256/export_scene.blend/textures/table_0_chair_3_leg_0_19_0_17_DIFFUSE.png (deflated 17%)
  adding: home/yashturkar/Workspace/infinigen/outputs/cafeteria_500sqft_v2/spear_export_r256/export_scene.blend/textures/table_0_square_tabletop_ROUGHNESS.png (deflated 41%)
  adding: home/yashturkar/Workspace/infinigen/outputs/cafeteria_500sqft_v2/spear_export_r256/export_scene.blend/textures/table_0_chair_0_back_ROUGHNESS.png (deflated 54%)
  adding: home/yashturkar/Workspace/infinigen/outputs/cafeteria_500sqft_v2/spear_export_r256/export_scene.blend/textures/table_3_chair_2_back_ROUGHNESS.png (deflated 54%)
  adding: home/yashturkar/Workspace/infinigen/outputs/cafeteria_500sqft_v2/spear_export_r256/export_scene.blend/textures/table_1_chair_2_seat_DIFFUSE.png (deflated 49%)
  adding: home/yashturkar/Workspace/infinigen/outputs/cafeteria_500sqft_v2/spear_export_r256/export_scene.blend/textures/table_2_chair_2_leg_0_19_-0_17_NORMAL.png (deflated 82%)
  adding: home/yashturkar/Workspace/infinigen/outputs/cafeteria_500sqft_v2/spear_export_r256/export_scene.blend/textures/floor_grout_line_x_-1_2_ROUGHNESS.png (deflated 63%)
  adding: home/yashturkar/Workspace/infinigen/outputs/cafeteria_500sqft_v2/spear_export_r256/export_scene.blend/textures/right_real_window_frame_1_top_DIFFUSE.png (deflated 66%)
  adding: home/yashturkar/Workspace/infinigen/outputs/cafeteria_500sqft_v2/spear_export_r256/export_scene.blend/textures/fridge_can_r2_c0_METAL.png (deflated 26%)
  adding: home/yashturkar/Workspace/infinigen/outputs/cafeteria_500sqft_v2/spear_export_r256/export_scene.blend/textures/right_real_window_frame_3_right_NORMAL.png (deflated 82%)
  adding: home/yashturkar/Workspace/infinigen/outputs/cafeteria_500sqft_v2/spear_export_r256/export_scene.blend/textures/right_real_window_frame_0_bottom_DIFFUSE.png (deflated 66%)
  adding: home/yashturkar/Workspace/infinigen/outputs/cafeteria_500sqft_v2/spear_export_r256/export_scene.blend/textures/right_real_window_frame_3_bottom_METAL.png (deflated 63%)
  adding: home/yashturkar/Workspace/infinigen/outputs/cafeteria_500sqft_v2/spear_export_r256/export_scene.blend/textures/table_0_chair_2_seat_NORMAL.png (deflated 2%)
  adding: home/yashturkar/Workspace/infinigen/outputs/cafeteria_500sqft_v2/spear_export_r256/export_scene.blend/textures/table_0_chair_3_seat_NORMAL.png (deflated 2%)
  adding: home/yashturkar/Workspace/infinigen/outputs/cafeteria_500sqft_v2/spear_export_r256/export_scene.blend/textures/table_0_chair_0_leg_0_19_-0_17_ROUGHNESS.png (deflated 18%)
  adding: home/yashturkar/Workspace/infinigen/outputs/cafeteria_500sqft_v2/spear_export_r256/export_scene.blend/textures/table_2_chair_1_leg_-0_19_-0_17_METAL.png (deflated 18%)
  adding: home/yashturkar/Workspace/infinigen/outputs/cafeteria_500sqft_v2/spear_export_r256/export_scene.blend/textures/table_3_chair_0_leg_-0_19_0_17_DIFFUSE.png (deflated 17%)
  adding: home/yashturkar/Workspace/infinigen/outputs/cafeteria_500sqft_v2/spear_export_r256/export_scene.blend/textures/right_real_window_glass_2_NORMAL.png (deflated 82%)
  adding: home/yashturkar/Workspace/infinigen/outputs/cafeteria_500sqft_v2/spear_export_r256/export_scene.blend/textures/table_3_chair_3_leg_-0_19_-0_17_METAL.png (deflated 18%)
  adding: home/yashturkar/Workspace/infinigen/outputs/cafeteria_500sqft_v2/spear_export_r256/export_scene.blend/textures/low_condiment_station_ROUGHNESS.png (deflated 83%)
  adding: home/yashturkar/Workspace/infinigen/outputs/cafeteria_500sqft_v2/spear_export_r256/export_scene.blend/textures/back_entry_wall_with_glass_door_ROUGHNESS.png (deflated 64%)
  adding: home/yashturkar/Workspace/infinigen/outputs/cafeteria_500sqft_v2/spear_export_r256/export_scene.blend/textures/table_2_chair_0_leg_-0_19_0_17_DIFFUSE.png (deflated 17%)
  adding: home/yashturkar/Workspace/infinigen/outputs/cafeteria_500sqft_v2/spear_export_r256/export_scene.blend/textures/table_2_chair_3_leg_0_19_0_17_NORMAL.png (deflated 82%)
  adding: home/yashturkar/Workspace/infinigen/outputs/cafeteria_500sqft_v2/spear_export_r256/export_scene.blend/textures/stacked_paper_cup_0_NORMAL.png (deflated 82%)
  adding: home/yashturkar/Workspace/infinigen/outputs/cafeteria_500sqft_v2/spear_export_r256/export_scene.blend/textures/table_2_paper_cup_NORMAL.png (deflated 82%)
  adding: home/yashturkar/Workspace/infinigen/outputs/cafeteria_500sqft_v2/spear_export_r256/export_scene.blend/textures/table_2_chair_0_leg_0_19_0_17_ROUGHNESS.png (deflated 18%)
  adding: home/yashturkar/Workspace/infinigen/outputs/cafeteria_500sqft_v2/spear_export_r256/export_scene.blend/textures/rectangular_led_panel_diffuser_1_DIFFUSE.png (deflated 68%)
  adding: home/yashturkar/Workspace/infinigen/outputs/cafeteria_500sqft_v2/spear_export_r256/export_scene.blend/textures/napkin_dispenser_metal_NORMAL.png (deflated 82%)
  adding: home/yashturkar/Workspace/infinigen/outputs/cafeteria_500sqft_v2/spear_export_r256/export_scene.blend/textures/table_1_chair_1_leg_-0_19_0_17_ROUGHNESS.png (deflated 18%)
  adding: home/yashturkar/Workspace/infinigen/outputs/cafeteria_500sqft_v2/spear_export_r256/export_scene.blend/textures/table_0_chair_1_back_NORMAL.png (deflated 1%)
  adding: home/yashturkar/Workspace/infinigen/outputs/cafeteria_500sqft_v2/spear_export_r256/export_scene.blend/textures/drink_refrigerator_body_METAL.png (deflated 57%)
  adding: home/yashturkar/Workspace/infinigen/outputs/cafeteria_500sqft_v2/spear_export_r256/export_scene.blend/textures/fridge_can_r1_c0_METAL.png (deflated 26%)
  adding: home/yashturkar/Workspace/infinigen/outputs/cafeteria_500sqft_v2/spear_export_r256/export_scene.blend/textures/table_3_chair_3_back_ROUGHNESS.png (deflated 54%)
  adding: home/yashturkar/Workspace/infinigen/outputs/cafeteria_500sqft_v2/spear_export_r256/export_scene.blend/textures/table_3_chair_0_leg_0_19_0_17_DIFFUSE.png (deflated 17%)
  adding: home/yashturkar/Workspace/infinigen/outputs/cafeteria_500sqft_v2/spear_export_r256/export_scene.blend/textures/table_1_chair_0_leg_-0_19_-0_17_METAL.png (deflated 18%)
  adding: home/yashturkar/Workspace/infinigen/outputs/cafeteria_500sqft_v2/spear_export_r256/export_scene.blend/textures/table_0_chair_2_leg_-0_19_0_17_DIFFUSE.png (deflated 17%)
  adding: home/yashturkar/Workspace/infinigen/outputs/cafeteria_500sqft_v2/spear_export_r256/export_scene.blend/textures/table_0_square_tabletop_NORMAL.png (deflated 1%)
  adding: home/yashturkar/Workspace/infinigen/outputs/cafeteria_500sqft_v2/spear_export_r256/export_scene.blend/textures/floor_grout_line_x_2_4_NORMAL.png (deflated 82%)
  adding: home/yashturkar/Workspace/infinigen/outputs/cafeteria_500sqft_v2/spear_export_r256/export_scene.blend/textures/table_1_chair_3_leg_0_19_-0_17_ROUGHNESS.png (deflated 18%)
  adding: home/yashturkar/Workspace/infinigen/outputs/cafeteria_500sqft_v2/spear_export_r256/export_scene.blend/textures/counter_gray_green_tray_stack_-2_0_DIFFUSE.png (deflated 63%)
  adding: home/yashturkar/Workspace/infinigen/outputs/cafeteria_500sqft_v2/spear_export_r256/export_scene.blend/textures/stainless_sneeze_guard_glass_TRANSMISSION.png (deflated 78%)
  adding: home/yashturkar/Workspace/infinigen/outputs/cafeteria_500sqft_v2/spear_export_r256/export_scene.blend/textures/table_0_sandwich_half_b_ROUGHNESS.png (deflated 51%)
  adding: home/yashturkar/Workspace/infinigen/outputs/cafeteria_500sqft_v2/spear_export_r256/export_scene.blend/textures/table_2_chair_3_leg_-0_19_-0_17_NORMAL.png (deflated 82%)
  adding: home/yashturkar/Workspace/infinigen/outputs/cafeteria_500sqft_v2/spear_export_r256/export_scene.blend/textures/table_3_chair_2_seat_DIFFUSE.png (deflated 48%)
  adding: home/yashturkar/Workspace/infinigen/outputs/cafeteria_500sqft_v2/spear_export_r256/export_scene.blend/textures/table_0_chair_1_seat_NORMAL.png (deflated 2%)
  adding: home/yashturkar/Workspace/infinigen/outputs/cafeteria_500sqft_v2/spear_export_r256/export_scene.blend/textures/right_real_window_frame_3_left_ROUGHNESS.png (deflated 70%)
  adding: home/yashturkar/Workspace/infinigen/outputs/cafeteria_500sqft_v2/spear_export_r256/export_scene.blend/textures/floor_large_format_tile_slab_ROUGHNESS.png (deflated 70%)
  adding: home/yashturkar/Workspace/infinigen/outputs/cafeteria_500sqft_v2/spear_export_r256/export_scene.blend/textures/menu_board_left_NORMAL.png (deflated 3%)
  adding: home/yashturkar/Workspace/infinigen/outputs/cafeteria_500sqft_v2/spear_export_r256/export_scene.blend/textures/right_real_window_frame_0_left_NORMAL.png (deflated 82%)
  adding: home/yashturkar/Workspace/infinigen/outputs/cafeteria_500sqft_v2/spear_export_r256/export_scene.blend/textures/table_2_chair_3_back_ROUGHNESS.png (deflated 54%)
  adding: home/yashturkar/Workspace/infinigen/outputs/cafeteria_500sqft_v2/spear_export_r256/export_scene.blend/textures/floor_grout_line_x_0_0_DIFFUSE.png (deflated 62%)
  adding: home/yashturkar/Workspace/infinigen/outputs/cafeteria_500sqft_v2/spear_export_r256/export_scene.blend/textures/menu_board_right_DIFFUSE.png (deflated 71%)
  adding: home/yashturkar/Workspace/infinigen/outputs/cafeteria_500sqft_v2/spear_export_r256/export_scene.blend/textures/floor_grout_line_y_-1_2_NORMAL.png (deflated 82%)
  adding: home/yashturkar/Workspace/infinigen/outputs/cafeteria_500sqft_v2/spear_export_r256/export_scene.blend/textures/table_3_chair_0_leg_-0_19_0_17_ROUGHNESS.png (deflated 18%)
  adding: home/yashturkar/Workspace/infinigen/outputs/cafeteria_500sqft_v2/spear_export_r256/export_scene.blend/textures/table_3_chair_3_leg_0_19_0_17_NORMAL.png (deflated 82%)
  adding: home/yashturkar/Workspace/infinigen/outputs/cafeteria_500sqft_v2/spear_export_r256/export_scene.blend/textures/napkin_dispenser_metal_DIFFUSE.png (deflated 26%)
  adding: home/yashturkar/Workspace/infinigen/outputs/cafeteria_500sqft_v2/spear_export_r256/export_scene.blend/textures/table_3_chair_0_leg_-0_19_-0_17_METAL.png (deflated 18%)
  adding: home/yashturkar/Workspace/infinigen/outputs/cafeteria_500sqft_v2/spear_export_r256/export_scene.blend/textures/fridge_wire_shelf_3_METAL.png (deflated 69%)
  adding: home/yashturkar/Workspace/infinigen/outputs/cafeteria_500sqft_v2/spear_export_r256/export_scene.blend/textures/right_real_window_frame_2_top_ROUGHNESS.png (deflated 66%)
  adding: home/yashturkar/Workspace/infinigen/outputs/cafeteria_500sqft_v2/spear_export_r256/export_scene.blend/textures/counter_gray_green_tray_stack_-0_85_ROUGHNESS.png (deflated 63%)
  adding: home/yashturkar/Workspace/infinigen/outputs/cafeteria_500sqft_v2/spear_export_r256/export_scene.blend/textures/table_0_chair_2_leg_0_19_0_17_ROUGHNESS.png (deflated 18%)
  adding: home/yashturkar/Workspace/infinigen/outputs/cafeteria_500sqft_v2/spear_export_r256/export_scene.blend/textures/table_1_chair_0_leg_0_19_0_17_METAL.png (deflated 18%)
  adding: home/yashturkar/Workspace/infinigen/outputs/cafeteria_500sqft_v2/spear_export_r256/export_scene.blend/textures/fridge_can_r0_c0_ROUGHNESS.png (deflated 26%)
  adding: home/yashturkar/Workspace/infinigen/outputs/cafeteria_500sqft_v2/spear_export_r256/export_scene.blend/textures/fridge_can_r1_c1_NORMAL.png (deflated 82%)
  adding: home/yashturkar/Workspace/infinigen/outputs/cafeteria_500sqft_v2/spear_export_r256/export_scene.blend/textures/coffee_machine_black_body_DIFFUSE.png (deflated 54%)
  adding: home/yashturkar/Workspace/infinigen/outputs/cafeteria_500sqft_v2/spear_export_r256/export_scene.blend/textures/table_3_chair_0_leg_-0_19_-0_17_NORMAL.png (deflated 82%)
  adding: home/yashturkar/Workspace/infinigen/outputs/cafeteria_500sqft_v2/spear_export_r256/export_scene.blend/textures/fridge_wire_shelf_0_ROUGHNESS.png (deflated 63%)
  adding: home/yashturkar/Workspace/infinigen/outputs/cafeteria_500sqft_v2/spear_export_r256/export_scene.blend/textures/table_0_sandwich_plate_NORMAL.png (deflated 82%)
  adding: home/yashturkar/Workspace/infinigen/outputs/cafeteria_500sqft_v2/spear_export_r256/export_scene.blend/textures/table_0_chair_2_leg_-0_19_-0_17_ROUGHNESS.png (deflated 18%)
  adding: home/yashturkar/Workspace/infinigen/outputs/cafeteria_500sqft_v2/spear_export_r256/export_scene.blend/textures/table_2_chair_1_leg_0_19_0_17_NORMAL.png (deflated 82%)
  adding: home/yashturkar/Workspace/infinigen/outputs/cafeteria_500sqft_v2/spear_export_r256/export_scene.blend/textures/table_3_chair_2_back_DIFFUSE.png (deflated 55%)
  adding: home/yashturkar/Workspace/infinigen/outputs/cafeteria_500sqft_v2/spear_export_r256/export_scene.blend/textures/fridge_can_r2_c0_ROUGHNESS.png (deflated 26%)
  adding: home/yashturkar/Workspace/infinigen/outputs/cafeteria_500sqft_v2/spear_export_r256/export_scene.blend/textures/right_real_window_frame_2_left_ROUGHNESS.png (deflated 70%)
  adding: home/yashturkar/Workspace/infinigen/outputs/cafeteria_500sqft_v2/spear_export_r256/export_scene.blend/textures/table_3_chair_1_back_DIFFUSE.png (deflated 55%)
  adding: home/yashturkar/Workspace/infinigen/outputs/cafeteria_500sqft_v2/spear_export_r256/export_scene.blend/textures/table_2_chair_2_leg_0_19_-0_17_ROUGHNESS.png (deflated 18%)
  adding: home/yashturkar/Workspace/infinigen/outputs/cafeteria_500sqft_v2/spear_export_r256/export_scene.blend/textures/table_0_central_pedestal_DIFFUSE.png (deflated 15%)
  adding: home/yashturkar/Workspace/infinigen/outputs/cafeteria_500sqft_v2/spear_export_r256/export_scene.blend/textures/table_0_chair_3_leg_-0_19_0_17_ROUGHNESS.png (deflated 18%)
  adding: home/yashturkar/Workspace/infinigen/outputs/cafeteria_500sqft_v2/spear_export_r256/export_scene.blend/textures/table_3_central_pedestal_METAL.png (deflated 11%)
  adding: home/yashturkar/Workspace/infinigen/outputs/cafeteria_500sqft_v2/spear_export_r256/export_scene.blend/textures/table_2_square_tabletop_DIFFUSE.png (deflated 40%)
  adding: home/yashturkar/Workspace/infinigen/outputs/cafeteria_500sqft_v2/spear_export_r256/export_scene.blend/textures/table_1_chair_0_leg_-0_19_0_17_DIFFUSE.png (deflated 17%)
  adding: home/yashturkar/Workspace/infinigen/outputs/cafeteria_500sqft_v2/spear_export_r256/export_scene.blend/textures/pale_sky_strip_above_exterior_wall_ROUGHNESS.png (deflated 74%)
  adding: home/yashturkar/Workspace/infinigen/outputs/cafeteria_500sqft_v2/spear_export_r256/export_scene.blend/textures/table_2_paper_cup_ROUGHNESS.png (deflated 21%)
  adding: home/yashturkar/Workspace/infinigen/outputs/cafeteria_500sqft_v2/spear_export_r256/export_scene.blend/textures/table_1_chair_2_leg_-0_19_-0_17_DIFFUSE.png (deflated 17%)
  adding: home/yashturkar/Workspace/infinigen/outputs/cafeteria_500sqft_v2/spear_export_r256/export_scene.blend/textures/table_1_chair_3_seat_DIFFUSE.png (deflated 48%)
  adding: home/yashturkar/Workspace/infinigen/outputs/cafeteria_500sqft_v2/spear_export_r256/export_scene.blend/textures/fridge_wire_shelf_2_ROUGHNESS.png (deflated 63%)
  adding: home/yashturkar/Workspace/infinigen/outputs/cafeteria_500sqft_v2/spear_export_r256/export_scene.blend/textures/entry_door_pull_handle_METAL.png (deflated 29%)
  adding: home/yashturkar/Workspace/infinigen/outputs/cafeteria_500sqft_v2/spear_export_r256/export_scene.blend/textures/ceiling_acoustic_panel_plane_DIFFUSE.png (deflated 70%)
  adding: home/yashturkar/Workspace/infinigen/outputs/cafeteria_500sqft_v2/spear_export_r256/export_scene.blend/textures/coffee_pot_glass_NORMAL.png (deflated 82%)
  adding: home/yashturkar/Workspace/infinigen/outputs/cafeteria_500sqft_v2/spear_export_r256/export_scene.blend/textures/table_0_chair_1_leg_-0_19_0_17_ROUGHNESS.png (deflated 18%)
  adding: home/yashturkar/Workspace/infinigen/outputs/cafeteria_500sqft_v2/spear_export_r256/export_scene.blend/textures/fridge_can_r2_c1_DIFFUSE.png (deflated 25%)
  adding: home/yashturkar/Workspace/infinigen/outputs/cafeteria_500sqft_v2/spear_export_r256/export_scene.blend/textures/table_1_round_table_base_DIFFUSE.png (deflated 8%)
  adding: home/yashturkar/Workspace/infinigen/outputs/cafeteria_500sqft_v2/spear_export_r256/export_scene.blend/textures/table_3_chair_3_leg_-0_19_0_17_ROUGHNESS.png (deflated 18%)
  adding: home/yashturkar/Workspace/infinigen/outputs/cafeteria_500sqft_v2/spear_export_r256/export_scene.blend/textures/fridge_can_r2_c0_NORMAL.png (deflated 82%)
  adding: home/yashturkar/Workspace/infinigen/outputs/cafeteria_500sqft_v2/spear_export_r256/export_scene.blend/textures/table_2_chair_3_leg_0_19_-0_17_ROUGHNESS.png (deflated 18%)
  adding: home/yashturkar/Workspace/infinigen/outputs/cafeteria_500sqft_v2/spear_export_r256/export_scene.blend/textures/exterior_muted_shrub_2_DIFFUSE.png (deflated 10%)
  adding: home/yashturkar/Workspace/infinigen/outputs/cafeteria_500sqft_v2/spear_export_r256/export_scene.blend/textures/table_0_chair_3_seat_ROUGHNESS.png (deflated 46%)
  adding: home/yashturkar/Workspace/infinigen/outputs/cafeteria_500sqft_v2/spear_export_r256/export_scene.blend/textures/pale_sky_strip_above_exterior_wall_NORMAL.png (deflated 82%)
  adding: home/yashturkar/Workspace/infinigen/outputs/cafeteria_500sqft_v2/spear_export_r256/export_scene.blend/textures/right_real_window_glass_3_TRANSMISSION.png (deflated 59%)
  adding: home/yashturkar/Workspace/infinigen/outputs/cafeteria_500sqft_v2/spear_export_r256/export_scene.blend/textures/right_real_window_frame_2_top_DIFFUSE.png (deflated 66%)
  adding: home/yashturkar/Workspace/infinigen/outputs/cafeteria_500sqft_v2/spear_export_r256/export_scene.blend/textures/table_2_chair_3_leg_-0_19_-0_17_DIFFUSE.png (deflated 17%)
  adding: home/yashturkar/Workspace/infinigen/outputs/cafeteria_500sqft_v2/spear_export_r256/export_scene.blend/textures/round_black_trash_can_DIFFUSE.png (deflated 13%)
  adding: home/yashturkar/Workspace/infinigen/outputs/cafeteria_500sqft_v2/spear_export_r256/export_scene.blend/textures/long_matte_light_countertop_NORMAL.png (deflated 4%)
  adding: home/yashturkar/Workspace/infinigen/outputs/cafeteria_500sqft_v2/spear_export_r256/export_scene.blend/textures/fridge_can_r0_c2_DIFFUSE.png (deflated 24%)
  adding: home/yashturkar/Workspace/infinigen/outputs/cafeteria_500sqft_v2/spear_export_r256/export_scene.blend/textures/table_1_chair_0_seat_DIFFUSE.png (deflated 48%)
  adding: home/yashturkar/Workspace/infinigen/outputs/cafeteria_500sqft_v2/spear_export_r256/export_scene.blend/textures/table_0_chair_2_leg_0_19_0_17_DIFFUSE.png (deflated 17%)
  adding: home/yashturkar/Workspace/infinigen/outputs/cafeteria_500sqft_v2/spear_export_r256/export_scene.blend/textures/table_3_central_pedestal_DIFFUSE.png (deflated 15%)
  adding: home/yashturkar/Workspace/infinigen/outputs/cafeteria_500sqft_v2/spear_export_r256/export_scene.blend/textures/table_0_sandwich_half_a_DIFFUSE.png (deflated 50%)
  adding: home/yashturkar/Workspace/infinigen/outputs/cafeteria_500sqft_v2/spear_export_r256/export_scene.blend/textures/menu_chalk_line_0_NORMAL.png (deflated 82%)
  adding: home/yashturkar/Workspace/infinigen/outputs/cafeteria_500sqft_v2/spear_export_r256/export_scene.blend/textures/table_0_chair_1_leg_-0_19_0_17_DIFFUSE.png (deflated 17%)
  adding: home/yashturkar/Workspace/infinigen/outputs/cafeteria_500sqft_v2/spear_export_r256/export_scene.blend/textures/table_2_chair_0_leg_-0_19_-0_17_NORMAL.png (deflated 82%)
  adding: home/yashturkar/Workspace/infinigen/outputs/cafeteria_500sqft_v2/spear_export_r256/export_scene.blend/textures/table_3_round_table_base_METAL.png (deflated 10%)
  adding: home/yashturkar/Workspace/infinigen/outputs/cafeteria_500sqft_v2/spear_export_r256/export_scene.blend/textures/table_3_chair_0_seat_ROUGHNESS.png (deflated 46%)
  adding: home/yashturkar/Workspace/infinigen/outputs/cafeteria_500sqft_v2/spear_export_r256/export_scene.blend/textures/exterior_planter_box_1_ROUGHNESS.png (deflated 30%)
  adding: home/yashturkar/Workspace/infinigen/outputs/cafeteria_500sqft_v2/spear_export_r256/export_scene.blend/textures/table_2_chair_2_leg_0_19_0_17_NORMAL.png (deflated 82%)
  adding: home/yashturkar/Workspace/infinigen/outputs/cafeteria_500sqft_v2/spear_export_r256/export_scene.blend/textures/menu_chalk_line_5_DIFFUSE.png (deflated 57%)
  adding: home/yashturkar/Workspace/infinigen/outputs/cafeteria_500sqft_v2/spear_export_r256/export_scene.blend/textures/table_3_chair_3_leg_0_19_-0_17_DIFFUSE.png (deflated 17%)
  adding: home/yashturkar/Workspace/infinigen/outputs/cafeteria_500sqft_v2/spear_export_r256/export_scene.blend/textures/table_2_chair_0_back_NORMAL.png (deflated 1%)
  adding: home/yashturkar/Workspace/infinigen/outputs/cafeteria_500sqft_v2/spear_export_r256/export_scene.blend/textures/counter_gray_green_tray_stack_-0_85_NORMAL.png (deflated 82%)
  adding: home/yashturkar/Workspace/infinigen/outputs/cafeteria_500sqft_v2/spear_export_r256/export_scene.blend/textures/warm_wall_sconce_lens_0_DIFFUSE.png (deflated 59%)
  adding: home/yashturkar/Workspace/infinigen/outputs/cafeteria_500sqft_v2/spear_export_r256/export_scene.blend/textures/table_1_square_tabletop_NORMAL.png (deflated 1%)
  adding: home/yashturkar/Workspace/infinigen/outputs/cafeteria_500sqft_v2/spear_export_r256/export_scene.blend/textures/distant_exterior_brick_wall_visible_through_windows_DIFFUSE.png (deflated 68%)
  adding: home/yashturkar/Workspace/infinigen/outputs/cafeteria_500sqft_v2/spear_export_r256/export_scene.blend/textures/table_1_round_table_base_METAL.png (deflated 10%)
  adding: home/yashturkar/Workspace/infinigen/outputs/cafeteria_500sqft_v2/spear_export_r256/export_scene.blend/textures/fruit_bowl_piece_1_NORMAL.png (deflated 82%)
  adding: home/yashturkar/Workspace/infinigen/outputs/cafeteria_500sqft_v2/spear_export_r256/export_scene.blend/textures/right_real_window_frame_3_right_ROUGHNESS.png (deflated 70%)
  adding: home/yashturkar/Workspace/infinigen/outputs/cafeteria_500sqft_v2/spear_export_r256/export_scene.blend/textures/table_0_chair_3_leg_-0_19_-0_17_DIFFUSE.png (deflated 17%)
  adding: home/yashturkar/Workspace/infinigen/outputs/cafeteria_500sqft_v2/spear_export_r256/export_scene.blend/textures/table_3_chair_2_leg_-0_19_0_17_NORMAL.png (deflated 82%)
  adding: home/yashturkar/Workspace/infinigen/outputs/cafeteria_500sqft_v2/spear_export_r256/export_scene.blend/textures/table_2_chair_0_leg_-0_19_-0_17_DIFFUSE.png (deflated 17%)
  adding: home/yashturkar/Workspace/infinigen/outputs/cafeteria_500sqft_v2/spear_export_r256/export_scene.blend/textures/table_0_chair_0_leg_-0_19_0_17_ROUGHNESS.png (deflated 18%)
  adding: home/yashturkar/Workspace/infinigen/outputs/cafeteria_500sqft_v2/spear_export_r256/export_scene.blend/textures/table_0_chair_3_seat_DIFFUSE.png (deflated 48%)
  adding: home/yashturkar/Workspace/infinigen/outputs/cafeteria_500sqft_v2/spear_export_r256/export_scene.blend/textures/table_0_chair_1_leg_0_19_-0_17_METAL.png (deflated 18%)
  adding: home/yashturkar/Workspace/infinigen/outputs/cafeteria_500sqft_v2/spear_export_r256/export_scene.blend/textures/coffee_station_base_NORMAL.png (deflated 1%)
  adding: home/yashturkar/Workspace/infinigen/outputs/cafeteria_500sqft_v2/spear_export_r256/export_scene.blend/textures/right_real_window_frame_0_top_ROUGHNESS.png (deflated 66%)
  adding: home/yashturkar/Workspace/infinigen/outputs/cafeteria_500sqft_v2/spear_export_r256/export_scene.blend/textures/table_0_chair_0_back_DIFFUSE.png (deflated 55%)
  adding: home/yashturkar/Workspace/infinigen/outputs/cafeteria_500sqft_v2/spear_export_r256/export_scene.blend/textures/table_1_chair_2_leg_-0_19_-0_17_METAL.png (deflated 18%)
  adding: home/yashturkar/Workspace/infinigen/outputs/cafeteria_500sqft_v2/spear_export_r256/export_scene.blend/textures/table_0_chair_1_seat_DIFFUSE.png (deflated 49%)
  adding: home/yashturkar/Workspace/infinigen/outputs/cafeteria_500sqft_v2/spear_export_r256/export_scene.blend/textures/table_3_sandwich_half_b_ROUGHNESS.png (deflated 51%)
  adding: home/yashturkar/Workspace/infinigen/outputs/cafeteria_500sqft_v2/spear_export_r256/export_scene.blend/textures/table_3_chair_3_leg_-0_19_-0_17_ROUGHNESS.png (deflated 18%)
  adding: home/yashturkar/Workspace/infinigen/outputs/cafeteria_500sqft_v2/spear_export_r256/export_scene.blend/textures/stacked_paper_cup_0_DIFFUSE.png (deflated 20%)
  adding: home/yashturkar/Workspace/infinigen/outputs/cafeteria_500sqft_v2/spear_export_r256/export_scene.blend/textures/rectangular_led_panel_diffuser_3_ROUGHNESS.png (deflated 62%)
  adding: home/yashturkar/Workspace/infinigen/outputs/cafeteria_500sqft_v2/spear_export_r256/export_scene.blend/textures/warm_wall_sconce_lens_1_ROUGHNESS.png (deflated 62%)
  adding: home/yashturkar/Workspace/infinigen/outputs/cafeteria_500sqft_v2/spear_export_r256/export_scene.blend/textures/table_0_chair_3_leg_-0_19_-0_17_NORMAL.png (deflated 82%)
  adding: home/yashturkar/Workspace/infinigen/outputs/cafeteria_500sqft_v2/spear_export_r256/export_scene.blend/textures/right_real_window_frame_3_right_METAL.png (deflated 70%)
  adding: home/yashturkar/Workspace/infinigen/outputs/cafeteria_500sqft_v2/spear_export_r256/export_scene.blend/textures/table_3_chair_3_leg_0_19_-0_17_NORMAL.png (deflated 82%)
  adding: home/yashturkar/Workspace/infinigen/outputs/cafeteria_500sqft_v2/spear_export_r256/export_scene.blend/textures/right_real_window_frame_1_top_NORMAL.png (deflated 82%)
  adding: home/yashturkar/Workspace/infinigen/outputs/cafeteria_500sqft_v2/spear_export_r256/export_scene.blend/textures/table_1_paper_cup_DIFFUSE.png (deflated 17%)
  adding: home/yashturkar/Workspace/infinigen/outputs/cafeteria_500sqft_v2/spear_export_r256/export_scene.blend/textures/fridge_wire_shelf_0_METAL.png (deflated 69%)
  adding: home/yashturkar/Workspace/infinigen/outputs/cafeteria_500sqft_v2/spear_export_r256/export_scene.blend/textures/long_matte_light_countertop_DIFFUSE.png (deflated 61%)
  adding: home/yashturkar/Workspace/infinigen/outputs/cafeteria_500sqft_v2/spear_export_r256/export_scene.blend/textures/floor_grout_line_x_2_4_DIFFUSE.png (deflated 62%)
  adding: home/yashturkar/Workspace/infinigen/outputs/cafeteria_500sqft_v2/spear_export_r256/export_scene.blend/textures/table_2_chair_2_leg_0_19_0_17_DIFFUSE.png (deflated 17%)
  adding: home/yashturkar/Workspace/infinigen/outputs/cafeteria_500sqft_v2/spear_export_r256/export_scene.blend/textures/table_2_chair_2_back_DIFFUSE.png (deflated 55%)
  adding: home/yashturkar/Workspace/infinigen/outputs/cafeteria_500sqft_v2/spear_export_r256/export_scene.blend/textures/table_0_chair_2_leg_0_19_-0_17_ROUGHNESS.png (deflated 18%)
  adding: home/yashturkar/Workspace/infinigen/outputs/cafeteria_500sqft_v2/spear_export_r256/export_scene.blend/textures/table_0_chair_3_back_ROUGHNESS.png (deflated 54%)
  adding: home/yashturkar/Workspace/infinigen/outputs/cafeteria_500sqft_v2/spear_export_r256/export_scene.blend/textures/floor_grout_line_x_0_0_NORMAL.png (deflated 82%)
  adding: home/yashturkar/Workspace/infinigen/outputs/cafeteria_500sqft_v2/spear_export_r256/export_scene.blend/textures/long_matte_light_countertop_ROUGHNESS.png (deflated 61%)
  adding: home/yashturkar/Workspace/infinigen/outputs/cafeteria_500sqft_v2/spear_export_r256/export_scene.blend/textures/right_real_window_glass_0_DIFFUSE.png (deflated 85%)
  adding: home/yashturkar/Workspace/infinigen/outputs/cafeteria_500sqft_v2/spear_export_r256/export_scene.blend/textures/exterior_muted_shrub_1_DIFFUSE.png (deflated 10%)
  adding: home/yashturkar/Workspace/infinigen/outputs/cafeteria_500sqft_v2/spear_export_r256/export_scene.blend/textures/back_entry_wall_with_glass_door_DIFFUSE.png (deflated 57%)
  adding: home/yashturkar/Workspace/infinigen/outputs/cafeteria_500sqft_v2/spear_export_r256/export_scene.blend/textures/table_1_round_table_base_ROUGHNESS.png (deflated 8%)
  adding: home/yashturkar/Workspace/infinigen/outputs/cafeteria_500sqft_v2/spear_export_r256/export_scene.blend/textures/fridge_wire_shelf_2_DIFFUSE.png (deflated 61%)
  adding: home/yashturkar/Workspace/infinigen/outputs/cafeteria_500sqft_v2/spear_export_r256/export_scene.blend/textures/table_0_chair_1_back_DIFFUSE.png (deflated 55%)
  adding: home/yashturkar/Workspace/infinigen/outputs/cafeteria_500sqft_v2/spear_export_r256/export_scene.blend/textures/table_0_gray_green_tray_DIFFUSE.png (deflated 55%)
  adding: home/yashturkar/Workspace/infinigen/outputs/cafeteria_500sqft_v2/spear_export_r256/export_scene.blend/textures/table_3_sandwich_plate_ROUGHNESS.png (deflated 57%)
  adding: home/yashturkar/Workspace/infinigen/outputs/cafeteria_500sqft_v2/spear_export_r256/export_scene.blend/textures/floor_grout_line_y_0_0_DIFFUSE.png (deflated 73%)
  adding: home/yashturkar/Workspace/infinigen/outputs/cafeteria_500sqft_v2/spear_export_r256/export_scene.blend/textures/fridge_can_r2_c1_ROUGHNESS.png (deflated 26%)
  adding: home/yashturkar/Workspace/infinigen/outputs/cafeteria_500sqft_v2/spear_export_r256/export_scene.blend/textures/menu_chalk_line_0_DIFFUSE.png (deflated 57%)
  adding: home/yashturkar/Workspace/infinigen/outputs/cafeteria_500sqft_v2/spear_export_r256/export_scene.blend/textures/table_3_sandwich_plate_NORMAL.png (deflated 82%)
  adding: home/yashturkar/Workspace/infinigen/outputs/cafeteria_500sqft_v2/spear_export_r256/export_scene.blend/textures/condiment_station_countertop_NORMAL.png (deflated 82%)
  adding: home/yashturkar/Workspace/infinigen/outputs/cafeteria_500sqft_v2/spear_export_r256/export_scene.blend/textures/table_0_chair_2_leg_0_19_0_17_METAL.png (deflated 18%)
  adding: home/yashturkar/Workspace/infinigen/outputs/cafeteria_500sqft_v2/spear_export_r256/export_scene.blend/export_scene.fbx (deflated 72%)
Info: Baking map saved to internal image, save it externally or pack it
Info: Baking map saved to internal image, save it externally or pack it
Info: Baking map saved to internal image, save it externally or pack it
Info: Baking map saved to internal image, save it externally or pack it
Info: Baking map saved to internal image, save it externally or pack it
Info: Baking map saved to internal image, save it externally or pack it
Info: Baking map saved to internal image, save it externally or pack it
Info: Baking map saved to internal image, save it externally or pack it
Info: Baking map saved to internal image, save it externally or pack it
Info: Baking map saved to internal image, save it externally or pack it
Info: Baking map saved to internal image, save it externally or pack it
Info: Baking map saved to internal image, save it externally or pack it
Info: Baking map saved to internal image, save it externally or pack it
Info: Baking map saved to internal image, save it externally or pack it
Info: Baking map saved to internal image, save it externally or pack it
Info: Baking map saved to internal image, save it externally or pack it
Info: Baking map saved to internal image, save it externally or pack it
Info: Baking map saved to internal image, save it externally or pack it
Info: Baking map saved to internal image, save it externally or pack it
Info: Baking map saved to internal image, save it externally or pack it

FBX export starting... '/home/yashturkar/Workspace/infinigen/outputs/cafeteria_500sqft_v2/spear_export_r256/export_scene.blend/export_scene.fbx'
export finished in 0.3741 sec.
