/home/yashturkar/Workspace/infinigen/infinigen/tools/export.py:27: UserWarning: coacd could not be imported. Some features may be unavailable.
  warnings.warn("coacd could not be imported. Some features may be unavailable.")
Read blend: "/home/yashturkar/Workspace/infinigen/outputs/1dcacf23/fine/scene.blend"
Fra:1 Mem:781.36M (Peak 3205.02M) | Time:495506:44:16.91 | Mem:0.00M, Peak:0.00M | Scene | Synchronizing object | bathroom_0/0.ceiling
Fra:1 Mem:781.36M (Peak 3205.02M) | Time:495506:44:16.91 | Mem:0.00M, Peak:0.00M | Scene | Initializing
Fra:1 Mem:781.36M (Peak 3205.02M) | Time:495506:44:16.91 | Mem:0.00M, Peak:0.00M | Scene | Updating Images | Loading bathroom_0/0.ceiling_DIFFUSE
Fra:1 Mem:781.38M (Peak 3205.02M) | Time:495506:44:17.21 | Mem:0.00M, Peak:0.00M | Scene | Synchronizing object | bathroom_0/0.ceiling
Fra:1 Mem:781.38M (Peak 3205.02M) | Time:495506:44:17.21 | Mem:0.00M, Peak:0.00M | Scene | Initializing
Fra:1 Mem:781.38M (Peak 3205.02M) | Time:495506:44:17.21 | Mem:0.00M, Peak:0.00M | Scene | Updating Images | Loading bathroom_0/0.ceiling_ROUGHNESS
Fra:1 Mem:781.41M (Peak 3205.02M) | Time:495506:44:17.49 | Mem:0.00M, Peak:0.00M | Scene | Synchronizing object | bathroom_0/0.ceiling
Fra:1 Mem:781.41M (Peak 3205.02M) | Time:495506:44:17.49 | Mem:0.00M, Peak:0.00M | Scene | Initializing
Fra:1 Mem:781.40M (Peak 3205.02M) | Time:495506:44:17.49 | Mem:0.00M, Peak:0.00M | Scene | Updating Images | Loading bathroom_0/0.ceiling_NORMAL
Fra:1 Mem:783.16M (Peak 3205.02M) | Time:495506:44:17.77 | Mem:0.00M, Peak:0.00M | Scene | Synchronizing object | bathroom_0/0.floor
Fra:1 Mem:783.16M (Peak 3205.02M) | Time:495506:44:17.77 | Mem:0.00M, Peak:0.00M | Scene | Initializing
Fra:1 Mem:783.16M (Peak 3205.02M) | Time:495506:44:17.77 | Mem:0.00M, Peak:0.00M | Scene | Updating Images | Loading bathroom_0/0.floor_DIFFUSE
Fra:1 Mem:783.18M (Peak 3205.02M) | Time:495506:44:18.16 | Mem:0.00M, Peak:0.00M | Scene | Synchronizing object | bathroom_0/0.floor
Fra:1 Mem:783.18M (Peak 3205.02M) | Time:495506:44:18.16 | Mem:0.00M, Peak:0.00M | Scene | Initializing
Fra:1 Mem:783.18M (Peak 3205.02M) | Time:495506:44:18.16 | Mem:0.00M, Peak:0.00M | Scene | Updating Images | Loading bathroom_0/0.floor_ROUGHNESS
Fra:1 Mem:783.20M (Peak 3205.02M) | Time:495506:44:18.56 | Mem:0.00M, Peak:0.00M | Scene | Synchronizing object | bathroom_0/0.floor
Fra:1 Mem:783.20M (Peak 3205.02M) | Time:495506:44:18.56 | Mem:0.00M, Peak:0.00M | Scene | Initializing
Fra:1 Mem:783.20M (Peak 3205.02M) | Time:495506:44:18.56 | Mem:0.00M, Peak:0.00M | Scene | Updating Images | Loading bathroom_0/0.floor_NORMAL
Fra:1 Mem:783.68M (Peak 3205.02M) | Time:495506:44:18.97 | Mem:0.00M, Peak:0.00M | Scene | Synchronizing object | bathroom_0/0.wall
Fra:1 Mem:783.70M (Peak 3205.02M) | Time:495506:44:18.97 | Mem:0.00M, Peak:0.00M | Scene | Initializing
Fra:1 Mem:783.69M (Peak 3205.02M) | Time:495506:44:18.97 | Mem:0.00M, Peak:0.00M | Scene | Updating Images | Loading bathroom_0/0.wall_DIFFUSE
Fra:1 Mem:783.70M (Peak 3205.02M) | Time:495506:44:19.49 | Mem:0.00M, Peak:0.00M | Scene | Synchronizing object | bathroom_0/0.wall
Fra:1 Mem:783.72M (Peak 3205.02M) | Time:495506:44:19.49 | Mem:0.00M, Peak:0.00M | Scene | Initializing
Fra:1 Mem:783.71M (Peak 3205.02M) | Time:495506:44:19.49 | Mem:0.00M, Peak:0.00M | Scene | Updating Images | Loading bathroom_0/0.wall_ROUGHNESS
Fra:1 Mem:783.72M (Peak 3205.02M) | Time:495506:44:20.00 | Mem:0.00M, Peak:0.00M | Scene | Synchronizing object | bathroom_0/0.wall
Fra:1 Mem:783.74M (Peak 3205.02M) | Time:495506:44:20.00 | Mem:0.00M, Peak:0.00M | Scene | Initializing
Fra:1 Mem:783.74M (Peak 3205.02M) | Time:495506:44:20.00 | Mem:0.00M, Peak:0.00M | Scene | Updating Images | Loading bathroom_0/0.wall_NORMAL
Fra:1 Mem:781.62M (Peak 3205.02M) | Time:495506:44:20.55 | Mem:0.00M, Peak:0.00M | Scene | Synchronizing object | bedroom_0/0.ceiling
Fra:1 Mem:781.62M (Peak 3205.02M) | Time:495506:44:20.55 | Mem:0.00M, Peak:0.00M | Scene | Initializing
Fra:1 Mem:781.62M (Peak 3205.02M) | Time:495506:44:20.55 | Mem:0.00M, Peak:0.00M | Scene | Updating Images | Loading bedroom_0/0.ceiling_DIFFUSE
Fra:1 Mem:781.64M (Peak 3205.02M) | Time:495506:44:20.81 | Mem:0.00M, Peak:0.00M | Scene | Synchronizing object | bedroom_0/0.ceiling
Fra:1 Mem:781.65M (Peak 3205.02M) | Time:495506:44:20.81 | Mem:0.00M, Peak:0.00M | Scene | Initializing
Fra:1 Mem:781.64M (Peak 3205.02M) | Time:495506:44:20.81 | Mem:0.00M, Peak:0.00M | Scene | Updating Images | Loading bedroom_0/0.ceiling_ROUGHNESS
Fra:1 Mem:781.67M (Peak 3205.02M) | Time:495506:44:21.08 | Mem:0.00M, Peak:0.00M | Scene | Synchronizing object | bedroom_0/0.ceiling
Fra:1 Mem:781.67M (Peak 3205.02M) | Time:495506:44:21.08 | Mem:0.00M, Peak:0.00M | Scene | Initializing
Fra:1 Mem:781.66M (Peak 3205.02M) | Time:495506:44:21.08 | Mem:0.00M, Peak:0.00M | Scene | Updating Images | Loading bedroom_0/0.ceiling_NORMAL
Fra:1 Mem:785.08M (Peak 3205.02M) | Time:495506:44:21.36 | Mem:0.00M, Peak:0.00M | Scene | Synchronizing object | bedroom_0/0.floor
Fra:1 Mem:785.08M (Peak 3205.02M) | Time:495506:44:21.36 | Mem:0.00M, Peak:0.00M | Scene | Initializing
Fra:1 Mem:785.08M (Peak 3205.02M) | Time:495506:44:21.36 | Mem:0.00M, Peak:0.00M | Scene | Updating Images | Loading bedroom_0/0.floor_DIFFUSE
Fra:1 Mem:785.10M (Peak 3205.02M) | Time:495506:44:21.76 | Mem:0.00M, Peak:0.00M | Scene | Synchronizing object | bedroom_0/0.floor
Fra:1 Mem:785.10M (Peak 3205.02M) | Time:495506:44:21.76 | Mem:0.00M, Peak:0.00M | Scene | Initializing
Fra:1 Mem:785.10M (Peak 3205.02M) | Time:495506:44:21.76 | Mem:0.00M, Peak:0.00M | Scene | Updating Images | Loading bedroom_0/0.floor_ROUGHNESS
Fra:1 Mem:785.13M (Peak 3205.02M) | Time:495506:44:22.14 | Mem:0.00M, Peak:0.00M | Scene | Synchronizing object | bedroom_0/0.floor
Fra:1 Mem:785.13M (Peak 3205.02M) | Time:495506:44:22.14 | Mem:0.00M, Peak:0.00M | Scene | Initializing
Fra:1 Mem:785.13M (Peak 3205.02M) | Time:495506:44:22.14 | Mem:0.00M, Peak:0.00M | Scene | Updating Images | Loading bedroom_0/0.floor_NORMAL
Fra:1 Mem:782.46M (Peak 3205.02M) | Time:495506:44:22.56 | Mem:0.00M, Peak:0.00M | Scene | Synchronizing object | bedroom_0/0.wall
Fra:1 Mem:782.48M (Peak 3205.02M) | Time:495506:44:22.56 | Mem:0.00M, Peak:0.00M | Scene | Initializing
Fra:1 Mem:782.48M (Peak 3205.02M) | Time:495506:44:22.56 | Mem:0.00M, Peak:0.00M | Scene | Updating Images | Loading text_texture.092
Fra:1 Mem:782.48M (Peak 3205.02M) | Time:495506:44:22.56 | Mem:0.00M, Peak:0.00M | Scene | Updating Images | Loading bedroom_0/0.wall_METAL
Fra:1 Mem:782.53M (Peak 3205.02M) | Time:495506:44:22.86 | Mem:0.00M, Peak:0.00M | Scene | Synchronizing object | bedroom_0/0.wall
Fra:1 Mem:782.55M (Peak 3205.02M) | Time:495506:44:22.86 | Mem:0.00M, Peak:0.00M | Scene | Initializing
Fra:1 Mem:782.54M (Peak 3205.02M) | Time:495506:44:22.86 | Mem:0.00M, Peak:0.00M | Scene | Updating Images | Loading text_texture.092
Fra:1 Mem:782.54M (Peak 3205.02M) | Time:495506:44:22.86 | Mem:0.00M, Peak:0.00M | Scene | Updating Images | Loading bedroom_0/0.wall_DIFFUSE
Fra:1 Mem:782.57M (Peak 3205.02M) | Time:495506:44:23.31 | Mem:0.00M, Peak:0.00M | Scene | Synchronizing object | bedroom_0/0.wall
Fra:1 Mem:782.59M (Peak 3205.02M) | Time:495506:44:23.31 | Mem:0.00M, Peak:0.00M | Scene | Initializing
Fra:1 Mem:782.58M (Peak 3205.02M) | Time:495506:44:23.31 | Mem:0.00M, Peak:0.00M | Scene | Updating Images | Loading text_texture.092
Fra:1 Mem:782.58M (Peak 3205.02M) | Time:495506:44:23.31 | Mem:0.00M, Peak:0.00M | Scene | Updating Images | Loading bedroom_0/0.wall_ROUGHNESS
Fra:1 Mem:782.61M (Peak 3205.02M) | Time:495506:44:23.71 | Mem:0.00M, Peak:0.00M | Scene | Synchronizing object | bedroom_0/0.wall
Fra:1 Mem:782.62M (Peak 3205.02M) | Time:495506:44:23.71 | Mem:0.00M, Peak:0.00M | Scene | Initializing
Fra:1 Mem:782.62M (Peak 3205.02M) | Time:495506:44:23.71 | Mem:0.00M, Peak:0.00M | Scene | Updating Images | Loading text_texture.092
Fra:1 Mem:782.62M (Peak 3205.02M) | Time:495506:44:23.71 | Mem:0.00M, Peak:0.00M | Scene | Updating Images | Loading bedroom_0/0.wall_NORMAL
Fra:1 Mem:787.39M (Peak 3205.02M) | Time:495506:44:24.18 | Mem:0.00M, Peak:0.00M | Scene | Synchronizing object | BookColumnFactory(698314).spawn_asset(6895957)
Fra:1 Mem:787.46M (Peak 3205.02M) | Time:495506:44:24.18 | Mem:0.00M, Peak:0.00M | Scene | Initializing
Fra:1 Mem:787.46M (Peak 3205.02M) | Time:495506:44:24.18 | Mem:0.00M, Peak:0.00M | Scene | Updating Images | Loading text_texture.052
Fra:1 Mem:787.46M (Peak 3205.02M) | Time:495506:44:24.18 | Mem:0.00M, Peak:0.00M | Scene | Updating Images | Loading text_texture.051
Fra:1 Mem:788.07M (Peak 3205.02M) | Time:495506:44:24.18 | Mem:0.00M, Peak:0.00M | Scene | Updating Images | Loading text_texture.053
Fra:1 Mem:787.89M (Peak 3205.02M) | Time:495506:44:24.50 | Mem:0.00M, Peak:0.00M | Scene | Synchronizing object | BookColumnFactory(698314).spawn_asset(6895957)
Fra:1 Mem:787.94M (Peak 3205.02M) | Time:495506:44:24.50 | Mem:0.00M, Peak:0.00M | Scene | Initializing
Fra:1 Mem:787.94M (Peak 3205.02M) | Time:495506:44:24.50 | Mem:0.00M, Peak:0.00M | Scene | Updating Images | Loading text_texture.052
Fra:1 Mem:787.94M (Peak 3205.02M) | Time:495506:44:24.50 | Mem:0.00M, Peak:0.00M | Scene | Updating Images | Loading text_texture.051
Fra:1 Mem:788.12M (Peak 3205.02M) | Time:495506:44:24.98 | Mem:0.00M, Peak:0.00M | Scene | Synchronizing object | BookColumnFactory(698314).spawn_asset(6895957)
Fra:1 Mem:788.17M (Peak 3205.02M) | Time:495506:44:24.98 | Mem:0.00M, Peak:0.00M | Scene | Initializing
Fra:1 Mem:788.17M (Peak 3205.02M) | Time:495506:44:24.98 | Mem:0.00M, Peak:0.00M | Scene | Updating Images | Loading text_texture.052
Fra:1 Mem:788.17M (Peak 3205.02M) | Time:495506:44:24.98 | Mem:0.00M, Peak:0.00M | Scene | Updating Images | Loading BookColumnFactory(698314).spawn_asset(6895957)_ROUGHNESS
Fra:1 Mem:792.17M (Peak 3205.02M) | Time:495506:44:24.98 | Mem:0.00M, Peak:0.00M | Scene | Updating Images | Loading text_texture.051
Fra:1 Mem:788.34M (Peak 3205.02M) | Time:495506:44:25.40 | Mem:0.00M, Peak:0.00M | Scene | Synchronizing object | BookColumnFactory(698314).spawn_asset(6895957)
Fra:1 Mem:788.40M (Peak 3205.02M) | Time:495506:44:25.40 | Mem:0.00M, Peak:0.00M | Scene | Initializing
Fra:1 Mem:788.40M (Peak 3205.02M) | Time:495506:44:25.40 | Mem:0.00M, Peak:0.00M | Scene | Updating Images | Loading text_texture.052
Fra:1 Mem:788.40M (Peak 3205.02M) | Time:495506:44:25.40 | Mem:0.00M, Peak:0.00M | Scene | Updating Images | Loading BookColumnFactory(698314).spawn_asset(6895957)_NORMAL
Fra:1 Mem:788.40M (Peak 3205.02M) | Time:495506:44:25.40 | Mem:0.00M, Peak:0.00M | Scene | Updating Images | Loading text_texture.051
Fra:1 Mem:792.40M (Peak 3205.02M) | Time:495506:44:25.40 | Mem:0.00M, Peak:0.00M | Scene | Updating Images | Loading text_texture.053
Fra:1 Mem:787.78M (Peak 3205.02M) | Time:495506:44:25.80 | Mem:0.00M, Peak:0.00M | Scene | Synchronizing object | BookStackFactory(8583046).spawn_asset(6701026)
Fra:1 Mem:787.80M (Peak 3205.02M) | Time:495506:44:25.80 | Mem:0.00M, Peak:0.00M | Scene | Initializing
Fra:1 Mem:787.79M (Peak 3205.02M) | Time:495506:44:25.80 | Mem:0.00M, Peak:0.00M | Scene | Updating Images | Loading text_texture.022
Fra:1 Mem:787.79M (Peak 3205.02M) | Time:495506:44:25.80 | Mem:0.00M, Peak:0.00M | Scene | Updating Images | Loading BookStackFactory(8583046).spawn_asset(6701026)_METAL
Fra:1 Mem:788.40M (Peak 3205.02M) | Time:495506:44:25.80 | Mem:0.00M, Peak:0.00M | Scene | Updating Images | Loading text_texture.020
Fra:1 Mem:788.18M (Peak 3205.02M) | Time:495506:44:26.09 | Mem:0.00M, Peak:0.00M | Scene | Synchronizing object | BookStackFactory(8583046).spawn_asset(6701026)
Fra:1 Mem:788.20M (Peak 3205.02M) | Time:495506:44:26.09 | Mem:0.00M, Peak:0.00M | Scene | Initializing
Fra:1 Mem:788.19M (Peak 3205.02M) | Time:495506:44:26.09 | Mem:0.00M, Peak:0.00M | Scene | Updating Images | Loading text_texture.022
Fra:1 Mem:788.19M (Peak 3205.02M) | Time:495506:44:26.09 | Mem:0.00M, Peak:0.00M | Scene | Updating Images | Loading text_texture.020
Fra:1 Mem:788.38M (Peak 3205.02M) | Time:495506:44:26.52 | Mem:0.00M, Peak:0.00M | Scene | Synchronizing object | BookStackFactory(8583046).spawn_asset(6701026)
Fra:1 Mem:788.39M (Peak 3205.02M) | Time:495506:44:26.52 | Mem:0.00M, Peak:0.00M | Scene | Initializing
Fra:1 Mem:788.39M (Peak 3205.02M) | Time:495506:44:26.52 | Mem:0.00M, Peak:0.00M | Scene | Updating Images | Loading text_texture.022
Fra:1 Mem:788.39M (Peak 3205.02M) | Time:495506:44:26.52 | Mem:0.00M, Peak:0.00M | Scene | Updating Images | Loading BookStackFactory(8583046).spawn_asset(6701026)_ROUGHNESS
Fra:1 Mem:789.00M (Peak 3205.02M) | Time:495506:44:26.52 | Mem:0.00M, Peak:0.00M | Scene | Updating Images | Loading text_texture.020
Fra:1 Mem:788.58M (Peak 3205.02M) | Time:495506:44:26.92 | Mem:0.00M, Peak:0.00M | Scene | Synchronizing object | BookStackFactory(8583046).spawn_asset(6701026)
Fra:1 Mem:788.59M (Peak 3205.02M) | Time:495506:44:26.92 | Mem:0.00M, Peak:0.00M | Scene | Initializing
Fra:1 Mem:788.59M (Peak 3205.02M) | Time:495506:44:26.92 | Mem:0.00M, Peak:0.00M | Scene | Updating Images | Loading text_texture.022
Fra:1 Mem:788.59M (Peak 3205.02M) | Time:495506:44:26.92 | Mem:0.00M, Peak:0.00M | Scene | Updating Images | Loading BookStackFactory(8583046).spawn_asset(6701026)_NORMAL
Fra:1 Mem:789.20M (Peak 3205.02M) | Time:495506:44:26.92 | Mem:0.00M, Peak:0.00M | Scene | Updating Images | Loading text_texture.021
Fra:1 Mem:783.93M (Peak 3205.02M) | Time:495506:44:27.32 | Mem:0.00M, Peak:0.00M | Scene | Synchronizing object | BézierCurve
Fra:1 Mem:784.02M (Peak 3205.02M) | Time:495506:44:27.33 | Mem:0.00M, Peak:0.00M | Scene | Initializing
Fra:1 Mem:784.02M (Peak 3205.02M) | Time:495506:44:27.33 | Mem:0.00M, Peak:0.00M | Scene | Updating Images | Loading BézierCurve_METAL
Fra:1 Mem:784.01M (Peak 3205.02M) | Time:495506:44:27.62 | Mem:0.00M, Peak:0.00M | Scene | Synchronizing object | BézierCurve
Fra:1 Mem:784.06M (Peak 3205.02M) | Time:495506:44:27.62 | Mem:0.00M, Peak:0.00M | Scene | Initializing
Fra:1 Mem:784.06M (Peak 3205.02M) | Time:495506:44:27.62 | Mem:0.00M, Peak:0.00M | Scene | Updating Images | Loading BézierCurve_DIFFUSE
Fra:1 Mem:784.03M (Peak 3205.02M) | Time:495506:44:27.96 | Mem:0.00M, Peak:0.00M | Scene | Synchronizing object | BézierCurve
Fra:1 Mem:784.08M (Peak 3205.02M) | Time:495506:44:27.96 | Mem:0.00M, Peak:0.00M | Scene | Initializing
Fra:1 Mem:784.08M (Peak 3205.02M) | Time:495506:44:27.96 | Mem:0.00M, Peak:0.00M | Scene | Updating Images | Loading BézierCurve_ROUGHNESS
Fra:1 Mem:784.07M (Peak 3205.02M) | Time:495506:44:28.29 | Mem:0.00M, Peak:0.00M | Scene | Synchronizing object | BézierCurve
Fra:1 Mem:784.12M (Peak 3205.02M) | Time:495506:44:28.29 | Mem:0.00M, Peak:0.00M | Scene | Initializing
Fra:1 Mem:784.12M (Peak 3205.02M) | Time:495506:44:28.29 | Mem:0.00M, Peak:0.00M | Scene | Updating Images | Loading BézierCurve_NORMAL
Fra:1 Mem:784.12M (Peak 3205.02M) | Time:495506:44:28.58 | Mem:0.00M, Peak:0.00M | Scene | Synchronizing object | BézierCurve.001
Fra:1 Mem:784.21M (Peak 3205.02M) | Time:495506:44:28.58 | Mem:0.00M, Peak:0.00M | Scene | Initializing
Fra:1 Mem:784.20M (Peak 3205.02M) | Time:495506:44:28.58 | Mem:0.00M, Peak:0.00M | Scene | Updating Images | Loading BézierCurve.001_METAL
Fra:1 Mem:784.20M (Peak 3205.02M) | Time:495506:44:28.88 | Mem:0.00M, Peak:0.00M | Scene | Synchronizing object | BézierCurve.001
Fra:1 Mem:784.25M (Peak 3205.02M) | Time:495506:44:28.88 | Mem:0.00M, Peak:0.00M | Scene | Initializing
Fra:1 Mem:784.25M (Peak 3205.02M) | Time:495506:44:28.88 | Mem:0.00M, Peak:0.00M | Scene | Updating Images | Loading BézierCurve.001_DIFFUSE
Fra:1 Mem:784.22M (Peak 3205.02M) | Time:495506:44:29.22 | Mem:0.00M, Peak:0.00M | Scene | Synchronizing object | BézierCurve.001
Fra:1 Mem:784.27M (Peak 3205.02M) | Time:495506:44:29.22 | Mem:0.00M, Peak:0.00M | Scene | Initializing
Fra:1 Mem:784.27M (Peak 3205.02M) | Time:495506:44:29.22 | Mem:0.00M, Peak:0.00M | Scene | Updating Images | Loading BézierCurve.001_ROUGHNESS
Fra:1 Mem:784.24M (Peak 3205.02M) | Time:495506:44:29.54 | Mem:0.00M, Peak:0.00M | Scene | Synchronizing object | BézierCurve.001
Fra:1 Mem:784.29M (Peak 3205.02M) | Time:495506:44:29.54 | Mem:0.00M, Peak:0.00M | Scene | Initializing
Fra:1 Mem:784.29M (Peak 3205.02M) | Time:495506:44:29.54 | Mem:0.00M, Peak:0.00M | Scene | Updating Images | Loading BézierCurve.001_NORMAL
Fra:1 Mem:785.53M (Peak 3205.02M) | Time:495506:44:29.84 | Mem:0.00M, Peak:0.00M | Scene | Synchronizing object | CeilingLightFactory(3923419).spawn_asset(3107171)
Fra:1 Mem:786.89M (Peak 3205.02M) | Time:495506:44:29.85 | Mem:0.00M, Peak:0.00M | Scene | Initializing
Fra:1 Mem:786.89M (Peak 3205.02M) | Time:495506:44:29.85 | Mem:0.00M, Peak:0.00M | Scene | Updating Images | Loading CeilingLightFactory(3923419).spawn_asset(3107171)_DIFFUSE
Fra:1 Mem:785.55M (Peak 3205.02M) | Time:495506:44:30.17 | Mem:0.00M, Peak:0.00M | Scene | Synchronizing object | CeilingLightFactory(3923419).spawn_asset(3107171)
Fra:1 Mem:786.92M (Peak 3205.02M) | Time:495506:44:30.18 | Mem:0.00M, Peak:0.00M | Scene | Initializing
Fra:1 Mem:786.91M (Peak 3205.02M) | Time:495506:44:30.18 | Mem:0.00M, Peak:0.00M | Scene | Updating Images | Loading CeilingLightFactory(3923419).spawn_asset(3107171)_ROUGHNESS
Fra:1 Mem:785.57M (Peak 3205.02M) | Time:495506:44:30.52 | Mem:0.00M, Peak:0.00M | Scene | Synchronizing object | CeilingLightFactory(3923419).spawn_asset(3107171)
Fra:1 Mem:786.94M (Peak 3205.02M) | Time:495506:44:30.53 | Mem:0.00M, Peak:0.00M | Scene | Initializing
Fra:1 Mem:786.93M (Peak 3205.02M) | Time:495506:44:30.53 | Mem:0.00M, Peak:0.00M | Scene | Updating Images | Loading CeilingLightFactory(3923419).spawn_asset(3107171)_NORMAL
Fra:1 Mem:786.06M (Peak 3205.02M) | Time:495506:44:30.84 | Mem:0.00M, Peak:0.00M | Scene | Synchronizing object | CeilingLightFactory(3923419).spawn_asset(3218968)
Fra:1 Mem:787.43M (Peak 3205.02M) | Time:495506:44:30.85 | Mem:0.00M, Peak:0.00M | Scene | Initializing
Fra:1 Mem:787.42M (Peak 3205.02M) | Time:495506:44:30.85 | Mem:0.00M, Peak:0.00M | Scene | Updating Images | Loading CeilingLightFactory(3923419).spawn_asset(3218968)_DIFFUSE
Fra:1 Mem:786.08M (Peak 3205.02M) | Time:495506:44:31.19 | Mem:0.00M, Peak:0.00M | Scene | Synchronizing object | CeilingLightFactory(3923419).spawn_asset(3218968)
Fra:1 Mem:787.45M (Peak 3205.02M) | Time:495506:44:31.19 | Mem:0.00M, Peak:0.00M | Scene | Initializing
Fra:1 Mem:787.44M (Peak 3205.02M) | Time:495506:44:31.19 | Mem:0.00M, Peak:0.00M | Scene | Updating Images | Loading CeilingLightFactory(3923419).spawn_asset(3218968)_ROUGHNESS
Fra:1 Mem:786.10M (Peak 3205.02M) | Time:495506:44:31.51 | Mem:0.00M, Peak:0.00M | Scene | Synchronizing object | CeilingLightFactory(3923419).spawn_asset(3218968)
Fra:1 Mem:787.47M (Peak 3205.02M) | Time:495506:44:31.52 | Mem:0.00M, Peak:0.00M | Scene | Initializing
Fra:1 Mem:787.47M (Peak 3205.02M) | Time:495506:44:31.52 | Mem:0.00M, Peak:0.00M | Scene | Updating Images | Loading CeilingLightFactory(3923419).spawn_asset(3218968)_NORMAL
Fra:1 Mem:786.59M (Peak 3205.02M) | Time:495506:44:31.83 | Mem:0.00M, Peak:0.00M | Scene | Synchronizing object | CeilingLightFactory(3923419).spawn_asset(4684690)
Fra:1 Mem:787.96M (Peak 3205.02M) | Time:495506:44:31.83 | Mem:0.00M, Peak:0.00M | Scene | Initializing
Fra:1 Mem:787.95M (Peak 3205.02M) | Time:495506:44:31.83 | Mem:0.00M, Peak:0.00M | Scene | Updating Images | Loading CeilingLightFactory(3923419).spawn_asset(4684690)_DIFFUSE
Fra:1 Mem:786.61M (Peak 3205.02M) | Time:495506:44:32.16 | Mem:0.00M, Peak:0.00M | Scene | Synchronizing object | CeilingLightFactory(3923419).spawn_asset(4684690)
Fra:1 Mem:787.98M (Peak 3205.02M) | Time:495506:44:32.16 | Mem:0.00M, Peak:0.00M | Scene | Initializing
Fra:1 Mem:787.98M (Peak 3205.02M) | Time:495506:44:32.16 | Mem:0.00M, Peak:0.00M | Scene | Updating Images | Loading CeilingLightFactory(3923419).spawn_asset(4684690)_ROUGHNESS
Fra:1 Mem:786.63M (Peak 3205.02M) | Time:495506:44:32.49 | Mem:0.00M, Peak:0.00M | Scene | Synchronizing object | CeilingLightFactory(3923419).spawn_asset(4684690)
Fra:1 Mem:788.00M (Peak 3205.02M) | Time:495506:44:32.50 | Mem:0.00M, Peak:0.00M | Scene | Initializing
Fra:1 Mem:788.00M (Peak 3205.02M) | Time:495506:44:32.50 | Mem:0.00M, Peak:0.00M | Scene | Updating Images | Loading CeilingLightFactory(3923419).spawn_asset(4684690)_NORMAL
Fra:1 Mem:787.12M (Peak 3205.02M) | Time:495506:44:32.81 | Mem:0.00M, Peak:0.00M | Scene | Synchronizing object | CeilingLightFactory(3923419).spawn_asset(7840408)
Fra:1 Mem:788.49M (Peak 3205.02M) | Time:495506:44:32.82 | Mem:0.00M, Peak:0.00M | Scene | Initializing
Fra:1 Mem:788.48M (Peak 3205.02M) | Time:495506:44:32.82 | Mem:0.00M, Peak:0.00M | Scene | Updating Images | Loading CeilingLightFactory(3923419).spawn_asset(7840408)_DIFFUSE
Fra:1 Mem:787.14M (Peak 3205.02M) | Time:495506:44:33.15 | Mem:0.00M, Peak:0.00M | Scene | Synchronizing object | CeilingLightFactory(3923419).spawn_asset(7840408)
Fra:1 Mem:788.51M (Peak 3205.02M) | Time:495506:44:33.16 | Mem:0.00M, Peak:0.00M | Scene | Initializing
Fra:1 Mem:788.51M (Peak 3205.02M) | Time:495506:44:33.16 | Mem:0.00M, Peak:0.00M | Scene | Updating Images | Loading CeilingLightFactory(3923419).spawn_asset(7840408)_ROUGHNESS
Fra:1 Mem:787.16M (Peak 3205.02M) | Time:495506:44:33.48 | Mem:0.00M, Peak:0.00M | Scene | Synchronizing object | CeilingLightFactory(3923419).spawn_asset(7840408)
Fra:1 Mem:788.53M (Peak 3205.02M) | Time:495506:44:33.48 | Mem:0.00M, Peak:0.00M | Scene | Initializing
Fra:1 Mem:788.53M (Peak 3205.02M) | Time:495506:44:33.48 | Mem:0.00M, Peak:0.00M | Scene | Updating Images | Loading CeilingLightFactory(3923419).spawn_asset(7840408)_NORMAL
Fra:1 Mem:792.84M (Peak 3205.02M) | Time:495506:44:34.09 | Mem:0.00M, Peak:0.00M | Scene | Synchronizing object | ChairFactory(9350008).spawn_asset(2544722)
Fra:1 Mem:807.19M (Peak 3205.02M) | Time:495506:44:34.10 | Mem:0.00M, Peak:0.00M | Scene | Initializing
Fra:1 Mem:807.18M (Peak 3205.02M) | Time:495506:44:34.10 | Mem:0.00M, Peak:0.00M | Scene | Updating Images | Loading ChairFactory(9350008).spawn_asset(2544722)_DIFFUSE
Fra:1 Mem:800.32M (Peak 3205.02M) | Time:495506:44:34.84 | Mem:0.00M, Peak:0.00M | Scene | Synchronizing object | ChairFactory(9350008).spawn_asset(2544722)
Fra:1 Mem:807.24M (Peak 3205.02M) | Time:495506:44:34.85 | Mem:0.00M, Peak:0.00M | Scene | Initializing
Fra:1 Mem:807.24M (Peak 3205.02M) | Time:495506:44:34.85 | Mem:0.00M, Peak:0.00M | Scene | Updating Images | Loading ChairFactory(9350008).spawn_asset(2544722)_ROUGHNESS
Fra:1 Mem:800.37M (Peak 3205.02M) | Time:495506:44:35.57 | Mem:0.00M, Peak:0.00M | Scene | Synchronizing object | ChairFactory(9350008).spawn_asset(2544722)
Fra:1 Mem:807.29M (Peak 3205.02M) | Time:495506:44:35.57 | Mem:0.00M, Peak:0.00M | Scene | Initializing
Fra:1 Mem:807.29M (Peak 3205.02M) | Time:495506:44:35.57 | Mem:0.00M, Peak:0.00M | Scene | Updating Images | Loading ChairFactory(9350008).spawn_asset(2544722)_NORMAL
Fra:1 Mem:811.36M (Peak 3205.02M) | Time:495506:44:36.67 | Mem:0.00M, Peak:0.00M | Scene | Synchronizing object | ChairFactory(9350008).spawn_asset(8909285)
Fra:1 Mem:825.71M (Peak 3205.02M) | Time:495506:44:36.68 | Mem:0.00M, Peak:0.00M | Scene | Initializing
Fra:1 Mem:825.70M (Peak 3205.02M) | Time:495506:44:36.68 | Mem:0.00M, Peak:0.00M | Scene | Updating Images | Loading ChairFactory(9350008).spawn_asset(8909285)_DIFFUSE
Fra:1 Mem:818.84M (Peak 3205.02M) | Time:495506:44:37.42 | Mem:0.00M, Peak:0.00M | Scene | Synchronizing object | ChairFactory(9350008).spawn_asset(8909285)
Fra:1 Mem:825.76M (Peak 3205.02M) | Time:495506:44:37.43 | Mem:0.00M, Peak:0.00M | Scene | Initializing
Fra:1 Mem:825.75M (Peak 3205.02M) | Time:495506:44:37.43 | Mem:0.00M, Peak:0.00M | Scene | Updating Images | Loading ChairFactory(9350008).spawn_asset(8909285)_ROUGHNESS
Fra:1 Mem:818.89M (Peak 3205.02M) | Time:495506:44:38.16 | Mem:0.00M, Peak:0.00M | Scene | Synchronizing object | ChairFactory(9350008).spawn_asset(8909285)
Fra:1 Mem:825.81M (Peak 3205.02M) | Time:495506:44:38.16 | Mem:0.00M, Peak:0.00M | Scene | Initializing
Fra:1 Mem:825.80M (Peak 3205.02M) | Time:495506:44:38.16 | Mem:0.00M, Peak:0.00M | Scene | Updating Images | Loading ChairFactory(9350008).spawn_asset(8909285)_NORMAL
Fra:1 Mem:824.33M (Peak 3205.02M) | Time:495506:44:38.95 | Mem:0.00M, Peak:0.00M | Scene | Synchronizing object | ChopsticksFactory(8987351).spawn_asset(3675983)
Fra:1 Mem:826.10M (Peak 3205.02M) | Time:495506:44:38.96 | Mem:0.00M, Peak:0.00M | Scene | Initializing
Fra:1 Mem:826.10M (Peak 3205.02M) | Time:495506:44:38.96 | Mem:0.00M, Peak:0.00M | Scene | Updating Images | Loading ChopsticksFactory(8987351).spawn_asset(3675983)_DIFFUSE
Fra:1 Mem:825.27M (Peak 3205.02M) | Time:495506:44:39.28 | Mem:0.00M, Peak:0.00M | Scene | Synchronizing object | ChopsticksFactory(8987351).spawn_asset(3675983)
Fra:1 Mem:826.12M (Peak 3205.02M) | Time:495506:44:39.28 | Mem:0.00M, Peak:0.00M | Scene | Initializing
Fra:1 Mem:826.12M (Peak 3205.02M) | Time:495506:44:39.28 | Mem:0.00M, Peak:0.00M | Scene | Updating Images | Loading ChopsticksFactory(8987351).spawn_asset(3675983)_ROUGHNESS
Fra:1 Mem:825.29M (Peak 3205.02M) | Time:495506:44:39.58 | Mem:0.00M, Peak:0.00M | Scene | Synchronizing object | ChopsticksFactory(8987351).spawn_asset(3675983)
Fra:1 Mem:826.15M (Peak 3205.02M) | Time:495506:44:39.58 | Mem:0.00M, Peak:0.00M | Scene | Initializing
Fra:1 Mem:826.14M (Peak 3205.02M) | Time:495506:44:39.58 | Mem:0.00M, Peak:0.00M | Scene | Updating Images | Loading ChopsticksFactory(8987351).spawn_asset(3675983)_NORMAL
Fra:1 Mem:826.02M (Peak 3205.02M) | Time:495506:44:39.87 | Mem:0.00M, Peak:0.00M | Scene | Synchronizing object | Cube
Fra:1 Mem:826.05M (Peak 3205.02M) | Time:495506:44:39.87 | Mem:0.00M, Peak:0.00M | Scene | Initializing
Fra:1 Mem:826.05M (Peak 3205.02M) | Time:495506:44:39.87 | Mem:0.00M, Peak:0.00M | Scene | Updating Images | Loading Cube_METAL
Fra:1 Mem:826.09M (Peak 3205.02M) | Time:495506:44:40.24 | Mem:0.00M, Peak:0.00M | Scene | Synchronizing object | Cube
Fra:1 Mem:826.12M (Peak 3205.02M) | Time:495506:44:40.24 | Mem:0.00M, Peak:0.00M | Scene | Initializing
Fra:1 Mem:826.11M (Peak 3205.02M) | Time:495506:44:40.24 | Mem:0.00M, Peak:0.00M | Scene | Updating Images | Loading Cube_DIFFUSE
Fra:1 Mem:826.13M (Peak 3205.02M) | Time:495506:44:40.81 | Mem:0.00M, Peak:0.00M | Scene | Synchronizing object | Cube
Fra:1 Mem:826.15M (Peak 3205.02M) | Time:495506:44:40.81 | Mem:0.00M, Peak:0.00M | Scene | Initializing
Fra:1 Mem:826.15M (Peak 3205.02M) | Time:495506:44:40.81 | Mem:0.00M, Peak:0.00M | Scene | Updating Images | Loading Cube_ROUGHNESS
Fra:1 Mem:826.17M (Peak 3205.02M) | Time:495506:44:41.33 | Mem:0.00M, Peak:0.00M | Scene | Synchronizing object | Cube
Fra:1 Mem:826.19M (Peak 3205.02M) | Time:495506:44:41.33 | Mem:0.00M, Peak:0.00M | Scene | Initializing
Fra:1 Mem:826.19M (Peak 3205.02M) | Time:495506:44:41.33 | Mem:0.00M, Peak:0.00M | Scene | Updating Images | Loading Cube_NORMAL
Fra:1 Mem:826.31M (Peak 3205.02M) | Time:495506:44:41.82 | Mem:0.00M, Peak:0.00M | Scene | Synchronizing object | Cube.002
Fra:1 Mem:826.34M (Peak 3205.02M) | Time:495506:44:41.82 | Mem:0.00M, Peak:0.00M | Scene | Initializing
Fra:1 Mem:826.34M (Peak 3205.02M) | Time:495506:44:41.82 | Mem:0.00M, Peak:0.00M | Scene | Updating Images | Loading Cube.002_METAL
Fra:1 Mem:826.39M (Peak 3205.02M) | Time:495506:44:42.18 | Mem:0.00M, Peak:0.00M | Scene | Synchronizing object | Cube.002
Fra:1 Mem:826.41M (Peak 3205.02M) | Time:495506:44:42.18 | Mem:0.00M, Peak:0.00M | Scene | Initializing
Fra:1 Mem:826.40M (Peak 3205.02M) | Time:495506:44:42.18 | Mem:0.00M, Peak:0.00M | Scene | Updating Images | Loading Cube.002_DIFFUSE
Fra:1 Mem:826.45M (Peak 3205.02M) | Time:495506:44:42.71 | Mem:0.00M, Peak:0.00M | Scene | Synchronizing object | Cube.002
Fra:1 Mem:826.47M (Peak 3205.02M) | Time:495506:44:42.71 | Mem:0.00M, Peak:0.00M | Scene | Initializing
Fra:1 Mem:826.47M (Peak 3205.02M) | Time:495506:44:42.71 | Mem:0.00M, Peak:0.00M | Scene | Updating Images | Loading Cube.002_ROUGHNESS
Fra:1 Mem:826.48M (Peak 3205.02M) | Time:495506:44:43.22 | Mem:0.00M, Peak:0.00M | Scene | Synchronizing object | Cube.002
Fra:1 Mem:826.51M (Peak 3205.02M) | Time:495506:44:43.22 | Mem:0.00M, Peak:0.00M | Scene | Initializing
Fra:1 Mem:826.50M (Peak 3205.02M) | Time:495506:44:43.22 | Mem:0.00M, Peak:0.00M | Scene | Updating Images | Loading Cube.002_NORMAL
Fra:1 Mem:826.32M (Peak 3205.02M) | Time:495506:44:43.71 | Mem:0.00M, Peak:0.00M | Scene | Synchronizing object | Cube.004
Fra:1 Mem:826.34M (Peak 3205.02M) | Time:495506:44:43.71 | Mem:0.00M, Peak:0.00M | Scene | Initializing
Fra:1 Mem:826.34M (Peak 3205.02M) | Time:495506:44:43.71 | Mem:0.00M, Peak:0.00M | Scene | Updating Images | Loading Cube.004_METAL
Fra:1 Mem:826.39M (Peak 3205.02M) | Time:495506:44:44.06 | Mem:0.00M, Peak:0.00M | Scene | Synchronizing object | Cube.004
Fra:1 Mem:826.40M (Peak 3205.02M) | Time:495506:44:44.06 | Mem:0.00M, Peak:0.00M | Scene | Initializing
Fra:1 Mem:826.39M (Peak 3205.02M) | Time:495506:44:44.06 | Mem:0.00M, Peak:0.00M | Scene | Updating Images | Loading Cube.004_TRANSMISSION
Fra:1 Mem:826.42M (Peak 3205.02M) | Time:495506:44:44.43 | Mem:0.00M, Peak:0.00M | Scene | Synchronizing object | Cube.004
Fra:1 Mem:826.44M (Peak 3205.02M) | Time:495506:44:44.43 | Mem:0.00M, Peak:0.00M | Scene | Initializing
Fra:1 Mem:826.43M (Peak 3205.02M) | Time:495506:44:44.43 | Mem:0.00M, Peak:0.00M | Scene | Updating Images | Loading Cube.004_DIFFUSE
Fra:1 Mem:826.46M (Peak 3205.02M) | Time:495506:44:44.79 | Mem:0.00M, Peak:0.00M | Scene | Synchronizing object | Cube.004
Fra:1 Mem:826.47M (Peak 3205.02M) | Time:495506:44:44.79 | Mem:0.00M, Peak:0.00M | Scene | Initializing
Fra:1 Mem:826.47M (Peak 3205.02M) | Time:495506:44:44.79 | Mem:0.00M, Peak:0.00M | Scene | Updating Images | Loading Cube.004_ROUGHNESS
Fra:1 Mem:826.50M (Peak 3205.02M) | Time:495506:44:45.15 | Mem:0.00M, Peak:0.00M | Scene | Synchronizing object | Cube.004
Fra:1 Mem:826.51M (Peak 3205.02M) | Time:495506:44:45.15 | Mem:0.00M, Peak:0.00M | Scene | Initializing
Fra:1 Mem:826.51M (Peak 3205.02M) | Time:495506:44:45.15 | Mem:0.00M, Peak:0.00M | Scene | Updating Images | Loading Cube.004_NORMAL
Fra:1 Mem:826.80M (Peak 3205.02M) | Time:495506:44:45.49 | Mem:0.00M, Peak:0.00M | Scene | Synchronizing object | Cube.006
Fra:1 Mem:826.99M (Peak 3205.02M) | Time:495506:44:45.49 | Mem:0.00M, Peak:0.00M | Scene | Initializing
Fra:1 Mem:826.98M (Peak 3205.02M) | Time:495506:44:45.49 | Mem:0.00M, Peak:0.00M | Scene | Updating Images | Loading Cube.006_METAL
Fra:1 Mem:826.97M (Peak 3205.02M) | Time:495506:44:45.87 | Mem:0.00M, Peak:0.00M | Scene | Synchronizing object | Cube.006
Fra:1 Mem:827.06M (Peak 3205.02M) | Time:495506:44:45.87 | Mem:0.00M, Peak:0.00M | Scene | Initializing
Fra:1 Mem:827.06M (Peak 3205.02M) | Time:495506:44:45.87 | Mem:0.00M, Peak:0.00M | Scene | Updating Images | Loading Cube.006_TRANSMISSION
Fra:1 Mem:827.03M (Peak 3205.02M) | Time:495506:44:46.26 | Mem:0.00M, Peak:0.00M | Scene | Synchronizing object | Cube.006
Fra:1 Mem:827.14M (Peak 3205.02M) | Time:495506:44:46.26 | Mem:0.00M, Peak:0.00M | Scene | Initializing
Fra:1 Mem:827.13M (Peak 3205.02M) | Time:495506:44:46.26 | Mem:0.00M, Peak:0.00M | Scene | Updating Images | Loading Cube.006_DIFFUSE
Fra:1 Mem:827.08M (Peak 3205.02M) | Time:495506:44:46.66 | Mem:0.00M, Peak:0.00M | Scene | Synchronizing object | Cube.006
Fra:1 Mem:827.19M (Peak 3205.02M) | Time:495506:44:46.66 | Mem:0.00M, Peak:0.00M | Scene | Initializing
Fra:1 Mem:827.18M (Peak 3205.02M) | Time:495506:44:46.66 | Mem:0.00M, Peak:0.00M | Scene | Updating Images | Loading Cube.006_ROUGHNESS
Fra:1 Mem:827.13M (Peak 3205.02M) | Time:495506:44:47.08 | Mem:0.00M, Peak:0.00M | Scene | Synchronizing object | Cube.006
Fra:1 Mem:827.24M (Peak 3205.02M) | Time:495506:44:47.08 | Mem:0.00M, Peak:0.00M | Scene | Initializing
Fra:1 Mem:827.24M (Peak 3205.02M) | Time:495506:44:47.08 | Mem:0.00M, Peak:0.00M | Scene | Updating Images | Loading Cube.006_NORMAL
Fra:1 Mem:827.30M (Peak 3205.02M) | Time:495506:44:47.42 | Mem:0.00M, Peak:0.00M | Scene | Synchronizing object | Cube.008
Fra:1 Mem:827.48M (Peak 3205.02M) | Time:495506:44:47.42 | Mem:0.00M, Peak:0.00M | Scene | Initializing
Fra:1 Mem:827.47M (Peak 3205.02M) | Time:495506:44:47.42 | Mem:0.00M, Peak:0.00M | Scene | Updating Images | Loading Cube.008_METAL
Fra:1 Mem:827.46M (Peak 3205.02M) | Time:495506:44:47.80 | Mem:0.00M, Peak:0.00M | Scene | Synchronizing object | Cube.008
Fra:1 Mem:827.55M (Peak 3205.02M) | Time:495506:44:47.80 | Mem:0.00M, Peak:0.00M | Scene | Initializing
Fra:1 Mem:827.55M (Peak 3205.02M) | Time:495506:44:47.80 | Mem:0.00M, Peak:0.00M | Scene | Updating Images | Loading Cube.008_TRANSMISSION
Fra:1 Mem:827.52M (Peak 3205.02M) | Time:495506:44:48.18 | Mem:0.00M, Peak:0.00M | Scene | Synchronizing object | Cube.008
Fra:1 Mem:827.63M (Peak 3205.02M) | Time:495506:44:48.18 | Mem:0.00M, Peak:0.00M | Scene | Initializing
Fra:1 Mem:827.63M (Peak 3205.02M) | Time:495506:44:48.18 | Mem:0.00M, Peak:0.00M | Scene | Updating Images | Loading Cube.008_DIFFUSE
Fra:1 Mem:827.57M (Peak 3205.02M) | Time:495506:44:48.58 | Mem:0.00M, Peak:0.00M | Scene | Synchronizing object | Cube.008
Fra:1 Mem:827.68M (Peak 3205.02M) | Time:495506:44:48.58 | Mem:0.00M, Peak:0.00M | Scene | Initializing
Fra:1 Mem:827.68M (Peak 3205.02M) | Time:495506:44:48.58 | Mem:0.00M, Peak:0.00M | Scene | Updating Images | Loading Cube.008_ROUGHNESS
Fra:1 Mem:827.62M (Peak 3205.02M) | Time:495506:44:48.99 | Mem:0.00M, Peak:0.00M | Scene | Synchronizing object | Cube.008
Fra:1 Mem:827.73M (Peak 3205.02M) | Time:495506:44:48.99 | Mem:0.00M, Peak:0.00M | Scene | Initializing
Fra:1 Mem:827.73M (Peak 3205.02M) | Time:495506:44:48.99 | Mem:0.00M, Peak:0.00M | Scene | Updating Images | Loading Cube.008_NORMAL
Fra:1 Mem:832.88M (Peak 3205.02M) | Time:495506:44:49.42 | Mem:0.00M, Peak:0.00M | Scene | Synchronizing object | CupFactory(4894636).spawn_asset(1698985)
Fra:1 Mem:839.23M (Peak 3205.02M) | Time:495506:44:49.42 | Mem:0.00M, Peak:0.00M | Scene | Initializing
Fra:1 Mem:839.23M (Peak 3205.02M) | Time:495506:44:49.42 | Mem:0.00M, Peak:0.00M | Scene | Updating Images | Loading text_texture.077
Fra:1 Mem:839.23M (Peak 3205.02M) | Time:495506:44:49.42 | Mem:0.00M, Peak:0.00M | Scene | Updating Images | Loading CupFactory(4894636).spawn_asset(1698985)_METAL
Fra:1 Mem:836.24M (Peak 3205.02M) | Time:495506:44:52.32 | Mem:0.00M, Peak:0.00M | Scene | Synchronizing object | CupFactory(4894636).spawn_asset(1698985)
Fra:1 Mem:841.10M (Peak 3205.02M) | Time:495506:44:52.33 | Mem:0.00M, Peak:0.00M | Scene | Initializing
Fra:1 Mem:841.10M (Peak 3205.02M) | Time:495506:44:52.33 | Mem:0.00M, Peak:0.00M | Scene | Updating Images | Loading text_texture.077
Fra:1 Mem:841.10M (Peak 3205.02M) | Time:495506:44:52.33 | Mem:0.00M, Peak:0.00M | Scene | Updating Images | Loading CupFactory(4894636).spawn_asset(1698985)_DIFFUSE
Fra:1 Mem:836.28M (Peak 3205.02M) | Time:495506:44:55.06 | Mem:0.00M, Peak:0.00M | Scene | Synchronizing object | CupFactory(4894636).spawn_asset(1698985)
Fra:1 Mem:841.14M (Peak 3205.02M) | Time:495506:44:55.06 | Mem:0.00M, Peak:0.00M | Scene | Initializing
Fra:1 Mem:841.14M (Peak 3205.02M) | Time:495506:44:55.06 | Mem:0.00M, Peak:0.00M | Scene | Updating Images | Loading text_texture.077
Fra:1 Mem:841.14M (Peak 3205.02M) | Time:495506:44:55.06 | Mem:0.00M, Peak:0.00M | Scene | Updating Images | Loading CupFactory(4894636).spawn_asset(1698985)_ROUGHNESS
Fra:1 Mem:836.32M (Peak 3205.02M) | Time:495506:44:57.81 | Mem:0.00M, Peak:0.00M | Scene | Synchronizing object | CupFactory(4894636).spawn_asset(1698985)
Fra:1 Mem:841.18M (Peak 3205.02M) | Time:495506:44:57.81 | Mem:0.00M, Peak:0.00M | Scene | Initializing
Fra:1 Mem:841.17M (Peak 3205.02M) | Time:495506:44:57.81 | Mem:0.00M, Peak:0.00M | Scene | Updating Images | Loading text_texture.077
Fra:1 Mem:841.17M (Peak 3205.02M) | Time:495506:44:57.81 | Mem:0.00M, Peak:0.00M | Scene | Updating Images | Loading CupFactory(4894636).spawn_asset(1698985)_NORMAL
Fra:1 Mem:837.85M (Peak 3205.02M) | Time:495506:45:00.75 | Mem:0.00M, Peak:0.00M | Scene | Synchronizing object | CupFactory(5210659).spawn_asset(9350808)
Fra:1 Mem:847.33M (Peak 3205.02M) | Time:495506:45:00.76 | Mem:0.00M, Peak:0.00M | Scene | Initializing
Fra:1 Mem:847.33M (Peak 3205.02M) | Time:495506:45:00.76 | Mem:0.00M, Peak:0.00M | Scene | Updating Images | Loading CupFactory(5210659).spawn_asset(9350808)_METAL
Fra:1 Mem:855.33M (Peak 3205.02M) | Time:495506:45:00.76 | Mem:0.00M, Peak:0.00M | Scene | Updating Images | Loading text_texture.079
Fra:1 Mem:842.79M (Peak 3205.02M) | Time:495506:45:02.13 | Mem:0.00M, Peak:0.00M | Scene | Synchronizing object | CupFactory(5210659).spawn_asset(9350808)
Fra:1 Mem:850.04M (Peak 3205.02M) | Time:495506:45:02.14 | Mem:0.00M, Peak:0.00M | Scene | Initializing
Fra:1 Mem:850.03M (Peak 3205.02M) | Time:495506:45:02.14 | Mem:0.00M, Peak:0.00M | Scene | Updating Images | Loading CupFactory(5210659).spawn_asset(9350808)_DIFFUSE
Fra:1 Mem:858.03M (Peak 3205.02M) | Time:495506:45:02.14 | Mem:0.00M, Peak:0.00M | Scene | Updating Images | Loading text_texture.079
Fra:1 Mem:842.81M (Peak 3205.02M) | Time:495506:45:03.35 | Mem:0.00M, Peak:0.00M | Scene | Synchronizing object | CupFactory(5210659).spawn_asset(9350808)
Fra:1 Mem:850.06M (Peak 3205.02M) | Time:495506:45:03.35 | Mem:0.00M, Peak:0.00M | Scene | Initializing
Fra:1 Mem:850.06M (Peak 3205.02M) | Time:495506:45:03.35 | Mem:0.00M, Peak:0.00M | Scene | Updating Images | Loading CupFactory(5210659).spawn_asset(9350808)_ROUGHNESS
Fra:1 Mem:854.06M (Peak 3205.02M) | Time:495506:45:03.35 | Mem:0.00M, Peak:0.00M | Scene | Updating Images | Loading text_texture.079
Fra:1 Mem:842.84M (Peak 3205.02M) | Time:495506:45:04.60 | Mem:0.00M, Peak:0.00M | Scene | Synchronizing object | CupFactory(5210659).spawn_asset(9350808)
Fra:1 Mem:850.09M (Peak 3205.02M) | Time:495506:45:04.60 | Mem:0.00M, Peak:0.00M | Scene | Initializing
Fra:1 Mem:850.08M (Peak 3205.02M) | Time:495506:45:04.60 | Mem:0.00M, Peak:0.00M | Scene | Updating Images | Loading CupFactory(5210659).spawn_asset(9350808)_NORMAL
Fra:1 Mem:858.08M (Peak 3205.02M) | Time:495506:45:04.60 | Mem:0.00M, Peak:0.00M | Scene | Updating Images | Loading text_texture.079
Fra:1 Mem:850.19M (Peak 3205.02M) | Time:495506:45:06.47 | Mem:0.00M, Peak:0.00M | Scene | Synchronizing object | CupFactory(9316789).spawn_asset(7288275)
Fra:1 Mem:871.39M (Peak 3205.02M) | Time:495506:45:06.49 | Mem:0.00M, Peak:0.00M | Scene | Initializing
Fra:1 Mem:871.38M (Peak 3205.02M) | Time:495506:45:06.49 | Mem:0.00M, Peak:0.00M | Scene | Updating Images | Loading CupFactory(9316789).spawn_asset(7288275)_TRANSMISSION
Fra:1 Mem:862.34M (Peak 3205.02M) | Time:495506:45:06.88 | Mem:0.00M, Peak:0.00M | Scene | Synchronizing object | CupFactory(9316789).spawn_asset(7288275)
Fra:1 Mem:873.63M (Peak 3205.02M) | Time:495506:45:06.88 | Mem:0.00M, Peak:0.00M | Scene | Initializing
Fra:1 Mem:873.63M (Peak 3205.02M) | Time:495506:45:06.88 | Mem:0.00M, Peak:0.00M | Scene | Updating Images | Loading CupFactory(9316789).spawn_asset(7288275)_DIFFUSE
Fra:1 Mem:862.38M (Peak 3205.02M) | Time:495506:45:07.29 | Mem:0.00M, Peak:0.00M | Scene | Synchronizing object | CupFactory(9316789).spawn_asset(7288275)
Fra:1 Mem:873.67M (Peak 3205.02M) | Time:495506:45:07.30 | Mem:0.00M, Peak:0.00M | Scene | Initializing
Fra:1 Mem:873.66M (Peak 3205.02M) | Time:495506:45:07.30 | Mem:0.00M, Peak:0.00M | Scene | Updating Images | Loading CupFactory(9316789).spawn_asset(7288275)_ROUGHNESS
Fra:1 Mem:862.42M (Peak 3205.02M) | Time:495506:45:07.67 | Mem:0.00M, Peak:0.00M | Scene | Synchronizing object | CupFactory(9316789).spawn_asset(7288275)
Fra:1 Mem:873.71M (Peak 3205.02M) | Time:495506:45:07.67 | Mem:0.00M, Peak:0.00M | Scene | Initializing
Fra:1 Mem:873.70M (Peak 3205.02M) | Time:495506:45:07.67 | Mem:0.00M, Peak:0.00M | Scene | Updating Images | Loading CupFactory(9316789).spawn_asset(7288275)_NORMAL
Fra:1 Mem:867.01M (Peak 3205.02M) | Time:495506:45:08.18 | Mem:0.00M, Peak:0.00M | Scene | Synchronizing object | DeskLampFactory(1594202).spawn_asset(1422734)
Fra:1 Mem:872.13M (Peak 3205.02M) | Time:495506:45:08.18 | Mem:0.00M, Peak:0.00M | Scene | Initializing
Fra:1 Mem:872.13M (Peak 3205.02M) | Time:495506:45:08.18 | Mem:0.00M, Peak:0.00M | Scene | Updating Images | Loading DeskLampFactory(1594202).spawn_asset(1422734)_TRANSMISSION
Fra:1 Mem:869.70M (Peak 3205.02M) | Time:495506:45:08.56 | Mem:0.00M, Peak:0.00M | Scene | Synchronizing object | DeskLampFactory(1594202).spawn_asset(1422734)
Fra:1 Mem:872.18M (Peak 3205.02M) | Time:495506:45:08.56 | Mem:0.00M, Peak:0.00M | Scene | Initializing
Fra:1 Mem:872.17M (Peak 3205.02M) | Time:495506:45:08.56 | Mem:0.00M, Peak:0.00M | Scene | Updating Images | Loading DeskLampFactory(1594202).spawn_asset(1422734)_DIFFUSE
Fra:1 Mem:869.74M (Peak 3205.02M) | Time:495506:45:09.01 | Mem:0.00M, Peak:0.00M | Scene | Synchronizing object | DeskLampFactory(1594202).spawn_asset(1422734)
Fra:1 Mem:872.21M (Peak 3205.02M) | Time:495506:45:09.01 | Mem:0.00M, Peak:0.00M | Scene | Initializing
Fra:1 Mem:872.21M (Peak 3205.02M) | Time:495506:45:09.01 | Mem:0.00M, Peak:0.00M | Scene | Updating Images | Loading DeskLampFactory(1594202).spawn_asset(1422734)_ROUGHNESS
Fra:1 Mem:869.78M (Peak 3205.02M) | Time:495506:45:09.48 | Mem:0.00M, Peak:0.00M | Scene | Synchronizing object | DeskLampFactory(1594202).spawn_asset(1422734)
Fra:1 Mem:872.25M (Peak 3205.02M) | Time:495506:45:09.48 | Mem:0.00M, Peak:0.00M | Scene | Initializing
Fra:1 Mem:872.25M (Peak 3205.02M) | Time:495506:45:09.48 | Mem:0.00M, Peak:0.00M | Scene | Updating Images | Loading DeskLampFactory(1594202).spawn_asset(1422734)_NORMAL
Fra:1 Mem:873.90M (Peak 3205.02M) | Time:495506:45:10.00 | Mem:0.00M, Peak:0.00M | Scene | Synchronizing object | DeskLampFactory(5020655).spawn_asset(6539788)
Fra:1 Mem:879.02M (Peak 3205.02M) | Time:495506:45:10.00 | Mem:0.00M, Peak:0.00M | Scene | Initializing
Fra:1 Mem:879.02M (Peak 3205.02M) | Time:495506:45:10.00 | Mem:0.00M, Peak:0.00M | Scene | Updating Images | Loading DeskLampFactory(5020655).spawn_asset(6539788)_METAL
Fra:1 Mem:876.61M (Peak 3205.02M) | Time:495506:45:10.46 | Mem:0.00M, Peak:0.00M | Scene | Synchronizing object | DeskLampFactory(5020655).spawn_asset(6539788)
Fra:1 Mem:879.08M (Peak 3205.02M) | Time:495506:45:10.46 | Mem:0.00M, Peak:0.00M | Scene | Initializing
Fra:1 Mem:879.08M (Peak 3205.02M) | Time:495506:45:10.46 | Mem:0.00M, Peak:0.00M | Scene | Updating Images | Loading DeskLampFactory(5020655).spawn_asset(6539788)_DIFFUSE
Fra:1 Mem:876.65M (Peak 3205.02M) | Time:495506:45:10.95 | Mem:0.00M, Peak:0.00M | Scene | Synchronizing object | DeskLampFactory(5020655).spawn_asset(6539788)
Fra:1 Mem:879.12M (Peak 3205.02M) | Time:495506:45:10.95 | Mem:0.00M, Peak:0.00M | Scene | Initializing
Fra:1 Mem:879.12M (Peak 3205.02M) | Time:495506:45:10.95 | Mem:0.00M, Peak:0.00M | Scene | Updating Images | Loading DeskLampFactory(5020655).spawn_asset(6539788)_ROUGHNESS
Fra:1 Mem:876.68M (Peak 3205.02M) | Time:495506:45:11.44 | Mem:0.00M, Peak:0.00M | Scene | Synchronizing object | DeskLampFactory(5020655).spawn_asset(6539788)
Fra:1 Mem:879.16M (Peak 3205.02M) | Time:495506:45:11.44 | Mem:0.00M, Peak:0.00M | Scene | Initializing
Fra:1 Mem:879.15M (Peak 3205.02M) | Time:495506:45:11.44 | Mem:0.00M, Peak:0.00M | Scene | Updating Images | Loading DeskLampFactory(5020655).spawn_asset(6539788)_NORMAL
Fra:1 Mem:877.42M (Peak 3205.02M) | Time:495506:45:11.90 | Mem:0.00M, Peak:0.00M | Scene | Synchronizing object | dining-room_0/0.ceiling
Fra:1 Mem:877.42M (Peak 3205.02M) | Time:495506:45:11.90 | Mem:0.00M, Peak:0.00M | Scene | Initializing
Fra:1 Mem:877.42M (Peak 3205.02M) | Time:495506:45:11.90 | Mem:0.00M, Peak:0.00M | Scene | Updating Images | Loading dining-room_0/0.ceiling_DIFFUSE
Fra:1 Mem:877.44M (Peak 3205.02M) | Time:495506:45:12.14 | Mem:0.00M, Peak:0.00M | Scene | Synchronizing object | dining-room_0/0.ceiling
Fra:1 Mem:877.45M (Peak 3205.02M) | Time:495506:45:12.14 | Mem:0.00M, Peak:0.00M | Scene | Initializing
Fra:1 Mem:877.44M (Peak 3205.02M) | Time:495506:45:12.14 | Mem:0.00M, Peak:0.00M | Scene | Updating Images | Loading dining-room_0/0.ceiling_ROUGHNESS
Fra:1 Mem:877.47M (Peak 3205.02M) | Time:495506:45:12.37 | Mem:0.00M, Peak:0.00M | Scene | Synchronizing object | dining-room_0/0.ceiling
Fra:1 Mem:877.47M (Peak 3205.02M) | Time:495506:45:12.37 | Mem:0.00M, Peak:0.00M | Scene | Initializing
Fra:1 Mem:877.47M (Peak 3205.02M) | Time:495506:45:12.37 | Mem:0.00M, Peak:0.00M | Scene | Updating Images | Loading dining-room_0/0.ceiling_NORMAL
Fra:1 Mem:878.78M (Peak 3205.02M) | Time:495506:45:12.62 | Mem:0.00M, Peak:0.00M | Scene | Synchronizing object | dining-room_0/0.floor
Fra:1 Mem:878.79M (Peak 3205.02M) | Time:495506:45:12.62 | Mem:0.00M, Peak:0.00M | Scene | Initializing
Fra:1 Mem:878.78M (Peak 3205.02M) | Time:495506:45:12.62 | Mem:0.00M, Peak:0.00M | Scene | Updating Images | Loading dining-room_0/0.floor_DIFFUSE
Fra:1 Mem:878.80M (Peak 3205.02M) | Time:495506:45:12.96 | Mem:0.00M, Peak:0.00M | Scene | Synchronizing object | dining-room_0/0.floor
Fra:1 Mem:878.81M (Peak 3205.02M) | Time:495506:45:12.96 | Mem:0.00M, Peak:0.00M | Scene | Initializing
Fra:1 Mem:878.81M (Peak 3205.02M) | Time:495506:45:12.96 | Mem:0.00M, Peak:0.00M | Scene | Updating Images | Loading dining-room_0/0.floor_ROUGHNESS
Fra:1 Mem:878.83M (Peak 3205.02M) | Time:495506:45:13.32 | Mem:0.00M, Peak:0.00M | Scene | Synchronizing object | dining-room_0/0.floor
Fra:1 Mem:878.84M (Peak 3205.02M) | Time:495506:45:13.32 | Mem:0.00M, Peak:0.00M | Scene | Initializing
Fra:1 Mem:878.83M (Peak 3205.02M) | Time:495506:45:13.32 | Mem:0.00M, Peak:0.00M | Scene | Updating Images | Loading dining-room_0/0.floor_NORMAL
Fra:1 Mem:879.37M (Peak 3205.02M) | Time:495506:45:13.69 | Mem:0.00M, Peak:0.00M | Scene | Synchronizing object | dining-room_0/0.wall
Fra:1 Mem:879.40M (Peak 3205.02M) | Time:495506:45:13.69 | Mem:0.00M, Peak:0.00M | Scene | Initializing
Fra:1 Mem:879.40M (Peak 3205.02M) | Time:495506:45:13.69 | Mem:0.00M, Peak:0.00M | Scene | Updating Images | Loading dining-room_0/0.wall_DIFFUSE
Fra:1 Mem:879.40M (Peak 3205.02M) | Time:495506:45:14.19 | Mem:0.00M, Peak:0.00M | Scene | Synchronizing object | dining-room_0/0.wall
Fra:1 Mem:879.42M (Peak 3205.02M) | Time:495506:45:14.19 | Mem:0.00M, Peak:0.00M | Scene | Initializing
Fra:1 Mem:879.42M (Peak 3205.02M) | Time:495506:45:14.19 | Mem:0.00M, Peak:0.00M | Scene | Updating Images | Loading dining-room_0/0.wall_ROUGHNESS
Fra:1 Mem:879.42M (Peak 3205.02M) | Time:495506:45:14.71 | Mem:0.00M, Peak:0.00M | Scene | Synchronizing object | dining-room_0/0.wall
Fra:1 Mem:879.45M (Peak 3205.02M) | Time:495506:45:14.71 | Mem:0.00M, Peak:0.00M | Scene | Initializing
Fra:1 Mem:879.44M (Peak 3205.02M) | Time:495506:45:14.71 | Mem:0.00M, Peak:0.00M | Scene | Updating Images | Loading dining-room_0/0.wall_NORMAL
Fra:1 Mem:878.88M (Peak 3205.02M) | Time:495506:45:15.25 | Mem:0.00M, Peak:0.00M | Scene | Synchronizing object | ForkFactory(2315963).spawn_asset(945176)
Fra:1 Mem:879.07M (Peak 3205.02M) | Time:495506:45:15.25 | Mem:0.00M, Peak:0.00M | Scene | Initializing
Fra:1 Mem:879.06M (Peak 3205.02M) | Time:495506:45:15.25 | Mem:0.00M, Peak:0.00M | Scene | Updating Images | Loading ForkFactory(2315963).spawn_asset(945176)_TRANSMISSION
Fra:1 Mem:879.01M (Peak 3205.02M) | Time:495506:45:15.61 | Mem:0.00M, Peak:0.00M | Scene | Synchronizing object | ForkFactory(2315963).spawn_asset(945176)
Fra:1 Mem:879.11M (Peak 3205.02M) | Time:495506:45:15.61 | Mem:0.00M, Peak:0.00M | Scene | Initializing
Fra:1 Mem:879.11M (Peak 3205.02M) | Time:495506:45:15.61 | Mem:0.00M, Peak:0.00M | Scene | Updating Images | Loading ForkFactory(2315963).spawn_asset(945176)_DIFFUSE
Fra:1 Mem:879.03M (Peak 3205.02M) | Time:495506:45:15.98 | Mem:0.00M, Peak:0.00M | Scene | Synchronizing object | ForkFactory(2315963).spawn_asset(945176)
Fra:1 Mem:879.13M (Peak 3205.02M) | Time:495506:45:15.98 | Mem:0.00M, Peak:0.00M | Scene | Initializing
Fra:1 Mem:879.13M (Peak 3205.02M) | Time:495506:45:15.98 | Mem:0.00M, Peak:0.00M | Scene | Updating Images | Loading ForkFactory(2315963).spawn_asset(945176)_ROUGHNESS
Fra:1 Mem:879.05M (Peak 3205.02M) | Time:495506:45:16.38 | Mem:0.00M, Peak:0.00M | Scene | Synchronizing object | ForkFactory(2315963).spawn_asset(945176)
Fra:1 Mem:879.16M (Peak 3205.02M) | Time:495506:45:16.38 | Mem:0.00M, Peak:0.00M | Scene | Initializing
Fra:1 Mem:879.15M (Peak 3205.02M) | Time:495506:45:16.38 | Mem:0.00M, Peak:0.00M | Scene | Updating Images | Loading ForkFactory(2315963).spawn_asset(945176)_NORMAL
Skipping non-blend file /home/yashturkar/Workspace/infinigen/outputs/1dcacf23/fine/MaskTag.json
Skipping non-blend file /home/yashturkar/Workspace/infinigen/outputs/1dcacf23/fine/polycounts.txt
Info: Baking map saved to internal image, save it externally or pack it
Info: Baking map saved to internal image, save it externally or pack it
Info: Baking map saved to internal image, save it externally or pack it
Info: Baking map saved to internal image, save it externally or pack it
Info: Baking map saved to internal image, save it externally or pack it
Info: Baking map saved to internal image, save it externally or pack it
Info: Baking map saved to internal image, save it externally or pack it
Info: Baking map saved to internal image, save it externally or pack it
Info: Baking map saved to internal image, save it externally or pack it
Info: Baking map saved to internal image, save it externally or pack it
Info: Baking map saved to internal image, save it externally or pack it
Info: Baking map saved to internal image, save it externally or pack it
Info: Baking map saved to internal image, save it externally or pack it
Info: Baking map saved to internal image, save it externally or pack it
Info: Baking map saved to internal image, save it externally or pack it
Info: Baking map saved to internal image, save it externally or pack it
Info: Baking map saved to internal image, save it externally or pack it
Info: Baking map saved to internal image, save it externally or pack it
Info: Baking map saved to internal image, save it externally or pack it
Info: Baking map saved to internal image, save it externally or pack it
Info: Baking map saved to internal image, save it externally or pack it
Info: Baking map saved to internal image, save it externally or pack it
Info: Baking map saved to internal image, save it externally or pack it
Info: Baking map saved to internal image, save it externally or pack it
Info: Baking map saved to internal image, save it externally or pack it
Info: Baking map saved to internal image, save it externally or pack it
Info: Baking map saved to internal image, save it externally or pack it
Info: Baking map saved to internal image, save it externally or pack it
Info: Baking map saved to internal image, save it externally or pack it
Info: Baking map saved to internal image, save it externally or pack it
Info: Baking map saved to internal image, save it externally or pack it
Info: Baking map saved to internal image, save it externally or pack it
Info: Baking map saved to internal image, save it externally or pack it
Info: Baking map saved to internal image, save it externally or pack it
Info: Baking map saved to internal image, save it externally or pack it
Info: Baking map saved to internal image, save it externally or pack it
Info: Baking map saved to internal image, save it externally or pack it
Info: Baking map saved to internal image, save it externally or pack it
Info: Baking map saved to internal image, save it externally or pack it
Info: Baking map saved to internal image, save it externally or pack it
Info: Baking map saved to internal image, save it externally or pack it
Info: Baking map saved to internal image, save it externally or pack it
Info: Baking map saved to internal image, save it externally or pack it
Info: Baking map saved to internal image, save it externally or pack it
Info: Baking map saved to internal image, save it externally or pack it
Info: Baking map saved to internal image, save it externally or pack it
Info: Baking map saved to internal image, save it externally or pack it
Info: Baking map saved to internal image, save it externally or pack it
Info: Baking map saved to internal image, save it externally or pack it
Info: Baking map saved to internal image, save it externally or pack it
Info: Baking map saved to internal image, save it externally or pack it
Info: Baking map saved to internal image, save it externally or pack it
Info: Baking map saved to internal image, save it externally or pack it
Info: Baking map saved to internal image, save it externally or pack it
Info: Baking map saved to internal image, save it externally or pack it
Info: Baking map saved to internal image, save it externally or pack it
Info: Baking map saved to internal image, save it externally or pack it
Info: Baking map saved to internal image, save it externally or pack it
Info: Baking map saved to internal image, save it externally or pack it
Info: Baking map saved to internal image, save it externally or pack it
Info: Baking map saved to internal image, save it externally or pack it
Info: Baking map saved to internal image, save it externally or pack it
Info: Baking map saved to internal image, save it externally or pack it
Info: Baking map saved to internal image, save it externally or pack it
Info: Baking map saved to internal image, save it externally or pack it
Info: Baking map saved to internal image, save it externally or pack it
Info: Baking map saved to internal image, save it externally or pack it
Info: Baking map saved to internal image, save it externally or pack it
Info: Baking map saved to internal image, save it externally or pack it
Info: Baking map saved to internal image, save it externally or pack it
Info: Baking map saved to internal image, save it externally or pack it
Info: Baking map saved to internal image, save it externally or pack it
Info: Baking map saved to internal image, save it externally or pack it
Info: Baking map saved to internal image, save it externally or pack it
Info: Baking map saved to internal image, save it externally or pack it
Info: Baking map saved to internal image, save it externally or pack it
Info: Baking map saved to internal image, save it externally or pack it
Info: Baking map saved to internal image, save it externally or pack it
Info: Baking map saved to internal image, save it externally or pack it
Info: Baking map saved to internal image, save it externally or pack it
Info: Baking map saved to internal image, save it externally or pack it
Info: Baking map saved to internal image, save it externally or pack it
Info: Baking map saved to internal image, save it externally or pack it
Info: Baking map saved to internal image, save it externally or pack it
Info: Baking map saved to internal image, save it externally or pack it
Info: Baking map saved to internal image, save it externally or pack it
Info: Baking map saved to internal image, save it externally or pack it
Info: Baking map saved to internal image, save it externally or pack it
Info: Baking map saved to internal image, save it externally or pack it
Info: Baking map saved to internal image, save it externally or pack it
Info: Baking map saved to internal image, save it externally or pack it
Info: Baking map saved to internal image, save it externally or pack it
Info: Baking map saved to internal image, save it externally or pack it
Info: Baking map saved to internal image, save it externally or pack it
Info: Baking map saved to internal image, save it externally or pack it
Info: Baking map saved to internal image, save it externally or pack it
Info: Baking map saved to internal image, save it externally or pack it
Info: Baking map saved to internal image, save it externally or pack it
Info: Baking map saved to internal image, save it externally or pack it
Info: Baking map saved to internal image, save it externally or pack it
Info: Baking map saved to internal image, save it externally or pack it
Info: Baking map saved to internal image, save it externally or pack it
Info: Baking map saved to internal image, save it externally or pack it
Info: Baking map saved to internal image, save it externally or pack it
Info: Baking map saved to internal image, save it externally or pack it
Info: Baking map saved to internal image, save it externally or pack it
Info: Baking map saved to internal image, save it externally or pack it
Info: Baking map saved to internal image, save it externally or pack it
Info: Baking map saved to internal image, save it externally or pack it
Info: Baking map saved to internal image, save it externally or pack it
Info: Baking map saved to internal image, save it externally or pack it
Info: Baking map saved to internal image, save it externally or pack it
Fra:1 Mem:877.97M (Peak 3205.02M) | Time:495506:45:16.74 | Mem:0.00M, Peak:0.00M | Scene | Synchronizing object | kitchen_0/0.ceiling
Fra:1 Mem:877.98M (Peak 3205.02M) | Time:495506:45:16.74 | Mem:0.00M, Peak:0.00M | Scene | Initializing
Fra:1 Mem:877.97M (Peak 3205.02M) | Time:495506:45:16.74 | Mem:0.00M, Peak:0.00M | Scene | Updating Images | Loading kitchen_0/0.ceiling_DIFFUSE
Fra:1 Mem:878.00M (Peak 3205.02M) | Time:495506:45:16.97 | Mem:0.00M, Peak:0.00M | Scene | Synchronizing object | kitchen_0/0.ceiling
Fra:1 Mem:878.00M (Peak 3205.02M) | Time:495506:45:16.97 | Mem:0.00M, Peak:0.00M | Scene | Initializing
Fra:1 Mem:877.99M (Peak 3205.02M) | Time:495506:45:16.97 | Mem:0.00M, Peak:0.00M | Scene | Updating Images | Loading kitchen_0/0.ceiling_ROUGHNESS
Fra:1 Mem:878.02M (Peak 3205.02M) | Time:495506:45:17.20 | Mem:0.00M, Peak:0.00M | Scene | Synchronizing object | kitchen_0/0.ceiling
Fra:1 Mem:878.02M (Peak 3205.02M) | Time:495506:45:17.20 | Mem:0.00M, Peak:0.00M | Scene | Initializing
Fra:1 Mem:878.02M (Peak 3205.02M) | Time:495506:45:17.20 | Mem:0.00M, Peak:0.00M | Scene | Updating Images | Loading kitchen_0/0.ceiling_NORMAL
Fra:1 Mem:879.95M (Peak 3205.02M) | Time:495506:45:17.46 | Mem:0.00M, Peak:0.00M | Scene | Synchronizing object | kitchen_0/0.floor
Fra:1 Mem:879.96M (Peak 3205.02M) | Time:495506:45:17.46 | Mem:0.00M, Peak:0.00M | Scene | Initializing
Fra:1 Mem:879.95M (Peak 3205.02M) | Time:495506:45:17.46 | Mem:0.00M, Peak:0.00M | Scene | Updating Images | Loading kitchen_0/0.floor_DIFFUSE
Fra:1 Mem:879.97M (Peak 3205.02M) | Time:495506:45:17.91 | Mem:0.00M, Peak:0.00M | Scene | Synchronizing object | kitchen_0/0.floor
Fra:1 Mem:879.98M (Peak 3205.02M) | Time:495506:45:17.91 | Mem:0.00M, Peak:0.00M | Scene | Initializing
Fra:1 Mem:879.97M (Peak 3205.02M) | Time:495506:45:17.91 | Mem:0.00M, Peak:0.00M | Scene | Updating Images | Loading kitchen_0/0.floor_ROUGHNESS
Fra:1 Mem:880.01M (Peak 3205.02M) | Time:495506:45:18.35 | Mem:0.00M, Peak:0.00M | Scene | Synchronizing object | kitchen_0/0.floor
Fra:1 Mem:880.02M (Peak 3205.02M) | Time:495506:45:18.35 | Mem:0.00M, Peak:0.00M | Scene | Initializing
Fra:1 Mem:880.01M (Peak 3205.02M) | Time:495506:45:18.35 | Mem:0.00M, Peak:0.00M | Scene | Updating Images | Loading kitchen_0/0.floor_NORMAL
Fra:1 Mem:878.29M (Peak 3205.02M) | Time:495506:45:18.80 | Mem:0.00M, Peak:0.00M | Scene | Synchronizing object | kitchen_0/0.wall
Fra:1 Mem:878.31M (Peak 3205.02M) | Time:495506:45:18.80 | Mem:0.00M, Peak:0.00M | Scene | Initializing
Fra:1 Mem:878.31M (Peak 3205.02M) | Time:495506:45:18.80 | Mem:0.00M, Peak:0.00M | Scene | Updating Images | Loading kitchen_0/0.wall_DIFFUSE
Fra:1 Mem:878.32M (Peak 3205.02M) | Time:495506:45:19.17 | Mem:0.00M, Peak:0.00M | Scene | Synchronizing object | kitchen_0/0.wall
Fra:1 Mem:878.34M (Peak 3205.02M) | Time:495506:45:19.17 | Mem:0.00M, Peak:0.00M | Scene | Initializing
Fra:1 Mem:878.33M (Peak 3205.02M) | Time:495506:45:19.17 | Mem:0.00M, Peak:0.00M | Scene | Updating Images | Loading kitchen_0/0.wall_ROUGHNESS
Fra:1 Mem:878.35M (Peak 3205.02M) | Time:495506:45:19.52 | Mem:0.00M, Peak:0.00M | Scene | Synchronizing object | kitchen_0/0.wall
Fra:1 Mem:878.36M (Peak 3205.02M) | Time:495506:45:19.52 | Mem:0.00M, Peak:0.00M | Scene | Initializing
Fra:1 Mem:878.35M (Peak 3205.02M) | Time:495506:45:19.52 | Mem:0.00M, Peak:0.00M | Scene | Updating Images | Loading kitchen_0/0.wall_NORMAL
Fra:1 Mem:878.57M (Peak 3205.02M) | Time:495506:45:19.94 | Mem:0.00M, Peak:0.00M | Scene | Synchronizing object | KitchenCabinetFactory(9480516).spawn_asset(5056511)
Fra:1 Mem:878.91M (Peak 3205.02M) | Time:495506:45:19.94 | Mem:0.00M, Peak:0.00M | Scene | Initializing
Fra:1 Mem:878.91M (Peak 3205.02M) | Time:495506:45:19.94 | Mem:0.00M, Peak:0.00M | Scene | Updating Images | Loading KitchenCabinetFactory(9480516).spawn_asset(5056511)_DIFFUSE
Fra:1 Mem:878.80M (Peak 3205.02M) | Time:495506:45:20.23 | Mem:0.00M, Peak:0.00M | Scene | Synchronizing object | KitchenCabinetFactory(9480516).spawn_asset(5056511)
Fra:1 Mem:878.97M (Peak 3205.02M) | Time:495506:45:20.23 | Mem:0.00M, Peak:0.00M | Scene | Initializing
Fra:1 Mem:878.96M (Peak 3205.02M) | Time:495506:45:20.23 | Mem:0.00M, Peak:0.00M | Scene | Updating Images | Loading KitchenCabinetFactory(9480516).spawn_asset(5056511)_ROUGHNESS
Fra:1 Mem:878.85M (Peak 3205.02M) | Time:495506:45:20.51 | Mem:0.00M, Peak:0.00M | Scene | Synchronizing object | KitchenCabinetFactory(9480516).spawn_asset(5056511)
Fra:1 Mem:879.02M (Peak 3205.02M) | Time:495506:45:20.51 | Mem:0.00M, Peak:0.00M | Scene | Initializing
Fra:1 Mem:879.01M (Peak 3205.02M) | Time:495506:45:20.51 | Mem:0.00M, Peak:0.00M | Scene | Updating Images | Loading KitchenCabinetFactory(9480516).spawn_asset(5056511)_NORMAL
Fra:1 Mem:939.54M (Peak 3205.02M) | Time:495506:45:27.37 | Mem:0.00M, Peak:0.00M | Scene | Synchronizing object | LargePlantContainerFactory(1267201).spawn_asset(8917137)
Fra:1 Mem:1120.62M (Peak 3205.02M) | Time:495506:45:27.42 | Mem:0.00M, Peak:0.00M | Scene | Initializing
Fra:1 Mem:1120.62M (Peak 3205.02M) | Time:495506:45:27.42 | Mem:0.00M, Peak:0.00M | Scene | Updating Images | Loading LargePlantContainerFactory(1267201).spawn_asset(8917137)_DIFFUS
Fra:1 Mem:1033.20M (Peak 3205.02M) | Time:495506:45:28.26 | Mem:0.00M, Peak:0.00M | Scene | Synchronizing object | LargePlantContainerFactory(1267201).spawn_asset(8917137)
Fra:1 Mem:1120.68M (Peak 3205.02M) | Time:495506:45:28.32 | Mem:0.00M, Peak:0.00M | Scene | Initializing
Fra:1 Mem:1120.67M (Peak 3205.02M) | Time:495506:45:28.32 | Mem:0.00M, Peak:0.00M | Scene | Updating Images | Loading LargePlantContainerFactory(1267201).spawn_asset(8917137)_ROUGHN
Fra:1 Mem:1033.30M (Peak 3205.02M) | Time:495506:45:29.15 | Mem:0.00M, Peak:0.00M | Scene | Synchronizing object | LargePlantContainerFactory(1267201).spawn_asset(8917137)
Fra:1 Mem:1120.78M (Peak 3205.02M) | Time:495506:45:29.18 | Mem:0.00M, Peak:0.00M | Scene | Initializing
Fra:1 Mem:1120.77M (Peak 3205.02M) | Time:495506:45:29.18 | Mem:0.00M, Peak:0.00M | Scene | Updating Images | Loading LargePlantContainerFactory(1267201).spawn_asset(8917137)_NORMAL
Fra:1 Mem:1058.66M (Peak 3205.02M) | Time:495506:45:31.14 | Mem:0.00M, Peak:0.00M | Scene | Synchronizing object | LargeShelfFactory(471798).spawn_asset(922569)
Fra:1 Mem:1058.84M (Peak 3205.02M) | Time:495506:45:31.14 | Mem:0.00M, Peak:0.00M | Scene | Initializing
Fra:1 Mem:1058.83M (Peak 3205.02M) | Time:495506:45:31.14 | Mem:0.00M, Peak:0.00M | Scene | Updating Images | Loading LargeShelfFactory(471798).spawn_asset(922569)_DIFFUSE
Fra:1 Mem:1058.79M (Peak 3205.02M) | Time:495506:45:31.92 | Mem:0.00M, Peak:0.00M | Scene | Synchronizing object | LargeShelfFactory(471798).spawn_asset(922569)
Fra:1 Mem:1058.88M (Peak 3205.02M) | Time:495506:45:31.92 | Mem:0.00M, Peak:0.00M | Scene | Initializing
Fra:1 Mem:1058.87M (Peak 3205.02M) | Time:495506:45:31.92 | Mem:0.00M, Peak:0.00M | Scene | Updating Images | Loading LargeShelfFactory(471798).spawn_asset(922569)_ROUGHNESS
Fra:1 Mem:1058.83M (Peak 3205.02M) | Time:495506:45:32.67 | Mem:0.00M, Peak:0.00M | Scene | Synchronizing object | LargeShelfFactory(471798).spawn_asset(922569)
Fra:1 Mem:1058.91M (Peak 3205.02M) | Time:495506:45:32.67 | Mem:0.00M, Peak:0.00M | Scene | Initializing
Fra:1 Mem:1058.91M (Peak 3205.02M) | Time:495506:45:32.67 | Mem:0.00M, Peak:0.00M | Scene | Updating Images | Loading LargeShelfFactory(471798).spawn_asset(922569)_NORMAL
Fra:1 Mem:1059.03M (Peak 3205.02M) | Time:495506:45:33.47 | Mem:0.00M, Peak:0.00M | Scene | Synchronizing object | LargeShelfFactory(4781251).spawn_asset(6952842)
Fra:1 Mem:1059.25M (Peak 3205.02M) | Time:495506:45:33.47 | Mem:0.00M, Peak:0.00M | Scene | Initializing
Fra:1 Mem:1059.24M (Peak 3205.02M) | Time:495506:45:33.47 | Mem:0.00M, Peak:0.00M | Scene | Updating Images | Loading LargeShelfFactory(4781251).spawn_asset(6952842)_DIFFUSE
Fra:1 Mem:1059.18M (Peak 3205.02M) | Time:495506:45:34.25 | Mem:0.00M, Peak:0.00M | Scene | Synchronizing object | LargeShelfFactory(4781251).spawn_asset(6952842)
Fra:1 Mem:1059.28M (Peak 3205.02M) | Time:495506:45:34.25 | Mem:0.00M, Peak:0.00M | Scene | Initializing
Fra:1 Mem:1059.28M (Peak 3205.02M) | Time:495506:45:34.25 | Mem:0.00M, Peak:0.00M | Scene | Updating Images | Loading LargeShelfFactory(4781251).spawn_asset(6952842)_ROUGHNESS
Fra:1 Mem:1059.21M (Peak 3205.02M) | Time:495506:45:34.98 | Mem:0.00M, Peak:0.00M | Scene | Synchronizing object | LargeShelfFactory(4781251).spawn_asset(6952842)
Fra:1 Mem:1059.32M (Peak 3205.02M) | Time:495506:45:34.98 | Mem:0.00M, Peak:0.00M | Scene | Initializing
Fra:1 Mem:1059.32M (Peak 3205.02M) | Time:495506:45:34.98 | Mem:0.00M, Peak:0.00M | Scene | Updating Images | Loading LargeShelfFactory(4781251).spawn_asset(6952842)_NORMAL
Fra:1 Mem:1059.44M (Peak 3205.02M) | Time:495506:45:35.78 | Mem:0.00M, Peak:0.00M | Scene | Synchronizing object | LargeShelfFactory(777787).spawn_asset(1772171)
Fra:1 Mem:1059.71M (Peak 3205.02M) | Time:495506:45:35.78 | Mem:0.00M, Peak:0.00M | Scene | Initializing
Fra:1 Mem:1059.70M (Peak 3205.02M) | Time:495506:45:35.78 | Mem:0.00M, Peak:0.00M | Scene | Updating Images | Loading LargeShelfFactory(777787).spawn_asset(1772171)_DIFFUSE
Fra:1 Mem:1059.62M (Peak 3205.02M) | Time:495506:45:36.59 | Mem:0.00M, Peak:0.00M | Scene | Synchronizing object | LargeShelfFactory(777787).spawn_asset(1772171)
Fra:1 Mem:1059.74M (Peak 3205.02M) | Time:495506:45:36.59 | Mem:0.00M, Peak:0.00M | Scene | Initializing
Fra:1 Mem:1059.74M (Peak 3205.02M) | Time:495506:45:36.59 | Mem:0.00M, Peak:0.00M | Scene | Updating Images | Loading LargeShelfFactory(777787).spawn_asset(1772171)_ROUGHNESS
Fra:1 Mem:1059.65M (Peak 3205.02M) | Time:495506:45:37.37 | Mem:0.00M, Peak:0.00M | Scene | Synchronizing object | LargeShelfFactory(777787).spawn_asset(1772171)
Fra:1 Mem:1059.78M (Peak 3205.02M) | Time:495506:45:37.37 | Mem:0.00M, Peak:0.00M | Scene | Initializing
Fra:1 Mem:1059.78M (Peak 3205.02M) | Time:495506:45:37.37 | Mem:0.00M, Peak:0.00M | Scene | Updating Images | Loading LargeShelfFactory(777787).spawn_asset(1772171)_NORMAL
Fra:1 Mem:1061.61M (Peak 3205.02M) | Time:495506:45:38.25 | Mem:0.00M, Peak:0.00M | Scene | Synchronizing object | LiteDoorFactory(7231941).spawn_asset(1)
Fra:1 Mem:1061.98M (Peak 3205.02M) | Time:495506:45:38.25 | Mem:0.00M, Peak:0.00M | Scene | Initializing
Fra:1 Mem:1061.98M (Peak 3205.02M) | Time:495506:45:38.25 | Mem:0.00M, Peak:0.00M | Scene | Updating Images | Loading LiteDoorFactory(7231941).spawn_asset(1)_METAL
Fra:1 Mem:1061.71M (Peak 3205.02M) | Time:495506:45:38.56 | Mem:0.00M, Peak:0.00M | Scene | Synchronizing object | LiteDoorFactory(7231941).spawn_asset(1)
Fra:1 Mem:1062.08M (Peak 3205.02M) | Time:495506:45:38.56 | Mem:0.00M, Peak:0.00M | Scene | Initializing
Fra:1 Mem:1062.08M (Peak 3205.02M) | Time:495506:45:38.56 | Mem:0.00M, Peak:0.00M | Scene | Updating Images | Loading LiteDoorFactory(7231941).spawn_asset(1)_TRANSMISSION
Fra:1 Mem:1061.78M (Peak 3205.02M) | Time:495506:45:38.85 | Mem:0.00M, Peak:0.00M | Scene | Synchronizing object | LiteDoorFactory(7231941).spawn_asset(1)
Fra:1 Mem:1062.31M (Peak 3205.02M) | Time:495506:45:38.85 | Mem:0.00M, Peak:0.00M | Scene | Initializing
Fra:1 Mem:1062.30M (Peak 3205.02M) | Time:495506:45:38.85 | Mem:0.00M, Peak:0.00M | Scene | Updating Images | Loading LiteDoorFactory(7231941).spawn_asset(1)_DIFFUSE
Fra:1 Mem:1061.85M (Peak 3205.02M) | Time:495506:45:39.19 | Mem:0.00M, Peak:0.00M | Scene | Synchronizing object | LiteDoorFactory(7231941).spawn_asset(1)
Fra:1 Mem:1062.37M (Peak 3205.02M) | Time:495506:45:39.19 | Mem:0.00M, Peak:0.00M | Scene | Initializing
Fra:1 Mem:1062.37M (Peak 3205.02M) | Time:495506:45:39.19 | Mem:0.00M, Peak:0.00M | Scene | Updating Images | Loading LiteDoorFactory(7231941).spawn_asset(1)_ROUGHNESS
Fra:1 Mem:1061.91M (Peak 3205.02M) | Time:495506:45:39.53 | Mem:0.00M, Peak:0.00M | Scene | Synchronizing object | LiteDoorFactory(7231941).spawn_asset(1)
Fra:1 Mem:1062.44M (Peak 3205.02M) | Time:495506:45:39.53 | Mem:0.00M, Peak:0.00M | Scene | Initializing
Fra:1 Mem:1062.43M (Peak 3205.02M) | Time:495506:45:39.53 | Mem:0.00M, Peak:0.00M | Scene | Updating Images | Loading LiteDoorFactory(7231941).spawn_asset(1)_NORMAL
Fra:1 Mem:1062.09M (Peak 3205.02M) | Time:495506:45:39.85 | Mem:0.00M, Peak:0.00M | Scene | Synchronizing object | LiteDoorFactory(7231941).spawn_asset(3)
Fra:1 Mem:1062.46M (Peak 3205.02M) | Time:495506:45:39.85 | Mem:0.00M, Peak:0.00M | Scene | Initializing
Fra:1 Mem:1062.46M (Peak 3205.02M) | Time:495506:45:39.85 | Mem:0.00M, Peak:0.00M | Scene | Updating Images | Loading LiteDoorFactory(7231941).spawn_asset(3)_METAL
Fra:1 Mem:1062.19M (Peak 3205.02M) | Time:495506:45:40.15 | Mem:0.00M, Peak:0.00M | Scene | Synchronizing object | LiteDoorFactory(7231941).spawn_asset(3)
Fra:1 Mem:1062.56M (Peak 3205.02M) | Time:495506:45:40.15 | Mem:0.00M, Peak:0.00M | Scene | Initializing
Fra:1 Mem:1062.56M (Peak 3205.02M) | Time:495506:45:40.15 | Mem:0.00M, Peak:0.00M | Scene | Updating Images | Loading LiteDoorFactory(7231941).spawn_asset(3)_TRANSMISSION
Fra:1 Mem:1062.26M (Peak 3205.02M) | Time:495506:45:40.45 | Mem:0.00M, Peak:0.00M | Scene | Synchronizing object | LiteDoorFactory(7231941).spawn_asset(3)
Fra:1 Mem:1062.79M (Peak 3205.02M) | Time:495506:45:40.46 | Mem:0.00M, Peak:0.00M | Scene | Initializing
Fra:1 Mem:1062.79M (Peak 3205.02M) | Time:495506:45:40.46 | Mem:0.00M, Peak:0.00M | Scene | Updating Images | Loading LiteDoorFactory(7231941).spawn_asset(3)_DIFFUSE
Fra:1 Mem:1062.33M (Peak 3205.02M) | Time:495506:45:40.78 | Mem:0.00M, Peak:0.00M | Scene | Synchronizing object | LiteDoorFactory(7231941).spawn_asset(3)
Fra:1 Mem:1062.86M (Peak 3205.02M) | Time:495506:45:40.78 | Mem:0.00M, Peak:0.00M | Scene | Initializing
Fra:1 Mem:1062.85M (Peak 3205.02M) | Time:495506:45:40.78 | Mem:0.00M, Peak:0.00M | Scene | Updating Images | Loading LiteDoorFactory(7231941).spawn_asset(3)_ROUGHNESS
Fra:1 Mem:1062.40M (Peak 3205.02M) | Time:495506:45:41.13 | Mem:0.00M, Peak:0.00M | Scene | Synchronizing object | LiteDoorFactory(7231941).spawn_asset(3)
Fra:1 Mem:1062.92M (Peak 3205.02M) | Time:495506:45:41.13 | Mem:0.00M, Peak:0.00M | Scene | Initializing
Fra:1 Mem:1062.92M (Peak 3205.02M) | Time:495506:45:41.13 | Mem:0.00M, Peak:0.00M | Scene | Updating Images | Loading LiteDoorFactory(7231941).spawn_asset(3)_NORMAL
Fra:1 Mem:1059.86M (Peak 3205.02M) | Time:495506:45:41.39 | Mem:0.00M, Peak:0.00M | Scene | Synchronizing object | living-room_0/0.ceiling
Fra:1 Mem:1059.87M (Peak 3205.02M) | Time:495506:45:41.39 | Mem:0.00M, Peak:0.00M | Scene | Initializing
Fra:1 Mem:1059.87M (Peak 3205.02M) | Time:495506:45:41.39 | Mem:0.00M, Peak:0.00M | Scene | Updating Images | Loading living-room_0/0.ceiling_DIFFUSE
Fra:1 Mem:1059.89M (Peak 3205.02M) | Time:495506:45:41.64 | Mem:0.00M, Peak:0.00M | Scene | Synchronizing object | living-room_0/0.ceiling
Fra:1 Mem:1059.89M (Peak 3205.02M) | Time:495506:45:41.64 | Mem:0.00M, Peak:0.00M | Scene | Initializing
Fra:1 Mem:1059.89M (Peak 3205.02M) | Time:495506:45:41.64 | Mem:0.00M, Peak:0.00M | Scene | Updating Images | Loading living-room_0/0.ceiling_ROUGHNESS
Fra:1 Mem:1059.91M (Peak 3205.02M) | Time:495506:45:41.87 | Mem:0.00M, Peak:0.00M | Scene | Synchronizing object | living-room_0/0.ceiling
Fra:1 Mem:1059.91M (Peak 3205.02M) | Time:495506:45:41.87 | Mem:0.00M, Peak:0.00M | Scene | Initializing
Fra:1 Mem:1059.91M (Peak 3205.02M) | Time:495506:45:41.87 | Mem:0.00M, Peak:0.00M | Scene | Updating Images | Loading living-room_0/0.ceiling_NORMAL
Fra:1 Mem:1061.66M (Peak 3205.02M) | Time:495506:45:42.13 | Mem:0.00M, Peak:0.00M | Scene | Synchronizing object | living-room_0/0.floor
Fra:1 Mem:1061.67M (Peak 3205.02M) | Time:495506:45:42.13 | Mem:0.00M, Peak:0.00M | Scene | Initializing
Fra:1 Mem:1061.67M (Peak 3205.02M) | Time:495506:45:42.13 | Mem:0.00M, Peak:0.00M | Scene | Updating Images | Loading living-room_0/0.floor_DIFFUSE
Fra:1 Mem:1061.69M (Peak 3205.02M) | Time:495506:45:42.52 | Mem:0.00M, Peak:0.00M | Scene | Synchronizing object | living-room_0/0.floor
Fra:1 Mem:1061.69M (Peak 3205.02M) | Time:495506:45:42.52 | Mem:0.00M, Peak:0.00M | Scene | Initializing
Fra:1 Mem:1061.69M (Peak 3205.02M) | Time:495506:45:42.52 | Mem:0.00M, Peak:0.00M | Scene | Updating Images | Loading living-room_0/0.floor_ROUGHNESS
Fra:1 Mem:1061.71M (Peak 3205.02M) | Time:495506:45:42.89 | Mem:0.00M, Peak:0.00M | Scene | Synchronizing object | living-room_0/0.floor
Fra:1 Mem:1061.72M (Peak 3205.02M) | Time:495506:45:42.89 | Mem:0.00M, Peak:0.00M | Scene | Initializing
Fra:1 Mem:1061.71M (Peak 3205.02M) | Time:495506:45:42.89 | Mem:0.00M, Peak:0.00M | Scene | Updating Images | Loading living-room_0/0.floor_NORMAL
Fra:1 Mem:1060.69M (Peak 3205.02M) | Time:495506:45:43.29 | Mem:0.00M, Peak:0.00M | Scene | Synchronizing object | living-room_0/0.wall
Fra:1 Mem:1060.72M (Peak 3205.02M) | Time:495506:45:43.29 | Mem:0.00M, Peak:0.00M | Scene | Initializing
Fra:1 Mem:1060.72M (Peak 3205.02M) | Time:495506:45:43.29 | Mem:0.00M, Peak:0.00M | Scene | Updating Images | Loading text_texture.091
Fra:1 Mem:1060.72M (Peak 3205.02M) | Time:495506:45:43.29 | Mem:0.00M, Peak:0.00M | Scene | Updating Images | Loading living-room_0/0.wall_METAL
Fra:1 Mem:1060.77M (Peak 3205.02M) | Time:495506:45:43.54 | Mem:0.00M, Peak:0.00M | Scene | Synchronizing object | living-room_0/0.wall
Fra:1 Mem:1060.79M (Peak 3205.02M) | Time:495506:45:43.54 | Mem:0.00M, Peak:0.00M | Scene | Initializing
Fra:1 Mem:1060.79M (Peak 3205.02M) | Time:495506:45:43.54 | Mem:0.00M, Peak:0.00M | Scene | Updating Images | Loading text_texture.091
Fra:1 Mem:1060.79M (Peak 3205.02M) | Time:495506:45:43.54 | Mem:0.00M, Peak:0.00M | Scene | Updating Images | Loading living-room_0/0.wall_DIFFUSE
Fra:1 Mem:1060.80M (Peak 3205.02M) | Time:495506:45:43.90 | Mem:0.00M, Peak:0.00M | Scene | Synchronizing object | living-room_0/0.wall
Fra:1 Mem:1060.83M (Peak 3205.02M) | Time:495506:45:43.90 | Mem:0.00M, Peak:0.00M | Scene | Initializing
Fra:1 Mem:1060.83M (Peak 3205.02M) | Time:495506:45:43.90 | Mem:0.00M, Peak:0.00M | Scene | Updating Images | Loading text_texture.091
Fra:1 Mem:1060.83M (Peak 3205.02M) | Time:495506:45:43.90 | Mem:0.00M, Peak:0.00M | Scene | Updating Images | Loading living-room_0/0.wall_ROUGHNESS
Fra:1 Mem:1060.84M (Peak 3205.02M) | Time:495506:45:44.25 | Mem:0.00M, Peak:0.00M | Scene | Synchronizing object | living-room_0/0.wall
Fra:1 Mem:1060.87M (Peak 3205.02M) | Time:495506:45:44.25 | Mem:0.00M, Peak:0.00M | Scene | Initializing
Fra:1 Mem:1060.87M (Peak 3205.02M) | Time:495506:45:44.25 | Mem:0.00M, Peak:0.00M | Scene | Updating Images | Loading text_texture.091
Fra:1 Mem:1060.87M (Peak 3205.02M) | Time:495506:45:44.25 | Mem:0.00M, Peak:0.00M | Scene | Updating Images | Loading living-room_0/0.wall_NORMAL
Fra:1 Mem:1060.20M (Peak 3205.02M) | Time:495506:45:44.62 | Mem:0.00M, Peak:0.00M | Scene | Synchronizing object | Mesh.006
Fra:1 Mem:1060.22M (Peak 3205.02M) | Time:495506:45:44.62 | Mem:0.00M, Peak:0.00M | Scene | Initializing
Fra:1 Mem:1060.22M (Peak 3205.02M) | Time:495506:45:44.62 | Mem:0.00M, Peak:0.00M | Scene | Updating Images | Loading Mesh.006_METAL
Fra:1 Mem:1060.24M (Peak 3205.02M) | Time:495506:45:44.88 | Mem:0.00M, Peak:0.00M | Scene | Synchronizing object | Mesh.006
Fra:1 Mem:1060.25M (Peak 3205.02M) | Time:495506:45:44.88 | Mem:0.00M, Peak:0.00M | Scene | Initializing
Fra:1 Mem:1060.25M (Peak 3205.02M) | Time:495506:45:44.88 | Mem:0.00M, Peak:0.00M | Scene | Updating Images | Loading Mesh.006_DIFFUSE
Fra:1 Mem:1060.26M (Peak 3205.02M) | Time:495506:45:45.16 | Mem:0.00M, Peak:0.00M | Scene | Synchronizing object | Mesh.006
Fra:1 Mem:1060.28M (Peak 3205.02M) | Time:495506:45:45.16 | Mem:0.00M, Peak:0.00M | Scene | Initializing
Fra:1 Mem:1060.27M (Peak 3205.02M) | Time:495506:45:45.16 | Mem:0.00M, Peak:0.00M | Scene | Updating Images | Loading Mesh.006_ROUGHNESS
Fra:1 Mem:1060.29M (Peak 3205.02M) | Time:495506:45:45.43 | Mem:0.00M, Peak:0.00M | Scene | Synchronizing object | Mesh.006
Fra:1 Mem:1060.30M (Peak 3205.02M) | Time:495506:45:45.43 | Mem:0.00M, Peak:0.00M | Scene | Initializing
Fra:1 Mem:1060.29M (Peak 3205.02M) | Time:495506:45:45.43 | Mem:0.00M, Peak:0.00M | Scene | Updating Images | Loading Mesh.006_NORMAL
Fra:1 Mem:1060.29M (Peak 3205.02M) | Time:495506:45:45.69 | Mem:0.00M, Peak:0.00M | Scene | Synchronizing object | Mesh.009
Fra:1 Mem:1060.31M (Peak 3205.02M) | Time:495506:45:45.69 | Mem:0.00M, Peak:0.00M | Scene | Initializing
Fra:1 Mem:1060.31M (Peak 3205.02M) | Time:495506:45:45.69 | Mem:0.00M, Peak:0.00M | Scene | Updating Images | Loading Mesh.009_METAL
Fra:1 Mem:1060.33M (Peak 3205.02M) | Time:495506:45:45.95 | Mem:0.00M, Peak:0.00M | Scene | Synchronizing object | Mesh.009
Fra:1 Mem:1060.34M (Peak 3205.02M) | Time:495506:45:45.95 | Mem:0.00M, Peak:0.00M | Scene | Initializing
Fra:1 Mem:1060.34M (Peak 3205.02M) | Time:495506:45:45.95 | Mem:0.00M, Peak:0.00M | Scene | Updating Images | Loading Mesh.009_DIFFUSE
Fra:1 Mem:1060.36M (Peak 3205.02M) | Time:495506:45:46.22 | Mem:0.00M, Peak:0.00M | Scene | Synchronizing object | Mesh.009
Fra:1 Mem:1060.37M (Peak 3205.02M) | Time:495506:45:46.22 | Mem:0.00M, Peak:0.00M | Scene | Initializing
Fra:1 Mem:1060.36M (Peak 3205.02M) | Time:495506:45:46.22 | Mem:0.00M, Peak:0.00M | Scene | Updating Images | Loading Mesh.009_ROUGHNESS
Fra:1 Mem:1060.38M (Peak 3205.02M) | Time:495506:45:46.49 | Mem:0.00M, Peak:0.00M | Scene | Synchronizing object | Mesh.009
Fra:1 Mem:1060.39M (Peak 3205.02M) | Time:495506:45:46.49 | Mem:0.00M, Peak:0.00M | Scene | Initializing
Fra:1 Mem:1060.39M (Peak 3205.02M) | Time:495506:45:46.49 | Mem:0.00M, Peak:0.00M | Scene | Updating Images | Loading Mesh.009_NORMAL
Fra:1 Mem:1074.57M (Peak 3205.02M) | Time:495506:45:48.04 | Mem:0.00M, Peak:0.00M | Scene | Synchronizing object | NatureShelfTrinketsFactory(1822815).spawn_asset(1052329)
Fra:1 Mem:1121.44M (Peak 3205.02M) | Time:495506:45:48.07 | Mem:0.00M, Peak:0.00M | Scene | Initializing
Fra:1 Mem:1121.43M (Peak 3205.02M) | Time:495506:45:48.07 | Mem:0.00M, Peak:0.00M | Scene | Updating Images | Loading NatureShelfTrinketsFactory(1822815).spawn_asset(1052329)_DIFFUS
Fra:1 Mem:1096.77M (Peak 3205.02M) | Time:495506:45:48.60 | Mem:0.00M, Peak:0.00M | Scene | Synchronizing object | NatureShelfTrinketsFactory(1822815).spawn_asset(1052329)
Fra:1 Mem:1121.46M (Peak 3205.02M) | Time:495506:45:48.63 | Mem:0.00M, Peak:0.00M | Scene | Initializing
Fra:1 Mem:1121.45M (Peak 3205.02M) | Time:495506:45:48.63 | Mem:0.00M, Peak:0.00M | Scene | Updating Images | Loading NatureShelfTrinketsFactory(1822815).spawn_asset(1052329)_ROUGHN
Fra:1 Mem:1096.79M (Peak 3205.02M) | Time:495506:45:49.08 | Mem:0.00M, Peak:0.00M | Scene | Synchronizing object | NatureShelfTrinketsFactory(1822815).spawn_asset(1052329)
Fra:1 Mem:1121.48M (Peak 3205.02M) | Time:495506:45:49.10 | Mem:0.00M, Peak:0.00M | Scene | Initializing
Fra:1 Mem:1121.48M (Peak 3205.02M) | Time:495506:45:49.10 | Mem:0.00M, Peak:0.00M | Scene | Updating Images | Loading NatureShelfTrinketsFactory(1822815).spawn_asset(1052329)_NORMAL
Fra:1 Mem:1116.97M (Peak 3205.02M) | Time:495506:45:51.08 | Mem:0.00M, Peak:0.00M | Scene | Synchronizing object | NatureShelfTrinketsFactory(2725064).spawn_asset(186059)
Fra:1 Mem:1163.83M (Peak 3205.02M) | Time:495506:45:51.13 | Mem:0.00M, Peak:0.00M | Scene | Initializing
Fra:1 Mem:1163.82M (Peak 3205.02M) | Time:495506:45:51.13 | Mem:0.00M, Peak:0.00M | Scene | Updating Images | Loading NatureShelfTrinketsFactory(2725064).spawn_asset(186059)_DIFFUSE
Fra:1 Mem:1139.16M (Peak 3205.02M) | Time:495506:45:51.68 | Mem:0.00M, Peak:0.00M | Scene | Synchronizing object | NatureShelfTrinketsFactory(2725064).spawn_asset(186059)
Fra:1 Mem:1163.85M (Peak 3205.02M) | Time:495506:45:51.70 | Mem:0.00M, Peak:0.00M | Scene | Initializing
Fra:1 Mem:1163.85M (Peak 3205.02M) | Time:495506:45:51.70 | Mem:0.00M, Peak:0.00M | Scene | Updating Images | Loading NatureShelfTrinketsFactory(2725064).spawn_asset(186059)_ROUGHNE
Fra:1 Mem:1139.18M (Peak 3205.02M) | Time:495506:45:52.21 | Mem:0.00M, Peak:0.00M | Scene | Synchronizing object | NatureShelfTrinketsFactory(2725064).spawn_asset(186059)
Fra:1 Mem:1163.87M (Peak 3205.02M) | Time:495506:45:52.22 | Mem:0.00M, Peak:0.00M | Scene | Initializing
Fra:1 Mem:1163.87M (Peak 3205.02M) | Time:495506:45:52.22 | Mem:0.00M, Peak:0.00M | Scene | Updating Images | Loading NatureShelfTrinketsFactory(2725064).spawn_asset(186059)_NORMAL
Fra:1 Mem:1226.86M (Peak 3761.68M) | Time:495506:46:03.68 | Mem:0.00M, Peak:0.00M | Scene | Synchronizing object | NatureShelfTrinketsFactory(3754231).spawn_asset(5460116)
Fra:1 Mem:1474.01M (Peak 3761.68M) | Time:495506:46:03.75 | Mem:0.00M, Peak:0.00M | Scene | Initializing
Fra:1 Mem:1474.00M (Peak 3761.68M) | Time:495506:46:03.75 | Mem:0.00M, Peak:0.00M | Scene | Updating Images | Loading NatureShelfTrinketsFactory(3754231).spawn_asset(5460116)_DIFFUS
Fra:1 Mem:1354.81M (Peak 3761.68M) | Time:495506:46:05.25 | Mem:0.00M, Peak:0.00M | Scene | Synchronizing object | NatureShelfTrinketsFactory(3754231).spawn_asset(5460116)
Fra:1 Mem:1474.03M (Peak 3761.68M) | Time:495506:46:05.37 | Mem:0.00M, Peak:0.00M | Scene | Initializing
Fra:1 Mem:1474.03M (Peak 3761.68M) | Time:495506:46:05.37 | Mem:0.00M, Peak:0.00M | Scene | Updating Images | Loading NatureShelfTrinketsFactory(3754231).spawn_asset(5460116)_ROUGHN
Fra:1 Mem:1354.84M (Peak 3761.68M) | Time:495506:46:06.68 | Mem:0.00M, Peak:0.00M | Scene | Synchronizing object | NatureShelfTrinketsFactory(3754231).spawn_asset(5460116)
Fra:1 Mem:1474.05M (Peak 3761.68M) | Time:495506:46:06.80 | Mem:0.00M, Peak:0.00M | Scene | Initializing
Fra:1 Mem:1474.05M (Peak 3761.68M) | Time:495506:46:06.80 | Mem:0.00M, Peak:0.00M | Scene | Updating Images | Loading NatureShelfTrinketsFactory(3754231).spawn_asset(5460116)_NORMAL
Fra:1 Mem:1468.10M (Peak 3761.68M) | Time:495506:46:08.63 | Mem:0.00M, Peak:0.00M | Scene | Synchronizing object | NatureShelfTrinketsFactory(5251018).spawn_asset(7738448)
Fra:1 Mem:1497.16M (Peak 3761.68M) | Time:495506:46:08.66 | Mem:0.00M, Peak:0.00M | Scene | Initializing
Fra:1 Mem:1497.15M (Peak 3761.68M) | Time:495506:46:08.66 | Mem:0.00M, Peak:0.00M | Scene | Updating Images | Loading NatureShelfTrinketsFactory(5251018).spawn_asset(7738448)_DIFFUS
Fra:1 Mem:1481.87M (Peak 3761.68M) | Time:495506:46:09.17 | Mem:0.00M, Peak:0.00M | Scene | Synchronizing object | NatureShelfTrinketsFactory(5251018).spawn_asset(7738448)
Fra:1 Mem:1497.18M (Peak 3761.68M) | Time:495506:46:09.18 | Mem:0.00M, Peak:0.00M | Scene | Initializing
Fra:1 Mem:1497.18M (Peak 3761.68M) | Time:495506:46:09.18 | Mem:0.00M, Peak:0.00M | Scene | Updating Images | Loading NatureShelfTrinketsFactory(5251018).spawn_asset(7738448)_ROUGHN
Fra:1 Mem:1481.89M (Peak 3761.68M) | Time:495506:46:09.66 | Mem:0.00M, Peak:0.00M | Scene | Synchronizing object | NatureShelfTrinketsFactory(5251018).spawn_asset(7738448)
Fra:1 Mem:1497.20M (Peak 3761.68M) | Time:495506:46:09.67 | Mem:0.00M, Peak:0.00M | Scene | Initializing
Fra:1 Mem:1497.20M (Peak 3761.68M) | Time:495506:46:09.67 | Mem:0.00M, Peak:0.00M | Scene | Updating Images | Loading NatureShelfTrinketsFactory(5251018).spawn_asset(7738448)_NORMAL
Fra:1 Mem:1497.54M (Peak 3761.68M) | Time:495506:46:10.39 | Mem:0.00M, Peak:0.00M | Scene | Synchronizing object | NatureShelfTrinketsFactory(5889848).spawn_asset(4221007)
Fra:1 Mem:1512.07M (Peak 3761.68M) | Time:495506:46:10.40 | Mem:0.00M, Peak:0.00M | Scene | Initializing
Fra:1 Mem:1512.06M (Peak 3761.68M) | Time:495506:46:10.40 | Mem:0.00M, Peak:0.00M | Scene | Updating Images | Loading NatureShelfTrinketsFactory(5889848).spawn_asset(4221007)_DIFFUS
Fra:1 Mem:1504.43M (Peak 3761.68M) | Time:495506:46:10.86 | Mem:0.00M, Peak:0.00M | Scene | Synchronizing object | NatureShelfTrinketsFactory(5889848).spawn_asset(4221007)
Fra:1 Mem:1512.09M (Peak 3761.68M) | Time:495506:46:10.87 | Mem:0.00M, Peak:0.00M | Scene | Initializing
Fra:1 Mem:1512.09M (Peak 3761.68M) | Time:495506:46:10.87 | Mem:0.00M, Peak:0.00M | Scene | Updating Images | Loading NatureShelfTrinketsFactory(5889848).spawn_asset(4221007)_ROUGHN
Fra:1 Mem:1504.46M (Peak 3761.68M) | Time:495506:46:11.30 | Mem:0.00M, Peak:0.00M | Scene | Synchronizing object | NatureShelfTrinketsFactory(5889848).spawn_asset(4221007)
Fra:1 Mem:1512.11M (Peak 3761.68M) | Time:495506:46:11.31 | Mem:0.00M, Peak:0.00M | Scene | Initializing
Fra:1 Mem:1512.11M (Peak 3761.68M) | Time:495506:46:11.31 | Mem:0.00M, Peak:0.00M | Scene | Updating Images | Loading NatureShelfTrinketsFactory(5889848).spawn_asset(4221007)_NORMAL
Fra:1 Mem:1519.95M (Peak 3761.68M) | Time:495506:46:12.46 | Mem:0.00M, Peak:0.00M | Scene | Synchronizing object | NatureShelfTrinketsFactory(6064653).spawn_asset(3931984)
Fra:1 Mem:1552.64M (Peak 3761.68M) | Time:495506:46:12.47 | Mem:0.00M, Peak:0.00M | Scene | Initializing
Fra:1 Mem:1552.64M (Peak 3761.68M) | Time:495506:46:12.47 | Mem:0.00M, Peak:0.00M | Scene | Updating Images | Loading NatureShelfTrinketsFactory(6064653).spawn_asset(3931984)_DIFFUS
Fra:1 Mem:1535.44M (Peak 3761.68M) | Time:495506:46:13.00 | Mem:0.00M, Peak:0.00M | Scene | Synchronizing object | NatureShelfTrinketsFactory(6064653).spawn_asset(3931984)
Fra:1 Mem:1552.66M (Peak 3761.68M) | Time:495506:46:13.01 | Mem:0.00M, Peak:0.00M | Scene | Initializing
Fra:1 Mem:1552.66M (Peak 3761.68M) | Time:495506:46:13.01 | Mem:0.00M, Peak:0.00M | Scene | Updating Images | Loading NatureShelfTrinketsFactory(6064653).spawn_asset(3931984)_ROUGHN
Fra:1 Mem:1535.46M (Peak 3761.68M) | Time:495506:46:13.49 | Mem:0.00M, Peak:0.00M | Scene | Synchronizing object | NatureShelfTrinketsFactory(6064653).spawn_asset(3931984)
Fra:1 Mem:1552.69M (Peak 3761.68M) | Time:495506:46:13.50 | Mem:0.00M, Peak:0.00M | Scene | Initializing
Fra:1 Mem:1552.68M (Peak 3761.68M) | Time:495506:46:13.50 | Mem:0.00M, Peak:0.00M | Scene | Updating Images | Loading NatureShelfTrinketsFactory(6064653).spawn_asset(3931984)_NORMAL
Fra:1 Mem:1554.19M (Peak 3761.68M) | Time:495506:46:14.19 | Mem:0.00M, Peak:0.00M | Scene | Synchronizing object | NatureShelfTrinketsFactory(6308163).spawn_asset(8133800)
Fra:1 Mem:1563.03M (Peak 3761.68M) | Time:495506:46:14.19 | Mem:0.00M, Peak:0.00M | Scene | Initializing
Fra:1 Mem:1563.03M (Peak 3761.68M) | Time:495506:46:14.19 | Mem:0.00M, Peak:0.00M | Scene | Updating Images | Loading NatureShelfTrinketsFactory(6308163).spawn_asset(8133800)_TRANSM
Fra:1 Mem:1559.43M (Peak 3761.68M) | Time:495506:46:14.55 | Mem:0.00M, Peak:0.00M | Scene | Synchronizing object | NatureShelfTrinketsFactory(6308163).spawn_asset(8133800)
Fra:1 Mem:1566.86M (Peak 3761.68M) | Time:495506:46:14.56 | Mem:0.00M, Peak:0.00M | Scene | Initializing
Fra:1 Mem:1566.86M (Peak 3761.68M) | Time:495506:46:14.56 | Mem:0.00M, Peak:0.00M | Scene | Updating Images | Loading NatureShelfTrinketsFactory(6308163).spawn_asset(8133800)_DIFFUS
Fra:1 Mem:1559.51M (Peak 3761.68M) | Time:495506:46:15.03 | Mem:0.00M, Peak:0.00M | Scene | Synchronizing object | NatureShelfTrinketsFactory(6308163).spawn_asset(8133800)
Fra:1 Mem:1566.94M (Peak 3761.68M) | Time:495506:46:15.03 | Mem:0.00M, Peak:0.00M | Scene | Initializing
Fra:1 Mem:1566.94M (Peak 3761.68M) | Time:495506:46:15.03 | Mem:0.00M, Peak:0.00M | Scene | Updating Images | Loading NatureShelfTrinketsFactory(6308163).spawn_asset(8133800)_ROUGHN
Fra:1 Mem:1559.59M (Peak 3761.68M) | Time:495506:46:15.46 | Mem:0.00M, Peak:0.00M | Scene | Synchronizing object | NatureShelfTrinketsFactory(6308163).spawn_asset(8133800)
Fra:1 Mem:1567.02M (Peak 3761.68M) | Time:495506:46:15.47 | Mem:0.00M, Peak:0.00M | Scene | Initializing
Fra:1 Mem:1567.02M (Peak 3761.68M) | Time:495506:46:15.47 | Mem:0.00M, Peak:0.00M | Scene | Updating Images | Loading NatureShelfTrinketsFactory(6308163).spawn_asset(8133800)_NORMAL
Fra:1 Mem:1563.11M (Peak 3761.68M) | Time:495506:46:16.16 | Mem:0.00M, Peak:0.00M | Scene | Synchronizing object | NatureShelfTrinketsFactory(7416356).spawn_asset(95110)
Fra:1 Mem:1577.64M (Peak 3761.68M) | Time:495506:46:16.17 | Mem:0.00M, Peak:0.00M | Scene | Initializing
Fra:1 Mem:1577.64M (Peak 3761.68M) | Time:495506:46:16.17 | Mem:0.00M, Peak:0.00M | Scene | Updating Images | Loading NatureShelfTrinketsFactory(7416356).spawn_asset(95110)_DIFFUSE
Fra:1 Mem:1570.01M (Peak 3761.68M) | Time:495506:46:16.63 | Mem:0.00M, Peak:0.00M | Scene | Synchronizing object | NatureShelfTrinketsFactory(7416356).spawn_asset(95110)
Fra:1 Mem:1577.66M (Peak 3761.68M) | Time:495506:46:16.64 | Mem:0.00M, Peak:0.00M | Scene | Initializing
Fra:1 Mem:1577.66M (Peak 3761.68M) | Time:495506:46:16.64 | Mem:0.00M, Peak:0.00M | Scene | Updating Images | Loading NatureShelfTrinketsFactory(7416356).spawn_asset(95110)_ROUGHNES
Fra:1 Mem:1570.03M (Peak 3761.68M) | Time:495506:46:17.06 | Mem:0.00M, Peak:0.00M | Scene | Synchronizing object | NatureShelfTrinketsFactory(7416356).spawn_asset(95110)
Fra:1 Mem:1577.68M (Peak 3761.68M) | Time:495506:46:17.07 | Mem:0.00M, Peak:0.00M | Scene | Initializing
Fra:1 Mem:1577.68M (Peak 3761.68M) | Time:495506:46:17.07 | Mem:0.00M, Peak:0.00M | Scene | Updating Images | Loading NatureShelfTrinketsFactory(7416356).spawn_asset(95110)_NORMAL
Fra:1 Mem:1580.32M (Peak 3761.68M) | Time:495506:46:17.41 | Mem:0.00M, Peak:0.00M | Scene | Synchronizing object | PanelDoorFactory(6116542).spawn_asset(0)
Fra:1 Mem:1580.79M (Peak 3761.68M) | Time:495506:46:17.41 | Mem:0.00M, Peak:0.00M | Scene | Initializing
Fra:1 Mem:1580.79M (Peak 3761.68M) | Time:495506:46:17.41 | Mem:0.00M, Peak:0.00M | Scene | Updating Images | Loading PanelDoorFactory(6116542).spawn_asset(0)_METAL
Fra:1 Mem:1580.66M (Peak 3761.68M) | Time:495506:46:17.75 | Mem:0.00M, Peak:0.00M | Scene | Synchronizing object | PanelDoorFactory(6116542).spawn_asset(0)
Fra:1 Mem:1580.92M (Peak 3761.68M) | Time:495506:46:17.75 | Mem:0.00M, Peak:0.00M | Scene | Initializing
Fra:1 Mem:1580.92M (Peak 3761.68M) | Time:495506:46:17.75 | Mem:0.00M, Peak:0.00M | Scene | Updating Images | Loading PanelDoorFactory(6116542).spawn_asset(0)_DIFFUSE
Fra:1 Mem:1580.71M (Peak 3761.68M) | Time:495506:46:18.25 | Mem:0.00M, Peak:0.00M | Scene | Synchronizing object | PanelDoorFactory(6116542).spawn_asset(0)
Fra:1 Mem:1580.97M (Peak 3761.68M) | Time:495506:46:18.25 | Mem:0.00M, Peak:0.00M | Scene | Initializing
Fra:1 Mem:1580.97M (Peak 3761.68M) | Time:495506:46:18.25 | Mem:0.00M, Peak:0.00M | Scene | Updating Images | Loading PanelDoorFactory(6116542).spawn_asset(0)_ROUGHNESS
Fra:1 Mem:1580.76M (Peak 3761.68M) | Time:495506:46:18.72 | Mem:0.00M, Peak:0.00M | Scene | Synchronizing object | PanelDoorFactory(6116542).spawn_asset(0)
Fra:1 Mem:1581.02M (Peak 3761.68M) | Time:495506:46:18.72 | Mem:0.00M, Peak:0.00M | Scene | Initializing
Fra:1 Mem:1581.02M (Peak 3761.68M) | Time:495506:46:18.72 | Mem:0.00M, Peak:0.00M | Scene | Updating Images | Loading PanelDoorFactory(6116542).spawn_asset(0)_NORMAL
Fra:1 Mem:1581.09M (Peak 3761.68M) | Time:495506:46:19.18 | Mem:0.00M, Peak:0.00M | Scene | Synchronizing object | PanelDoorFactory(6116542).spawn_asset(4)
Fra:1 Mem:1581.56M (Peak 3761.68M) | Time:495506:46:19.18 | Mem:0.00M, Peak:0.00M | Scene | Initializing
Fra:1 Mem:1581.56M (Peak 3761.68M) | Time:495506:46:19.18 | Mem:0.00M, Peak:0.00M | Scene | Updating Images | Loading PanelDoorFactory(6116542).spawn_asset(4)_METAL
Fra:1 Mem:1581.43M (Peak 3761.68M) | Time:495506:46:19.47 | Mem:0.00M, Peak:0.00M | Scene | Synchronizing object | PanelDoorFactory(6116542).spawn_asset(4)
Fra:1 Mem:1581.69M (Peak 3761.68M) | Time:495506:46:19.47 | Mem:0.00M, Peak:0.00M | Scene | Initializing
Fra:1 Mem:1581.69M (Peak 3761.68M) | Time:495506:46:19.47 | Mem:0.00M, Peak:0.00M | Scene | Updating Images | Loading PanelDoorFactory(6116542).spawn_asset(4)_DIFFUSE
Fra:1 Mem:1581.49M (Peak 3761.68M) | Time:495506:46:20.00 | Mem:0.00M, Peak:0.00M | Scene | Synchronizing object | PanelDoorFactory(6116542).spawn_asset(4)
Fra:1 Mem:1581.75M (Peak 3761.68M) | Time:495506:46:20.00 | Mem:0.00M, Peak:0.00M | Scene | Initializing
Fra:1 Mem:1581.74M (Peak 3761.68M) | Time:495506:46:20.00 | Mem:0.00M, Peak:0.00M | Scene | Updating Images | Loading PanelDoorFactory(6116542).spawn_asset(4)_ROUGHNESS
Fra:1 Mem:1581.54M (Peak 3761.68M) | Time:495506:46:20.51 | Mem:0.00M, Peak:0.00M | Scene | Synchronizing object | PanelDoorFactory(6116542).spawn_asset(4)
Fra:1 Mem:1581.80M (Peak 3761.68M) | Time:495506:46:20.51 | Mem:0.00M, Peak:0.00M | Scene | Initializing
Fra:1 Mem:1581.79M (Peak 3761.68M) | Time:495506:46:20.51 | Mem:0.00M, Peak:0.00M | Scene | Updating Images | Loading PanelDoorFactory(6116542).spawn_asset(4)_NORMAL
Fra:1 Mem:1577.96M (Peak 3761.68M) | Time:495506:46:21.02 | Mem:0.00M, Peak:0.00M | Scene | Synchronizing object | PanelDoorFactory(8400343).spawn_asset(2)
Fra:1 Mem:1578.02M (Peak 3761.68M) | Time:495506:46:21.02 | Mem:0.00M, Peak:0.00M | Scene | Initializing
Fra:1 Mem:1578.01M (Peak 3761.68M) | Time:495506:46:21.02 | Mem:0.00M, Peak:0.00M | Scene | Updating Images | Loading PanelDoorFactory(8400343).spawn_asset(2)_METAL
Fra:1 Mem:1578.05M (Peak 3761.68M) | Time:495506:46:21.35 | Mem:0.00M, Peak:0.00M | Scene | Synchronizing object | PanelDoorFactory(8400343).spawn_asset(2)
Fra:1 Mem:1578.07M (Peak 3761.68M) | Time:495506:46:21.35 | Mem:0.00M, Peak:0.00M | Scene | Initializing
Fra:1 Mem:1578.07M (Peak 3761.68M) | Time:495506:46:21.35 | Mem:0.00M, Peak:0.00M | Scene | Updating Images | Loading PanelDoorFactory(8400343).spawn_asset(2)_TRANSMISSION
Fra:1 Mem:1578.08M (Peak 3761.68M) | Time:495506:46:21.67 | Mem:0.00M, Peak:0.00M | Scene | Synchronizing object | PanelDoorFactory(8400343).spawn_asset(2)
Fra:1 Mem:1578.11M (Peak 3761.68M) | Time:495506:46:21.67 | Mem:0.00M, Peak:0.00M | Scene | Initializing
Fra:1 Mem:1578.11M (Peak 3761.68M) | Time:495506:46:21.67 | Mem:0.00M, Peak:0.00M | Scene | Updating Images | Loading PanelDoorFactory(8400343).spawn_asset(2)_DIFFUSE
Fra:1 Mem:1578.12M (Peak 3761.68M) | Time:495506:46:22.00 | Mem:0.00M, Peak:0.00M | Scene | Synchronizing object | PanelDoorFactory(8400343).spawn_asset(2)
Fra:1 Mem:1578.15M (Peak 3761.68M) | Time:495506:46:22.00 | Mem:0.00M, Peak:0.00M | Scene | Initializing
Fra:1 Mem:1578.15M (Peak 3761.68M) | Time:495506:46:22.00 | Mem:0.00M, Peak:0.00M | Scene | Updating Images | Loading PanelDoorFactory(8400343).spawn_asset(2)_ROUGHNESS
Fra:1 Mem:1578.16M (Peak 3761.68M) | Time:495506:46:22.33 | Mem:0.00M, Peak:0.00M | Scene | Synchronizing object | PanelDoorFactory(8400343).spawn_asset(2)
Fra:1 Mem:1578.19M (Peak 3761.68M) | Time:495506:46:22.33 | Mem:0.00M, Peak:0.00M | Scene | Initializing
Fra:1 Mem:1578.18M (Peak 3761.68M) | Time:495506:46:22.33 | Mem:0.00M, Peak:0.00M | Scene | Updating Images | Loading PanelDoorFactory(8400343).spawn_asset(2)_NORMAL
Fra:1 Mem:1579.95M (Peak 3761.68M) | Time:495506:46:22.72 | Mem:0.00M, Peak:0.00M | Scene | Synchronizing object | PanFactory(2257258).spawn_asset(7114406)
Fra:1 Mem:1587.71M (Peak 3761.68M) | Time:495506:46:22.73 | Mem:0.00M, Peak:0.00M | Scene | Initializing
Fra:1 Mem:1587.71M (Peak 3761.68M) | Time:495506:46:22.73 | Mem:0.00M, Peak:0.00M | Scene | Updating Images | Loading PanFactory(2257258).spawn_asset(7114406)_DIFFUSE
Fra:1 Mem:1583.99M (Peak 3761.68M) | Time:495506:46:23.13 | Mem:0.00M, Peak:0.00M | Scene | Synchronizing object | PanFactory(2257258).spawn_asset(7114406)
Fra:1 Mem:1587.73M (Peak 3761.68M) | Time:495506:46:23.13 | Mem:0.00M, Peak:0.00M | Scene | Initializing
Fra:1 Mem:1587.73M (Peak 3761.68M) | Time:495506:46:23.13 | Mem:0.00M, Peak:0.00M | Scene | Updating Images | Loading PanFactory(2257258).spawn_asset(7114406)_ROUGHNESS
Fra:1 Mem:1584.01M (Peak 3761.68M) | Time:495506:46:23.52 | Mem:0.00M, Peak:0.00M | Scene | Synchronizing object | PanFactory(2257258).spawn_asset(7114406)
Fra:1 Mem:1587.75M (Peak 3761.68M) | Time:495506:46:23.52 | Mem:0.00M, Peak:0.00M | Scene | Initializing
Fra:1 Mem:1587.75M (Peak 3761.68M) | Time:495506:46:23.52 | Mem:0.00M, Peak:0.00M | Scene | Updating Images | Loading PanFactory(2257258).spawn_asset(7114406)_NORMAL
Fra:1 Mem:1587.73M (Peak 3761.68M) | Time:495506:46:23.80 | Mem:0.00M, Peak:0.00M | Scene | Synchronizing object | Plane
Fra:1 Mem:1587.74M (Peak 3761.68M) | Time:495506:46:23.80 | Mem:0.00M, Peak:0.00M | Scene | Initializing
Fra:1 Mem:1587.74M (Peak 3761.68M) | Time:495506:46:23.80 | Mem:0.00M, Peak:0.00M | Scene | Updating Images | Loading Plane_DIFFUSE
Fra:1 Mem:1587.76M (Peak 3761.68M) | Time:495506:46:24.16 | Mem:0.00M, Peak:0.00M | Scene | Synchronizing object | Plane
Fra:1 Mem:1587.76M (Peak 3761.68M) | Time:495506:46:24.16 | Mem:0.00M, Peak:0.00M | Scene | Initializing
Fra:1 Mem:1587.76M (Peak 3761.68M) | Time:495506:46:24.16 | Mem:0.00M, Peak:0.00M | Scene | Updating Images | Loading Plane_ROUGHNESS
Fra:1 Mem:1587.78M (Peak 3761.68M) | Time:495506:46:24.48 | Mem:0.00M, Peak:0.00M | Scene | Synchronizing object | Plane
Fra:1 Mem:1587.78M (Peak 3761.68M) | Time:495506:46:24.48 | Mem:0.00M, Peak:0.00M | Scene | Initializing
Fra:1 Mem:1587.78M (Peak 3761.68M) | Time:495506:46:24.48 | Mem:0.00M, Peak:0.00M | Scene | Updating Images | Loading Plane_NORMAL
Fra:1 Mem:1587.81M (Peak 3761.68M) | Time:495506:46:24.84 | Mem:0.00M, Peak:0.00M | Scene | Synchronizing object | Plane.001
Fra:1 Mem:1587.82M (Peak 3761.68M) | Time:495506:46:24.84 | Mem:0.00M, Peak:0.00M | Scene | Initializing
Fra:1 Mem:1587.81M (Peak 3761.68M) | Time:495506:46:24.84 | Mem:0.00M, Peak:0.00M | Scene | Updating Images | Loading Plane.001_DIFFUSE
Fra:1 Mem:1587.83M (Peak 3761.68M) | Time:495506:46:25.19 | Mem:0.00M, Peak:0.00M | Scene | Synchronizing object | Plane.001
Fra:1 Mem:1587.84M (Peak 3761.68M) | Time:495506:46:25.19 | Mem:0.00M, Peak:0.00M | Scene | Initializing
Fra:1 Mem:1587.83M (Peak 3761.68M) | Time:495506:46:25.19 | Mem:0.00M, Peak:0.00M | Scene | Updating Images | Loading Plane.001_ROUGHNESS
Fra:1 Mem:1587.86M (Peak 3761.68M) | Time:495506:46:25.52 | Mem:0.00M, Peak:0.00M | Scene | Synchronizing object | Plane.001
Fra:1 Mem:1587.86M (Peak 3761.68M) | Time:495506:46:25.52 | Mem:0.00M, Peak:0.00M | Scene | Initializing
Fra:1 Mem:1587.86M (Peak 3761.68M) | Time:495506:46:25.52 | Mem:0.00M, Peak:0.00M | Scene | Updating Images | Loading Plane.001_NORMAL
Fra:1 Mem:1587.55M (Peak 3761.68M) | Time:495506:46:25.87 | Mem:0.00M, Peak:0.00M | Scene | Synchronizing object | Plane.002
Fra:1 Mem:1587.56M (Peak 3761.68M) | Time:495506:46:25.87 | Mem:0.00M, Peak:0.00M | Scene | Initializing
Fra:1 Mem:1587.56M (Peak 3761.68M) | Time:495506:46:25.87 | Mem:0.00M, Peak:0.00M | Scene | Updating Images | Loading Plane.002_TRANSMISSION
Fra:1 Mem:1587.58M (Peak 3761.68M) | Time:495506:46:26.12 | Mem:0.00M, Peak:0.00M | Scene | Synchronizing object | Plane.002
Fra:1 Mem:1587.58M (Peak 3761.68M) | Time:495506:46:26.12 | Mem:0.00M, Peak:0.00M | Scene | Initializing
Fra:1 Mem:1587.58M (Peak 3761.68M) | Time:495506:46:26.12 | Mem:0.00M, Peak:0.00M | Scene | Updating Images | Loading Plane.002_DIFFUSE
Fra:1 Mem:1587.60M (Peak 3761.68M) | Time:495506:46:26.37 | Mem:0.00M, Peak:0.00M | Scene | Synchronizing object | Plane.002
Fra:1 Mem:1587.60M (Peak 3761.68M) | Time:495506:46:26.37 | Mem:0.00M, Peak:0.00M | Scene | Initializing
Fra:1 Mem:1587.60M (Peak 3761.68M) | Time:495506:46:26.37 | Mem:0.00M, Peak:0.00M | Scene | Updating Images | Loading Plane.002_ROUGHNESS
Fra:1 Mem:1587.62M (Peak 3761.68M) | Time:495506:46:26.61 | Mem:0.00M, Peak:0.00M | Scene | Synchronizing object | Plane.002
Fra:1 Mem:1587.63M (Peak 3761.68M) | Time:495506:46:26.61 | Mem:0.00M, Peak:0.00M | Scene | Initializing
Fra:1 Mem:1587.62M (Peak 3761.68M) | Time:495506:46:26.61 | Mem:0.00M, Peak:0.00M | Scene | Updating Images | Loading Plane.002_NORMAL
Fra:1 Mem:1587.61M (Peak 3761.68M) | Time:495506:46:26.86 | Mem:0.00M, Peak:0.00M | Scene | Synchronizing object | Plane.003
Fra:1 Mem:1587.62M (Peak 3761.68M) | Time:495506:46:26.86 | Mem:0.00M, Peak:0.00M | Scene | Initializing
Fra:1 Mem:1587.61M (Peak 3761.68M) | Time:495506:46:26.86 | Mem:0.00M, Peak:0.00M | Scene | Updating Images | Loading Plane.003_METAL
Fra:1 Mem:1587.65M (Peak 3761.68M) | Time:495506:46:27.10 | Mem:0.00M, Peak:0.00M | Scene | Synchronizing object | Plane.003
Fra:1 Mem:1587.65M (Peak 3761.68M) | Time:495506:46:27.10 | Mem:0.00M, Peak:0.00M | Scene | Initializing
Fra:1 Mem:1587.64M (Peak 3761.68M) | Time:495506:46:27.10 | Mem:0.00M, Peak:0.00M | Scene | Updating Images | Loading Plane.003_DIFFUSE
Fra:1 Mem:1587.67M (Peak 3761.68M) | Time:495506:46:27.33 | Mem:0.00M, Peak:0.00M | Scene | Synchronizing object | Plane.003
Fra:1 Mem:1587.67M (Peak 3761.68M) | Time:495506:46:27.33 | Mem:0.00M, Peak:0.00M | Scene | Initializing
Fra:1 Mem:1587.67M (Peak 3761.68M) | Time:495506:46:27.33 | Mem:0.00M, Peak:0.00M | Scene | Updating Images | Loading Plane.003_ROUGHNESS
Fra:1 Mem:1587.69M (Peak 3761.68M) | Time:495506:46:27.57 | Mem:0.00M, Peak:0.00M | Scene | Synchronizing object | Plane.003
Fra:1 Mem:1587.69M (Peak 3761.68M) | Time:495506:46:27.57 | Mem:0.00M, Peak:0.00M | Scene | Initializing
Fra:1 Mem:1587.69M (Peak 3761.68M) | Time:495506:46:27.57 | Mem:0.00M, Peak:0.00M | Scene | Updating Images | Loading Plane.003_NORMAL
Fra:1 Mem:1587.69M (Peak 3761.68M) | Time:495506:46:27.81 | Mem:0.00M, Peak:0.00M | Scene | Synchronizing object | Plane.004
Fra:1 Mem:1587.69M (Peak 3761.68M) | Time:495506:46:27.81 | Mem:0.00M, Peak:0.00M | Scene | Initializing
Fra:1 Mem:1587.69M (Peak 3761.68M) | Time:495506:46:27.81 | Mem:0.00M, Peak:0.00M | Scene | Updating Images | Loading Plane.004_METAL
Fra:1 Mem:1587.72M (Peak 3761.68M) | Time:495506:46:28.05 | Mem:0.00M, Peak:0.00M | Scene | Synchronizing object | Plane.004
Fra:1 Mem:1587.72M (Peak 3761.68M) | Time:495506:46:28.05 | Mem:0.00M, Peak:0.00M | Scene | Initializing
Fra:1 Mem:1587.72M (Peak 3761.68M) | Time:495506:46:28.05 | Mem:0.00M, Peak:0.00M | Scene | Updating Images | Loading Plane.004_DIFFUSE
Fra:1 Mem:1587.74M (Peak 3761.68M) | Time:495506:46:28.29 | Mem:0.00M, Peak:0.00M | Scene | Synchronizing object | Plane.004
Fra:1 Mem:1587.74M (Peak 3761.68M) | Time:495506:46:28.29 | Mem:0.00M, Peak:0.00M | Scene | Initializing
Fra:1 Mem:1587.74M (Peak 3761.68M) | Time:495506:46:28.29 | Mem:0.00M, Peak:0.00M | Scene | Updating Images | Loading Plane.004_ROUGHNESS
Fra:1 Mem:1587.76M (Peak 3761.68M) | Time:495506:46:28.52 | Mem:0.00M, Peak:0.00M | Scene | Synchronizing object | Plane.004
Fra:1 Mem:1587.77M (Peak 3761.68M) | Time:495506:46:28.52 | Mem:0.00M, Peak:0.00M | Scene | Initializing
Fra:1 Mem:1587.76M (Peak 3761.68M) | Time:495506:46:28.52 | Mem:0.00M, Peak:0.00M | Scene | Updating Images | Loading Plane.004_NORMAL
Fra:1 Mem:1592.36M (Peak 3761.68M) | Time:495506:46:29.06 | Mem:0.00M, Peak:0.00M | Scene | Synchronizing object | PlateFactory(6927299).spawn_asset(821446)
Fra:1 Mem:1604.95M (Peak 3761.68M) | Time:495506:46:29.07 | Mem:0.00M, Peak:0.00M | Scene | Initializing
Fra:1 Mem:1604.95M (Peak 3761.68M) | Time:495506:46:29.07 | Mem:0.00M, Peak:0.00M | Scene | Updating Images | Loading PlateFactory(6927299).spawn_asset(821446)_TRANSMISSION
Fra:1 Mem:1599.58M (Peak 3761.68M) | Time:495506:46:29.41 | Mem:0.00M, Peak:0.00M | Scene | Synchronizing object | PlateFactory(6927299).spawn_asset(821446)
Fra:1 Mem:1606.29M (Peak 3761.68M) | Time:495506:46:29.41 | Mem:0.00M, Peak:0.00M | Scene | Initializing
Fra:1 Mem:1606.28M (Peak 3761.68M) | Time:495506:46:29.41 | Mem:0.00M, Peak:0.00M | Scene | Updating Images | Loading PlateFactory(6927299).spawn_asset(821446)_DIFFUSE
Fra:1 Mem:1599.60M (Peak 3761.68M) | Time:495506:46:29.76 | Mem:0.00M, Peak:0.00M | Scene | Synchronizing object | PlateFactory(6927299).spawn_asset(821446)
Fra:1 Mem:1606.31M (Peak 3761.68M) | Time:495506:46:29.76 | Mem:0.00M, Peak:0.00M | Scene | Initializing
Fra:1 Mem:1606.30M (Peak 3761.68M) | Time:495506:46:29.76 | Mem:0.00M, Peak:0.00M | Scene | Updating Images | Loading PlateFactory(6927299).spawn_asset(821446)_ROUGHNESS
Info: Baking map saved to internal image, save it externally or pack it
Info: Baking map saved to internal image, save it externally or pack it
Info: Baking map saved to internal image, save it externally or pack it
Info: Baking map saved to internal image, save it externally or pack it
Info: Baking map saved to internal image, save it externally or pack it
Info: Baking map saved to internal image, save it externally or pack it
Info: Baking map saved to internal image, save it externally or pack it
Info: Baking map saved to internal image, save it externally or pack it
Info: Baking map saved to internal image, save it externally or pack it
Info: Baking map saved to internal image, save it externally or pack it
Info: Baking map saved to internal image, save it externally or pack it
Info: Baking map saved to internal image, save it externally or pack it
Info: Baking map saved to internal image, save it externally or pack it
Info: Baking map saved to internal image, save it externally or pack it
Info: Baking map saved to internal image, save it externally or pack it
Info: Baking map saved to internal image, save it externally or pack it
Info: Baking map saved to internal image, save it externally or pack it
Info: Baking map saved to internal image, save it externally or pack it
Info: Baking map saved to internal image, save it externally or pack it
Info: Baking map saved to internal image, save it externally or pack it
Info: Baking map saved to internal image, save it externally or pack it
Info: Baking map saved to internal image, save it externally or pack it
Info: Baking map saved to internal image, save it externally or pack it
Info: Baking map saved to internal image, save it externally or pack it
Info: Baking map saved to internal image, save it externally or pack it
Info: Baking map saved to internal image, save it externally or pack it
Info: Baking map saved to internal image, save it externally or pack it
Info: Baking map saved to internal image, save it externally or pack it
Info: Baking map saved to internal image, save it externally or pack it
Info: Baking map saved to internal image, save it externally or pack it
Info: Baking map saved to internal image, save it externally or pack it
Info: Baking map saved to internal image, save it externally or pack it
Info: Baking map saved to internal image, save it externally or pack it
Info: Baking map saved to internal image, save it externally or pack it
Info: Baking map saved to internal image, save it externally or pack it
Info: Baking map saved to internal image, save it externally or pack it
Info: Baking map saved to internal image, save it externally or pack it
Info: Baking map saved to internal image, save it externally or pack it
Info: Baking map saved to internal image, save it externally or pack it
Info: Baking map saved to internal image, save it externally or pack it
Info: Baking map saved to internal image, save it externally or pack it
Info: Baking map saved to internal image, save it externally or pack it
Info: Baking map saved to internal image, save it externally or pack it
Info: Baking map saved to internal image, save it externally or pack it
Info: Baking map saved to internal image, save it externally or pack it
Info: Baking map saved to internal image, save it externally or pack it
Info: Baking map saved to internal image, save it externally or pack it
Info: Baking map saved to internal image, save it externally or pack it
Info: Baking map saved to internal image, save it externally or pack it
Info: Baking map saved to internal image, save it externally or pack it
Info: Baking map saved to internal image, save it externally or pack it
Info: Baking map saved to internal image, save it externally or pack it
Info: Baking map saved to internal image, save it externally or pack it
Info: Baking map saved to internal image, save it externally or pack it
Info: Baking map saved to internal image, save it externally or pack it
Info: Baking map saved to internal image, save it externally or pack it
Info: Baking map saved to internal image, save it externally or pack it
Info: Baking map saved to internal image, save it externally or pack it
Info: Baking map saved to internal image, save it externally or pack it
Info: Baking map saved to internal image, save it externally or pack it
Info: Baking map saved to internal image, save it externally or pack it
Info: Baking map saved to internal image, save it externally or pack it
Info: Baking map saved to internal image, save it externally or pack it
Info: Baking map saved to internal image, save it externally or pack it
Info: Baking map saved to internal image, save it externally or pack it
Info: Baking map saved to internal image, save it externally or pack it
Info: Baking map saved to internal image, save it externally or pack it
Info: Baking map saved to internal image, save it externally or pack it
Info: Baking map saved to internal image, save it externally or pack it
Info: Baking map saved to internal image, save it externally or pack it
Info: Baking map saved to internal image, save it externally or pack it
Info: Baking map saved to internal image, save it externally or pack it
Info: Baking map saved to internal image, save it externally or pack it
Info: Baking map saved to internal image, save it externally or pack it
Info: Baking map saved to internal image, save it externally or pack it
Info: Baking map saved to internal image, save it externally or pack it
Info: Baking map saved to internal image, save it externally or pack it
Info: Baking map saved to internal image, save it externally or pack it
Info: Baking map saved to internal image, save it externally or pack it
Info: Baking map saved to internal image, save it externally or pack it
Info: Baking map saved to internal image, save it externally or pack it
Info: Baking map saved to internal image, save it externally or pack it
Info: Baking map saved to internal image, save it externally or pack it
Info: Baking map saved to internal image, save it externally or pack it
Info: Baking map saved to internal image, save it externally or pack it
Info: Baking map saved to internal image, save it externally or pack it
Info: Baking map saved to internal image, save it externally or pack it
Info: Baking map saved to internal image, save it externally or pack it
Info: Baking map saved to internal image, save it externally or pack it
Info: Baking map saved to internal image, save it externally or pack it
Info: Baking map saved to internal image, save it externally or pack it
Info: Baking map saved to internal image, save it externally or pack it
Info: Baking map saved to internal image, save it externally or pack it
Info: Baking map saved to internal image, save it externally or pack it
Info: Baking map saved to internal image, save it externally or pack it
Info: Baking map saved to internal image, save it externally or pack it
Info: Baking map saved to internal image, save it externally or pack it
Info: Baking map saved to internal image, save it externally or pack it
Info: Baking map saved to internal image, save it externally or pack it
Info: Baking map saved to internal image, save it externally or pack it
Info: Baking map saved to internal image, save it externally or pack it
Info: Baking map saved to internal image, save it externally or pack it
Info: Baking map saved to internal image, save it externally or pack it
Info: Baking map saved to internal image, save it externally or pack it
Info: Baking map saved to internal image, save it externally or pack it
Info: Baking map saved to internal image, save it externally or pack it
Info: Baking map saved to internal image, save it externally or pack it
Info: Baking map saved to internal image, save it externally or pack it
Info: Baking map saved to internal image, save it externally or pack it
Info: Baking map saved to internal image, save it externally or pack it
Info: Baking map saved to internal image, save it externally or pack it
Info: Baking map saved to internal image, save it externally or pack it
Info: Baking map saved to internal image, save it externally or pack it
Info: Baking map saved to internal image, save it externally or pack it
Fra:1 Mem:1599.62M (Peak 3761.68M) | Time:495506:46:30.13 | Mem:0.00M, Peak:0.00M | Scene | Synchronizing object | PlateFactory(6927299).spawn_asset(821446)
Fra:1 Mem:1606.33M (Peak 3761.68M) | Time:495506:46:30.13 | Mem:0.00M, Peak:0.00M | Scene | Initializing
Fra:1 Mem:1606.33M (Peak 3761.68M) | Time:495506:46:30.13 | Mem:0.00M, Peak:0.00M | Scene | Updating Images | Loading PlateFactory(6927299).spawn_asset(821446)_NORMAL
Fra:1 Mem:1607.43M (Peak 3761.68M) | Time:495506:46:30.54 | Mem:0.00M, Peak:0.00M | Scene | Synchronizing object | PotFactory(5519756).spawn_asset(1794020)
Fra:1 Mem:1612.68M (Peak 3761.68M) | Time:495506:46:30.54 | Mem:0.00M, Peak:0.00M | Scene | Initializing
Fra:1 Mem:1612.67M (Peak 3761.68M) | Time:495506:46:30.54 | Mem:0.00M, Peak:0.00M | Scene | Updating Images | Loading PotFactory(5519756).spawn_asset(1794020)_TRANSMISSION
Fra:1 Mem:1610.45M (Peak 3761.68M) | Time:495506:46:30.86 | Mem:0.00M, Peak:0.00M | Scene | Synchronizing object | PotFactory(5519756).spawn_asset(1794020)
Fra:1 Mem:1613.25M (Peak 3761.68M) | Time:495506:46:30.87 | Mem:0.00M, Peak:0.00M | Scene | Initializing
Fra:1 Mem:1613.24M (Peak 3761.68M) | Time:495506:46:30.87 | Mem:0.00M, Peak:0.00M | Scene | Updating Images | Loading PotFactory(5519756).spawn_asset(1794020)_DIFFUSE
Fra:1 Mem:1610.47M (Peak 3761.68M) | Time:495506:46:31.19 | Mem:0.00M, Peak:0.00M | Scene | Synchronizing object | PotFactory(5519756).spawn_asset(1794020)
Fra:1 Mem:1613.27M (Peak 3761.68M) | Time:495506:46:31.19 | Mem:0.00M, Peak:0.00M | Scene | Initializing
Fra:1 Mem:1613.26M (Peak 3761.68M) | Time:495506:46:31.19 | Mem:0.00M, Peak:0.00M | Scene | Updating Images | Loading PotFactory(5519756).spawn_asset(1794020)_ROUGHNESS
Fra:1 Mem:1610.49M (Peak 3761.68M) | Time:495506:46:31.54 | Mem:0.00M, Peak:0.00M | Scene | Synchronizing object | PotFactory(5519756).spawn_asset(1794020)
Fra:1 Mem:1613.29M (Peak 3761.68M) | Time:495506:46:31.54 | Mem:0.00M, Peak:0.00M | Scene | Initializing
Fra:1 Mem:1613.29M (Peak 3761.68M) | Time:495506:46:31.54 | Mem:0.00M, Peak:0.00M | Scene | Updating Images | Loading PotFactory(5519756).spawn_asset(1794020)_NORMAL
Fra:1 Mem:1615.42M (Peak 3761.68M) | Time:495506:46:32.12 | Mem:0.00M, Peak:0.00M | Scene | Synchronizing object | PotFactory(5519756).spawn_asset(6048574)
Fra:1 Mem:1626.70M (Peak 3761.68M) | Time:495506:46:32.13 | Mem:0.00M, Peak:0.00M | Scene | Initializing
Fra:1 Mem:1626.69M (Peak 3761.68M) | Time:495506:46:32.13 | Mem:0.00M, Peak:0.00M | Scene | Updating Images | Loading PotFactory(5519756).spawn_asset(6048574)_TRANSMISSION
Fra:1 Mem:1621.89M (Peak 3761.68M) | Time:495506:46:32.46 | Mem:0.00M, Peak:0.00M | Scene | Synchronizing object | PotFactory(5519756).spawn_asset(6048574)
Fra:1 Mem:1627.89M (Peak 3761.68M) | Time:495506:46:32.46 | Mem:0.00M, Peak:0.00M | Scene | Initializing
Fra:1 Mem:1627.89M (Peak 3761.68M) | Time:495506:46:32.46 | Mem:0.00M, Peak:0.00M | Scene | Updating Images | Loading PotFactory(5519756).spawn_asset(6048574)_DIFFUSE
Fra:1 Mem:1621.91M (Peak 3761.68M) | Time:495506:46:32.80 | Mem:0.00M, Peak:0.00M | Scene | Synchronizing object | PotFactory(5519756).spawn_asset(6048574)
Fra:1 Mem:1627.91M (Peak 3761.68M) | Time:495506:46:32.80 | Mem:0.00M, Peak:0.00M | Scene | Initializing
Fra:1 Mem:1627.91M (Peak 3761.68M) | Time:495506:46:32.80 | Mem:0.00M, Peak:0.00M | Scene | Updating Images | Loading PotFactory(5519756).spawn_asset(6048574)_ROUGHNESS
Fra:1 Mem:1621.93M (Peak 3761.68M) | Time:495506:46:33.16 | Mem:0.00M, Peak:0.00M | Scene | Synchronizing object | PotFactory(5519756).spawn_asset(6048574)
Fra:1 Mem:1627.94M (Peak 3761.68M) | Time:495506:46:33.16 | Mem:0.00M, Peak:0.00M | Scene | Initializing
Fra:1 Mem:1627.93M (Peak 3761.68M) | Time:495506:46:33.16 | Mem:0.00M, Peak:0.00M | Scene | Updating Images | Loading PotFactory(5519756).spawn_asset(6048574)_NORMAL
Fra:1 Mem:1626.98M (Peak 3761.68M) | Time:495506:46:33.69 | Mem:0.00M, Peak:0.00M | Scene | Synchronizing object | PotFactory(5519756).spawn_asset(7351968)
Fra:1 Mem:1636.02M (Peak 3761.68M) | Time:495506:46:33.70 | Mem:0.00M, Peak:0.00M | Scene | Initializing
Fra:1 Mem:1636.02M (Peak 3761.68M) | Time:495506:46:33.70 | Mem:0.00M, Peak:0.00M | Scene | Updating Images | Loading PotFactory(5519756).spawn_asset(7351968)_TRANSMISSION
Fra:1 Mem:1632.17M (Peak 3761.68M) | Time:495506:46:34.02 | Mem:0.00M, Peak:0.00M | Scene | Synchronizing object | PotFactory(5519756).spawn_asset(7351968)
Fra:1 Mem:1636.98M (Peak 3761.68M) | Time:495506:46:34.02 | Mem:0.00M, Peak:0.00M | Scene | Initializing
Fra:1 Mem:1636.98M (Peak 3761.68M) | Time:495506:46:34.02 | Mem:0.00M, Peak:0.00M | Scene | Updating Images | Loading PotFactory(5519756).spawn_asset(7351968)_DIFFUSE
Fra:1 Mem:1632.19M (Peak 3761.68M) | Time:495506:46:34.36 | Mem:0.00M, Peak:0.00M | Scene | Synchronizing object | PotFactory(5519756).spawn_asset(7351968)
Fra:1 Mem:1637.01M (Peak 3761.68M) | Time:495506:46:34.37 | Mem:0.00M, Peak:0.00M | Scene | Initializing
Fra:1 Mem:1637.00M (Peak 3761.68M) | Time:495506:46:34.37 | Mem:0.00M, Peak:0.00M | Scene | Updating Images | Loading PotFactory(5519756).spawn_asset(7351968)_ROUGHNESS
Fra:1 Mem:1632.21M (Peak 3761.68M) | Time:495506:46:34.72 | Mem:0.00M, Peak:0.00M | Scene | Synchronizing object | PotFactory(5519756).spawn_asset(7351968)
Fra:1 Mem:1637.03M (Peak 3761.68M) | Time:495506:46:34.72 | Mem:0.00M, Peak:0.00M | Scene | Initializing
Fra:1 Mem:1637.02M (Peak 3761.68M) | Time:495506:46:34.72 | Mem:0.00M, Peak:0.00M | Scene | Updating Images | Loading PotFactory(5519756).spawn_asset(7351968)_NORMAL
Fra:1 Mem:1634.11M (Peak 3761.68M) | Time:495506:46:35.03 | Mem:0.00M, Peak:0.00M | Scene | Synchronizing object | SimpleBookcaseFactory(3940316).spawn_asset(2188179)
Fra:1 Mem:1634.45M (Peak 3761.68M) | Time:495506:46:35.03 | Mem:0.00M, Peak:0.00M | Scene | Initializing
Fra:1 Mem:1634.44M (Peak 3761.68M) | Time:495506:46:35.03 | Mem:0.00M, Peak:0.00M | Scene | Updating Images | Loading SimpleBookcaseFactory(3940316).spawn_asset(2188179)_METAL
Fra:1 Mem:1634.36M (Peak 3761.68M) | Time:495506:46:35.27 | Mem:0.00M, Peak:0.00M | Scene | Synchronizing object | SimpleBookcaseFactory(3940316).spawn_asset(2188179)
Fra:1 Mem:1634.54M (Peak 3761.68M) | Time:495506:46:35.27 | Mem:0.00M, Peak:0.00M | Scene | Initializing
Fra:1 Mem:1634.54M (Peak 3761.68M) | Time:495506:46:35.27 | Mem:0.00M, Peak:0.00M | Scene | Updating Images | Loading SimpleBookcaseFactory(3940316).spawn_asset(2188179)_DIFFUSE
Fra:1 Mem:1634.40M (Peak 3761.68M) | Time:495506:46:35.76 | Mem:0.00M, Peak:0.00M | Scene | Synchronizing object | SimpleBookcaseFactory(3940316).spawn_asset(2188179)
Fra:1 Mem:1634.58M (Peak 3761.68M) | Time:495506:46:35.76 | Mem:0.00M, Peak:0.00M | Scene | Initializing
Fra:1 Mem:1634.57M (Peak 3761.68M) | Time:495506:46:35.76 | Mem:0.00M, Peak:0.00M | Scene | Updating Images | Loading SimpleBookcaseFactory(3940316).spawn_asset(2188179)_ROUGHNESS
Fra:1 Mem:1634.43M (Peak 3761.68M) | Time:495506:46:36.24 | Mem:0.00M, Peak:0.00M | Scene | Synchronizing object | SimpleBookcaseFactory(3940316).spawn_asset(2188179)
Fra:1 Mem:1634.61M (Peak 3761.68M) | Time:495506:46:36.24 | Mem:0.00M, Peak:0.00M | Scene | Initializing
Fra:1 Mem:1634.61M (Peak 3761.68M) | Time:495506:46:36.24 | Mem:0.00M, Peak:0.00M | Scene | Updating Images | Loading SimpleBookcaseFactory(3940316).spawn_asset(2188179)_NORMAL
Fra:1 Mem:1634.92M (Peak 3761.68M) | Time:495506:46:36.79 | Mem:0.00M, Peak:0.00M | Scene | Synchronizing object | SimpleBookcaseFactory(4177974).spawn_asset(737126)
Fra:1 Mem:1635.26M (Peak 3761.68M) | Time:495506:46:36.80 | Mem:0.00M, Peak:0.00M | Scene | Initializing
Fra:1 Mem:1635.26M (Peak 3761.68M) | Time:495506:46:36.80 | Mem:0.00M, Peak:0.00M | Scene | Updating Images | Loading SimpleBookcaseFactory(4177974).spawn_asset(737126)_METAL
Fra:1 Mem:1635.17M (Peak 3761.68M) | Time:495506:46:37.03 | Mem:0.00M, Peak:0.00M | Scene | Synchronizing object | SimpleBookcaseFactory(4177974).spawn_asset(737126)
Fra:1 Mem:1635.35M (Peak 3761.68M) | Time:495506:46:37.03 | Mem:0.00M, Peak:0.00M | Scene | Initializing
Fra:1 Mem:1635.35M (Peak 3761.68M) | Time:495506:46:37.03 | Mem:0.00M, Peak:0.00M | Scene | Updating Images | Loading SimpleBookcaseFactory(4177974).spawn_asset(737126)_DIFFUSE
Fra:1 Mem:1635.24M (Peak 3761.68M) | Time:495506:46:37.31 | Mem:0.00M, Peak:0.00M | Scene | Synchronizing object | SimpleBookcaseFactory(4177974).spawn_asset(737126)
Fra:1 Mem:1635.42M (Peak 3761.68M) | Time:495506:46:37.31 | Mem:0.00M, Peak:0.00M | Scene | Initializing
Fra:1 Mem:1635.42M (Peak 3761.68M) | Time:495506:46:37.31 | Mem:0.00M, Peak:0.00M | Scene | Updating Images | Loading SimpleBookcaseFactory(4177974).spawn_asset(737126)_ROUGHNESS
Fra:1 Mem:1635.28M (Peak 3761.68M) | Time:495506:46:37.58 | Mem:0.00M, Peak:0.00M | Scene | Synchronizing object | SimpleBookcaseFactory(4177974).spawn_asset(737126)
Fra:1 Mem:1635.46M (Peak 3761.68M) | Time:495506:46:37.58 | Mem:0.00M, Peak:0.00M | Scene | Initializing
Fra:1 Mem:1635.46M (Peak 3761.68M) | Time:495506:46:37.58 | Mem:0.00M, Peak:0.00M | Scene | Updating Images | Loading SimpleBookcaseFactory(4177974).spawn_asset(737126)_NORMAL
Fra:1 Mem:1640.29M (Peak 3761.68M) | Time:495506:46:37.88 | Mem:0.00M, Peak:0.00M | Scene | Synchronizing object | SingleCabinetFactory(539483).spawn_asset(4522682)
Fra:1 Mem:1645.28M (Peak 3761.68M) | Time:495506:46:37.88 | Mem:0.00M, Peak:0.00M | Scene | Initializing
Fra:1 Mem:1645.27M (Peak 3761.68M) | Time:495506:46:37.88 | Mem:0.00M, Peak:0.00M | Scene | Updating Images | Loading SingleCabinetFactory(539483).spawn_asset(4522682)_DIFFUSE
Fra:1 Mem:1640.36M (Peak 3761.68M) | Time:495506:46:38.18 | Mem:0.00M, Peak:0.00M | Scene | Synchronizing object | SingleCabinetFactory(539483).spawn_asset(4522682)
Fra:1 Mem:1645.35M (Peak 3761.68M) | Time:495506:46:38.19 | Mem:0.00M, Peak:0.00M | Scene | Initializing
Fra:1 Mem:1645.34M (Peak 3761.68M) | Time:495506:46:38.19 | Mem:0.00M, Peak:0.00M | Scene | Updating Images | Loading SingleCabinetFactory(539483).spawn_asset(4522682)_ROUGHNESS
Fra:1 Mem:1640.43M (Peak 3761.68M) | Time:495506:46:38.48 | Mem:0.00M, Peak:0.00M | Scene | Synchronizing object | SingleCabinetFactory(539483).spawn_asset(4522682)
Fra:1 Mem:1645.41M (Peak 3761.68M) | Time:495506:46:38.49 | Mem:0.00M, Peak:0.00M | Scene | Initializing
Fra:1 Mem:1645.41M (Peak 3761.68M) | Time:495506:46:38.49 | Mem:0.00M, Peak:0.00M | Scene | Updating Images | Loading SingleCabinetFactory(539483).spawn_asset(4522682)_NORMAL
Fra:1 Mem:1638.28M (Peak 3761.68M) | Time:495506:46:38.76 | Mem:0.00M, Peak:0.00M | Scene | Synchronizing object | SpoonFactory(8551234).spawn_asset(3304227)
Fra:1 Mem:1638.73M (Peak 3761.68M) | Time:495506:46:38.76 | Mem:0.00M, Peak:0.00M | Scene | Initializing
Fra:1 Mem:1638.73M (Peak 3761.68M) | Time:495506:46:38.77 | Mem:0.00M, Peak:0.00M | Scene | Updating Images | Loading SpoonFactory(8551234).spawn_asset(3304227)_DIFFUSE
Fra:1 Mem:1638.55M (Peak 3761.68M) | Time:495506:46:39.14 | Mem:0.00M, Peak:0.00M | Scene | Synchronizing object | SpoonFactory(8551234).spawn_asset(3304227)
Fra:1 Mem:1638.77M (Peak 3761.68M) | Time:495506:46:39.14 | Mem:0.00M, Peak:0.00M | Scene | Initializing
Fra:1 Mem:1638.77M (Peak 3761.68M) | Time:495506:46:39.14 | Mem:0.00M, Peak:0.00M | Scene | Updating Images | Loading SpoonFactory(8551234).spawn_asset(3304227)_ROUGHNESS
Fra:1 Mem:1638.59M (Peak 3761.68M) | Time:495506:46:39.49 | Mem:0.00M, Peak:0.00M | Scene | Synchronizing object | SpoonFactory(8551234).spawn_asset(3304227)
Fra:1 Mem:1638.81M (Peak 3761.68M) | Time:495506:46:39.49 | Mem:0.00M, Peak:0.00M | Scene | Initializing
Fra:1 Mem:1638.80M (Peak 3761.68M) | Time:495506:46:39.49 | Mem:0.00M, Peak:0.00M | Scene | Updating Images | Loading SpoonFactory(8551234).spawn_asset(3304227)_NORMAL
Fra:1 Mem:1645.19M (Peak 3761.68M) | Time:495506:46:39.92 | Mem:0.00M, Peak:0.00M | Scene | Synchronizing object | TableDiningFactory(1135171).spawn_asset(9052423)
Fra:1 Mem:1647.56M (Peak 3761.68M) | Time:495506:46:39.93 | Mem:0.00M, Peak:0.00M | Scene | Initializing
Fra:1 Mem:1647.56M (Peak 3761.68M) | Time:495506:46:39.93 | Mem:0.00M, Peak:0.00M | Scene | Updating Images | Loading TableDiningFactory(1135171).spawn_asset(9052423)_TRANSMISSION
Fra:1 Mem:1645.32M (Peak 3761.68M) | Time:495506:46:40.21 | Mem:0.00M, Peak:0.00M | Scene | Synchronizing object | TableDiningFactory(1135171).spawn_asset(9052423)
Fra:1 Mem:1648.32M (Peak 3761.68M) | Time:495506:46:40.22 | Mem:0.00M, Peak:0.00M | Scene | Initializing
Fra:1 Mem:1648.32M (Peak 3761.68M) | Time:495506:46:40.22 | Mem:0.00M, Peak:0.00M | Scene | Updating Images | Loading TableDiningFactory(1135171).spawn_asset(9052423)_DIFFUSE
Fra:1 Mem:1645.36M (Peak 3761.68M) | Time:495506:46:41.06 | Mem:0.00M, Peak:0.00M | Scene | Synchronizing object | TableDiningFactory(1135171).spawn_asset(9052423)
Fra:1 Mem:1648.36M (Peak 3761.68M) | Time:495506:46:41.07 | Mem:0.00M, Peak:0.00M | Scene | Initializing
Fra:1 Mem:1648.36M (Peak 3761.68M) | Time:495506:46:41.07 | Mem:0.00M, Peak:0.00M | Scene | Updating Images | Loading TableDiningFactory(1135171).spawn_asset(9052423)_ROUGHNESS
Fra:1 Mem:1645.40M (Peak 3761.68M) | Time:495506:46:41.90 | Mem:0.00M, Peak:0.00M | Scene | Synchronizing object | TableDiningFactory(1135171).spawn_asset(9052423)
Fra:1 Mem:1648.40M (Peak 3761.68M) | Time:495506:46:41.91 | Mem:0.00M, Peak:0.00M | Scene | Initializing
Fra:1 Mem:1648.39M (Peak 3761.68M) | Time:495506:46:41.91 | Mem:0.00M, Peak:0.00M | Scene | Updating Images | Loading TableDiningFactory(1135171).spawn_asset(9052423)_NORMAL
Fra:1 Mem:1643.75M (Peak 3761.68M) | Time:495506:46:42.78 | Mem:0.00M, Peak:0.00M | Scene | Synchronizing object | WindowFactory(37858).spawn_asset(10)
Fra:1 Mem:1644.62M (Peak 3761.68M) | Time:495506:46:42.78 | Mem:0.00M, Peak:0.00M | Scene | Initializing
Fra:1 Mem:1644.62M (Peak 3761.68M) | Time:495506:46:42.78 | Mem:0.00M, Peak:0.00M | Scene | Updating Images | Loading WindowFactory(37858).spawn_asset(10)_METAL
Fra:1 Mem:1644.30M (Peak 3761.68M) | Time:495506:46:43.05 | Mem:0.00M, Peak:0.00M | Scene | Synchronizing object | WindowFactory(37858).spawn_asset(10)
Fra:1 Mem:1644.72M (Peak 3761.68M) | Time:495506:46:43.05 | Mem:0.00M, Peak:0.00M | Scene | Initializing
Fra:1 Mem:1644.71M (Peak 3761.68M) | Time:495506:46:43.05 | Mem:0.00M, Peak:0.00M | Scene | Updating Images | Loading WindowFactory(37858).spawn_asset(10)_TRANSMISSION
Fra:1 Mem:1644.37M (Peak 3761.68M) | Time:495506:46:43.32 | Mem:0.00M, Peak:0.00M | Scene | Synchronizing object | WindowFactory(37858).spawn_asset(10)
Fra:1 Mem:1644.79M (Peak 3761.68M) | Time:495506:46:43.32 | Mem:0.00M, Peak:0.00M | Scene | Initializing
Fra:1 Mem:1644.78M (Peak 3761.68M) | Time:495506:46:43.32 | Mem:0.00M, Peak:0.00M | Scene | Updating Images | Loading WindowFactory(37858).spawn_asset(10)_DIFFUSE
Fra:1 Mem:1644.43M (Peak 3761.68M) | Time:495506:46:43.75 | Mem:0.00M, Peak:0.00M | Scene | Synchronizing object | WindowFactory(37858).spawn_asset(10)
Fra:1 Mem:1644.85M (Peak 3761.68M) | Time:495506:46:43.75 | Mem:0.00M, Peak:0.00M | Scene | Initializing
Fra:1 Mem:1644.85M (Peak 3761.68M) | Time:495506:46:43.75 | Mem:0.00M, Peak:0.00M | Scene | Updating Images | Loading WindowFactory(37858).spawn_asset(10)_ROUGHNESS
Fra:1 Mem:1644.50M (Peak 3761.68M) | Time:495506:46:44.17 | Mem:0.00M, Peak:0.00M | Scene | Synchronizing object | WindowFactory(37858).spawn_asset(10)
Fra:1 Mem:1644.92M (Peak 3761.68M) | Time:495506:46:44.17 | Mem:0.00M, Peak:0.00M | Scene | Initializing
Fra:1 Mem:1644.92M (Peak 3761.68M) | Time:495506:46:44.17 | Mem:0.00M, Peak:0.00M | Scene | Updating Images | Loading WindowFactory(37858).spawn_asset(10)_NORMAL
Fra:1 Mem:1643.66M (Peak 3761.68M) | Time:495506:46:44.58 | Mem:0.00M, Peak:0.00M | Scene | Synchronizing object | WindowFactory(37858).spawn_asset(11)
Fra:1 Mem:1643.68M (Peak 3761.68M) | Time:495506:46:44.58 | Mem:0.00M, Peak:0.00M | Scene | Initializing
Fra:1 Mem:1643.68M (Peak 3761.68M) | Time:495506:46:44.58 | Mem:0.00M, Peak:0.00M | Scene | Updating Images | Loading WindowFactory(37858).spawn_asset(11)_TRANSMISSION
Fra:1 Mem:1643.71M (Peak 3761.68M) | Time:495506:46:44.86 | Mem:0.00M, Peak:0.00M | Scene | Synchronizing object | WindowFactory(37858).spawn_asset(11)
Fra:1 Mem:1643.72M (Peak 3761.68M) | Time:495506:46:44.86 | Mem:0.00M, Peak:0.00M | Scene | Initializing
Fra:1 Mem:1643.72M (Peak 3761.68M) | Time:495506:46:44.86 | Mem:0.00M, Peak:0.00M | Scene | Updating Images | Loading WindowFactory(37858).spawn_asset(11)_DIFFUSE
Fra:1 Mem:1643.75M (Peak 3761.68M) | Time:495506:46:45.26 | Mem:0.00M, Peak:0.00M | Scene | Synchronizing object | WindowFactory(37858).spawn_asset(11)
Fra:1 Mem:1643.76M (Peak 3761.68M) | Time:495506:46:45.26 | Mem:0.00M, Peak:0.00M | Scene | Initializing
Fra:1 Mem:1643.75M (Peak 3761.68M) | Time:495506:46:45.26 | Mem:0.00M, Peak:0.00M | Scene | Updating Images | Loading WindowFactory(37858).spawn_asset(11)_ROUGHNESS
Fra:1 Mem:1643.79M (Peak 3761.68M) | Time:495506:46:45.65 | Mem:0.00M, Peak:0.00M | Scene | Synchronizing object | WindowFactory(37858).spawn_asset(11)
Fra:1 Mem:1643.80M (Peak 3761.68M) | Time:495506:46:45.65 | Mem:0.00M, Peak:0.00M | Scene | Initializing
Fra:1 Mem:1643.79M (Peak 3761.68M) | Time:495506:46:45.65 | Mem:0.00M, Peak:0.00M | Scene | Updating Images | Loading WindowFactory(37858).spawn_asset(11)_NORMAL
Fra:1 Mem:1643.61M (Peak 3761.68M) | Time:495506:46:46.03 | Mem:0.00M, Peak:0.00M | Scene | Synchronizing object | WindowFactory(37858).spawn_asset(12)
Fra:1 Mem:1643.73M (Peak 3761.68M) | Time:495506:46:46.03 | Mem:0.00M, Peak:0.00M | Scene | Initializing
Fra:1 Mem:1643.73M (Peak 3761.68M) | Time:495506:46:46.03 | Mem:0.00M, Peak:0.00M | Scene | Updating Images | Loading WindowFactory(37858).spawn_asset(12)_DIFFUSE
Fra:1 Mem:1643.69M (Peak 3761.68M) | Time:495506:46:46.53 | Mem:0.00M, Peak:0.00M | Scene | Synchronizing object | WindowFactory(37858).spawn_asset(12)
Fra:1 Mem:1643.75M (Peak 3761.68M) | Time:495506:46:46.53 | Mem:0.00M, Peak:0.00M | Scene | Initializing
Fra:1 Mem:1643.75M (Peak 3761.68M) | Time:495506:46:46.53 | Mem:0.00M, Peak:0.00M | Scene | Updating Images | Loading WindowFactory(37858).spawn_asset(12)_ROUGHNESS
Fra:1 Mem:1643.72M (Peak 3761.68M) | Time:495506:46:47.02 | Mem:0.00M, Peak:0.00M | Scene | Synchronizing object | WindowFactory(37858).spawn_asset(12)
Fra:1 Mem:1643.77M (Peak 3761.68M) | Time:495506:46:47.02 | Mem:0.00M, Peak:0.00M | Scene | Initializing
Fra:1 Mem:1643.77M (Peak 3761.68M) | Time:495506:46:47.02 | Mem:0.00M, Peak:0.00M | Scene | Updating Images | Loading WindowFactory(37858).spawn_asset(12)_NORMAL
Fra:1 Mem:1644.04M (Peak 3761.68M) | Time:495506:46:47.49 | Mem:0.00M, Peak:0.00M | Scene | Synchronizing object | WindowFactory(37858).spawn_asset(13)
Fra:1 Mem:1644.06M (Peak 3761.68M) | Time:495506:46:47.49 | Mem:0.00M, Peak:0.00M | Scene | Initializing
Fra:1 Mem:1644.06M (Peak 3761.68M) | Time:495506:46:47.49 | Mem:0.00M, Peak:0.00M | Scene | Updating Images | Loading WindowFactory(37858).spawn_asset(13)_TRANSMISSION
Fra:1 Mem:1644.09M (Peak 3761.68M) | Time:495506:46:47.77 | Mem:0.00M, Peak:0.00M | Scene | Synchronizing object | WindowFactory(37858).spawn_asset(13)
Fra:1 Mem:1644.10M (Peak 3761.68M) | Time:495506:46:47.77 | Mem:0.00M, Peak:0.00M | Scene | Initializing
Fra:1 Mem:1644.10M (Peak 3761.68M) | Time:495506:46:47.77 | Mem:0.00M, Peak:0.00M | Scene | Updating Images | Loading WindowFactory(37858).spawn_asset(13)_DIFFUSE
Fra:1 Mem:1644.13M (Peak 3761.68M) | Time:495506:46:48.12 | Mem:0.00M, Peak:0.00M | Scene | Synchronizing object | WindowFactory(37858).spawn_asset(13)
Fra:1 Mem:1644.14M (Peak 3761.68M) | Time:495506:46:48.12 | Mem:0.00M, Peak:0.00M | Scene | Initializing
Fra:1 Mem:1644.13M (Peak 3761.68M) | Time:495506:46:48.12 | Mem:0.00M, Peak:0.00M | Scene | Updating Images | Loading WindowFactory(37858).spawn_asset(13)_ROUGHNESS
Fra:1 Mem:1644.17M (Peak 3761.68M) | Time:495506:46:48.47 | Mem:0.00M, Peak:0.00M | Scene | Synchronizing object | WindowFactory(37858).spawn_asset(13)
Fra:1 Mem:1644.18M (Peak 3761.68M) | Time:495506:46:48.47 | Mem:0.00M, Peak:0.00M | Scene | Initializing
Fra:1 Mem:1644.17M (Peak 3761.68M) | Time:495506:46:48.47 | Mem:0.00M, Peak:0.00M | Scene | Updating Images | Loading WindowFactory(37858).spawn_asset(13)_NORMAL
Fra:1 Mem:1644.21M (Peak 3761.68M) | Time:495506:46:48.81 | Mem:0.00M, Peak:0.00M | Scene | Synchronizing object | WindowFactory(37858).spawn_asset(14)
Fra:1 Mem:1644.22M (Peak 3761.68M) | Time:495506:46:48.81 | Mem:0.00M, Peak:0.00M | Scene | Initializing
Fra:1 Mem:1644.22M (Peak 3761.68M) | Time:495506:46:48.81 | Mem:0.00M, Peak:0.00M | Scene | Updating Images | Loading WindowFactory(37858).spawn_asset(14)_TRANSMISSION
Fra:1 Mem:1644.26M (Peak 3761.68M) | Time:495506:46:49.09 | Mem:0.00M, Peak:0.00M | Scene | Synchronizing object | WindowFactory(37858).spawn_asset(14)
Fra:1 Mem:1644.27M (Peak 3761.68M) | Time:495506:46:49.09 | Mem:0.00M, Peak:0.00M | Scene | Initializing
Fra:1 Mem:1644.26M (Peak 3761.68M) | Time:495506:46:49.09 | Mem:0.00M, Peak:0.00M | Scene | Updating Images | Loading WindowFactory(37858).spawn_asset(14)_DIFFUSE
Fra:1 Mem:1644.29M (Peak 3761.68M) | Time:495506:46:49.48 | Mem:0.00M, Peak:0.00M | Scene | Synchronizing object | WindowFactory(37858).spawn_asset(14)
Fra:1 Mem:1644.30M (Peak 3761.68M) | Time:495506:46:49.48 | Mem:0.00M, Peak:0.00M | Scene | Initializing
Fra:1 Mem:1644.30M (Peak 3761.68M) | Time:495506:46:49.48 | Mem:0.00M, Peak:0.00M | Scene | Updating Images | Loading WindowFactory(37858).spawn_asset(14)_ROUGHNESS
Fra:1 Mem:1644.33M (Peak 3761.68M) | Time:495506:46:49.87 | Mem:0.00M, Peak:0.00M | Scene | Synchronizing object | WindowFactory(37858).spawn_asset(14)
Fra:1 Mem:1644.34M (Peak 3761.68M) | Time:495506:46:49.87 | Mem:0.00M, Peak:0.00M | Scene | Initializing
Fra:1 Mem:1644.34M (Peak 3761.68M) | Time:495506:46:49.87 | Mem:0.00M, Peak:0.00M | Scene | Updating Images | Loading WindowFactory(37858).spawn_asset(14)_NORMAL
Fra:1 Mem:1645.65M (Peak 3761.68M) | Time:495506:46:50.27 | Mem:0.00M, Peak:0.00M | Scene | Synchronizing object | WindowFactory(37858).spawn_asset(2)
Fra:1 Mem:1646.67M (Peak 3761.68M) | Time:495506:46:50.27 | Mem:0.00M, Peak:0.00M | Scene | Initializing
Fra:1 Mem:1646.67M (Peak 3761.68M) | Time:495506:46:50.27 | Mem:0.00M, Peak:0.00M | Scene | Updating Images | Loading WindowFactory(37858).spawn_asset(2)_METAL
Fra:1 Mem:1646.26M (Peak 3761.68M) | Time:495506:46:50.63 | Mem:0.00M, Peak:0.00M | Scene | Synchronizing object | WindowFactory(37858).spawn_asset(2)
Fra:1 Mem:1646.75M (Peak 3761.68M) | Time:495506:46:50.63 | Mem:0.00M, Peak:0.00M | Scene | Initializing
Fra:1 Mem:1646.74M (Peak 3761.68M) | Time:495506:46:50.63 | Mem:0.00M, Peak:0.00M | Scene | Updating Images | Loading WindowFactory(37858).spawn_asset(2)_DIFFUSE
Fra:1 Mem:1646.31M (Peak 3761.68M) | Time:495506:46:51.42 | Mem:0.00M, Peak:0.00M | Scene | Synchronizing object | WindowFactory(37858).spawn_asset(2)
Fra:1 Mem:1646.80M (Peak 3761.68M) | Time:495506:46:51.42 | Mem:0.00M, Peak:0.00M | Scene | Initializing
Fra:1 Mem:1646.79M (Peak 3761.68M) | Time:495506:46:51.42 | Mem:0.00M, Peak:0.00M | Scene | Updating Images | Loading WindowFactory(37858).spawn_asset(2)_ROUGHNESS
Fra:1 Mem:1646.36M (Peak 3761.68M) | Time:495506:46:52.19 | Mem:0.00M, Peak:0.00M | Scene | Synchronizing object | WindowFactory(37858).spawn_asset(2)
Fra:1 Mem:1646.85M (Peak 3761.68M) | Time:495506:46:52.20 | Mem:0.00M, Peak:0.00M | Scene | Initializing
Fra:1 Mem:1646.84M (Peak 3761.68M) | Time:495506:46:52.20 | Mem:0.00M, Peak:0.00M | Scene | Updating Images | Loading WindowFactory(37858).spawn_asset(2)_NORMAL
Fra:1 Mem:1645.51M (Peak 3761.68M) | Time:495506:46:52.96 | Mem:0.00M, Peak:0.00M | Scene | Synchronizing object | WindowFactory(37858).spawn_asset(3)
Fra:1 Mem:1645.53M (Peak 3761.68M) | Time:495506:46:52.96 | Mem:0.00M, Peak:0.00M | Scene | Initializing
Fra:1 Mem:1645.53M (Peak 3761.68M) | Time:495506:46:52.96 | Mem:0.00M, Peak:0.00M | Scene | Updating Images | Loading WindowFactory(37858).spawn_asset(3)_TRANSMISSION
Fra:1 Mem:1645.57M (Peak 3761.68M) | Time:495506:46:53.25 | Mem:0.00M, Peak:0.00M | Scene | Synchronizing object | WindowFactory(37858).spawn_asset(3)
Fra:1 Mem:1645.58M (Peak 3761.68M) | Time:495506:46:53.25 | Mem:0.00M, Peak:0.00M | Scene | Initializing
Fra:1 Mem:1645.57M (Peak 3761.68M) | Time:495506:46:53.25 | Mem:0.00M, Peak:0.00M | Scene | Updating Images | Loading WindowFactory(37858).spawn_asset(3)_DIFFUSE
Fra:1 Mem:1645.60M (Peak 3761.68M) | Time:495506:46:53.60 | Mem:0.00M, Peak:0.00M | Scene | Synchronizing object | WindowFactory(37858).spawn_asset(3)
Fra:1 Mem:1645.61M (Peak 3761.68M) | Time:495506:46:53.60 | Mem:0.00M, Peak:0.00M | Scene | Initializing
Fra:1 Mem:1645.61M (Peak 3761.68M) | Time:495506:46:53.60 | Mem:0.00M, Peak:0.00M | Scene | Updating Images | Loading WindowFactory(37858).spawn_asset(3)_ROUGHNESS
Fra:1 Mem:1645.64M (Peak 3761.68M) | Time:495506:46:53.95 | Mem:0.00M, Peak:0.00M | Scene | Synchronizing object | WindowFactory(37858).spawn_asset(3)
Fra:1 Mem:1645.65M (Peak 3761.68M) | Time:495506:46:53.95 | Mem:0.00M, Peak:0.00M | Scene | Initializing
Fra:1 Mem:1645.65M (Peak 3761.68M) | Time:495506:46:53.95 | Mem:0.00M, Peak:0.00M | Scene | Updating Images | Loading WindowFactory(37858).spawn_asset(3)_NORMAL
Fra:1 Mem:1645.89M (Peak 3761.68M) | Time:495506:46:54.27 | Mem:0.00M, Peak:0.00M | Scene | Synchronizing object | WindowFactory(37858).spawn_asset(7)
Fra:1 Mem:1645.90M (Peak 3761.68M) | Time:495506:46:54.27 | Mem:0.00M, Peak:0.00M | Scene | Initializing
Fra:1 Mem:1645.90M (Peak 3761.68M) | Time:495506:46:54.27 | Mem:0.00M, Peak:0.00M | Scene | Updating Images | Loading WindowFactory(37858).spawn_asset(7)_TRANSMISSION
Fra:1 Mem:1645.94M (Peak 3761.68M) | Time:495506:46:54.55 | Mem:0.00M, Peak:0.00M | Scene | Synchronizing object | WindowFactory(37858).spawn_asset(7)
Fra:1 Mem:1645.95M (Peak 3761.68M) | Time:495506:46:54.55 | Mem:0.00M, Peak:0.00M | Scene | Initializing
Fra:1 Mem:1645.94M (Peak 3761.68M) | Time:495506:46:54.55 | Mem:0.00M, Peak:0.00M | Scene | Updating Images | Loading WindowFactory(37858).spawn_asset(7)_DIFFUSE
Fra:1 Mem:1645.97M (Peak 3761.68M) | Time:495506:46:54.94 | Mem:0.00M, Peak:0.00M | Scene | Synchronizing object | WindowFactory(37858).spawn_asset(7)
Fra:1 Mem:1645.98M (Peak 3761.68M) | Time:495506:46:54.94 | Mem:0.00M, Peak:0.00M | Scene | Initializing
Fra:1 Mem:1645.98M (Peak 3761.68M) | Time:495506:46:54.94 | Mem:0.00M, Peak:0.00M | Scene | Updating Images | Loading WindowFactory(37858).spawn_asset(7)_ROUGHNESS
Fra:1 Mem:1646.01M (Peak 3761.68M) | Time:495506:46:55.31 | Mem:0.00M, Peak:0.00M | Scene | Synchronizing object | WindowFactory(37858).spawn_asset(7)
Fra:1 Mem:1646.02M (Peak 3761.68M) | Time:495506:46:55.31 | Mem:0.00M, Peak:0.00M | Scene | Initializing
Fra:1 Mem:1646.02M (Peak 3761.68M) | Time:495506:46:55.31 | Mem:0.00M, Peak:0.00M | Scene | Updating Images | Loading WindowFactory(37858).spawn_asset(7)_NORMAL
Fra:1 Mem:1646.05M (Peak 3761.68M) | Time:495506:46:55.66 | Mem:0.00M, Peak:0.00M | Scene | Synchronizing object | WindowFactory(37858).spawn_asset(8)
Fra:1 Mem:1646.07M (Peak 3761.68M) | Time:495506:46:55.66 | Mem:0.00M, Peak:0.00M | Scene | Initializing
Fra:1 Mem:1646.07M (Peak 3761.68M) | Time:495506:46:55.66 | Mem:0.00M, Peak:0.00M | Scene | Updating Images | Loading WindowFactory(37858).spawn_asset(8)_TRANSMISSION
Fra:1 Mem:1646.10M (Peak 3761.68M) | Time:495506:46:55.95 | Mem:0.00M, Peak:0.00M | Scene | Synchronizing object | WindowFactory(37858).spawn_asset(8)
Fra:1 Mem:1646.11M (Peak 3761.68M) | Time:495506:46:55.95 | Mem:0.00M, Peak:0.00M | Scene | Initializing
Fra:1 Mem:1646.11M (Peak 3761.68M) | Time:495506:46:55.95 | Mem:0.00M, Peak:0.00M | Scene | Updating Images | Loading WindowFactory(37858).spawn_asset(8)_DIFFUSE
Fra:1 Mem:1646.14M (Peak 3761.68M) | Time:495506:46:56.38 | Mem:0.00M, Peak:0.00M | Scene | Synchronizing object | WindowFactory(37858).spawn_asset(8)
Fra:1 Mem:1646.15M (Peak 3761.68M) | Time:495506:46:56.38 | Mem:0.00M, Peak:0.00M | Scene | Initializing
Fra:1 Mem:1646.14M (Peak 3761.68M) | Time:495506:46:56.38 | Mem:0.00M, Peak:0.00M | Scene | Updating Images | Loading WindowFactory(37858).spawn_asset(8)_ROUGHNESS
Fra:1 Mem:1646.18M (Peak 3761.68M) | Time:495506:46:56.81 | Mem:0.00M, Peak:0.00M | Scene | Synchronizing object | WindowFactory(37858).spawn_asset(8)
Fra:1 Mem:1646.19M (Peak 3761.68M) | Time:495506:46:56.81 | Mem:0.00M, Peak:0.00M | Scene | Initializing
Fra:1 Mem:1646.18M (Peak 3761.68M) | Time:495506:46:56.81 | Mem:0.00M, Peak:0.00M | Scene | Updating Images | Loading WindowFactory(37858).spawn_asset(8)_NORMAL
Fra:1 Mem:1646.22M (Peak 3761.68M) | Time:495506:46:57.21 | Mem:0.00M, Peak:0.00M | Scene | Synchronizing object | WindowFactory(37858).spawn_asset(9)
Fra:1 Mem:1646.24M (Peak 3761.68M) | Time:495506:46:57.21 | Mem:0.00M, Peak:0.00M | Scene | Initializing
Fra:1 Mem:1646.23M (Peak 3761.68M) | Time:495506:46:57.21 | Mem:0.00M, Peak:0.00M | Scene | Updating Images | Loading WindowFactory(37858).spawn_asset(9)_TRANSMISSION
Fra:1 Mem:1646.27M (Peak 3761.68M) | Time:495506:46:57.49 | Mem:0.00M, Peak:0.00M | Scene | Synchronizing object | WindowFactory(37858).spawn_asset(9)
Fra:1 Mem:1646.28M (Peak 3761.68M) | Time:495506:46:57.49 | Mem:0.00M, Peak:0.00M | Scene | Initializing
Fra:1 Mem:1646.27M (Peak 3761.68M) | Time:495506:46:57.49 | Mem:0.00M, Peak:0.00M | Scene | Updating Images | Loading WindowFactory(37858).spawn_asset(9)_DIFFUSE
Fra:1 Mem:1646.30M (Peak 3761.68M) | Time:495506:46:57.85 | Mem:0.00M, Peak:0.00M | Scene | Synchronizing object | WindowFactory(37858).spawn_asset(9)
Fra:1 Mem:1646.31M (Peak 3761.68M) | Time:495506:46:57.85 | Mem:0.00M, Peak:0.00M | Scene | Initializing
Fra:1 Mem:1646.31M (Peak 3761.68M) | Time:495506:46:57.85 | Mem:0.00M, Peak:0.00M | Scene | Updating Images | Loading WindowFactory(37858).spawn_asset(9)_ROUGHNESS
Fra:1 Mem:1646.34M (Peak 3761.68M) | Time:495506:46:58.21 | Mem:0.00M, Peak:0.00M | Scene | Synchronizing object | WindowFactory(37858).spawn_asset(9)
Fra:1 Mem:1646.35M (Peak 3761.68M) | Time:495506:46:58.21 | Mem:0.00M, Peak:0.00M | Scene | Initializing
Fra:1 Mem:1646.35M (Peak 3761.68M) | Time:495506:46:58.21 | Mem:0.00M, Peak:0.00M | Scene | Updating Images | Loading WindowFactory(37858).spawn_asset(9)_NORMAL
Fra:1 Mem:1646.17M (Peak 3761.68M) | Time:495506:46:58.53 | Mem:0.00M, Peak:0.00M | Scene | Synchronizing object | WindowFactory(70074).spawn_asset(0)
Fra:1 Mem:1646.19M (Peak 3761.68M) | Time:495506:46:58.53 | Mem:0.00M, Peak:0.00M | Scene | Initializing
Fra:1 Mem:1646.18M (Peak 3761.68M) | Time:495506:46:58.53 | Mem:0.00M, Peak:0.00M | Scene | Updating Images | Loading WindowFactory(70074).spawn_asset(0)_TRANSMISSION
Fra:1 Mem:1646.22M (Peak 3761.68M) | Time:495506:46:58.83 | Mem:0.00M, Peak:0.00M | Scene | Synchronizing object | WindowFactory(70074).spawn_asset(0)
Fra:1 Mem:1646.23M (Peak 3761.68M) | Time:495506:46:58.83 | Mem:0.00M, Peak:0.00M | Scene | Initializing
Fra:1 Mem:1646.23M (Peak 3761.68M) | Time:495506:46:58.83 | Mem:0.00M, Peak:0.00M | Scene | Updating Images | Loading WindowFactory(70074).spawn_asset(0)_DIFFUSE
Fra:1 Mem:1646.26M (Peak 3761.68M) | Time:495506:46:59.22 | Mem:0.00M, Peak:0.00M | Scene | Synchronizing object | WindowFactory(70074).spawn_asset(0)
Fra:1 Mem:1646.27M (Peak 3761.68M) | Time:495506:46:59.22 | Mem:0.00M, Peak:0.00M | Scene | Initializing
Fra:1 Mem:1646.27M (Peak 3761.68M) | Time:495506:46:59.22 | Mem:0.00M, Peak:0.00M | Scene | Updating Images | Loading WindowFactory(70074).spawn_asset(0)_ROUGHNESS
Fra:1 Mem:1646.30M (Peak 3761.68M) | Time:495506:46:59.59 | Mem:0.00M, Peak:0.00M | Scene | Synchronizing object | WindowFactory(70074).spawn_asset(0)
Fra:1 Mem:1646.31M (Peak 3761.68M) | Time:495506:46:59.59 | Mem:0.00M, Peak:0.00M | Scene | Initializing
Fra:1 Mem:1646.30M (Peak 3761.68M) | Time:495506:46:59.59 | Mem:0.00M, Peak:0.00M | Scene | Updating Images | Loading WindowFactory(70074).spawn_asset(0)_NORMAL
Fra:1 Mem:1646.32M (Peak 3761.68M) | Time:495506:46:59.96 | Mem:0.00M, Peak:0.00M | Scene | Synchronizing object | WindowFactory(70074).spawn_asset(1)
Fra:1 Mem:1646.43M (Peak 3761.68M) | Time:495506:46:59.96 | Mem:0.00M, Peak:0.00M | Scene | Initializing
Fra:1 Mem:1646.42M (Peak 3761.68M) | Time:495506:46:59.96 | Mem:0.00M, Peak:0.00M | Scene | Updating Images | Loading WindowFactory(70074).spawn_asset(1)_DIFFUSE
Fra:1 Mem:1646.40M (Peak 3761.68M) | Time:495506:47:00.48 | Mem:0.00M, Peak:0.00M | Scene | Synchronizing object | WindowFactory(70074).spawn_asset(1)
Fra:1 Mem:1646.45M (Peak 3761.68M) | Time:495506:47:00.48 | Mem:0.00M, Peak:0.00M | Scene | Initializing
Fra:1 Mem:1646.44M (Peak 3761.68M) | Time:495506:47:00.48 | Mem:0.00M, Peak:0.00M | Scene | Updating Images | Loading WindowFactory(70074).spawn_asset(1)_ROUGHNESS
Fra:1 Mem:1646.42M (Peak 3761.68M) | Time:495506:47:00.98 | Mem:0.00M, Peak:0.00M | Scene | Synchronizing object | WindowFactory(70074).spawn_asset(1)
Fra:1 Mem:1646.47M (Peak 3761.68M) | Time:495506:47:00.98 | Mem:0.00M, Peak:0.00M | Scene | Initializing
Fra:1 Mem:1646.46M (Peak 3761.68M) | Time:495506:47:00.98 | Mem:0.00M, Peak:0.00M | Scene | Updating Images | Loading WindowFactory(70074).spawn_asset(1)_NORMAL
Fra:1 Mem:1648.32M (Peak 3761.68M) | Time:495506:47:01.53 | Mem:0.00M, Peak:0.00M | Scene | Synchronizing object | WindowFactory(70074).spawn_asset(4)
Fra:1 Mem:1649.63M (Peak 3761.68M) | Time:495506:47:01.53 | Mem:0.00M, Peak:0.00M | Scene | Initializing
Fra:1 Mem:1649.63M (Peak 3761.68M) | Time:495506:47:01.53 | Mem:0.00M, Peak:0.00M | Scene | Updating Images | Loading WindowFactory(70074).spawn_asset(4)_METAL
Fra:1 Mem:1649.11M (Peak 3761.68M) | Time:495506:47:01.84 | Mem:0.00M, Peak:0.00M | Scene | Synchronizing object | WindowFactory(70074).spawn_asset(4)
Fra:1 Mem:1649.73M (Peak 3761.68M) | Time:495506:47:01.84 | Mem:0.00M, Peak:0.00M | Scene | Initializing
Fra:1 Mem:1649.73M (Peak 3761.68M) | Time:495506:47:01.84 | Mem:0.00M, Peak:0.00M | Scene | Updating Images | Loading WindowFactory(70074).spawn_asset(4)_TRANSMISSION
Fra:1 Mem:1649.18M (Peak 3761.68M) | Time:495506:47:02.14 | Mem:0.00M, Peak:0.00M | Scene | Synchronizing object | WindowFactory(70074).spawn_asset(4)
Fra:1 Mem:1649.80M (Peak 3761.68M) | Time:495506:47:02.14 | Mem:0.00M, Peak:0.00M | Scene | Initializing
Fra:1 Mem:1649.79M (Peak 3761.68M) | Time:495506:47:02.14 | Mem:0.00M, Peak:0.00M | Scene | Updating Images | Loading WindowFactory(70074).spawn_asset(4)_DIFFUSE
Fra:1 Mem:1649.25M (Peak 3761.68M) | Time:495506:47:02.67 | Mem:0.00M, Peak:0.00M | Scene | Synchronizing object | WindowFactory(70074).spawn_asset(4)
Fra:1 Mem:1649.86M (Peak 3761.68M) | Time:495506:47:02.67 | Mem:0.00M, Peak:0.00M | Scene | Initializing
Fra:1 Mem:1649.86M (Peak 3761.68M) | Time:495506:47:02.67 | Mem:0.00M, Peak:0.00M | Scene | Updating Images | Loading WindowFactory(70074).spawn_asset(4)_ROUGHNESS
Fra:1 Mem:1649.31M (Peak 3761.68M) | Time:495506:47:03.19 | Mem:0.00M, Peak:0.00M | Scene | Synchronizing object | WindowFactory(70074).spawn_asset(4)
Fra:1 Mem:1649.93M (Peak 3761.68M) | Time:495506:47:03.19 | Mem:0.00M, Peak:0.00M | Scene | Initializing
Fra:1 Mem:1649.93M (Peak 3761.68M) | Time:495506:47:03.19 | Mem:0.00M, Peak:0.00M | Scene | Updating Images | Loading WindowFactory(70074).spawn_asset(4)_NORMAL
Fra:1 Mem:1648.27M (Peak 3761.68M) | Time:495506:47:03.69 | Mem:0.00M, Peak:0.00M | Scene | Synchronizing object | WindowFactory(70074).spawn_asset(5)
Fra:1 Mem:1648.31M (Peak 3761.68M) | Time:495506:47:03.69 | Mem:0.00M, Peak:0.00M | Scene | Initializing
Fra:1 Mem:1648.30M (Peak 3761.68M) | Time:495506:47:03.69 | Mem:0.00M, Peak:0.00M | Scene | Updating Images | Loading WindowFactory(70074).spawn_asset(5)_TRANSMISSION
Fra:1 Mem:1648.34M (Peak 3761.68M) | Time:495506:47:04.01 | Mem:0.00M, Peak:0.00M | Scene | Synchronizing object | WindowFactory(70074).spawn_asset(5)
Fra:1 Mem:1648.36M (Peak 3761.68M) | Time:495506:47:04.01 | Mem:0.00M, Peak:0.00M | Scene | Initializing
Fra:1 Mem:1648.35M (Peak 3761.68M) | Time:495506:47:04.01 | Mem:0.00M, Peak:0.00M | Scene | Updating Images | Loading WindowFactory(70074).spawn_asset(5)_DIFFUSE
Fra:1 Mem:1648.37M (Peak 3761.68M) | Time:495506:47:04.41 | Mem:0.00M, Peak:0.00M | Scene | Synchronizing object | WindowFactory(70074).spawn_asset(5)
Fra:1 Mem:1648.39M (Peak 3761.68M) | Time:495506:47:04.41 | Mem:0.00M, Peak:0.00M | Scene | Initializing
Fra:1 Mem:1648.39M (Peak 3761.68M) | Time:495506:47:04.41 | Mem:0.00M, Peak:0.00M | Scene | Updating Images | Loading WindowFactory(70074).spawn_asset(5)_ROUGHNESS
Fra:1 Mem:1648.41M (Peak 3761.68M) | Time:495506:47:04.80 | Mem:0.00M, Peak:0.00M | Scene | Synchronizing object | WindowFactory(70074).spawn_asset(5)
Fra:1 Mem:1648.43M (Peak 3761.68M) | Time:495506:47:04.80 | Mem:0.00M, Peak:0.00M | Scene | Initializing
Fra:1 Mem:1648.43M (Peak 3761.68M) | Time:495506:47:04.80 | Mem:0.00M, Peak:0.00M | Scene | Updating Images | Loading WindowFactory(70074).spawn_asset(5)_NORMAL
Fra:1 Mem:1650.12M (Peak 3761.68M) | Time:495506:47:05.17 | Mem:0.00M, Peak:0.00M | Scene | Synchronizing object | WindowFactory(70074).spawn_asset(6)
Fra:1 Mem:1651.22M (Peak 3761.68M) | Time:495506:47:05.17 | Mem:0.00M, Peak:0.00M | Scene | Initializing
Fra:1 Mem:1651.21M (Peak 3761.68M) | Time:495506:47:05.17 | Mem:0.00M, Peak:0.00M | Scene | Updating Images | Loading WindowFactory(70074).spawn_asset(6)_METAL
Fra:1 Mem:1650.80M (Peak 3761.68M) | Time:495506:47:05.47 | Mem:0.00M, Peak:0.00M | Scene | Synchronizing object | WindowFactory(70074).spawn_asset(6)
Fra:1 Mem:1651.31M (Peak 3761.68M) | Time:495506:47:05.47 | Mem:0.00M, Peak:0.00M | Scene | Initializing
Fra:1 Mem:1651.31M (Peak 3761.68M) | Time:495506:47:05.47 | Mem:0.00M, Peak:0.00M | Scene | Updating Images | Loading WindowFactory(70074).spawn_asset(6)_TRANSMISSION
Fra:1 Mem:1650.87M (Peak 3761.68M) | Time:495506:47:05.76 | Mem:0.00M, Peak:0.00M | Scene | Synchronizing object | WindowFactory(70074).spawn_asset(6)
Fra:1 Mem:1651.39M (Peak 3761.68M) | Time:495506:47:05.76 | Mem:0.00M, Peak:0.00M | Scene | Initializing
Fra:1 Mem:1651.38M (Peak 3761.68M) | Time:495506:47:05.76 | Mem:0.00M, Peak:0.00M | Scene | Updating Images | Loading WindowFactory(70074).spawn_asset(6)_DIFFUSE
Fra:1 Mem:1650.94M (Peak 3761.68M) | Time:495506:47:06.23 | Mem:0.00M, Peak:0.00M | Scene | Synchronizing object | WindowFactory(70074).spawn_asset(6)
Fra:1 Mem:1651.45M (Peak 3761.68M) | Time:495506:47:06.23 | Mem:0.00M, Peak:0.00M | Scene | Initializing
Fra:1 Mem:1651.45M (Peak 3761.68M) | Time:495506:47:06.23 | Mem:0.00M, Peak:0.00M | Scene | Updating Images | Loading WindowFactory(70074).spawn_asset(6)_ROUGHNESS
Fra:1 Mem:1651.00M (Peak 3761.68M) | Time:495506:47:06.69 | Mem:0.00M, Peak:0.00M | Scene | Synchronizing object | WindowFactory(70074).spawn_asset(6)
Fra:1 Mem:1651.52M (Peak 3761.68M) | Time:495506:47:06.69 | Mem:0.00M, Peak:0.00M | Scene | Initializing
Fra:1 Mem:1651.51M (Peak 3761.68M) | Time:495506:47:06.69 | Mem:0.00M, Peak:0.00M | Scene | Updating Images | Loading WindowFactory(70074).spawn_asset(6)_NORMAL
Fra:1 Mem:1652.29M (Peak 3761.68M) | Time:495506:47:07.32 | Mem:0.00M, Peak:0.00M | Scene | Synchronizing object | WineglassFactory(5596145).spawn_asset(2143671)
Fra:1 Mem:1660.19M (Peak 3761.68M) | Time:495506:47:07.32 | Mem:0.00M, Peak:0.00M | Scene | Initializing
Fra:1 Mem:1660.18M (Peak 3761.68M) | Time:495506:47:07.32 | Mem:0.00M, Peak:0.00M | Scene | Updating Images | Loading WineglassFactory(5596145).spawn_asset(2143671)_TRANSMISSION
Fra:1 Mem:1656.83M (Peak 3761.68M) | Time:495506:47:07.66 | Mem:0.00M, Peak:0.00M | Scene | Synchronizing object | WineglassFactory(5596145).spawn_asset(2143671)
Fra:1 Mem:1661.03M (Peak 3761.68M) | Time:495506:47:07.66 | Mem:0.00M, Peak:0.00M | Scene | Initializing
Fra:1 Mem:1661.03M (Peak 3761.68M) | Time:495506:47:07.66 | Mem:0.00M, Peak:0.00M | Scene | Updating Images | Loading WineglassFactory(5596145).spawn_asset(2143671)_DIFFUSE
Fra:1 Mem:1656.85M (Peak 3761.68M) | Time:495506:47:08.01 | Mem:0.00M, Peak:0.00M | Scene | Synchronizing object | WineglassFactory(5596145).spawn_asset(2143671)
Fra:1 Mem:1661.05M (Peak 3761.68M) | Time:495506:47:08.01 | Mem:0.00M, Peak:0.00M | Scene | Initializing
Fra:1 Mem:1661.05M (Peak 3761.68M) | Time:495506:47:08.01 | Mem:0.00M, Peak:0.00M | Scene | Updating Images | Loading WineglassFactory(5596145).spawn_asset(2143671)_ROUGHNESS
Fra:1 Mem:1656.87M (Peak 3761.68M) | Time:495506:47:08.36 | Mem:0.00M, Peak:0.00M | Scene | Synchronizing object | WineglassFactory(5596145).spawn_asset(2143671)
Fra:1 Mem:1661.07M (Peak 3761.68M) | Time:495506:47:08.36 | Mem:0.00M, Peak:0.00M | Scene | Initializing
Fra:1 Mem:1661.07M (Peak 3761.68M) | Time:495506:47:08.36 | Mem:0.00M, Peak:0.00M | Scene | Updating Images | Loading WineglassFactory(5596145).spawn_asset(2143671)_NORMAL
Fra:1 Mem:1663.39M (Peak 3761.68M) | Time:495506:47:08.83 | Mem:0.00M, Peak:0.00M | Scene | Synchronizing object | WineglassFactory(5596145).spawn_asset(2277954)
Fra:1 Mem:1671.17M (Peak 3761.68M) | Time:495506:47:08.84 | Mem:0.00M, Peak:0.00M | Scene | Initializing
Fra:1 Mem:1671.17M (Peak 3761.68M) | Time:495506:47:08.84 | Mem:0.00M, Peak:0.00M | Scene | Updating Images | Loading WineglassFactory(5596145).spawn_asset(2277954)_TRANSMISSION
Fra:1 Mem:1667.86M (Peak 3761.68M) | Time:495506:47:09.17 | Mem:0.00M, Peak:0.00M | Scene | Synchronizing object | WineglassFactory(5596145).spawn_asset(2277954)
Fra:1 Mem:1672.00M (Peak 3761.68M) | Time:495506:47:09.18 | Mem:0.00M, Peak:0.00M | Scene | Initializing
Fra:1 Mem:1672.00M (Peak 3761.68M) | Time:495506:47:09.18 | Mem:0.00M, Peak:0.00M | Scene | Updating Images | Loading WineglassFactory(5596145).spawn_asset(2277954)_DIFFUSE
Fra:1 Mem:1667.88M (Peak 3761.68M) | Time:495506:47:09.53 | Mem:0.00M, Peak:0.00M | Scene | Synchronizing object | WineglassFactory(5596145).spawn_asset(2277954)
Fra:1 Mem:1672.02M (Peak 3761.68M) | Time:495506:47:09.53 | Mem:0.00M, Peak:0.00M | Scene | Initializing
Fra:1 Mem:1672.02M (Peak 3761.68M) | Time:495506:47:09.53 | Mem:0.00M, Peak:0.00M | Scene | Updating Images | Loading WineglassFactory(5596145).spawn_asset(2277954)_ROUGHNESS
Fra:1 Mem:1667.90M (Peak 3761.68M) | Time:495506:47:09.89 | Mem:0.00M, Peak:0.00M | Scene | Synchronizing object | WineglassFactory(5596145).spawn_asset(2277954)
Fra:1 Mem:1672.04M (Peak 3761.68M) | Time:495506:47:09.89 | Mem:0.00M, Peak:0.00M | Scene | Initializing
Fra:1 Mem:1672.04M (Peak 3761.68M) | Time:495506:47:09.89 | Mem:0.00M, Peak:0.00M | Scene | Updating Images | Loading WineglassFactory(5596145).spawn_asset(2277954)_NORMAL
Fra:1 Mem:1674.37M (Peak 3761.68M) | Time:495506:47:10.36 | Mem:0.00M, Peak:0.00M | Scene | Synchronizing object | WineglassFactory(5596145).spawn_asset(5447464)
Fra:1 Mem:1682.15M (Peak 3761.68M) | Time:495506:47:10.36 | Mem:0.00M, Peak:0.00M | Scene | Initializing
Fra:1 Mem:1682.14M (Peak 3761.68M) | Time:495506:47:10.36 | Mem:0.00M, Peak:0.00M | Scene | Updating Images | Loading WineglassFactory(5596145).spawn_asset(5447464)_TRANSMISSION
Fra:1 Mem:1678.84M (Peak 3761.68M) | Time:495506:47:10.70 | Mem:0.00M, Peak:0.00M | Scene | Synchronizing object | WineglassFactory(5596145).spawn_asset(5447464)
Fra:1 Mem:1682.98M (Peak 3761.68M) | Time:495506:47:10.70 | Mem:0.00M, Peak:0.00M | Scene | Initializing
Fra:1 Mem:1682.97M (Peak 3761.68M) | Time:495506:47:10.70 | Mem:0.00M, Peak:0.00M | Scene | Updating Images | Loading WineglassFactory(5596145).spawn_asset(5447464)_DIFFUSE
Fra:1 Mem:1678.86M (Peak 3761.68M) | Time:495506:47:11.05 | Mem:0.00M, Peak:0.00M | Scene | Synchronizing object | WineglassFactory(5596145).spawn_asset(5447464)
Fra:1 Mem:1683.00M (Peak 3761.68M) | Time:495506:47:11.05 | Mem:0.00M, Peak:0.00M | Scene | Initializing
Fra:1 Mem:1683.00M (Peak 3761.68M) | Time:495506:47:11.05 | Mem:0.00M, Peak:0.00M | Scene | Updating Images | Loading WineglassFactory(5596145).spawn_asset(5447464)_ROUGHNESS
Fra:1 Mem:1678.88M (Peak 3761.68M) | Time:495506:47:11.41 | Mem:0.00M, Peak:0.00M | Scene | Synchronizing object | WineglassFactory(5596145).spawn_asset(5447464)
Fra:1 Mem:1683.02M (Peak 3761.68M) | Time:495506:47:11.42 | Mem:0.00M, Peak:0.00M | Scene | Initializing
Fra:1 Mem:1683.02M (Peak 3761.68M) | Time:495506:47:11.42 | Mem:0.00M, Peak:0.00M | Scene | Updating Images | Loading WineglassFactory(5596145).spawn_asset(5447464)_NORMAL
Fra:1 Mem:1685.38M (Peak 3761.68M) | Time:495506:47:11.89 | Mem:0.00M, Peak:0.00M | Scene | Synchronizing object | WineglassFactory(5596145).spawn_asset(5460864)
Fra:1 Mem:1693.23M (Peak 3761.68M) | Time:495506:47:11.90 | Mem:0.00M, Peak:0.00M | Scene | Initializing
Fra:1 Mem:1693.23M (Peak 3761.68M) | Time:495506:47:11.90 | Mem:0.00M, Peak:0.00M | Scene | Updating Images | Loading WineglassFactory(5596145).spawn_asset(5460864)_TRANSMISSION
Fra:1 Mem:1689.89M (Peak 3761.68M) | Time:495506:47:12.23 | Mem:0.00M, Peak:0.00M | Scene | Synchronizing object | WineglassFactory(5596145).spawn_asset(5460864)
Fra:1 Mem:1694.07M (Peak 3761.68M) | Time:495506:47:12.23 | Mem:0.00M, Peak:0.00M | Scene | Initializing
Fra:1 Mem:1694.07M (Peak 3761.68M) | Time:495506:47:12.23 | Mem:0.00M, Peak:0.00M | Scene | Updating Images | Loading WineglassFactory(5596145).spawn_asset(5460864)_DIFFUSE
Fra:1 Mem:1689.91M (Peak 3761.68M) | Time:495506:47:12.58 | Mem:0.00M, Peak:0.00M | Scene | Synchronizing object | WineglassFactory(5596145).spawn_asset(5460864)
Fra:1 Mem:1694.09M (Peak 3761.68M) | Time:495506:47:12.58 | Mem:0.00M, Peak:0.00M | Scene | Initializing
Fra:1 Mem:1694.09M (Peak 3761.68M) | Time:495506:47:12.58 | Mem:0.00M, Peak:0.00M | Scene | Updating Images | Loading WineglassFactory(5596145).spawn_asset(5460864)_ROUGHNESS
Fra:1 Mem:1689.93M (Peak 3761.68M) | Time:495506:47:12.95 | Mem:0.00M, Peak:0.00M | Scene | Synchronizing object | WineglassFactory(5596145).spawn_asset(5460864)
Fra:1 Mem:1694.12M (Peak 3761.68M) | Time:495506:47:12.95 | Mem:0.00M, Peak:0.00M | Scene | Initializing
Fra:1 Mem:1694.11M (Peak 3761.68M) | Time:495506:47:12.95 | Mem:0.00M, Peak:0.00M | Scene | Updating Images | Loading WineglassFactory(5596145).spawn_asset(5460864)_NORMAL
  adding: home/yashturkar/Workspace/infinigen/outputs/1dcacf23/spear_export_r1024/export_scene.blend/ (stored 0%)
  adding: home/yashturkar/Workspace/infinigen/outputs/1dcacf23/spear_export_r1024/export_scene.blend/textures/ (stored 0%)
  adding: home/yashturkar/Workspace/infinigen/outputs/1dcacf23/spear_export_r1024/export_scene.blend/textures/Cube_004_NORMAL.png (deflated 97%)
  adding: home/yashturkar/Workspace/infinigen/outputs/1dcacf23/spear_export_r1024/export_scene.blend/textures/WindowFactory(37858)_spawn_asset(12)_DIFFUSE.png (deflated 0%)
  adding: home/yashturkar/Workspace/infinigen/outputs/1dcacf23/spear_export_r1024/export_scene.blend/textures/CupFactory(5210659)_spawn_asset(9350808)_DIFFUSE.png (deflated 0%)
  adding: home/yashturkar/Workspace/infinigen/outputs/1dcacf23/spear_export_r1024/export_scene.blend/textures/Cube_002_DIFFUSE.png (deflated 0%)
  adding: home/yashturkar/Workspace/infinigen/outputs/1dcacf23/spear_export_r1024/export_scene.blend/textures/WindowFactory(37858)_spawn_asset(14)_DIFFUSE.png (deflated 0%)
  adding: home/yashturkar/Workspace/infinigen/outputs/1dcacf23/spear_export_r1024/export_scene.blend/textures/PanFactory(2257258)_spawn_asset(7114406)_NORMAL.png (deflated 97%)
  adding: home/yashturkar/Workspace/infinigen/outputs/1dcacf23/spear_export_r1024/export_scene.blend/textures/CeilingLightFactory(3923419)_spawn_asset(3107171)_DIFFUSE.png (deflated 98%)
  adding: home/yashturkar/Workspace/infinigen/outputs/1dcacf23/spear_export_r1024/export_scene.blend/textures/DeskLampFactory(5020655)_spawn_asset(6539788)_METAL.png (deflated 6%)
  adding: home/yashturkar/Workspace/infinigen/outputs/1dcacf23/spear_export_r1024/export_scene.blend/textures/CupFactory(5210659)_spawn_asset(9350808)_NORMAL.png (deflated 1%)
  adding: home/yashturkar/Workspace/infinigen/outputs/1dcacf23/spear_export_r1024/export_scene.blend/textures/WineglassFactory(5596145)_spawn_asset(5460864)_DIFFUSE.png (deflated 98%)
  adding: home/yashturkar/Workspace/infinigen/outputs/1dcacf23/spear_export_r1024/export_scene.blend/textures/WindowFactory(37858)_spawn_asset(12)_ROUGHNESS.png (deflated 0%)
  adding: home/yashturkar/Workspace/infinigen/outputs/1dcacf23/spear_export_r1024/export_scene.blend/textures/living-room_0_0_wall_DIFFUSE.png (deflated 1%)
  adding: home/yashturkar/Workspace/infinigen/outputs/1dcacf23/spear_export_r1024/export_scene.blend/textures/Cube_002_ROUGHNESS.png (deflated 6%)
  adding: home/yashturkar/Workspace/infinigen/outputs/1dcacf23/spear_export_r1024/export_scene.blend/textures/WindowFactory(37858)_spawn_asset(14)_ROUGHNESS.png (deflated 0%)
  adding: home/yashturkar/Workspace/infinigen/outputs/1dcacf23/spear_export_r1024/export_scene.blend/textures/PotFactory(5519756)_spawn_asset(7351968)_DIFFUSE.png (deflated 98%)
  adding: home/yashturkar/Workspace/infinigen/outputs/1dcacf23/spear_export_r1024/export_scene.blend/textures/Cube_METAL.png (deflated 98%)
  adding: home/yashturkar/Workspace/infinigen/outputs/1dcacf23/spear_export_r1024/export_scene.blend/textures/BookStackFactory(8583046)_spawn_asset(6701026)_ROUGHNESS.png (deflated 1%)
  adding: home/yashturkar/Workspace/infinigen/outputs/1dcacf23/spear_export_r1024/export_scene.blend/textures/SimpleBookcaseFactory(4177974)_spawn_asset(737126)_NORMAL.png (deflated 97%)
  adding: home/yashturkar/Workspace/infinigen/outputs/1dcacf23/spear_export_r1024/export_scene.blend/textures/WindowFactory(70074)_spawn_asset(5)_NORMAL.png (deflated 0%)
  adding: home/yashturkar/Workspace/infinigen/outputs/1dcacf23/spear_export_r1024/export_scene.blend/textures/Plane_004_ROUGHNESS.png (deflated 9%)
  adding: home/yashturkar/Workspace/infinigen/outputs/1dcacf23/spear_export_r1024/export_scene.blend/textures/Mesh_006_DIFFUSE.png (deflated 49%)
  adding: home/yashturkar/Workspace/infinigen/outputs/1dcacf23/spear_export_r1024/export_scene.blend/textures/Cube_DIFFUSE.png (deflated 0%)
  adding: home/yashturkar/Workspace/infinigen/outputs/1dcacf23/spear_export_r1024/export_scene.blend/textures/NatureShelfTrinketsFactory(1822815)_spawn_asset(1052329)_ROUGHNESS.png (deflated 6%)
  adding: home/yashturkar/Workspace/infinigen/outputs/1dcacf23/spear_export_r1024/export_scene.blend/textures/DeskLampFactory(5020655)_spawn_asset(6539788)_ROUGHNESS.png (deflated 6%)
  adding: home/yashturkar/Workspace/infinigen/outputs/1dcacf23/spear_export_r1024/export_scene.blend/textures/DeskLampFactory(1594202)_spawn_asset(1422734)_ROUGHNESS.png (deflated 7%)
  adding: home/yashturkar/Workspace/infinigen/outputs/1dcacf23/spear_export_r1024/export_scene.blend/textures/ChairFactory(9350008)_spawn_asset(2544722)_DIFFUSE.png (deflated 0%)
  adding: home/yashturkar/Workspace/infinigen/outputs/1dcacf23/spear_export_r1024/export_scene.blend/textures/SimpleBookcaseFactory(3940316)_spawn_asset(2188179)_NORMAL.png (deflated 0%)
  adding: home/yashturkar/Workspace/infinigen/outputs/1dcacf23/spear_export_r1024/export_scene.blend/textures/WindowFactory(70074)_spawn_asset(0)_NORMAL.png (deflated 0%)
  adding: home/yashturkar/Workspace/infinigen/outputs/1dcacf23/spear_export_r1024/export_scene.blend/textures/WindowFactory(37858)_spawn_asset(11)_TRANSMISSION.png (deflated 14%)
  adding: home/yashturkar/Workspace/infinigen/outputs/1dcacf23/spear_export_r1024/export_scene.blend/textures/PlateFactory(6927299)_spawn_asset(821446)_ROUGHNESS.png (deflated 3%)
  adding: home/yashturkar/Workspace/infinigen/outputs/1dcacf23/spear_export_r1024/export_scene.blend/textures/PotFactory(5519756)_spawn_asset(1794020)_DIFFUSE.png (deflated 98%)
  adding: home/yashturkar/Workspace/infinigen/outputs/1dcacf23/spear_export_r1024/export_scene.blend/textures/CeilingLightFactory(3923419)_spawn_asset(7840408)_ROUGHNESS.png (deflated 98%)
  adding: home/yashturkar/Workspace/infinigen/outputs/1dcacf23/spear_export_r1024/export_scene.blend/textures/CupFactory(9316789)_spawn_asset(7288275)_TRANSMISSION.png (deflated 8%)
  adding: home/yashturkar/Workspace/infinigen/outputs/1dcacf23/spear_export_r1024/export_scene.blend/textures/DeskLampFactory(5020655)_spawn_asset(6539788)_DIFFUSE.png (deflated 0%)
  adding: home/yashturkar/Workspace/infinigen/outputs/1dcacf23/spear_export_r1024/export_scene.blend/textures/BookColumnFactory(698314)_spawn_asset(6895957)_ROUGHNESS.png (deflated 0%)
  adding: home/yashturkar/Workspace/infinigen/outputs/1dcacf23/spear_export_r1024/export_scene.blend/textures/dining-room_0_0_floor_ROUGHNESS.png (deflated 2%)
  adding: home/yashturkar/Workspace/infinigen/outputs/1dcacf23/spear_export_r1024/export_scene.blend/textures/SpoonFactory(8551234)_spawn_asset(3304227)_DIFFUSE.png (deflated 2%)
  adding: home/yashturkar/Workspace/infinigen/outputs/1dcacf23/spear_export_r1024/export_scene.blend/textures/LiteDoorFactory(7231941)_spawn_asset(3)_METAL.png (deflated 14%)
  adding: home/yashturkar/Workspace/infinigen/outputs/1dcacf23/spear_export_r1024/export_scene.blend/textures/NatureShelfTrinketsFactory(6308163)_spawn_asset(8133800)_DIFFUSE.png (deflated 0%)
  adding: home/yashturkar/Workspace/infinigen/outputs/1dcacf23/spear_export_r1024/export_scene.blend/textures/SingleCabinetFactory(539483)_spawn_asset(4522682)_DIFFUSE.png (deflated 77%)
  adding: home/yashturkar/Workspace/infinigen/outputs/1dcacf23/spear_export_r1024/export_scene.blend/textures/bathroom_0_0_wall_NORMAL.png (deflated 0%)
  adding: home/yashturkar/Workspace/infinigen/outputs/1dcacf23/spear_export_r1024/export_scene.blend/textures/living-room_0_0_floor_ROUGHNESS.png (deflated 1%)
  adding: home/yashturkar/Workspace/infinigen/outputs/1dcacf23/spear_export_r1024/export_scene.blend/textures/Plane_002_NORMAL.png (deflated 78%)
  adding: home/yashturkar/Workspace/infinigen/outputs/1dcacf23/spear_export_r1024/export_scene.blend/textures/LargeShelfFactory(471798)_spawn_asset(922569)_ROUGHNESS.png (deflated 85%)
  adding: home/yashturkar/Workspace/infinigen/outputs/1dcacf23/spear_export_r1024/export_scene.blend/textures/WindowFactory(37858)_spawn_asset(2)_DIFFUSE.png (deflated 0%)
  adding: home/yashturkar/Workspace/infinigen/outputs/1dcacf23/spear_export_r1024/export_scene.blend/textures/CupFactory(4894636)_spawn_asset(1698985)_DIFFUSE.png (deflated 0%)
  adding: home/yashturkar/Workspace/infinigen/outputs/1dcacf23/spear_export_r1024/export_scene.blend/textures/BookStackFactory(8583046)_spawn_asset(6701026)_DIFFUSE.png (deflated 0%)
  adding: home/yashturkar/Workspace/infinigen/outputs/1dcacf23/spear_export_r1024/export_scene.blend/textures/BookColumnFactory(698314)_spawn_asset(6895957)_NORMAL.png (deflated 0%)
  adding: home/yashturkar/Workspace/infinigen/outputs/1dcacf23/spear_export_r1024/export_scene.blend/textures/WindowFactory(37858)_spawn_asset(11)_NORMAL.png (deflated 0%)
  adding: home/yashturkar/Workspace/infinigen/outputs/1dcacf23/spear_export_r1024/export_scene.blend/textures/WindowFactory(37858)_spawn_asset(9)_ROUGHNESS.png (deflated 1%)
  adding: home/yashturkar/Workspace/infinigen/outputs/1dcacf23/spear_export_r1024/export_scene.blend/textures/CupFactory(4894636)_spawn_asset(1698985)_ROUGHNESS.png (deflated 0%)
  adding: home/yashturkar/Workspace/infinigen/outputs/1dcacf23/spear_export_r1024/export_scene.blend/textures/LiteDoorFactory(7231941)_spawn_asset(3)_ROUGHNESS.png (deflated 1%)
  adding: home/yashturkar/Workspace/infinigen/outputs/1dcacf23/spear_export_r1024/export_scene.blend/textures/NatureShelfTrinketsFactory(6308163)_spawn_asset(8133800)_ROUGHNESS.png (deflated 9%)
  adding: home/yashturkar/Workspace/infinigen/outputs/1dcacf23/spear_export_r1024/export_scene.blend/textures/WindowFactory(37858)_spawn_asset(3)_NORMAL.png (deflated 1%)
  adding: home/yashturkar/Workspace/infinigen/outputs/1dcacf23/spear_export_r1024/export_scene.blend/textures/NatureShelfTrinketsFactory(2725064)_spawn_asset(186059)_DIFFUSE.png (deflated 0%)
  adding: home/yashturkar/Workspace/infinigen/outputs/1dcacf23/spear_export_r1024/export_scene.blend/textures/WineglassFactory(5596145)_spawn_asset(2277954)_TRANSMISSION.png (deflated 3%)
  adding: home/yashturkar/Workspace/infinigen/outputs/1dcacf23/spear_export_r1024/export_scene.blend/textures/Cube_008_METAL.png (deflated 11%)
  adding: home/yashturkar/Workspace/infinigen/outputs/1dcacf23/spear_export_r1024/export_scene.blend/textures/PanelDoorFactory(8400343)_spawn_asset(2)_NORMAL.png (deflated 93%)
  adding: home/yashturkar/Workspace/infinigen/outputs/1dcacf23/spear_export_r1024/export_scene.blend/textures/Mesh_006_NORMAL.png (deflated 12%)
  adding: home/yashturkar/Workspace/infinigen/outputs/1dcacf23/spear_export_r1024/export_scene.blend/textures/NatureShelfTrinketsFactory(6308163)_spawn_asset(8133800)_TRANSMISSION.png (deflated 58%)
  adding: home/yashturkar/Workspace/infinigen/outputs/1dcacf23/spear_export_r1024/export_scene.blend/textures/living-room_0_0_ceiling_DIFFUSE.png (deflated 98%)
  adding: home/yashturkar/Workspace/infinigen/outputs/1dcacf23/spear_export_r1024/export_scene.blend/textures/WineglassFactory(5596145)_spawn_asset(5447464)_NORMAL.png (deflated 92%)
  adding: home/yashturkar/Workspace/infinigen/outputs/1dcacf23/spear_export_r1024/export_scene.blend/textures/WindowFactory(37858)_spawn_asset(2)_ROUGHNESS.png (deflated 0%)
  adding: home/yashturkar/Workspace/infinigen/outputs/1dcacf23/spear_export_r1024/export_scene.blend/textures/Plane_004_NORMAL.png (deflated 94%)
  adding: home/yashturkar/Workspace/infinigen/outputs/1dcacf23/spear_export_r1024/export_scene.blend/textures/WindowFactory(37858)_spawn_asset(3)_DIFFUSE.png (deflated 1%)
  adding: home/yashturkar/Workspace/infinigen/outputs/1dcacf23/spear_export_r1024/export_scene.blend/textures/PotFactory(5519756)_spawn_asset(6048574)_DIFFUSE.png (deflated 98%)
  adding: home/yashturkar/Workspace/infinigen/outputs/1dcacf23/spear_export_r1024/export_scene.blend/textures/WindowFactory(37858)_spawn_asset(13)_TRANSMISSION.png (deflated 17%)
  adding: home/yashturkar/Workspace/infinigen/outputs/1dcacf23/spear_export_r1024/export_scene.blend/textures/bedroom_0_0_floor_NORMAL.png (deflated 97%)
  adding: home/yashturkar/Workspace/infinigen/outputs/1dcacf23/spear_export_r1024/export_scene.blend/textures/ChairFactory(9350008)_spawn_asset(8909285)_DIFFUSE.png (deflated 0%)
  adding: home/yashturkar/Workspace/infinigen/outputs/1dcacf23/spear_export_r1024/export_scene.blend/textures/PotFactory(5519756)_spawn_asset(1794020)_ROUGHNESS.png (deflated 4%)
  adding: home/yashturkar/Workspace/infinigen/outputs/1dcacf23/spear_export_r1024/export_scene.blend/textures/kitchen_0_0_floor_DIFFUSE.png (deflated 0%)
  adding: home/yashturkar/Workspace/infinigen/outputs/1dcacf23/spear_export_r1024/export_scene.blend/textures/ChopsticksFactory(8987351)_spawn_asset(3675983)_NORMAL.png (deflated 97%)
  adding: home/yashturkar/Workspace/infinigen/outputs/1dcacf23/spear_export_r1024/export_scene.blend/textures/WindowFactory(70074)_spawn_asset(4)_ROUGHNESS.png (deflated 0%)
  adding: home/yashturkar/Workspace/infinigen/outputs/1dcacf23/spear_export_r1024/export_scene.blend/textures/Plane_DIFFUSE.png (deflated 1%)
  adding: home/yashturkar/Workspace/infinigen/outputs/1dcacf23/spear_export_r1024/export_scene.blend/textures/kitchen_0_0_ceiling_DIFFUSE.png (deflated 98%)
  adding: home/yashturkar/Workspace/infinigen/outputs/1dcacf23/spear_export_r1024/export_scene.blend/textures/bedroom_0_0_wall_ROUGHNESS.png (deflated 52%)
  adding: home/yashturkar/Workspace/infinigen/outputs/1dcacf23/spear_export_r1024/export_scene.blend/textures/WineglassFactory(5596145)_spawn_asset(2277954)_DIFFUSE.png (deflated 98%)
  adding: home/yashturkar/Workspace/infinigen/outputs/1dcacf23/spear_export_r1024/export_scene.blend/textures/CeilingLightFactory(3923419)_spawn_asset(7840408)_NORMAL.png (deflated 97%)
  adding: home/yashturkar/Workspace/infinigen/outputs/1dcacf23/spear_export_r1024/export_scene.blend/textures/Mesh_009_NORMAL.png (deflated 12%)
  adding: home/yashturkar/Workspace/infinigen/outputs/1dcacf23/spear_export_r1024/export_scene.blend/textures/Cube_006_ROUGHNESS.png (deflated 0%)
  adding: home/yashturkar/Workspace/infinigen/outputs/1dcacf23/spear_export_r1024/export_scene.blend/textures/WineglassFactory(5596145)_spawn_asset(2143671)_ROUGHNESS.png (deflated 4%)
  adding: home/yashturkar/Workspace/infinigen/outputs/1dcacf23/spear_export_r1024/export_scene.blend/textures/WindowFactory(37858)_spawn_asset(7)_ROUGHNESS.png (deflated 1%)
  adding: home/yashturkar/Workspace/infinigen/outputs/1dcacf23/spear_export_r1024/export_scene.blend/textures/Plane_003_DIFFUSE.png (deflated 16%)
  adding: home/yashturkar/Workspace/infinigen/outputs/1dcacf23/spear_export_r1024/export_scene.blend/textures/WindowFactory(37858)_spawn_asset(3)_TRANSMISSION.png (deflated 18%)
  adding: home/yashturkar/Workspace/infinigen/outputs/1dcacf23/spear_export_r1024/export_scene.blend/textures/Plane_003_NORMAL.png (deflated 94%)
  adding: home/yashturkar/Workspace/infinigen/outputs/1dcacf23/spear_export_r1024/export_scene.blend/textures/bedroom_0_0_wall_METAL.png (deflated 82%)
  adding: home/yashturkar/Workspace/infinigen/outputs/1dcacf23/spear_export_r1024/export_scene.blend/textures/Cube_NORMAL.png (deflated 0%)
  adding: home/yashturkar/Workspace/infinigen/outputs/1dcacf23/spear_export_r1024/export_scene.blend/textures/living-room_0_0_ceiling_NORMAL.png (deflated 97%)
  adding: home/yashturkar/Workspace/infinigen/outputs/1dcacf23/spear_export_r1024/export_scene.blend/textures/WindowFactory(37858)_spawn_asset(13)_DIFFUSE.png (deflated 1%)
  adding: home/yashturkar/Workspace/infinigen/outputs/1dcacf23/spear_export_r1024/export_scene.blend/textures/PotFactory(5519756)_spawn_asset(6048574)_ROUGHNESS.png (deflated 5%)
  adding: home/yashturkar/Workspace/infinigen/outputs/1dcacf23/spear_export_r1024/export_scene.blend/textures/Plane_003_METAL.png (deflated 51%)
  adding: home/yashturkar/Workspace/infinigen/outputs/1dcacf23/spear_export_r1024/export_scene.blend/textures/ChopsticksFactory(8987351)_spawn_asset(3675983)_ROUGHNESS.png (deflated 41%)
  adding: home/yashturkar/Workspace/infinigen/outputs/1dcacf23/spear_export_r1024/export_scene.blend/textures/ForkFactory(2315963)_spawn_asset(945176)_DIFFUSE.png (deflated 98%)
  adding: home/yashturkar/Workspace/infinigen/outputs/1dcacf23/spear_export_r1024/export_scene.blend/textures/kitchen_0_0_ceiling_ROUGHNESS.png (deflated 98%)
  adding: home/yashturkar/Workspace/infinigen/outputs/1dcacf23/spear_export_r1024/export_scene.blend/textures/WineglassFactory(5596145)_spawn_asset(2143671)_TRANSMISSION.png (deflated 5%)
  adding: home/yashturkar/Workspace/infinigen/outputs/1dcacf23/spear_export_r1024/export_scene.blend/textures/WindowFactory(70074)_spawn_asset(1)_NORMAL.png (deflated 0%)
  adding: home/yashturkar/Workspace/infinigen/outputs/1dcacf23/spear_export_r1024/export_scene.blend/textures/dining-room_0_0_floor_NORMAL.png (deflated 26%)
  adding: home/yashturkar/Workspace/infinigen/outputs/1dcacf23/spear_export_r1024/export_scene.blend/textures/bedroom_0_0_ceiling_DIFFUSE.png (deflated 98%)
  adding: home/yashturkar/Workspace/infinigen/outputs/1dcacf23/spear_export_r1024/export_scene.blend/textures/NatureShelfTrinketsFactory(2725064)_spawn_asset(186059)_NORMAL.png (deflated 62%)
  adding: home/yashturkar/Workspace/infinigen/outputs/1dcacf23/spear_export_r1024/export_scene.blend/textures/WindowFactory(37858)_spawn_asset(14)_NORMAL.png (deflated 0%)
  adding: home/yashturkar/Workspace/infinigen/outputs/1dcacf23/spear_export_r1024/export_scene.blend/textures/PotFactory(5519756)_spawn_asset(7351968)_NORMAL.png (deflated 97%)
  adding: home/yashturkar/Workspace/infinigen/outputs/1dcacf23/spear_export_r1024/export_scene.blend/textures/WindowFactory(37858)_spawn_asset(7)_DIFFUSE.png (deflated 0%)
  adding: home/yashturkar/Workspace/infinigen/outputs/1dcacf23/spear_export_r1024/export_scene.blend/textures/kitchen_0_0_wall_NORMAL.png (deflated 0%)
  adding: home/yashturkar/Workspace/infinigen/outputs/1dcacf23/spear_export_r1024/export_scene.blend/textures/SingleCabinetFactory(539483)_spawn_asset(4522682)_ROUGHNESS.png (deflated 77%)
  adding: home/yashturkar/Workspace/infinigen/outputs/1dcacf23/spear_export_r1024/export_scene.blend/textures/LiteDoorFactory(7231941)_spawn_asset(3)_NORMAL.png (deflated 77%)
  adding: home/yashturkar/Workspace/infinigen/outputs/1dcacf23/spear_export_r1024/export_scene.blend/textures/NatureShelfTrinketsFactory(5251018)_spawn_asset(7738448)_ROUGHNESS.png (deflated 13%)
  adding: home/yashturkar/Workspace/infinigen/outputs/1dcacf23/spear_export_r1024/export_scene.blend/textures/LargePlantContainerFactory(1267201)_spawn_asset(8917137)_ROUGHNESS.png (deflated 0%)
  adding: home/yashturkar/Workspace/infinigen/outputs/1dcacf23/spear_export_r1024/export_scene.blend/textures/kitchen_0_0_wall_ROUGHNESS.png (deflated 74%)
  adding: home/yashturkar/Workspace/infinigen/outputs/1dcacf23/spear_export_r1024/export_scene.blend/textures/NatureShelfTrinketsFactory(7416356)_spawn_asset(95110)_DIFFUSE.png (deflated 0%)
  adding: home/yashturkar/Workspace/infinigen/outputs/1dcacf23/spear_export_r1024/export_scene.blend/textures/CeilingLightFactory(3923419)_spawn_asset(3218968)_NORMAL.png (deflated 97%)
  adding: home/yashturkar/Workspace/infinigen/outputs/1dcacf23/spear_export_r1024/export_scene.blend/textures/LargeShelfFactory(777787)_spawn_asset(1772171)_DIFFUSE.png (deflated 0%)
  adding: home/yashturkar/Workspace/infinigen/outputs/1dcacf23/spear_export_r1024/export_scene.blend/textures/SimpleBookcaseFactory(3940316)_spawn_asset(2188179)_ROUGHNESS.png (deflated 60%)
  adding: home/yashturkar/Workspace/infinigen/outputs/1dcacf23/spear_export_r1024/export_scene.blend/textures/Cube_008_DIFFUSE.png (deflated 12%)
  adding: home/yashturkar/Workspace/infinigen/outputs/1dcacf23/spear_export_r1024/export_scene.blend/textures/Cube_006_METAL.png (deflated 11%)
  adding: home/yashturkar/Workspace/infinigen/outputs/1dcacf23/spear_export_r1024/export_scene.blend/textures/WindowFactory(37858)_spawn_asset(10)_TRANSMISSION.png (deflated 64%)
  adding: home/yashturkar/Workspace/infinigen/outputs/1dcacf23/spear_export_r1024/export_scene.blend/textures/PanelDoorFactory(6116542)_spawn_asset(0)_NORMAL.png (deflated 0%)
  adding: home/yashturkar/Workspace/infinigen/outputs/1dcacf23/spear_export_r1024/export_scene.blend/textures/Plane_003_ROUGHNESS.png (deflated 9%)
  adding: home/yashturkar/Workspace/infinigen/outputs/1dcacf23/spear_export_r1024/export_scene.blend/textures/BézierCurve_001_DIFFUSE.png (deflated 18%)
  adding: home/yashturkar/Workspace/infinigen/outputs/1dcacf23/spear_export_r1024/export_scene.blend/textures/WineglassFactory(5596145)_spawn_asset(2143671)_DIFFUSE.png (deflated 98%)
  adding: home/yashturkar/Workspace/infinigen/outputs/1dcacf23/spear_export_r1024/export_scene.blend/textures/DeskLampFactory(1594202)_spawn_asset(1422734)_NORMAL.png (deflated 1%)
  adding: home/yashturkar/Workspace/infinigen/outputs/1dcacf23/spear_export_r1024/export_scene.blend/textures/Cube_004_TRANSMISSION.png (deflated 9%)
  adding: home/yashturkar/Workspace/infinigen/outputs/1dcacf23/spear_export_r1024/export_scene.blend/textures/PlateFactory(6927299)_spawn_asset(821446)_DIFFUSE.png (deflated 98%)
  adding: home/yashturkar/Workspace/infinigen/outputs/1dcacf23/spear_export_r1024/export_scene.blend/textures/WineglassFactory(5596145)_spawn_asset(2277954)_ROUGHNESS.png (deflated 3%)
  adding: home/yashturkar/Workspace/infinigen/outputs/1dcacf23/spear_export_r1024/export_scene.blend/textures/TableDiningFactory(1135171)_spawn_asset(9052423)_DIFFUSE.png (deflated 2%)
  adding: home/yashturkar/Workspace/infinigen/outputs/1dcacf23/spear_export_r1024/export_scene.blend/textures/dining-room_0_0_wall_NORMAL.png (deflated 14%)
  adding: home/yashturkar/Workspace/infinigen/outputs/1dcacf23/spear_export_r1024/export_scene.blend/textures/bathroom_0_0_floor_NORMAL.png (deflated 6%)
  adding: home/yashturkar/Workspace/infinigen/outputs/1dcacf23/spear_export_r1024/export_scene.blend/textures/WindowFactory(37858)_spawn_asset(11)_ROUGHNESS.png (deflated 1%)
  adding: home/yashturkar/Workspace/infinigen/outputs/1dcacf23/spear_export_r1024/export_scene.blend/textures/LargeShelfFactory(4781251)_spawn_asset(6952842)_DIFFUSE.png (deflated 0%)
  adding: home/yashturkar/Workspace/infinigen/outputs/1dcacf23/spear_export_r1024/export_scene.blend/textures/CeilingLightFactory(3923419)_spawn_asset(4684690)_ROUGHNESS.png (deflated 98%)
  adding: home/yashturkar/Workspace/infinigen/outputs/1dcacf23/spear_export_r1024/export_scene.blend/textures/WindowFactory(37858)_spawn_asset(2)_NORMAL.png (deflated 0%)
  adding: home/yashturkar/Workspace/infinigen/outputs/1dcacf23/spear_export_r1024/export_scene.blend/textures/living-room_0_0_floor_NORMAL.png (deflated 1%)
  adding: home/yashturkar/Workspace/infinigen/outputs/1dcacf23/spear_export_r1024/export_scene.blend/textures/NatureShelfTrinketsFactory(6064653)_spawn_asset(3931984)_ROUGHNESS.png (deflated 15%)
  adding: home/yashturkar/Workspace/infinigen/outputs/1dcacf23/spear_export_r1024/export_scene.blend/textures/WineglassFactory(5596145)_spawn_asset(5447464)_DIFFUSE.png (deflated 98%)
  adding: home/yashturkar/Workspace/infinigen/outputs/1dcacf23/spear_export_r1024/export_scene.blend/textures/SimpleBookcaseFactory(4177974)_spawn_asset(737126)_METAL.png (deflated 80%)
  adding: home/yashturkar/Workspace/infinigen/outputs/1dcacf23/spear_export_r1024/export_scene.blend/textures/LiteDoorFactory(7231941)_spawn_asset(1)_ROUGHNESS.png (deflated 1%)
  adding: home/yashturkar/Workspace/infinigen/outputs/1dcacf23/spear_export_r1024/export_scene.blend/textures/WindowFactory(37858)_spawn_asset(8)_ROUGHNESS.png (deflated 0%)
  adding: home/yashturkar/Workspace/infinigen/outputs/1dcacf23/spear_export_r1024/export_scene.blend/textures/NatureShelfTrinketsFactory(5889848)_spawn_asset(4221007)_ROUGHNESS.png (deflated 10%)
  adding: home/yashturkar/Workspace/infinigen/outputs/1dcacf23/spear_export_r1024/export_scene.blend/textures/TableDiningFactory(1135171)_spawn_asset(9052423)_ROUGHNESS.png (deflated 33%)
  adding: home/yashturkar/Workspace/infinigen/outputs/1dcacf23/spear_export_r1024/export_scene.blend/textures/Plane_NORMAL.png (deflated 2%)
  adding: home/yashturkar/Workspace/infinigen/outputs/1dcacf23/spear_export_r1024/export_scene.blend/textures/CeilingLightFactory(3923419)_spawn_asset(3218968)_DIFFUSE.png (deflated 98%)
  adding: home/yashturkar/Workspace/infinigen/outputs/1dcacf23/spear_export_r1024/export_scene.blend/textures/Cube_008_TRANSMISSION.png (deflated 98%)
  adding: home/yashturkar/Workspace/infinigen/outputs/1dcacf23/spear_export_r1024/export_scene.blend/textures/LiteDoorFactory(7231941)_spawn_asset(1)_TRANSMISSION.png (deflated 98%)
  adding: home/yashturkar/Workspace/infinigen/outputs/1dcacf23/spear_export_r1024/export_scene.blend/textures/kitchen_0_0_ceiling_NORMAL.png (deflated 97%)
  adding: home/yashturkar/Workspace/infinigen/outputs/1dcacf23/spear_export_r1024/export_scene.blend/textures/ChairFactory(9350008)_spawn_asset(2544722)_ROUGHNESS.png (deflated 0%)
  adding: home/yashturkar/Workspace/infinigen/outputs/1dcacf23/spear_export_r1024/export_scene.blend/textures/Cube_006_TRANSMISSION.png (deflated 98%)
  adding: home/yashturkar/Workspace/infinigen/outputs/1dcacf23/spear_export_r1024/export_scene.blend/textures/Cube_008_NORMAL.png (deflated 97%)
  adding: home/yashturkar/Workspace/infinigen/outputs/1dcacf23/spear_export_r1024/export_scene.blend/textures/Plane_001_NORMAL.png (deflated 2%)
  adding: home/yashturkar/Workspace/infinigen/outputs/1dcacf23/spear_export_r1024/export_scene.blend/textures/Cube_ROUGHNESS.png (deflated 6%)
  adding: home/yashturkar/Workspace/infinigen/outputs/1dcacf23/spear_export_r1024/export_scene.blend/textures/PanelDoorFactory(6116542)_spawn_asset(0)_METAL.png (deflated 67%)
  adding: home/yashturkar/Workspace/infinigen/outputs/1dcacf23/spear_export_r1024/export_scene.blend/textures/WindowFactory(37858)_spawn_asset(8)_TRANSMISSION.png (deflated 17%)
  adding: home/yashturkar/Workspace/infinigen/outputs/1dcacf23/spear_export_r1024/export_scene.blend/textures/CeilingLightFactory(3923419)_spawn_asset(3107171)_NORMAL.png (deflated 97%)
  adding: home/yashturkar/Workspace/infinigen/outputs/1dcacf23/spear_export_r1024/export_scene.blend/textures/CupFactory(4894636)_spawn_asset(1698985)_METAL.png (deflated 0%)
  adding: home/yashturkar/Workspace/infinigen/outputs/1dcacf23/spear_export_r1024/export_scene.blend/textures/WindowFactory(70074)_spawn_asset(6)_METAL.png (deflated 39%)
  adding: home/yashturkar/Workspace/infinigen/outputs/1dcacf23/spear_export_r1024/export_scene.blend/textures/bathroom_0_0_ceiling_DIFFUSE.png (deflated 98%)
  adding: home/yashturkar/Workspace/infinigen/outputs/1dcacf23/spear_export_r1024/export_scene.blend/textures/PanelDoorFactory(8400343)_spawn_asset(2)_ROUGHNESS.png (deflated 7%)
  adding: home/yashturkar/Workspace/infinigen/outputs/1dcacf23/spear_export_r1024/export_scene.blend/textures/dining-room_0_0_ceiling_NORMAL.png (deflated 97%)
  adding: home/yashturkar/Workspace/infinigen/outputs/1dcacf23/spear_export_r1024/export_scene.blend/textures/CupFactory(9316789)_spawn_asset(7288275)_DIFFUSE.png (deflated 7%)
  adding: home/yashturkar/Workspace/infinigen/outputs/1dcacf23/spear_export_r1024/export_scene.blend/textures/SimpleBookcaseFactory(4177974)_spawn_asset(737126)_ROUGHNESS.png (deflated 64%)
  adding: home/yashturkar/Workspace/infinigen/outputs/1dcacf23/spear_export_r1024/export_scene.blend/textures/bathroom_0_0_floor_DIFFUSE.png (deflated 0%)
  adding: home/yashturkar/Workspace/infinigen/outputs/1dcacf23/spear_export_r1024/export_scene.blend/textures/WindowFactory(70074)_spawn_asset(0)_TRANSMISSION.png (deflated 15%)
  adding: home/yashturkar/Workspace/infinigen/outputs/1dcacf23/spear_export_r1024/export_scene.blend/textures/NatureShelfTrinketsFactory(5251018)_spawn_asset(7738448)_NORMAL.png (deflated 76%)
  adding: home/yashturkar/Workspace/infinigen/outputs/1dcacf23/spear_export_r1024/export_scene.blend/textures/PotFactory(5519756)_spawn_asset(6048574)_NORMAL.png (deflated 97%)
  adding: home/yashturkar/Workspace/infinigen/outputs/1dcacf23/spear_export_r1024/export_scene.blend/textures/WindowFactory(70074)_spawn_asset(5)_DIFFUSE.png (deflated 0%)
  adding: home/yashturkar/Workspace/infinigen/outputs/1dcacf23/spear_export_r1024/export_scene.blend/textures/BézierCurve_001_ROUGHNESS.png (deflated 1%)
  adding: home/yashturkar/Workspace/infinigen/outputs/1dcacf23/spear_export_r1024/export_scene.blend/textures/bedroom_0_0_floor_DIFFUSE.png (deflated 1%)
  adding: home/yashturkar/Workspace/infinigen/outputs/1dcacf23/spear_export_r1024/export_scene.blend/textures/TableDiningFactory(1135171)_spawn_asset(9052423)_NORMAL.png (deflated 1%)
  adding: home/yashturkar/Workspace/infinigen/outputs/1dcacf23/spear_export_r1024/export_scene.blend/textures/ForkFactory(2315963)_spawn_asset(945176)_ROUGHNESS.png (deflated 7%)
  adding: home/yashturkar/Workspace/infinigen/outputs/1dcacf23/spear_export_r1024/export_scene.blend/textures/LargeShelfFactory(777787)_spawn_asset(1772171)_NORMAL.png (deflated 0%)
  adding: home/yashturkar/Workspace/infinigen/outputs/1dcacf23/spear_export_r1024/export_scene.blend/textures/PanelDoorFactory(6116542)_spawn_asset(0)_ROUGHNESS.png (deflated 5%)
  adding: home/yashturkar/Workspace/infinigen/outputs/1dcacf23/spear_export_r1024/export_scene.blend/textures/living-room_0_0_wall_ROUGHNESS.png (deflated 19%)
  adding: home/yashturkar/Workspace/infinigen/outputs/1dcacf23/spear_export_r1024/export_scene.blend/textures/WindowFactory(37858)_spawn_asset(2)_METAL.png (deflated 37%)
  adding: home/yashturkar/Workspace/infinigen/outputs/1dcacf23/spear_export_r1024/export_scene.blend/textures/living-room_0_0_wall_NORMAL.png (deflated 0%)
  adding: home/yashturkar/Workspace/infinigen/outputs/1dcacf23/spear_export_r1024/export_scene.blend/textures/KitchenCabinetFactory(9480516)_spawn_asset(5056511)_NORMAL.png (deflated 97%)
  adding: home/yashturkar/Workspace/infinigen/outputs/1dcacf23/spear_export_r1024/export_scene.blend/textures/WindowFactory(37858)_spawn_asset(9)_DIFFUSE.png (deflated 0%)
  adding: home/yashturkar/Workspace/infinigen/outputs/1dcacf23/spear_export_r1024/export_scene.blend/textures/Cube_006_NORMAL.png (deflated 97%)
  adding: home/yashturkar/Workspace/infinigen/outputs/1dcacf23/spear_export_r1024/export_scene.blend/textures/KitchenCabinetFactory(9480516)_spawn_asset(5056511)_DIFFUSE.png (deflated 66%)
  adding: home/yashturkar/Workspace/infinigen/outputs/1dcacf23/spear_export_r1024/export_scene.blend/textures/kitchen_0_0_floor_ROUGHNESS.png (deflated 0%)
  adding: home/yashturkar/Workspace/infinigen/outputs/1dcacf23/spear_export_r1024/export_scene.blend/textures/ForkFactory(2315963)_spawn_asset(945176)_NORMAL.png (deflated 97%)
  adding: home/yashturkar/Workspace/infinigen/outputs/1dcacf23/spear_export_r1024/export_scene.blend/textures/LargeShelfFactory(471798)_spawn_asset(922569)_NORMAL.png (deflated 0%)
  adding: home/yashturkar/Workspace/infinigen/outputs/1dcacf23/spear_export_r1024/export_scene.blend/textures/bedroom_0_0_wall_DIFFUSE.png (deflated 0%)
  adding: home/yashturkar/Workspace/infinigen/outputs/1dcacf23/spear_export_r1024/export_scene.blend/textures/Mesh_009_ROUGHNESS.png (deflated 4%)
  adding: home/yashturkar/Workspace/infinigen/outputs/1dcacf23/spear_export_r1024/export_scene.blend/textures/NatureShelfTrinketsFactory(6064653)_spawn_asset(3931984)_DIFFUSE.png (deflated 0%)
  adding: home/yashturkar/Workspace/infinigen/outputs/1dcacf23/spear_export_r1024/export_scene.blend/textures/PanelDoorFactory(8400343)_spawn_asset(2)_DIFFUSE.png (deflated 98%)
  adding: home/yashturkar/Workspace/infinigen/outputs/1dcacf23/spear_export_r1024/export_scene.blend/textures/WineglassFactory(5596145)_spawn_asset(5460864)_NORMAL.png (deflated 95%)
  adding: home/yashturkar/Workspace/infinigen/outputs/1dcacf23/spear_export_r1024/export_scene.blend/textures/BookColumnFactory(698314)_spawn_asset(6895957)_DIFFUSE.png (deflated 0%)
  adding: home/yashturkar/Workspace/infinigen/outputs/1dcacf23/spear_export_r1024/export_scene.blend/textures/CeilingLightFactory(3923419)_spawn_asset(7840408)_DIFFUSE.png (deflated 98%)
  adding: home/yashturkar/Workspace/infinigen/outputs/1dcacf23/spear_export_r1024/export_scene.blend/textures/WineglassFactory(5596145)_spawn_asset(2143671)_NORMAL.png (deflated 96%)
  adding: home/yashturkar/Workspace/infinigen/outputs/1dcacf23/spear_export_r1024/export_scene.blend/textures/Plane_ROUGHNESS.png (deflated 48%)
  adding: home/yashturkar/Workspace/infinigen/outputs/1dcacf23/spear_export_r1024/export_scene.blend/textures/BookColumnFactory(698314)_spawn_asset(6895957)_METAL.png (deflated 23%)
  adding: home/yashturkar/Workspace/infinigen/outputs/1dcacf23/spear_export_r1024/export_scene.blend/textures/WindowFactory(37858)_spawn_asset(10)_ROUGHNESS.png (deflated 2%)
  adding: home/yashturkar/Workspace/infinigen/outputs/1dcacf23/spear_export_r1024/export_scene.blend/textures/Cube_004_DIFFUSE.png (deflated 98%)
  adding: home/yashturkar/Workspace/infinigen/outputs/1dcacf23/spear_export_r1024/export_scene.blend/textures/WindowFactory(37858)_spawn_asset(7)_TRANSMISSION.png (deflated 14%)
  adding: home/yashturkar/Workspace/infinigen/outputs/1dcacf23/spear_export_r1024/export_scene.blend/textures/LiteDoorFactory(7231941)_spawn_asset(1)_NORMAL.png (deflated 77%)
  adding: home/yashturkar/Workspace/infinigen/outputs/1dcacf23/spear_export_r1024/export_scene.blend/textures/SimpleBookcaseFactory(3940316)_spawn_asset(2188179)_DIFFUSE.png (deflated 72%)
  adding: home/yashturkar/Workspace/infinigen/outputs/1dcacf23/spear_export_r1024/export_scene.blend/textures/kitchen_0_0_floor_NORMAL.png (deflated 97%)
  adding: home/yashturkar/Workspace/infinigen/outputs/1dcacf23/spear_export_r1024/export_scene.blend/textures/bathroom_0_0_wall_ROUGHNESS.png (deflated 0%)
  adding: home/yashturkar/Workspace/infinigen/outputs/1dcacf23/spear_export_r1024/export_scene.blend/textures/NatureShelfTrinketsFactory(5889848)_spawn_asset(4221007)_DIFFUSE.png (deflated 0%)
  adding: home/yashturkar/Workspace/infinigen/outputs/1dcacf23/spear_export_r1024/export_scene.blend/textures/NatureShelfTrinketsFactory(6308163)_spawn_asset(8133800)_NORMAL.png (deflated 97%)
  adding: home/yashturkar/Workspace/infinigen/outputs/1dcacf23/spear_export_r1024/export_scene.blend/textures/BézierCurve_NORMAL.png (deflated 32%)
  adding: home/yashturkar/Workspace/infinigen/outputs/1dcacf23/spear_export_r1024/export_scene.blend/textures/DeskLampFactory(1594202)_spawn_asset(1422734)_DIFFUSE.png (deflated 1%)
  adding: home/yashturkar/Workspace/infinigen/outputs/1dcacf23/spear_export_r1024/export_scene.blend/textures/PanelDoorFactory(6116542)_spawn_asset(4)_NORMAL.png (deflated 0%)
  adding: home/yashturkar/Workspace/infinigen/outputs/1dcacf23/spear_export_r1024/export_scene.blend/textures/Plane_001_DIFFUSE.png (deflated 1%)
  adding: home/yashturkar/Workspace/infinigen/outputs/1dcacf23/spear_export_r1024/export_scene.blend/textures/bathroom_0_0_ceiling_NORMAL.png (deflated 97%)
  adding: home/yashturkar/Workspace/infinigen/outputs/1dcacf23/spear_export_r1024/export_scene.blend/textures/bedroom_0_0_floor_ROUGHNESS.png (deflated 4%)
  adding: home/yashturkar/Workspace/infinigen/outputs/1dcacf23/spear_export_r1024/export_scene.blend/textures/WindowFactory(70074)_spawn_asset(6)_DIFFUSE.png (deflated 0%)
  adding: home/yashturkar/Workspace/infinigen/outputs/1dcacf23/spear_export_r1024/export_scene.blend/textures/CeilingLightFactory(3923419)_spawn_asset(4684690)_NORMAL.png (deflated 97%)
  adding: home/yashturkar/Workspace/infinigen/outputs/1dcacf23/spear_export_r1024/export_scene.blend/textures/WindowFactory(70074)_spawn_asset(4)_DIFFUSE.png (deflated 0%)
  adding: home/yashturkar/Workspace/infinigen/outputs/1dcacf23/spear_export_r1024/export_scene.blend/textures/WineglassFactory(5596145)_spawn_asset(5447464)_ROUGHNESS.png (deflated 2%)
  adding: home/yashturkar/Workspace/infinigen/outputs/1dcacf23/spear_export_r1024/export_scene.blend/textures/WindowFactory(70074)_spawn_asset(5)_ROUGHNESS.png (deflated 4%)
  adding: home/yashturkar/Workspace/infinigen/outputs/1dcacf23/spear_export_r1024/export_scene.blend/textures/KitchenCabinetFactory(9480516)_spawn_asset(5056511)_ROUGHNESS.png (deflated 66%)
  adding: home/yashturkar/Workspace/infinigen/outputs/1dcacf23/spear_export_r1024/export_scene.blend/textures/Mesh_006_ROUGHNESS.png (deflated 3%)
  adding: home/yashturkar/Workspace/infinigen/outputs/1dcacf23/spear_export_r1024/export_scene.blend/textures/bedroom_0_0_ceiling_ROUGHNESS.png (deflated 98%)
  adding: home/yashturkar/Workspace/infinigen/outputs/1dcacf23/spear_export_r1024/export_scene.blend/textures/PlateFactory(6927299)_spawn_asset(821446)_NORMAL.png (deflated 97%)
  adding: home/yashturkar/Workspace/infinigen/outputs/1dcacf23/spear_export_r1024/export_scene.blend/textures/Cube_004_METAL.png (deflated 98%)
  adding: home/yashturkar/Workspace/infinigen/outputs/1dcacf23/spear_export_r1024/export_scene.blend/textures/WindowFactory(70074)_spawn_asset(4)_NORMAL.png (deflated 0%)
  adding: home/yashturkar/Workspace/infinigen/outputs/1dcacf23/spear_export_r1024/export_scene.blend/textures/Cube_002_METAL.png (deflated 98%)
  adding: home/yashturkar/Workspace/infinigen/outputs/1dcacf23/spear_export_r1024/export_scene.blend/textures/BézierCurve_001_METAL.png (deflated 17%)
  adding: home/yashturkar/Workspace/infinigen/outputs/1dcacf23/spear_export_r1024/export_scene.blend/textures/PanelDoorFactory(6116542)_spawn_asset(0)_DIFFUSE.png (deflated 0%)
  adding: home/yashturkar/Workspace/infinigen/outputs/1dcacf23/spear_export_r1024/export_scene.blend/textures/bedroom_0_0_wall_NORMAL.png (deflated 0%)
  adding: home/yashturkar/Workspace/infinigen/outputs/1dcacf23/spear_export_r1024/export_scene.blend/textures/NatureShelfTrinketsFactory(1822815)_spawn_asset(1052329)_NORMAL.png (deflated 77%)
  adding: home/yashturkar/Workspace/infinigen/outputs/1dcacf23/spear_export_r1024/export_scene.blend/textures/SingleCabinetFactory(539483)_spawn_asset(4522682)_NORMAL.png (deflated 97%)
  adding: home/yashturkar/Workspace/infinigen/outputs/1dcacf23/spear_export_r1024/export_scene.blend/textures/WindowFactory(70074)_spawn_asset(0)_DIFFUSE.png (deflated 0%)
  adding: home/yashturkar/Workspace/infinigen/outputs/1dcacf23/spear_export_r1024/export_scene.blend/textures/CupFactory(9316789)_spawn_asset(7288275)_NORMAL.png (deflated 70%)
  adding: home/yashturkar/Workspace/infinigen/outputs/1dcacf23/spear_export_r1024/export_scene.blend/textures/dining-room_0_0_ceiling_ROUGHNESS.png (deflated 98%)
  adding: home/yashturkar/Workspace/infinigen/outputs/1dcacf23/spear_export_r1024/export_scene.blend/textures/PanelDoorFactory(8400343)_spawn_asset(2)_TRANSMISSION.png (deflated 7%)
  adding: home/yashturkar/Workspace/infinigen/outputs/1dcacf23/spear_export_r1024/export_scene.blend/textures/WineglassFactory(5596145)_spawn_asset(5447464)_TRANSMISSION.png (deflated 3%)
  adding: home/yashturkar/Workspace/infinigen/outputs/1dcacf23/spear_export_r1024/export_scene.blend/textures/PotFactory(5519756)_spawn_asset(7351968)_TRANSMISSION.png (deflated 6%)
  adding: home/yashturkar/Workspace/infinigen/outputs/1dcacf23/spear_export_r1024/export_scene.blend/textures/WindowFactory(37858)_spawn_asset(13)_NORMAL.png (deflated 1%)
  adding: home/yashturkar/Workspace/infinigen/outputs/1dcacf23/spear_export_r1024/export_scene.blend/textures/PotFactory(5519756)_spawn_asset(6048574)_TRANSMISSION.png (deflated 6%)
  adding: home/yashturkar/Workspace/infinigen/outputs/1dcacf23/spear_export_r1024/export_scene.blend/textures/LargeShelfFactory(4781251)_spawn_asset(6952842)_ROUGHNESS.png (deflated 79%)
  adding: home/yashturkar/Workspace/infinigen/outputs/1dcacf23/spear_export_r1024/export_scene.blend/textures/WindowFactory(37858)_spawn_asset(10)_DIFFUSE.png (deflated 1%)
  adding: home/yashturkar/Workspace/infinigen/outputs/1dcacf23/spear_export_r1024/export_scene.blend/textures/WindowFactory(37858)_spawn_asset(8)_DIFFUSE.png (deflated 0%)
  adding: home/yashturkar/Workspace/infinigen/outputs/1dcacf23/spear_export_r1024/export_scene.blend/textures/WindowFactory(37858)_spawn_asset(9)_NORMAL.png (deflated 0%)
  adding: home/yashturkar/Workspace/infinigen/outputs/1dcacf23/spear_export_r1024/export_scene.blend/textures/WindowFactory(70074)_spawn_asset(4)_METAL.png (deflated 45%)
  adding: home/yashturkar/Workspace/infinigen/outputs/1dcacf23/spear_export_r1024/export_scene.blend/textures/NatureShelfTrinketsFactory(5251018)_spawn_asset(7738448)_DIFFUSE.png (deflated 0%)
  adding: home/yashturkar/Workspace/infinigen/outputs/1dcacf23/spear_export_r1024/export_scene.blend/textures/NatureShelfTrinketsFactory(5889848)_spawn_asset(4221007)_NORMAL.png (deflated 85%)
  adding: home/yashturkar/Workspace/infinigen/outputs/1dcacf23/spear_export_r1024/export_scene.blend/textures/Cube_002_NORMAL.png (deflated 0%)
  adding: home/yashturkar/Workspace/infinigen/outputs/1dcacf23/spear_export_r1024/export_scene.blend/textures/ChopsticksFactory(8987351)_spawn_asset(3675983)_DIFFUSE.png (deflated 39%)
  adding: home/yashturkar/Workspace/infinigen/outputs/1dcacf23/spear_export_r1024/export_scene.blend/textures/LiteDoorFactory(7231941)_spawn_asset(1)_METAL.png (deflated 14%)
  adding: home/yashturkar/Workspace/infinigen/outputs/1dcacf23/spear_export_r1024/export_scene.blend/textures/CeilingLightFactory(3923419)_spawn_asset(3218968)_ROUGHNESS.png (deflated 98%)
  adding: home/yashturkar/Workspace/infinigen/outputs/1dcacf23/spear_export_r1024/export_scene.blend/textures/WindowFactory(70074)_spawn_asset(1)_DIFFUSE.png (deflated 1%)
  adding: home/yashturkar/Workspace/infinigen/outputs/1dcacf23/spear_export_r1024/export_scene.blend/textures/LiteDoorFactory(7231941)_spawn_asset(3)_DIFFUSE.png (deflated 11%)
  adding: home/yashturkar/Workspace/infinigen/outputs/1dcacf23/spear_export_r1024/export_scene.blend/textures/LargeShelfFactory(777787)_spawn_asset(1772171)_ROUGHNESS.png (deflated 86%)
  adding: home/yashturkar/Workspace/infinigen/outputs/1dcacf23/spear_export_r1024/export_scene.blend/textures/ChairFactory(9350008)_spawn_asset(2544722)_NORMAL.png (deflated 0%)
  adding: home/yashturkar/Workspace/infinigen/outputs/1dcacf23/spear_export_r1024/export_scene.blend/textures/Plane_002_DIFFUSE.png (deflated 98%)
  adding: home/yashturkar/Workspace/infinigen/outputs/1dcacf23/spear_export_r1024/export_scene.blend/textures/WindowFactory(70074)_spawn_asset(0)_ROUGHNESS.png (deflated 7%)
  adding: home/yashturkar/Workspace/infinigen/outputs/1dcacf23/spear_export_r1024/export_scene.blend/textures/LargePlantContainerFactory(1267201)_spawn_asset(8917137)_NORMAL.png (deflated 97%)
  adding: home/yashturkar/Workspace/infinigen/outputs/1dcacf23/spear_export_r1024/export_scene.blend/textures/PanelDoorFactory(6116542)_spawn_asset(4)_METAL.png (deflated 76%)
  adding: home/yashturkar/Workspace/infinigen/outputs/1dcacf23/spear_export_r1024/export_scene.blend/textures/dining-room_0_0_wall_ROUGHNESS.png (deflated 0%)
  adding: home/yashturkar/Workspace/infinigen/outputs/1dcacf23/spear_export_r1024/export_scene.blend/textures/CupFactory(5210659)_spawn_asset(9350808)_METAL.png (deflated 0%)
  adding: home/yashturkar/Workspace/infinigen/outputs/1dcacf23/spear_export_r1024/export_scene.blend/textures/Mesh_006_METAL.png (deflated 43%)
  adding: home/yashturkar/Workspace/infinigen/outputs/1dcacf23/spear_export_r1024/export_scene.blend/textures/WindowFactory(70074)_spawn_asset(6)_NORMAL.png (deflated 0%)
  adding: home/yashturkar/Workspace/infinigen/outputs/1dcacf23/spear_export_r1024/export_scene.blend/textures/WineglassFactory(5596145)_spawn_asset(5460864)_TRANSMISSION.png (deflated 5%)
  adding: home/yashturkar/Workspace/infinigen/outputs/1dcacf23/spear_export_r1024/export_scene.blend/textures/WindowFactory(37858)_spawn_asset(12)_NORMAL.png (deflated 0%)
  adding: home/yashturkar/Workspace/infinigen/outputs/1dcacf23/spear_export_r1024/export_scene.blend/textures/WineglassFactory(5596145)_spawn_asset(2277954)_NORMAL.png (deflated 94%)
  adding: home/yashturkar/Workspace/infinigen/outputs/1dcacf23/spear_export_r1024/export_scene.blend/textures/NatureShelfTrinketsFactory(2725064)_spawn_asset(186059)_ROUGHNESS.png (deflated 8%)
  adding: home/yashturkar/Workspace/infinigen/outputs/1dcacf23/spear_export_r1024/export_scene.blend/textures/NatureShelfTrinketsFactory(3754231)_spawn_asset(5460116)_NORMAL.png (deflated 30%)
  adding: home/yashturkar/Workspace/infinigen/outputs/1dcacf23/spear_export_r1024/export_scene.blend/textures/PanFactory(2257258)_spawn_asset(7114406)_DIFFUSE.png (deflated 2%)
  adding: home/yashturkar/Workspace/infinigen/outputs/1dcacf23/spear_export_r1024/export_scene.blend/textures/NatureShelfTrinketsFactory(3754231)_spawn_asset(5460116)_ROUGHNESS.png (deflated 81%)
  adding: home/yashturkar/Workspace/infinigen/outputs/1dcacf23/spear_export_r1024/export_scene.blend/textures/ChairFactory(9350008)_spawn_asset(8909285)_NORMAL.png (deflated 0%)
  adding: home/yashturkar/Workspace/infinigen/outputs/1dcacf23/spear_export_r1024/export_scene.blend/textures/dining-room_0_0_floor_DIFFUSE.png (deflated 7%)
  adding: home/yashturkar/Workspace/infinigen/outputs/1dcacf23/spear_export_r1024/export_scene.blend/textures/WindowFactory(37858)_spawn_asset(13)_ROUGHNESS.png (deflated 2%)
  adding: home/yashturkar/Workspace/infinigen/outputs/1dcacf23/spear_export_r1024/export_scene.blend/textures/TableDiningFactory(1135171)_spawn_asset(9052423)_TRANSMISSION.png (deflated 57%)
  adding: home/yashturkar/Workspace/infinigen/outputs/1dcacf23/spear_export_r1024/export_scene.blend/textures/PlateFactory(6927299)_spawn_asset(821446)_TRANSMISSION.png (deflated 3%)
  adding: home/yashturkar/Workspace/infinigen/outputs/1dcacf23/spear_export_r1024/export_scene.blend/textures/PanFactory(2257258)_spawn_asset(7114406)_ROUGHNESS.png (deflated 3%)
  adding: home/yashturkar/Workspace/infinigen/outputs/1dcacf23/spear_export_r1024/export_scene.blend/textures/WindowFactory(37858)_spawn_asset(7)_NORMAL.png (deflated 0%)
  adding: home/yashturkar/Workspace/infinigen/outputs/1dcacf23/spear_export_r1024/export_scene.blend/textures/SpoonFactory(8551234)_spawn_asset(3304227)_ROUGHNESS.png (deflated 3%)
  adding: home/yashturkar/Workspace/infinigen/outputs/1dcacf23/spear_export_r1024/export_scene.blend/textures/Plane_004_METAL.png (deflated 51%)
  adding: home/yashturkar/Workspace/infinigen/outputs/1dcacf23/spear_export_r1024/export_scene.blend/textures/LargeShelfFactory(471798)_spawn_asset(922569)_DIFFUSE.png (deflated 0%)
  adding: home/yashturkar/Workspace/infinigen/outputs/1dcacf23/spear_export_r1024/export_scene.blend/textures/kitchen_0_0_wall_DIFFUSE.png (deflated 0%)
  adding: home/yashturkar/Workspace/infinigen/outputs/1dcacf23/spear_export_r1024/export_scene.blend/textures/bathroom_0_0_floor_ROUGHNESS.png (deflated 4%)
  adding: home/yashturkar/Workspace/infinigen/outputs/1dcacf23/spear_export_r1024/export_scene.blend/textures/WindowFactory(37858)_spawn_asset(11)_DIFFUSE.png (deflated 0%)
  adding: home/yashturkar/Workspace/infinigen/outputs/1dcacf23/spear_export_r1024/export_scene.blend/textures/WindowFactory(70074)_spawn_asset(5)_TRANSMISSION.png (deflated 9%)
  adding: home/yashturkar/Workspace/infinigen/outputs/1dcacf23/spear_export_r1024/export_scene.blend/textures/NatureShelfTrinketsFactory(1822815)_spawn_asset(1052329)_DIFFUSE.png (deflated 0%)
  adding: home/yashturkar/Workspace/infinigen/outputs/1dcacf23/spear_export_r1024/export_scene.blend/textures/Plane_004_DIFFUSE.png (deflated 52%)
  adding: home/yashturkar/Workspace/infinigen/outputs/1dcacf23/spear_export_r1024/export_scene.blend/textures/CeilingLightFactory(3923419)_spawn_asset(3107171)_ROUGHNESS.png (deflated 98%)
  adding: home/yashturkar/Workspace/infinigen/outputs/1dcacf23/spear_export_r1024/export_scene.blend/textures/WindowFactory(70074)_spawn_asset(6)_ROUGHNESS.png (deflated 3%)
  adding: home/yashturkar/Workspace/infinigen/outputs/1dcacf23/spear_export_r1024/export_scene.blend/textures/CupFactory(4894636)_spawn_asset(1698985)_NORMAL.png (deflated 0%)
  adding: home/yashturkar/Workspace/infinigen/outputs/1dcacf23/spear_export_r1024/export_scene.blend/textures/LiteDoorFactory(7231941)_spawn_asset(3)_TRANSMISSION.png (deflated 98%)
  adding: home/yashturkar/Workspace/infinigen/outputs/1dcacf23/spear_export_r1024/export_scene.blend/textures/WindowFactory(37858)_spawn_asset(3)_ROUGHNESS.png (deflated 11%)
  adding: home/yashturkar/Workspace/infinigen/outputs/1dcacf23/spear_export_r1024/export_scene.blend/textures/PotFactory(5519756)_spawn_asset(1794020)_TRANSMISSION.png (deflated 5%)
  adding: home/yashturkar/Workspace/infinigen/outputs/1dcacf23/spear_export_r1024/export_scene.blend/textures/living-room_0_0_wall_METAL.png (deflated 81%)
  adding: home/yashturkar/Workspace/infinigen/outputs/1dcacf23/spear_export_r1024/export_scene.blend/textures/PanelDoorFactory(6116542)_spawn_asset(4)_DIFFUSE.png (deflated 0%)
  adding: home/yashturkar/Workspace/infinigen/outputs/1dcacf23/spear_export_r1024/export_scene.blend/textures/dining-room_0_0_wall_DIFFUSE.png (deflated 0%)
  adding: home/yashturkar/Workspace/infinigen/outputs/1dcacf23/spear_export_r1024/export_scene.blend/textures/LiteDoorFactory(7231941)_spawn_asset(1)_DIFFUSE.png (deflated 2%)
  adding: home/yashturkar/Workspace/infinigen/outputs/1dcacf23/spear_export_r1024/export_scene.blend/textures/WindowFactory(37858)_spawn_asset(10)_NORMAL.png (deflated 0%)
  adding: home/yashturkar/Workspace/infinigen/outputs/1dcacf23/spear_export_r1024/export_scene.blend/textures/BézierCurve_ROUGHNESS.png (deflated 1%)
  adding: home/yashturkar/Workspace/infinigen/outputs/1dcacf23/spear_export_r1024/export_scene.blend/textures/living-room_0_0_ceiling_ROUGHNESS.png (deflated 98%)
  adding: home/yashturkar/Workspace/infinigen/outputs/1dcacf23/spear_export_r1024/export_scene.blend/textures/WindowFactory(70074)_spawn_asset(6)_TRANSMISSION.png (deflated 61%)
  adding: home/yashturkar/Workspace/infinigen/outputs/1dcacf23/spear_export_r1024/export_scene.blend/textures/NatureShelfTrinketsFactory(3754231)_spawn_asset(5460116)_DIFFUSE.png (deflated 0%)
  adding: home/yashturkar/Workspace/infinigen/outputs/1dcacf23/spear_export_r1024/export_scene.blend/textures/Plane_002_TRANSMISSION.png (deflated 51%)
  adding: home/yashturkar/Workspace/infinigen/outputs/1dcacf23/spear_export_r1024/export_scene.blend/textures/Cube_008_ROUGHNESS.png (deflated 0%)
  adding: home/yashturkar/Workspace/infinigen/outputs/1dcacf23/spear_export_r1024/export_scene.blend/textures/CupFactory(5210659)_spawn_asset(9350808)_ROUGHNESS.png (deflated 0%)
  adding: home/yashturkar/Workspace/infinigen/outputs/1dcacf23/spear_export_r1024/export_scene.blend/textures/dining-room_0_0_ceiling_DIFFUSE.png (deflated 98%)
  adding: home/yashturkar/Workspace/infinigen/outputs/1dcacf23/spear_export_r1024/export_scene.blend/textures/DeskLampFactory(5020655)_spawn_asset(6539788)_NORMAL.png (deflated 0%)
  adding: home/yashturkar/Workspace/infinigen/outputs/1dcacf23/spear_export_r1024/export_scene.blend/textures/LargePlantContainerFactory(1267201)_spawn_asset(8917137)_DIFFUSE.png (deflated 0%)
  adding: home/yashturkar/Workspace/infinigen/outputs/1dcacf23/spear_export_r1024/export_scene.blend/textures/WindowFactory(37858)_spawn_asset(10)_METAL.png (deflated 61%)
  adding: home/yashturkar/Workspace/infinigen/outputs/1dcacf23/spear_export_r1024/export_scene.blend/textures/Mesh_009_METAL.png (deflated 43%)
  adding: home/yashturkar/Workspace/infinigen/outputs/1dcacf23/spear_export_r1024/export_scene.blend/textures/NatureShelfTrinketsFactory(7416356)_spawn_asset(95110)_ROUGHNESS.png (deflated 6%)
  adding: home/yashturkar/Workspace/infinigen/outputs/1dcacf23/spear_export_r1024/export_scene.blend/textures/bathroom_0_0_wall_DIFFUSE.png (deflated 0%)
  adding: home/yashturkar/Workspace/infinigen/outputs/1dcacf23/spear_export_r1024/export_scene.blend/textures/NatureShelfTrinketsFactory(6064653)_spawn_asset(3931984)_NORMAL.png (deflated 50%)
  adding: home/yashturkar/Workspace/infinigen/outputs/1dcacf23/spear_export_r1024/export_scene.blend/textures/SpoonFactory(8551234)_spawn_asset(3304227)_NORMAL.png (deflated 0%)
  adding: home/yashturkar/Workspace/infinigen/outputs/1dcacf23/spear_export_r1024/export_scene.blend/textures/WindowFactory(37858)_spawn_asset(14)_TRANSMISSION.png (deflated 20%)
  adding: home/yashturkar/Workspace/infinigen/outputs/1dcacf23/spear_export_r1024/export_scene.blend/textures/Plane_002_ROUGHNESS.png (deflated 52%)
  adding: home/yashturkar/Workspace/infinigen/outputs/1dcacf23/spear_export_r1024/export_scene.blend/textures/SimpleBookcaseFactory(3940316)_spawn_asset(2188179)_METAL.png (deflated 87%)
  adding: home/yashturkar/Workspace/infinigen/outputs/1dcacf23/spear_export_r1024/export_scene.blend/textures/WindowFactory(37858)_spawn_asset(9)_TRANSMISSION.png (deflated 24%)
  adding: home/yashturkar/Workspace/infinigen/outputs/1dcacf23/spear_export_r1024/export_scene.blend/textures/WineglassFactory(5596145)_spawn_asset(5460864)_ROUGHNESS.png (deflated 4%)
  adding: home/yashturkar/Workspace/infinigen/outputs/1dcacf23/spear_export_r1024/export_scene.blend/textures/BézierCurve_METAL.png (deflated 17%)
  adding: home/yashturkar/Workspace/infinigen/outputs/1dcacf23/spear_export_r1024/export_scene.blend/textures/Cube_006_DIFFUSE.png (deflated 0%)
  adding: home/yashturkar/Workspace/infinigen/outputs/1dcacf23/spear_export_r1024/export_scene.blend/textures/BookStackFactory(8583046)_spawn_asset(6701026)_NORMAL.png (deflated 0%)
  adding: home/yashturkar/Workspace/infinigen/outputs/1dcacf23/spear_export_r1024/export_scene.blend/textures/WindowFactory(37858)_spawn_asset(8)_NORMAL.png (deflated 0%)
  adding: home/yashturkar/Workspace/infinigen/outputs/1dcacf23/spear_export_r1024/export_scene.blend/textures/PotFactory(5519756)_spawn_asset(7351968)_ROUGHNESS.png (deflated 5%)
  adding: home/yashturkar/Workspace/infinigen/outputs/1dcacf23/spear_export_r1024/export_scene.blend/textures/NatureShelfTrinketsFactory(7416356)_spawn_asset(95110)_NORMAL.png (deflated 32%)
  adding: home/yashturkar/Workspace/infinigen/outputs/1dcacf23/spear_export_r1024/export_scene.blend/textures/Plane_001_ROUGHNESS.png (deflated 48%)
  adding: home/yashturkar/Workspace/infinigen/outputs/1dcacf23/spear_export_r1024/export_scene.blend/textures/Mesh_009_DIFFUSE.png (deflated 46%)
  adding: home/yashturkar/Workspace/infinigen/outputs/1dcacf23/spear_export_r1024/export_scene.blend/textures/PanelDoorFactory(8400343)_spawn_asset(2)_METAL.png (deflated 98%)
  adding: home/yashturkar/Workspace/infinigen/outputs/1dcacf23/spear_export_r1024/export_scene.blend/textures/bathroom_0_0_ceiling_ROUGHNESS.png (deflated 98%)
  adding: home/yashturkar/Workspace/infinigen/outputs/1dcacf23/spear_export_r1024/export_scene.blend/textures/BézierCurve_DIFFUSE.png (deflated 18%)
  adding: home/yashturkar/Workspace/infinigen/outputs/1dcacf23/spear_export_r1024/export_scene.blend/textures/WindowFactory(70074)_spawn_asset(1)_ROUGHNESS.png (deflated 2%)
  adding: home/yashturkar/Workspace/infinigen/outputs/1dcacf23/spear_export_r1024/export_scene.blend/textures/DeskLampFactory(1594202)_spawn_asset(1422734)_TRANSMISSION.png (deflated 98%)
  adding: home/yashturkar/Workspace/infinigen/outputs/1dcacf23/spear_export_r1024/export_scene.blend/textures/BézierCurve_001_NORMAL.png (deflated 32%)
  adding: home/yashturkar/Workspace/infinigen/outputs/1dcacf23/spear_export_r1024/export_scene.blend/textures/LargeShelfFactory(4781251)_spawn_asset(6952842)_NORMAL.png (deflated 1%)
  adding: home/yashturkar/Workspace/infinigen/outputs/1dcacf23/spear_export_r1024/export_scene.blend/textures/WindowFactory(70074)_spawn_asset(4)_TRANSMISSION.png (deflated 38%)
  adding: home/yashturkar/Workspace/infinigen/outputs/1dcacf23/spear_export_r1024/export_scene.blend/textures/PotFactory(5519756)_spawn_asset(1794020)_NORMAL.png (deflated 97%)
  adding: home/yashturkar/Workspace/infinigen/outputs/1dcacf23/spear_export_r1024/export_scene.blend/textures/Cube_004_ROUGHNESS.png (deflated 9%)
  adding: home/yashturkar/Workspace/infinigen/outputs/1dcacf23/spear_export_r1024/export_scene.blend/textures/CupFactory(9316789)_spawn_asset(7288275)_ROUGHNESS.png (deflated 6%)
  adding: home/yashturkar/Workspace/infinigen/outputs/1dcacf23/spear_export_r1024/export_scene.blend/textures/SimpleBookcaseFactory(4177974)_spawn_asset(737126)_DIFFUSE.png (deflated 42%)
  adding: home/yashturkar/Workspace/infinigen/outputs/1dcacf23/spear_export_r1024/export_scene.blend/textures/CeilingLightFactory(3923419)_spawn_asset(4684690)_DIFFUSE.png (deflated 98%)
  adding: home/yashturkar/Workspace/infinigen/outputs/1dcacf23/spear_export_r1024/export_scene.blend/textures/BookStackFactory(8583046)_spawn_asset(6701026)_METAL.png (deflated 49%)
  adding: home/yashturkar/Workspace/infinigen/outputs/1dcacf23/spear_export_r1024/export_scene.blend/textures/bedroom_0_0_ceiling_NORMAL.png (deflated 97%)
  adding: home/yashturkar/Workspace/infinigen/outputs/1dcacf23/spear_export_r1024/export_scene.blend/textures/ForkFactory(2315963)_spawn_asset(945176)_TRANSMISSION.png (deflated 6%)
  adding: home/yashturkar/Workspace/infinigen/outputs/1dcacf23/spear_export_r1024/export_scene.blend/textures/ChairFactory(9350008)_spawn_asset(8909285)_ROUGHNESS.png (deflated 0%)
  adding: home/yashturkar/Workspace/infinigen/outputs/1dcacf23/spear_export_r1024/export_scene.blend/textures/PanelDoorFactory(6116542)_spawn_asset(4)_ROUGHNESS.png (deflated 25%)
  adding: home/yashturkar/Workspace/infinigen/outputs/1dcacf23/spear_export_r1024/export_scene.blend/textures/living-room_0_0_floor_DIFFUSE.png (deflated 0%)
  adding: home/yashturkar/Workspace/infinigen/outputs/1dcacf23/spear_export_r1024/export_scene.blend/export_scene.fbx (deflated 6%)
Info: Baking map saved to internal image, save it externally or pack it
Info: Baking map saved to internal image, save it externally or pack it
Info: Baking map saved to internal image, save it externally or pack it
Info: Baking map saved to internal image, save it externally or pack it
Info: Baking map saved to internal image, save it externally or pack it
Info: Baking map saved to internal image, save it externally or pack it
Info: Baking map saved to internal image, save it externally or pack it
Info: Baking map saved to internal image, save it externally or pack it
Info: Baking map saved to internal image, save it externally or pack it
Info: Baking map saved to internal image, save it externally or pack it
Info: Baking map saved to internal image, save it externally or pack it
Info: Baking map saved to internal image, save it externally or pack it
Info: Baking map saved to internal image, save it externally or pack it
Info: Baking map saved to internal image, save it externally or pack it
Info: Baking map saved to internal image, save it externally or pack it
Info: Baking map saved to internal image, save it externally or pack it
Info: Baking map saved to internal image, save it externally or pack it
Info: Baking map saved to internal image, save it externally or pack it
Info: Baking map saved to internal image, save it externally or pack it
Info: Baking map saved to internal image, save it externally or pack it
Info: Baking map saved to internal image, save it externally or pack it
Info: Baking map saved to internal image, save it externally or pack it
Info: Baking map saved to internal image, save it externally or pack it
Info: Baking map saved to internal image, save it externally or pack it
Info: Baking map saved to internal image, save it externally or pack it
Info: Baking map saved to internal image, save it externally or pack it
Info: Baking map saved to internal image, save it externally or pack it
Info: Baking map saved to internal image, save it externally or pack it
Info: Baking map saved to internal image, save it externally or pack it
Info: Baking map saved to internal image, save it externally or pack it
Info: Baking map saved to internal image, save it externally or pack it
Info: Baking map saved to internal image, save it externally or pack it
Info: Baking map saved to internal image, save it externally or pack it
Info: Baking map saved to internal image, save it externally or pack it
Info: Baking map saved to internal image, save it externally or pack it
Info: Baking map saved to internal image, save it externally or pack it
Info: Baking map saved to internal image, save it externally or pack it
Info: Baking map saved to internal image, save it externally or pack it
Info: Baking map saved to internal image, save it externally or pack it
Info: Baking map saved to internal image, save it externally or pack it
Info: Baking map saved to internal image, save it externally or pack it
Info: Baking map saved to internal image, save it externally or pack it
Info: Baking map saved to internal image, save it externally or pack it
Info: Baking map saved to internal image, save it externally or pack it
Info: Baking map saved to internal image, save it externally or pack it
Info: Baking map saved to internal image, save it externally or pack it
Info: Baking map saved to internal image, save it externally or pack it
Info: Baking map saved to internal image, save it externally or pack it
Info: Baking map saved to internal image, save it externally or pack it
Info: Baking map saved to internal image, save it externally or pack it
Info: Baking map saved to internal image, save it externally or pack it
Info: Baking map saved to internal image, save it externally or pack it
Info: Baking map saved to internal image, save it externally or pack it
Info: Baking map saved to internal image, save it externally or pack it
Info: Baking map saved to internal image, save it externally or pack it
Info: Baking map saved to internal image, save it externally or pack it
Info: Baking map saved to internal image, save it externally or pack it
Info: Baking map saved to internal image, save it externally or pack it
Info: Baking map saved to internal image, save it externally or pack it
Info: Baking map saved to internal image, save it externally or pack it
Info: Baking map saved to internal image, save it externally or pack it
Info: Baking map saved to internal image, save it externally or pack it
Info: Baking map saved to internal image, save it externally or pack it
Info: Baking map saved to internal image, save it externally or pack it
Info: Baking map saved to internal image, save it externally or pack it
Info: Baking map saved to internal image, save it externally or pack it
Info: Baking map saved to internal image, save it externally or pack it
Info: Baking map saved to internal image, save it externally or pack it
Info: Baking map saved to internal image, save it externally or pack it
Info: Baking map saved to internal image, save it externally or pack it
Info: Baking map saved to internal image, save it externally or pack it
Info: Baking map saved to internal image, save it externally or pack it
Info: Baking map saved to internal image, save it externally or pack it
Info: Baking map saved to internal image, save it externally or pack it
Info: Baking map saved to internal image, save it externally or pack it
Info: Baking map saved to internal image, save it externally or pack it
Info: Baking map saved to internal image, save it externally or pack it
Info: Baking map saved to internal image, save it externally or pack it
Info: Baking map saved to internal image, save it externally or pack it
Info: Baking map saved to internal image, save it externally or pack it
Info: Baking map saved to internal image, save it externally or pack it
Info: Baking map saved to internal image, save it externally or pack it
Info: Baking map saved to internal image, save it externally or pack it
Info: Baking map saved to internal image, save it externally or pack it
Info: Baking map saved to internal image, save it externally or pack it
Info: Baking map saved to internal image, save it externally or pack it
Info: Baking map saved to internal image, save it externally or pack it
Info: Baking map saved to internal image, save it externally or pack it
Info: Baking map saved to internal image, save it externally or pack it
Info: Baking map saved to internal image, save it externally or pack it
Info: Baking map saved to internal image, save it externally or pack it
Info: Baking map saved to internal image, save it externally or pack it
Info: Baking map saved to internal image, save it externally or pack it
Info: Baking map saved to internal image, save it externally or pack it
Info: Baking map saved to internal image, save it externally or pack it
Info: Baking map saved to internal image, save it externally or pack it
Info: Baking map saved to internal image, save it externally or pack it
Info: Baking map saved to internal image, save it externally or pack it
Info: Baking map saved to internal image, save it externally or pack it
Info: Baking map saved to internal image, save it externally or pack it
Info: Baking map saved to internal image, save it externally or pack it
Info: Baking map saved to internal image, save it externally or pack it
Info: Baking map saved to internal image, save it externally or pack it
Info: Baking map saved to internal image, save it externally or pack it
Info: Baking map saved to internal image, save it externally or pack it
Info: Baking map saved to internal image, save it externally or pack it
Info: Baking map saved to internal image, save it externally or pack it
Info: Baking map saved to internal image, save it externally or pack it

FBX export starting... '/home/yashturkar/Workspace/infinigen/outputs/1dcacf23/spear_export_r1024/export_scene.blend/export_scene.fbx'
export finished in 19.0508 sec.
Skipping non-blend file /home/yashturkar/Workspace/infinigen/outputs/1dcacf23/fine/scene.blend1
Skipping non-blend file /home/yashturkar/Workspace/infinigen/outputs/1dcacf23/fine/version.txt
