/home/yashturkar/Workspace/infinigen/infinigen/tools/export.py:27: UserWarning: coacd could not be imported. Some features may be unavailable.
  warnings.warn("coacd could not be imported. Some features may be unavailable.")
Read blend: "/home/yashturkar/Workspace/infinigen/outputs/infinigen_indoors_kitchen/coarse/scene.blend"
Fra:1 Mem:133.96M (Peak 254.51M) | Time:495480:18:56.38 | Mem:0.00M, Peak:0.00M | Scene | Synchronizing object | bathroom_0/0.ceiling
Fra:1 Mem:133.96M (Peak 254.51M) | Time:495480:18:56.38 | Mem:0.00M, Peak:0.00M | Scene | Initializing
Fra:1 Mem:133.95M (Peak 254.51M) | Time:495480:18:56.38 | Mem:0.00M, Peak:0.00M | Scene | Updating Images | Loading bathroom_0/0.ceiling_DIFFUSE
Fra:1 Mem:133.98M (Peak 280.17M) | Time:495480:18:56.65 | Mem:0.00M, Peak:0.00M | Scene | Synchronizing object | bathroom_0/0.ceiling
Fra:1 Mem:133.98M (Peak 280.17M) | Time:495480:18:56.65 | Mem:0.00M, Peak:0.00M | Scene | Initializing
Fra:1 Mem:133.98M (Peak 280.17M) | Time:495480:18:56.65 | Mem:0.00M, Peak:0.00M | Scene | Updating Images | Loading bathroom_0/0.ceiling_ROUGHNESS
Fra:1 Mem:134.00M (Peak 280.17M) | Time:495480:18:56.95 | Mem:0.00M, Peak:0.00M | Scene | Synchronizing object | bathroom_0/0.ceiling
Fra:1 Mem:134.01M (Peak 280.17M) | Time:495480:18:56.95 | Mem:0.00M, Peak:0.00M | Scene | Initializing
Fra:1 Mem:134.00M (Peak 280.17M) | Time:495480:18:56.95 | Mem:0.00M, Peak:0.00M | Scene | Updating Images | Loading bathroom_0/0.ceiling_NORMAL
Fra:1 Mem:136.08M (Peak 280.22M) | Time:495480:18:57.27 | Mem:0.00M, Peak:0.00M | Scene | Synchronizing object | bathroom_0/0.floor
Fra:1 Mem:136.08M (Peak 280.22M) | Time:495480:18:57.27 | Mem:0.00M, Peak:0.00M | Scene | Initializing
Fra:1 Mem:136.08M (Peak 280.22M) | Time:495480:18:57.27 | Mem:0.00M, Peak:0.00M | Scene | Updating Images | Loading bathroom_0/0.floor_DIFFUSE
Fra:1 Mem:136.10M (Peak 282.31M) | Time:495480:18:57.69 | Mem:0.00M, Peak:0.00M | Scene | Synchronizing object | bathroom_0/0.floor
Fra:1 Mem:136.10M (Peak 282.31M) | Time:495480:18:57.69 | Mem:0.00M, Peak:0.00M | Scene | Initializing
Fra:1 Mem:136.10M (Peak 282.31M) | Time:495480:18:57.69 | Mem:0.00M, Peak:0.00M | Scene | Updating Images | Loading bathroom_0/0.floor_ROUGHNESS
Fra:1 Mem:136.12M (Peak 282.31M) | Time:495480:18:58.08 | Mem:0.00M, Peak:0.00M | Scene | Synchronizing object | bathroom_0/0.floor
Fra:1 Mem:136.13M (Peak 282.31M) | Time:495480:18:58.08 | Mem:0.00M, Peak:0.00M | Scene | Initializing
Fra:1 Mem:136.12M (Peak 282.31M) | Time:495480:18:58.08 | Mem:0.00M, Peak:0.00M | Scene | Updating Images | Loading bathroom_0/0.floor_NORMAL
Fra:1 Mem:138.66M (Peak 282.36M) | Time:495480:18:58.51 | Mem:0.00M, Peak:0.00M | Scene | Synchronizing object | bathroom_0/0.wall
Fra:1 Mem:138.71M (Peak 282.36M) | Time:495480:18:58.51 | Mem:0.00M, Peak:0.00M | Scene | Initializing
Fra:1 Mem:138.70M (Peak 282.36M) | Time:495480:18:58.51 | Mem:0.00M, Peak:0.00M | Scene | Updating Images | Loading bathroom_0/0.wall_DIFFUSE
Fra:1 Mem:138.72M (Peak 285.00M) | Time:495480:18:59.02 | Mem:0.00M, Peak:0.00M | Scene | Synchronizing object | bathroom_0/0.wall
Fra:1 Mem:138.75M (Peak 285.00M) | Time:495480:18:59.02 | Mem:0.00M, Peak:0.00M | Scene | Initializing
Fra:1 Mem:138.75M (Peak 285.00M) | Time:495480:18:59.02 | Mem:0.00M, Peak:0.00M | Scene | Updating Images | Loading bathroom_0/0.wall_ROUGHNESS
Fra:1 Mem:138.75M (Peak 285.00M) | Time:495480:18:59.49 | Mem:0.00M, Peak:0.00M | Scene | Synchronizing object | bathroom_0/0.wall
Fra:1 Mem:138.79M (Peak 285.00M) | Time:495480:18:59.49 | Mem:0.00M, Peak:0.00M | Scene | Initializing
Fra:1 Mem:138.78M (Peak 285.00M) | Time:495480:18:59.49 | Mem:0.00M, Peak:0.00M | Scene | Updating Images | Loading bathroom_0/0.wall_NORMAL
Fra:1 Mem:134.31M (Peak 285.08M) | Time:495480:19:00.04 | Mem:0.00M, Peak:0.00M | Scene | Synchronizing object | bedroom_0/0.ceiling
Fra:1 Mem:134.32M (Peak 285.08M) | Time:495480:19:00.04 | Mem:0.00M, Peak:0.00M | Scene | Initializing
Fra:1 Mem:134.31M (Peak 285.08M) | Time:495480:19:00.04 | Mem:0.00M, Peak:0.00M | Scene | Updating Images | Loading bedroom_0/0.ceiling_DIFFUSE
Fra:1 Mem:134.34M (Peak 285.08M) | Time:495480:19:00.33 | Mem:0.00M, Peak:0.00M | Scene | Synchronizing object | bedroom_0/0.ceiling
Fra:1 Mem:134.34M (Peak 285.08M) | Time:495480:19:00.33 | Mem:0.00M, Peak:0.00M | Scene | Initializing
Fra:1 Mem:134.34M (Peak 285.08M) | Time:495480:19:00.33 | Mem:0.00M, Peak:0.00M | Scene | Updating Images | Loading bedroom_0/0.ceiling_ROUGHNESS
Fra:1 Mem:134.36M (Peak 285.08M) | Time:495480:19:00.61 | Mem:0.00M, Peak:0.00M | Scene | Synchronizing object | bedroom_0/0.ceiling
Fra:1 Mem:134.36M (Peak 285.08M) | Time:495480:19:00.61 | Mem:0.00M, Peak:0.00M | Scene | Initializing
Fra:1 Mem:134.36M (Peak 285.08M) | Time:495480:19:00.61 | Mem:0.00M, Peak:0.00M | Scene | Updating Images | Loading bedroom_0/0.ceiling_NORMAL
Fra:1 Mem:136.17M (Peak 285.08M) | Time:495480:19:00.91 | Mem:0.00M, Peak:0.00M | Scene | Synchronizing object | bedroom_0/0.floor
Fra:1 Mem:136.18M (Peak 285.08M) | Time:495480:19:00.91 | Mem:0.00M, Peak:0.00M | Scene | Initializing
Fra:1 Mem:136.18M (Peak 285.08M) | Time:495480:19:00.91 | Mem:0.00M, Peak:0.00M | Scene | Updating Images | Loading bedroom_0/0.floor_DIFFUSE
Fra:1 Mem:136.19M (Peak 285.08M) | Time:495480:19:01.35 | Mem:0.00M, Peak:0.00M | Scene | Synchronizing object | bedroom_0/0.floor
Fra:1 Mem:136.20M (Peak 285.08M) | Time:495480:19:01.35 | Mem:0.00M, Peak:0.00M | Scene | Initializing
Fra:1 Mem:136.20M (Peak 285.08M) | Time:495480:19:01.35 | Mem:0.00M, Peak:0.00M | Scene | Updating Images | Loading bedroom_0/0.floor_ROUGHNESS
Fra:1 Mem:136.22M (Peak 285.08M) | Time:495480:19:01.77 | Mem:0.00M, Peak:0.00M | Scene | Synchronizing object | bedroom_0/0.floor
Fra:1 Mem:136.22M (Peak 285.08M) | Time:495480:19:01.77 | Mem:0.00M, Peak:0.00M | Scene | Initializing
Fra:1 Mem:136.22M (Peak 285.08M) | Time:495480:19:01.77 | Mem:0.00M, Peak:0.00M | Scene | Updating Images | Loading bedroom_0/0.floor_NORMAL
Fra:1 Mem:136.30M (Peak 285.08M) | Time:495480:19:02.23 | Mem:0.00M, Peak:0.00M | Scene | Synchronizing object | bedroom_0/0.wall
Fra:1 Mem:136.40M (Peak 285.08M) | Time:495480:19:02.23 | Mem:0.00M, Peak:0.00M | Scene | Initializing
Fra:1 Mem:136.40M (Peak 285.08M) | Time:495480:19:02.23 | Mem:0.00M, Peak:0.00M | Scene | Updating Images | Loading bedroom_0/0.wall_DIFFUSE
Fra:1 Mem:136.37M (Peak 285.08M) | Time:495480:19:02.66 | Mem:0.00M, Peak:0.00M | Scene | Synchronizing object | bedroom_0/0.wall
Fra:1 Mem:136.44M (Peak 285.08M) | Time:495480:19:02.66 | Mem:0.00M, Peak:0.00M | Scene | Initializing
Fra:1 Mem:136.44M (Peak 285.08M) | Time:495480:19:02.66 | Mem:0.00M, Peak:0.00M | Scene | Updating Images | Loading bedroom_0/0.wall_ROUGHNESS
Fra:1 Mem:136.40M (Peak 285.08M) | Time:495480:19:03.08 | Mem:0.00M, Peak:0.00M | Scene | Synchronizing object | bedroom_0/0.wall
Fra:1 Mem:136.48M (Peak 285.08M) | Time:495480:19:03.08 | Mem:0.00M, Peak:0.00M | Scene | Initializing
Fra:1 Mem:136.48M (Peak 285.08M) | Time:495480:19:03.08 | Mem:0.00M, Peak:0.00M | Scene | Updating Images | Loading bedroom_0/0.wall_NORMAL
Fra:1 Mem:135.44M (Peak 285.08M) | Time:495480:19:03.53 | Mem:0.00M, Peak:0.00M | Scene | Synchronizing object | Cube
Fra:1 Mem:135.48M (Peak 285.08M) | Time:495480:19:03.53 | Mem:0.00M, Peak:0.00M | Scene | Initializing
Fra:1 Mem:135.48M (Peak 285.08M) | Time:495480:19:03.53 | Mem:0.00M, Peak:0.00M | Scene | Updating Images | Loading Cube_DIFFUSE
Fra:1 Mem:135.50M (Peak 285.08M) | Time:495480:19:03.93 | Mem:0.00M, Peak:0.00M | Scene | Synchronizing object | Cube
Fra:1 Mem:135.52M (Peak 285.08M) | Time:495480:19:03.93 | Mem:0.00M, Peak:0.00M | Scene | Initializing
Fra:1 Mem:135.51M (Peak 285.08M) | Time:495480:19:03.93 | Mem:0.00M, Peak:0.00M | Scene | Updating Images | Loading Cube_ROUGHNESS
Fra:1 Mem:135.53M (Peak 285.08M) | Time:495480:19:04.34 | Mem:0.00M, Peak:0.00M | Scene | Synchronizing object | Cube
Fra:1 Mem:135.55M (Peak 285.08M) | Time:495480:19:04.34 | Mem:0.00M, Peak:0.00M | Scene | Initializing
Fra:1 Mem:135.55M (Peak 285.08M) | Time:495480:19:04.34 | Mem:0.00M, Peak:0.00M | Scene | Updating Images | Loading Cube_NORMAL
Fra:1 Mem:135.70M (Peak 285.08M) | Time:495480:19:04.71 | Mem:0.00M, Peak:0.00M | Scene | Synchronizing object | Cube.002
Fra:1 Mem:135.74M (Peak 285.08M) | Time:495480:19:04.71 | Mem:0.00M, Peak:0.00M | Scene | Initializing
Fra:1 Mem:135.74M (Peak 285.08M) | Time:495480:19:04.71 | Mem:0.00M, Peak:0.00M | Scene | Updating Images | Loading Cube.002_DIFFUSE
Fra:1 Mem:135.76M (Peak 285.08M) | Time:495480:19:05.12 | Mem:0.00M, Peak:0.00M | Scene | Synchronizing object | Cube.002
Fra:1 Mem:135.78M (Peak 285.08M) | Time:495480:19:05.12 | Mem:0.00M, Peak:0.00M | Scene | Initializing
Fra:1 Mem:135.78M (Peak 285.08M) | Time:495480:19:05.12 | Mem:0.00M, Peak:0.00M | Scene | Updating Images | Loading Cube.002_ROUGHNESS
Fra:1 Mem:135.79M (Peak 285.08M) | Time:495480:19:05.52 | Mem:0.00M, Peak:0.00M | Scene | Synchronizing object | Cube.002
Fra:1 Mem:135.82M (Peak 285.08M) | Time:495480:19:05.52 | Mem:0.00M, Peak:0.00M | Scene | Initializing
Fra:1 Mem:135.81M (Peak 285.08M) | Time:495480:19:05.52 | Mem:0.00M, Peak:0.00M | Scene | Updating Images | Loading Cube.002_NORMAL
Fra:1 Mem:135.81M (Peak 285.08M) | Time:495480:19:05.91 | Mem:0.00M, Peak:0.00M | Scene | Synchronizing object | Cube.004
Fra:1 Mem:135.84M (Peak 285.08M) | Time:495480:19:05.91 | Mem:0.00M, Peak:0.00M | Scene | Initializing
Fra:1 Mem:135.84M (Peak 285.08M) | Time:495480:19:05.91 | Mem:0.00M, Peak:0.00M | Scene | Updating Images | Loading Cube.004_TRANSMISSION
Fra:1 Mem:135.87M (Peak 285.08M) | Time:495480:19:06.29 | Mem:0.00M, Peak:0.00M | Scene | Synchronizing object | Cube.004
Fra:1 Mem:135.89M (Peak 285.08M) | Time:495480:19:06.29 | Mem:0.00M, Peak:0.00M | Scene | Initializing
Fra:1 Mem:135.89M (Peak 285.08M) | Time:495480:19:06.29 | Mem:0.00M, Peak:0.00M | Scene | Updating Images | Loading Cube.004_DIFFUSE
Fra:1 Mem:135.91M (Peak 285.08M) | Time:495480:19:06.67 | Mem:0.00M, Peak:0.00M | Scene | Synchronizing object | Cube.004
Fra:1 Mem:135.93M (Peak 285.08M) | Time:495480:19:06.67 | Mem:0.00M, Peak:0.00M | Scene | Initializing
Fra:1 Mem:135.92M (Peak 285.08M) | Time:495480:19:06.67 | Mem:0.00M, Peak:0.00M | Scene | Updating Images | Loading Cube.004_ROUGHNESS
Fra:1 Mem:135.94M (Peak 285.08M) | Time:495480:19:07.05 | Mem:0.00M, Peak:0.00M | Scene | Synchronizing object | Cube.004
Fra:1 Mem:135.96M (Peak 285.08M) | Time:495480:19:07.05 | Mem:0.00M, Peak:0.00M | Scene | Initializing
Fra:1 Mem:135.96M (Peak 285.08M) | Time:495480:19:07.05 | Mem:0.00M, Peak:0.00M | Scene | Updating Images | Loading Cube.004_NORMAL
Fra:1 Mem:135.98M (Peak 285.08M) | Time:495480:19:07.38 | Mem:0.00M, Peak:0.00M | Scene | Synchronizing object | Cube.006
Fra:1 Mem:136.02M (Peak 285.08M) | Time:495480:19:07.38 | Mem:0.00M, Peak:0.00M | Scene | Initializing
Fra:1 Mem:136.01M (Peak 285.08M) | Time:495480:19:07.38 | Mem:0.00M, Peak:0.00M | Scene | Updating Images | Loading Cube.006_TRANSMISSION
Fra:1 Mem:136.04M (Peak 285.08M) | Time:495480:19:07.75 | Mem:0.00M, Peak:0.00M | Scene | Synchronizing object | Cube.006
Fra:1 Mem:136.07M (Peak 285.08M) | Time:495480:19:07.75 | Mem:0.00M, Peak:0.00M | Scene | Initializing
Fra:1 Mem:136.06M (Peak 285.08M) | Time:495480:19:07.75 | Mem:0.00M, Peak:0.00M | Scene | Updating Images | Loading Cube.006_DIFFUSE
Fra:1 Mem:136.08M (Peak 285.08M) | Time:495480:19:08.13 | Mem:0.00M, Peak:0.00M | Scene | Synchronizing object | Cube.006
Fra:1 Mem:136.10M (Peak 285.08M) | Time:495480:19:08.13 | Mem:0.00M, Peak:0.00M | Scene | Initializing
Fra:1 Mem:136.10M (Peak 285.08M) | Time:495480:19:08.13 | Mem:0.00M, Peak:0.00M | Scene | Updating Images | Loading Cube.006_ROUGHNESS
Fra:1 Mem:136.13M (Peak 285.08M) | Time:495480:19:08.51 | Mem:0.00M, Peak:0.00M | Scene | Synchronizing object | Cube.006
Fra:1 Mem:136.16M (Peak 285.08M) | Time:495480:19:08.51 | Mem:0.00M, Peak:0.00M | Scene | Initializing
Fra:1 Mem:136.15M (Peak 285.08M) | Time:495480:19:08.51 | Mem:0.00M, Peak:0.00M | Scene | Updating Images | Loading Cube.006_NORMAL
Fra:1 Mem:136.35M (Peak 285.08M) | Time:495480:19:08.83 | Mem:0.00M, Peak:0.00M | Scene | Synchronizing object | Cube.008
Fra:1 Mem:136.37M (Peak 285.08M) | Time:495480:19:08.83 | Mem:0.00M, Peak:0.00M | Scene | Initializing
Fra:1 Mem:136.36M (Peak 285.08M) | Time:495480:19:08.83 | Mem:0.00M, Peak:0.00M | Scene | Updating Images | Loading Cube.008_METAL
Fra:1 Mem:136.44M (Peak 285.08M) | Time:495480:19:09.14 | Mem:0.00M, Peak:0.00M | Scene | Synchronizing object | Cube.008
Fra:1 Mem:136.44M (Peak 285.08M) | Time:495480:19:09.14 | Mem:0.00M, Peak:0.00M | Scene | Initializing
Fra:1 Mem:136.44M (Peak 285.08M) | Time:495480:19:09.14 | Mem:0.00M, Peak:0.00M | Scene | Updating Images | Loading Cube.008_TRANSMISSION
Fra:1 Mem:136.49M (Peak 285.08M) | Time:495480:19:09.46 | Mem:0.00M, Peak:0.00M | Scene | Synchronizing object | Cube.008
Fra:1 Mem:136.50M (Peak 285.08M) | Time:495480:19:09.46 | Mem:0.00M, Peak:0.00M | Scene | Initializing
Fra:1 Mem:136.49M (Peak 285.08M) | Time:495480:19:09.46 | Mem:0.00M, Peak:0.00M | Scene | Updating Images | Loading Cube.008_DIFFUSE
Fra:1 Mem:136.54M (Peak 285.08M) | Time:495480:19:09.94 | Mem:0.00M, Peak:0.00M | Scene | Synchronizing object | Cube.008
Fra:1 Mem:136.55M (Peak 285.08M) | Time:495480:19:09.94 | Mem:0.00M, Peak:0.00M | Scene | Initializing
Fra:1 Mem:136.54M (Peak 285.08M) | Time:495480:19:09.94 | Mem:0.00M, Peak:0.00M | Scene | Updating Images | Loading Cube.008_ROUGHNESS
Fra:1 Mem:136.59M (Peak 285.08M) | Time:495480:19:10.41 | Mem:0.00M, Peak:0.00M | Scene | Synchronizing object | Cube.008
Fra:1 Mem:136.60M (Peak 285.08M) | Time:495480:19:10.41 | Mem:0.00M, Peak:0.00M | Scene | Initializing
Fra:1 Mem:136.59M (Peak 285.08M) | Time:495480:19:10.41 | Mem:0.00M, Peak:0.00M | Scene | Updating Images | Loading Cube.008_NORMAL
Fra:1 Mem:136.02M (Peak 285.08M) | Time:495480:19:10.71 | Mem:0.00M, Peak:0.00M | Scene | Synchronizing object | dining-room_0/0.ceiling
Fra:1 Mem:136.02M (Peak 285.08M) | Time:495480:19:10.71 | Mem:0.00M, Peak:0.00M | Scene | Initializing
Fra:1 Mem:136.02M (Peak 285.08M) | Time:495480:19:10.71 | Mem:0.00M, Peak:0.00M | Scene | Updating Images | Loading dining-room_0/0.ceiling_DIFFUSE
Fra:1 Mem:136.04M (Peak 285.08M) | Time:495480:19:11.00 | Mem:0.00M, Peak:0.00M | Scene | Synchronizing object | dining-room_0/0.ceiling
Fra:1 Mem:136.05M (Peak 285.08M) | Time:495480:19:11.00 | Mem:0.00M, Peak:0.00M | Scene | Initializing
Fra:1 Mem:136.04M (Peak 285.08M) | Time:495480:19:11.00 | Mem:0.00M, Peak:0.00M | Scene | Updating Images | Loading dining-room_0/0.ceiling_ROUGHNESS
Fra:1 Mem:136.07M (Peak 285.08M) | Time:495480:19:11.28 | Mem:0.00M, Peak:0.00M | Scene | Synchronizing object | dining-room_0/0.ceiling
Fra:1 Mem:136.07M (Peak 285.08M) | Time:495480:19:11.28 | Mem:0.00M, Peak:0.00M | Scene | Initializing
Fra:1 Mem:136.07M (Peak 285.08M) | Time:495480:19:11.28 | Mem:0.00M, Peak:0.00M | Scene | Updating Images | Loading dining-room_0/0.ceiling_NORMAL
Fra:1 Mem:137.32M (Peak 285.08M) | Time:495480:19:11.58 | Mem:0.00M, Peak:0.00M | Scene | Synchronizing object | dining-room_0/0.floor
Fra:1 Mem:137.32M (Peak 285.08M) | Time:495480:19:11.58 | Mem:0.00M, Peak:0.00M | Scene | Initializing
Fra:1 Mem:137.32M (Peak 285.08M) | Time:495480:19:11.58 | Mem:0.00M, Peak:0.00M | Scene | Updating Images | Loading dining-room_0/0.floor_DIFFUSE
Fra:1 Mem:137.34M (Peak 285.08M) | Time:495480:19:11.99 | Mem:0.00M, Peak:0.00M | Scene | Synchronizing object | dining-room_0/0.floor
Fra:1 Mem:137.35M (Peak 285.08M) | Time:495480:19:11.99 | Mem:0.00M, Peak:0.00M | Scene | Initializing
Fra:1 Mem:137.34M (Peak 285.08M) | Time:495480:19:11.99 | Mem:0.00M, Peak:0.00M | Scene | Updating Images | Loading dining-room_0/0.floor_ROUGHNESS
Fra:1 Mem:137.37M (Peak 285.08M) | Time:495480:19:12.37 | Mem:0.00M, Peak:0.00M | Scene | Synchronizing object | dining-room_0/0.floor
Fra:1 Mem:137.37M (Peak 285.08M) | Time:495480:19:12.37 | Mem:0.00M, Peak:0.00M | Scene | Initializing
Fra:1 Mem:137.36M (Peak 285.08M) | Time:495480:19:12.37 | Mem:0.00M, Peak:0.00M | Scene | Updating Images | Loading dining-room_0/0.floor_NORMAL
Fra:1 Mem:136.32M (Peak 285.08M) | Time:495480:19:12.77 | Mem:0.00M, Peak:0.00M | Scene | Synchronizing object | dining-room_0/0.wall
Fra:1 Mem:136.34M (Peak 285.08M) | Time:495480:19:12.77 | Mem:0.00M, Peak:0.00M | Scene | Initializing
Fra:1 Mem:136.33M (Peak 285.08M) | Time:495480:19:12.77 | Mem:0.00M, Peak:0.00M | Scene | Updating Images | Loading dining-room_0/0.wall_DIFFUSE
Fra:1 Mem:136.35M (Peak 285.08M) | Time:495480:19:13.17 | Mem:0.00M, Peak:0.00M | Scene | Synchronizing object | dining-room_0/0.wall
Fra:1 Mem:136.36M (Peak 285.08M) | Time:495480:19:13.17 | Mem:0.00M, Peak:0.00M | Scene | Initializing
Fra:1 Mem:136.36M (Peak 285.08M) | Time:495480:19:13.17 | Mem:0.00M, Peak:0.00M | Scene | Updating Images | Loading dining-room_0/0.wall_ROUGHNESS
Fra:1 Mem:136.37M (Peak 285.08M) | Time:495480:19:13.54 | Mem:0.00M, Peak:0.00M | Scene | Synchronizing object | dining-room_0/0.wall
Fra:1 Mem:136.38M (Peak 285.08M) | Time:495480:19:13.54 | Mem:0.00M, Peak:0.00M | Scene | Initializing
Fra:1 Mem:136.38M (Peak 285.08M) | Time:495480:19:13.54 | Mem:0.00M, Peak:0.00M | Scene | Updating Images | Loading dining-room_0/0.wall_NORMAL
Fra:1 Mem:136.25M (Peak 285.08M) | Time:495480:19:13.97 | Mem:0.00M, Peak:0.00M | Scene | Synchronizing object | kitchen_0/0.ceiling
Fra:1 Mem:136.25M (Peak 285.08M) | Time:495480:19:13.97 | Mem:0.00M, Peak:0.00M | Scene | Initializing
Fra:1 Mem:136.25M (Peak 285.08M) | Time:495480:19:13.97 | Mem:0.00M, Peak:0.00M | Scene | Updating Images | Loading kitchen_0/0.ceiling_DIFFUSE
Fra:1 Mem:136.27M (Peak 285.08M) | Time:495480:19:14.24 | Mem:0.00M, Peak:0.00M | Scene | Synchronizing object | kitchen_0/0.ceiling
Fra:1 Mem:136.27M (Peak 285.08M) | Time:495480:19:14.24 | Mem:0.00M, Peak:0.00M | Scene | Initializing
Fra:1 Mem:136.27M (Peak 285.08M) | Time:495480:19:14.24 | Mem:0.00M, Peak:0.00M | Scene | Updating Images | Loading kitchen_0/0.ceiling_ROUGHNESS
Fra:1 Mem:136.30M (Peak 285.08M) | Time:495480:19:14.50 | Mem:0.00M, Peak:0.00M | Scene | Synchronizing object | kitchen_0/0.ceiling
Fra:1 Mem:136.30M (Peak 285.08M) | Time:495480:19:14.50 | Mem:0.00M, Peak:0.00M | Scene | Initializing
Fra:1 Mem:136.29M (Peak 285.08M) | Time:495480:19:14.50 | Mem:0.00M, Peak:0.00M | Scene | Updating Images | Loading kitchen_0/0.ceiling_NORMAL
Fra:1 Mem:138.15M (Peak 285.08M) | Time:495480:19:14.79 | Mem:0.00M, Peak:0.00M | Scene | Synchronizing object | kitchen_0/0.floor
Fra:1 Mem:138.15M (Peak 285.08M) | Time:495480:19:14.79 | Mem:0.00M, Peak:0.00M | Scene | Initializing
Fra:1 Mem:138.15M (Peak 285.08M) | Time:495480:19:14.79 | Mem:0.00M, Peak:0.00M | Scene | Updating Images | Loading kitchen_0/0.floor_DIFFUSE
Fra:1 Mem:138.17M (Peak 285.08M) | Time:495480:19:15.60 | Mem:0.00M, Peak:0.00M | Scene | Synchronizing object | kitchen_0/0.floor
Fra:1 Mem:138.17M (Peak 285.08M) | Time:495480:19:15.60 | Mem:0.00M, Peak:0.00M | Scene | Initializing
Fra:1 Mem:138.17M (Peak 285.08M) | Time:495480:19:15.60 | Mem:0.00M, Peak:0.00M | Scene | Updating Images | Loading kitchen_0/0.floor_ROUGHNESS
Fra:1 Mem:138.19M (Peak 285.08M) | Time:495480:19:16.41 | Mem:0.00M, Peak:0.00M | Scene | Synchronizing object | kitchen_0/0.floor
Fra:1 Mem:138.20M (Peak 285.08M) | Time:495480:19:16.41 | Mem:0.00M, Peak:0.00M | Scene | Initializing
Fra:1 Mem:138.19M (Peak 285.08M) | Time:495480:19:16.41 | Mem:0.00M, Peak:0.00M | Scene | Updating Images | Loading kitchen_0/0.floor_NORMAL
Fra:1 Mem:136.91M (Peak 285.08M) | Time:495480:19:17.24 | Mem:0.00M, Peak:0.00M | Scene | Synchronizing object | kitchen_0/0.wall
Fra:1 Mem:136.94M (Peak 285.08M) | Time:495480:19:17.24 | Mem:0.00M, Peak:0.00M | Scene | Initializing
Fra:1 Mem:136.94M (Peak 285.08M) | Time:495480:19:17.24 | Mem:0.00M, Peak:0.00M | Scene | Updating Images | Loading kitchen_0/0.wall_DIFFUSE
Fra:1 Mem:136.96M (Peak 285.08M) | Time:495480:19:17.64 | Mem:0.00M, Peak:0.00M | Scene | Synchronizing object | kitchen_0/0.wall
Fra:1 Mem:136.98M (Peak 285.08M) | Time:495480:19:17.64 | Mem:0.00M, Peak:0.00M | Scene | Initializing
Fra:1 Mem:136.98M (Peak 285.08M) | Time:495480:19:17.64 | Mem:0.00M, Peak:0.00M | Scene | Updating Images | Loading kitchen_0/0.wall_ROUGHNESS
Fra:1 Mem:137.00M (Peak 285.08M) | Time:495480:19:18.00 | Mem:0.00M, Peak:0.00M | Scene | Synchronizing object | kitchen_0/0.wall
Fra:1 Mem:137.02M (Peak 285.08M) | Time:495480:19:18.00 | Mem:0.00M, Peak:0.00M | Scene | Initializing
Fra:1 Mem:137.01M (Peak 285.08M) | Time:495480:19:18.00 | Mem:0.00M, Peak:0.00M | Scene | Updating Images | Loading kitchen_0/0.wall_NORMAL
Fra:1 Mem:162.95M (Peak 285.08M) | Time:495480:19:18.71 | Mem:0.00M, Peak:0.00M | Scene | Synchronizing object | KitchenIslandFactory(1112434).spawn_asset(6018961)
Fra:1 Mem:183.62M (Peak 285.08M) | Time:495480:19:18.77 | Mem:0.00M, Peak:0.00M | Scene | Initializing
Fra:1 Mem:183.62M (Peak 285.08M) | Time:495480:19:18.77 | Mem:0.00M, Peak:0.00M | Scene | Updating Images | Loading KitchenIslandFactory(1112434).spawn_asset(6018961)_DIFFUSE
Fra:1 Mem:163.07M (Peak 352.27M) | Time:495480:19:19.95 | Mem:0.00M, Peak:0.00M | Scene | Synchronizing object | KitchenIslandFactory(1112434).spawn_asset(6018961)
Fra:1 Mem:183.73M (Peak 352.27M) | Time:495480:19:20.00 | Mem:0.00M, Peak:0.00M | Scene | Initializing
Fra:1 Mem:183.73M (Peak 352.27M) | Time:495480:19:20.00 | Mem:0.00M, Peak:0.00M | Scene | Updating Images | Loading KitchenIslandFactory(1112434).spawn_asset(6018961)_ROUGHNESS
Fra:1 Mem:163.18M (Peak 352.27M) | Time:495480:19:21.12 | Mem:0.00M, Peak:0.00M | Scene | Synchronizing object | KitchenIslandFactory(1112434).spawn_asset(6018961)
Fra:1 Mem:183.84M (Peak 352.27M) | Time:495480:19:21.18 | Mem:0.00M, Peak:0.00M | Scene | Initializing
Fra:1 Mem:183.84M (Peak 352.27M) | Time:495480:19:21.18 | Mem:0.00M, Peak:0.00M | Scene | Updating Images | Loading KitchenIslandFactory(1112434).spawn_asset(6018961)_NORMAL
Fra:1 Mem:169.81M (Peak 352.50M) | Time:495480:19:22.67 | Mem:0.00M, Peak:0.00M | Scene | Synchronizing object | KitchenSpaceFactory(4790863).spawn_asset(177424)
Fra:1 Mem:187.35M (Peak 352.50M) | Time:495480:19:22.71 | Mem:0.00M, Peak:0.00M | Scene | Initializing
Fra:1 Mem:187.34M (Peak 352.50M) | Time:495480:19:22.71 | Mem:0.00M, Peak:0.00M | Scene | Updating Images | Loading KitchenSpaceFactory(4790863).spawn_asset(177424)_DIFFUSE
Fra:1 Mem:170.08M (Peak 352.68M) | Time:495480:19:23.29 | Mem:0.00M, Peak:0.00M | Scene | Synchronizing object | KitchenSpaceFactory(4790863).spawn_asset(177424)
Fra:1 Mem:187.61M (Peak 352.68M) | Time:495480:19:23.34 | Mem:0.00M, Peak:0.00M | Scene | Initializing
Fra:1 Mem:187.61M (Peak 352.68M) | Time:495480:19:23.34 | Mem:0.00M, Peak:0.00M | Scene | Updating Images | Loading KitchenSpaceFactory(4790863).spawn_asset(177424)_ROUGHNESS
Fra:1 Mem:170.34M (Peak 352.68M) | Time:495480:19:23.91 | Mem:0.00M, Peak:0.00M | Scene | Synchronizing object | KitchenSpaceFactory(4790863).spawn_asset(177424)
Fra:1 Mem:187.87M (Peak 352.68M) | Time:495480:19:23.94 | Mem:0.00M, Peak:0.00M | Scene | Initializing
Fra:1 Mem:187.87M (Peak 352.68M) | Time:495480:19:23.94 | Mem:0.00M, Peak:0.00M | Scene | Updating Images | Loading KitchenSpaceFactory(4790863).spawn_asset(177424)_NORMAL
Fra:1 Mem:156.63M (Peak 353.20M) | Time:495480:19:24.48 | Mem:0.00M, Peak:0.00M | Scene | Synchronizing object | LiteDoorFactory(9360095).spawn_asset(3)
Fra:1 Mem:156.67M (Peak 353.20M) | Time:495480:19:24.48 | Mem:0.00M, Peak:0.00M | Scene | Initializing
Fra:1 Mem:156.66M (Peak 353.20M) | Time:495480:19:24.48 | Mem:0.00M, Peak:0.00M | Scene | Updating Images | Loading LiteDoorFactory(9360095).spawn_asset(3)_METAL
Fra:1 Mem:156.73M (Peak 353.20M) | Time:495480:19:24.83 | Mem:0.00M, Peak:0.00M | Scene | Synchronizing object | LiteDoorFactory(9360095).spawn_asset(3)
Fra:1 Mem:156.74M (Peak 353.20M) | Time:495480:19:24.83 | Mem:0.00M, Peak:0.00M | Scene | Initializing
Fra:1 Mem:156.74M (Peak 353.20M) | Time:495480:19:24.83 | Mem:0.00M, Peak:0.00M | Scene | Updating Images | Loading LiteDoorFactory(9360095).spawn_asset(3)_TRANSMISSION
Fra:1 Mem:156.81M (Peak 353.20M) | Time:495480:19:25.20 | Mem:0.00M, Peak:0.00M | Scene | Synchronizing object | LiteDoorFactory(9360095).spawn_asset(3)
Fra:1 Mem:156.83M (Peak 353.20M) | Time:495480:19:25.20 | Mem:0.00M, Peak:0.00M | Scene | Initializing
Fra:1 Mem:156.83M (Peak 353.20M) | Time:495480:19:25.20 | Mem:0.00M, Peak:0.00M | Scene | Updating Images | Loading LiteDoorFactory(9360095).spawn_asset(3)_DIFFUSE
Fra:1 Mem:156.86M (Peak 353.20M) | Time:495480:19:25.69 | Mem:0.00M, Peak:0.00M | Scene | Synchronizing object | LiteDoorFactory(9360095).spawn_asset(3)
Fra:1 Mem:156.88M (Peak 353.20M) | Time:495480:19:25.69 | Mem:0.00M, Peak:0.00M | Scene | Initializing
Fra:1 Mem:156.88M (Peak 353.20M) | Time:495480:19:25.69 | Mem:0.00M, Peak:0.00M | Scene | Updating Images | Loading LiteDoorFactory(9360095).spawn_asset(3)_ROUGHNESS
Fra:1 Mem:156.91M (Peak 353.20M) | Time:495480:19:26.18 | Mem:0.00M, Peak:0.00M | Scene | Synchronizing object | LiteDoorFactory(9360095).spawn_asset(3)
Fra:1 Mem:156.93M (Peak 353.20M) | Time:495480:19:26.18 | Mem:0.00M, Peak:0.00M | Scene | Initializing
Fra:1 Mem:156.93M (Peak 353.20M) | Time:495480:19:26.18 | Mem:0.00M, Peak:0.00M | Scene | Updating Images | Loading LiteDoorFactory(9360095).spawn_asset(3)_NORMAL
Fra:1 Mem:156.12M (Peak 353.20M) | Time:495480:19:26.50 | Mem:0.00M, Peak:0.00M | Scene | Synchronizing object | living-room_0/0.ceiling
Fra:1 Mem:156.12M (Peak 353.20M) | Time:495480:19:26.50 | Mem:0.00M, Peak:0.00M | Scene | Initializing
Fra:1 Mem:156.12M (Peak 353.20M) | Time:495480:19:26.50 | Mem:0.00M, Peak:0.00M | Scene | Updating Images | Loading living-room_0/0.ceiling_DIFFUSE
Fra:1 Mem:156.14M (Peak 353.20M) | Time:495480:19:26.81 | Mem:0.00M, Peak:0.00M | Scene | Synchronizing object | living-room_0/0.ceiling
Fra:1 Mem:156.15M (Peak 353.20M) | Time:495480:19:26.81 | Mem:0.00M, Peak:0.00M | Scene | Initializing
Fra:1 Mem:156.14M (Peak 353.20M) | Time:495480:19:26.81 | Mem:0.00M, Peak:0.00M | Scene | Updating Images | Loading living-room_0/0.ceiling_ROUGHNESS
Fra:1 Mem:156.17M (Peak 353.20M) | Time:495480:19:27.12 | Mem:0.00M, Peak:0.00M | Scene | Synchronizing object | living-room_0/0.ceiling
Fra:1 Mem:156.17M (Peak 353.20M) | Time:495480:19:27.12 | Mem:0.00M, Peak:0.00M | Scene | Initializing
Fra:1 Mem:156.17M (Peak 353.20M) | Time:495480:19:27.12 | Mem:0.00M, Peak:0.00M | Scene | Updating Images | Loading living-room_0/0.ceiling_NORMAL
Fra:1 Mem:158.10M (Peak 353.20M) | Time:495480:19:27.44 | Mem:0.00M, Peak:0.00M | Scene | Synchronizing object | living-room_0/0.floor
Fra:1 Mem:158.12M (Peak 353.20M) | Time:495480:19:27.44 | Mem:0.00M, Peak:0.00M | Scene | Initializing
Fra:1 Mem:158.11M (Peak 353.20M) | Time:495480:19:27.44 | Mem:0.00M, Peak:0.00M | Scene | Updating Images | Loading living-room_0/0.floor_DIFFUSE
Fra:1 Mem:158.13M (Peak 353.20M) | Time:495480:19:27.89 | Mem:0.00M, Peak:0.00M | Scene | Synchronizing object | living-room_0/0.floor
Fra:1 Mem:158.14M (Peak 353.20M) | Time:495480:19:27.89 | Mem:0.00M, Peak:0.00M | Scene | Initializing
Fra:1 Mem:158.13M (Peak 353.20M) | Time:495480:19:27.89 | Mem:0.00M, Peak:0.00M | Scene | Updating Images | Loading living-room_0/0.floor_ROUGHNESS
Fra:1 Mem:158.15M (Peak 353.20M) | Time:495480:19:28.34 | Mem:0.00M, Peak:0.00M | Scene | Synchronizing object | living-room_0/0.floor
Fra:1 Mem:158.16M (Peak 353.20M) | Time:495480:19:28.34 | Mem:0.00M, Peak:0.00M | Scene | Initializing
Fra:1 Mem:158.16M (Peak 353.20M) | Time:495480:19:28.34 | Mem:0.00M, Peak:0.00M | Scene | Updating Images | Loading living-room_0/0.floor_NORMAL
Fra:1 Mem:158.44M (Peak 353.20M) | Time:495480:19:28.80 | Mem:0.00M, Peak:0.00M | Scene | Synchronizing object | living-room_0/0.wall
Fra:1 Mem:158.51M (Peak 353.20M) | Time:495480:19:28.80 | Mem:0.00M, Peak:0.00M | Scene | Initializing
Fra:1 Mem:158.51M (Peak 353.20M) | Time:495480:19:28.80 | Mem:0.00M, Peak:0.00M | Scene | Updating Images | Loading living-room_0/0.wall_DIFFUSE
Fra:1 Mem:158.50M (Peak 353.20M) | Time:495480:19:29.34 | Mem:0.00M, Peak:0.00M | Scene | Synchronizing object | living-room_0/0.wall
Fra:1 Mem:158.55M (Peak 353.20M) | Time:495480:19:29.34 | Mem:0.00M, Peak:0.00M | Scene | Initializing
Fra:1 Mem:158.54M (Peak 353.20M) | Time:495480:19:29.34 | Mem:0.00M, Peak:0.00M | Scene | Updating Images | Loading living-room_0/0.wall_ROUGHNESS
Fra:1 Mem:158.53M (Peak 353.20M) | Time:495480:19:29.90 | Mem:0.00M, Peak:0.00M | Scene | Synchronizing object | living-room_0/0.wall
Fra:1 Mem:158.58M (Peak 353.20M) | Time:495480:19:29.90 | Mem:0.00M, Peak:0.00M | Scene | Initializing
Fra:1 Mem:158.58M (Peak 353.20M) | Time:495480:19:29.90 | Mem:0.00M, Peak:0.00M | Scene | Updating Images | Loading living-room_0/0.wall_NORMAL
Fra:1 Mem:158.39M (Peak 353.20M) | Time:495480:19:30.47 | Mem:0.00M, Peak:0.00M | Scene | Synchronizing object | PanelDoorFactory(4264422).spawn_asset(0)
Fra:1 Mem:158.51M (Peak 353.20M) | Time:495480:19:30.47 | Mem:0.00M, Peak:0.00M | Scene | Initializing
Fra:1 Mem:158.51M (Peak 353.20M) | Time:495480:19:30.47 | Mem:0.00M, Peak:0.00M | Scene | Updating Images | Loading PanelDoorFactory(4264422).spawn_asset(0)_METAL
Fra:1 Mem:158.47M (Peak 353.20M) | Time:495480:19:30.83 | Mem:0.00M, Peak:0.00M | Scene | Synchronizing object | PanelDoorFactory(4264422).spawn_asset(0)
Fra:1 Mem:158.64M (Peak 353.20M) | Time:495480:19:30.83 | Mem:0.00M, Peak:0.00M | Scene | Initializing
Fra:1 Mem:158.64M (Peak 353.20M) | Time:495480:19:30.83 | Mem:0.00M, Peak:0.00M | Scene | Updating Images | Loading PanelDoorFactory(4264422).spawn_asset(0)_DIFFUSE
Fra:1 Mem:158.52M (Peak 353.20M) | Time:495480:19:31.27 | Mem:0.00M, Peak:0.00M | Scene | Synchronizing object | PanelDoorFactory(4264422).spawn_asset(0)
Fra:1 Mem:158.70M (Peak 353.20M) | Time:495480:19:31.27 | Mem:0.00M, Peak:0.00M | Scene | Initializing
Fra:1 Mem:158.69M (Peak 353.20M) | Time:495480:19:31.27 | Mem:0.00M, Peak:0.00M | Scene | Updating Images | Loading PanelDoorFactory(4264422).spawn_asset(0)_ROUGHNESS
Fra:1 Mem:158.58M (Peak 353.20M) | Time:495480:19:31.71 | Mem:0.00M, Peak:0.00M | Scene | Synchronizing object | PanelDoorFactory(4264422).spawn_asset(0)
Fra:1 Mem:158.75M (Peak 353.20M) | Time:495480:19:31.71 | Mem:0.00M, Peak:0.00M | Scene | Initializing
Fra:1 Mem:158.74M (Peak 353.20M) | Time:495480:19:31.71 | Mem:0.00M, Peak:0.00M | Scene | Updating Images | Loading PanelDoorFactory(4264422).spawn_asset(0)_NORMAL
Fra:1 Mem:158.91M (Peak 353.20M) | Time:495480:19:32.12 | Mem:0.00M, Peak:0.00M | Scene | Synchronizing object | PanelDoorFactory(4264422).spawn_asset(1)
Fra:1 Mem:159.03M (Peak 353.20M) | Time:495480:19:32.12 | Mem:0.00M, Peak:0.00M | Scene | Initializing
Fra:1 Mem:159.03M (Peak 353.20M) | Time:495480:19:32.12 | Mem:0.00M, Peak:0.00M | Scene | Updating Images | Loading PanelDoorFactory(4264422).spawn_asset(1)_METAL
Fra:1 Mem:158.99M (Peak 353.20M) | Time:495480:19:32.48 | Mem:0.00M, Peak:0.00M | Scene | Synchronizing object | PanelDoorFactory(4264422).spawn_asset(1)
Fra:1 Mem:159.16M (Peak 353.20M) | Time:495480:19:32.48 | Mem:0.00M, Peak:0.00M | Scene | Initializing
Fra:1 Mem:159.16M (Peak 353.20M) | Time:495480:19:32.48 | Mem:0.00M, Peak:0.00M | Scene | Updating Images | Loading PanelDoorFactory(4264422).spawn_asset(1)_DIFFUSE
Fra:1 Mem:159.04M (Peak 353.20M) | Time:495480:19:32.92 | Mem:0.00M, Peak:0.00M | Scene | Synchronizing object | PanelDoorFactory(4264422).spawn_asset(1)
Fra:1 Mem:159.22M (Peak 353.20M) | Time:495480:19:32.92 | Mem:0.00M, Peak:0.00M | Scene | Initializing
Fra:1 Mem:159.21M (Peak 353.20M) | Time:495480:19:32.92 | Mem:0.00M, Peak:0.00M | Scene | Updating Images | Loading PanelDoorFactory(4264422).spawn_asset(1)_ROUGHNESS
Fra:1 Mem:159.10M (Peak 353.20M) | Time:495480:19:33.35 | Mem:0.00M, Peak:0.00M | Scene | Synchronizing object | PanelDoorFactory(4264422).spawn_asset(1)
Fra:1 Mem:159.27M (Peak 353.20M) | Time:495480:19:33.35 | Mem:0.00M, Peak:0.00M | Scene | Initializing
Fra:1 Mem:159.26M (Peak 353.20M) | Time:495480:19:33.35 | Mem:0.00M, Peak:0.00M | Scene | Updating Images | Loading PanelDoorFactory(4264422).spawn_asset(1)_NORMAL
Fra:1 Mem:159.28M (Peak 353.20M) | Time:495480:19:33.77 | Mem:0.00M, Peak:0.00M | Scene | Synchronizing object | PanelDoorFactory(4264422).spawn_asset(2)
Fra:1 Mem:159.40M (Peak 353.20M) | Time:495480:19:33.77 | Mem:0.00M, Peak:0.00M | Scene | Initializing
Fra:1 Mem:159.39M (Peak 353.20M) | Time:495480:19:33.77 | Mem:0.00M, Peak:0.00M | Scene | Updating Images | Loading PanelDoorFactory(4264422).spawn_asset(2)_METAL
Fra:1 Mem:159.35M (Peak 353.20M) | Time:495480:19:34.15 | Mem:0.00M, Peak:0.00M | Scene | Synchronizing object | PanelDoorFactory(4264422).spawn_asset(2)
Fra:1 Mem:159.52M (Peak 353.20M) | Time:495480:19:34.15 | Mem:0.00M, Peak:0.00M | Scene | Initializing
Fra:1 Mem:159.52M (Peak 353.20M) | Time:495480:19:34.15 | Mem:0.00M, Peak:0.00M | Scene | Updating Images | Loading PanelDoorFactory(4264422).spawn_asset(2)_TRANSMISSION
Fra:1 Mem:159.41M (Peak 353.20M) | Time:495480:19:34.53 | Mem:0.00M, Peak:0.00M | Scene | Synchronizing object | PanelDoorFactory(4264422).spawn_asset(2)
Fra:1 Mem:159.58M (Peak 353.20M) | Time:495480:19:34.53 | Mem:0.00M, Peak:0.00M | Scene | Initializing
Fra:1 Mem:159.58M (Peak 353.20M) | Time:495480:19:34.53 | Mem:0.00M, Peak:0.00M | Scene | Updating Images | Loading PanelDoorFactory(4264422).spawn_asset(2)_DIFFUSE
Fra:1 Mem:159.46M (Peak 353.20M) | Time:495480:19:34.92 | Mem:0.00M, Peak:0.00M | Scene | Synchronizing object | PanelDoorFactory(4264422).spawn_asset(2)
Fra:1 Mem:159.63M (Peak 353.20M) | Time:495480:19:34.92 | Mem:0.00M, Peak:0.00M | Scene | Initializing
Fra:1 Mem:159.63M (Peak 353.20M) | Time:495480:19:34.92 | Mem:0.00M, Peak:0.00M | Scene | Updating Images | Loading PanelDoorFactory(4264422).spawn_asset(2)_ROUGHNESS
Fra:1 Mem:159.51M (Peak 353.20M) | Time:495480:19:35.31 | Mem:0.00M, Peak:0.00M | Scene | Synchronizing object | PanelDoorFactory(4264422).spawn_asset(2)
Fra:1 Mem:159.68M (Peak 353.20M) | Time:495480:19:35.31 | Mem:0.00M, Peak:0.00M | Scene | Initializing
Fra:1 Mem:159.68M (Peak 353.20M) | Time:495480:19:35.31 | Mem:0.00M, Peak:0.00M | Scene | Updating Images | Loading PanelDoorFactory(4264422).spawn_asset(2)_NORMAL
Fra:1 Mem:159.70M (Peak 353.20M) | Time:495480:19:35.65 | Mem:0.00M, Peak:0.00M | Scene | Synchronizing object | PanelDoorFactory(4264422).spawn_asset(4)
Fra:1 Mem:159.83M (Peak 353.20M) | Time:495480:19:35.65 | Mem:0.00M, Peak:0.00M | Scene | Initializing
Fra:1 Mem:159.82M (Peak 353.20M) | Time:495480:19:35.65 | Mem:0.00M, Peak:0.00M | Scene | Updating Images | Loading PanelDoorFactory(4264422).spawn_asset(4)_METAL
Fra:1 Mem:159.78M (Peak 353.20M) | Time:495480:19:36.02 | Mem:0.00M, Peak:0.00M | Scene | Synchronizing object | PanelDoorFactory(4264422).spawn_asset(4)
Fra:1 Mem:159.95M (Peak 353.20M) | Time:495480:19:36.03 | Mem:0.00M, Peak:0.00M | Scene | Initializing
Fra:1 Mem:159.95M (Peak 353.20M) | Time:495480:19:36.03 | Mem:0.00M, Peak:0.00M | Scene | Updating Images | Loading PanelDoorFactory(4264422).spawn_asset(4)_TRANSMISSION
Fra:1 Mem:159.84M (Peak 353.20M) | Time:495480:19:36.41 | Mem:0.00M, Peak:0.00M | Scene | Synchronizing object | PanelDoorFactory(4264422).spawn_asset(4)
Fra:1 Mem:160.01M (Peak 353.20M) | Time:495480:19:36.41 | Mem:0.00M, Peak:0.00M | Scene | Initializing
Fra:1 Mem:160.00M (Peak 353.20M) | Time:495480:19:36.41 | Mem:0.00M, Peak:0.00M | Scene | Updating Images | Loading PanelDoorFactory(4264422).spawn_asset(4)_DIFFUSE
Fra:1 Mem:159.89M (Peak 353.20M) | Time:495480:19:36.81 | Mem:0.00M, Peak:0.00M | Scene | Synchronizing object | PanelDoorFactory(4264422).spawn_asset(4)
Fra:1 Mem:160.06M (Peak 353.20M) | Time:495480:19:36.81 | Mem:0.00M, Peak:0.00M | Scene | Initializing
Fra:1 Mem:160.05M (Peak 353.20M) | Time:495480:19:36.81 | Mem:0.00M, Peak:0.00M | Scene | Updating Images | Loading PanelDoorFactory(4264422).spawn_asset(4)_ROUGHNESS
Fra:1 Mem:159.94M (Peak 353.20M) | Time:495480:19:37.22 | Mem:0.00M, Peak:0.00M | Scene | Synchronizing object | PanelDoorFactory(4264422).spawn_asset(4)
Fra:1 Mem:160.11M (Peak 353.20M) | Time:495480:19:37.22 | Mem:0.00M, Peak:0.00M | Scene | Initializing
Fra:1 Mem:160.11M (Peak 353.20M) | Time:495480:19:37.22 | Mem:0.00M, Peak:0.00M | Scene | Updating Images | Loading PanelDoorFactory(4264422).spawn_asset(4)_NORMAL
Fra:1 Mem:158.53M (Peak 353.20M) | Time:495480:19:37.54 | Mem:0.00M, Peak:0.00M | Scene | Synchronizing object | Plane
Fra:1 Mem:158.53M (Peak 353.20M) | Time:495480:19:37.54 | Mem:0.00M, Peak:0.00M | Scene | Initializing
Fra:1 Mem:158.53M (Peak 353.20M) | Time:495480:19:37.54 | Mem:0.00M, Peak:0.00M | Scene | Updating Images | Loading Plane_DIFFUSE
Fra:1 Mem:158.56M (Peak 353.20M) | Time:495480:19:37.87 | Mem:0.00M, Peak:0.00M | Scene | Synchronizing object | Plane
Fra:1 Mem:158.56M (Peak 353.20M) | Time:495480:19:37.87 | Mem:0.00M, Peak:0.00M | Scene | Initializing
Fra:1 Mem:158.55M (Peak 353.20M) | Time:495480:19:37.87 | Mem:0.00M, Peak:0.00M | Scene | Updating Images | Loading Plane_ROUGHNESS
Fra:1 Mem:158.58M (Peak 353.20M) | Time:495480:19:38.21 | Mem:0.00M, Peak:0.00M | Scene | Synchronizing object | Plane
Fra:1 Mem:158.58M (Peak 353.20M) | Time:495480:19:38.21 | Mem:0.00M, Peak:0.00M | Scene | Initializing
Fra:1 Mem:158.58M (Peak 353.20M) | Time:495480:19:38.21 | Mem:0.00M, Peak:0.00M | Scene | Updating Images | Loading Plane_NORMAL
Fra:1 Mem:158.70M (Peak 353.20M) | Time:495480:19:38.56 | Mem:0.00M, Peak:0.00M | Scene | Synchronizing object | Plane.001
Fra:1 Mem:158.70M (Peak 353.20M) | Time:495480:19:38.56 | Mem:0.00M, Peak:0.00M | Scene | Initializing
Fra:1 Mem:158.70M (Peak 353.20M) | Time:495480:19:38.56 | Mem:0.00M, Peak:0.00M | Scene | Updating Images | Loading Plane.001_DIFFUSE
Fra:1 Mem:158.73M (Peak 353.20M) | Time:495480:19:38.89 | Mem:0.00M, Peak:0.00M | Scene | Synchronizing object | Plane.001
Fra:1 Mem:158.73M (Peak 353.20M) | Time:495480:19:38.89 | Mem:0.00M, Peak:0.00M | Scene | Initializing
Fra:1 Mem:158.72M (Peak 353.20M) | Time:495480:19:38.89 | Mem:0.00M, Peak:0.00M | Scene | Updating Images | Loading Plane.001_ROUGHNESS
Fra:1 Mem:158.75M (Peak 353.20M) | Time:495480:19:39.22 | Mem:0.00M, Peak:0.00M | Scene | Synchronizing object | Plane.001
Fra:1 Mem:158.75M (Peak 353.20M) | Time:495480:19:39.22 | Mem:0.00M, Peak:0.00M | Scene | Initializing
Fra:1 Mem:158.75M (Peak 353.20M) | Time:495480:19:39.22 | Mem:0.00M, Peak:0.00M | Scene | Updating Images | Loading Plane.001_NORMAL
Fra:1 Mem:158.72M (Peak 353.20M) | Time:495480:19:39.57 | Mem:0.00M, Peak:0.00M | Scene | Synchronizing object | Plane.002
Fra:1 Mem:158.72M (Peak 353.20M) | Time:495480:19:39.57 | Mem:0.00M, Peak:0.00M | Scene | Initializing
Fra:1 Mem:158.72M (Peak 353.20M) | Time:495480:19:39.57 | Mem:0.00M, Peak:0.00M | Scene | Updating Images | Loading Plane.002_TRANSMISSION
Fra:1 Mem:158.74M (Peak 353.20M) | Time:495480:19:39.88 | Mem:0.00M, Peak:0.00M | Scene | Synchronizing object | Plane.002
Fra:1 Mem:158.74M (Peak 353.20M) | Time:495480:19:39.88 | Mem:0.00M, Peak:0.00M | Scene | Initializing
Fra:1 Mem:158.74M (Peak 353.20M) | Time:495480:19:39.88 | Mem:0.00M, Peak:0.00M | Scene | Updating Images | Loading Plane.002_DIFFUSE
Fra:1 Mem:158.76M (Peak 353.20M) | Time:495480:19:40.18 | Mem:0.00M, Peak:0.00M | Scene | Synchronizing object | Plane.002
Fra:1 Mem:158.77M (Peak 353.20M) | Time:495480:19:40.18 | Mem:0.00M, Peak:0.00M | Scene | Initializing
Fra:1 Mem:158.76M (Peak 353.20M) | Time:495480:19:40.18 | Mem:0.00M, Peak:0.00M | Scene | Updating Images | Loading Plane.002_ROUGHNESS
Fra:1 Mem:158.79M (Peak 353.20M) | Time:495480:19:40.49 | Mem:0.00M, Peak:0.00M | Scene | Synchronizing object | Plane.002
Fra:1 Mem:158.79M (Peak 353.20M) | Time:495480:19:40.49 | Mem:0.00M, Peak:0.00M | Scene | Initializing
Fra:1 Mem:158.79M (Peak 353.20M) | Time:495480:19:40.49 | Mem:0.00M, Peak:0.00M | Scene | Updating Images | Loading Plane.002_NORMAL
Fra:1 Mem:158.79M (Peak 353.20M) | Time:495480:19:40.80 | Mem:0.00M, Peak:0.00M | Scene | Synchronizing object | Plane.003
Fra:1 Mem:158.79M (Peak 353.20M) | Time:495480:19:40.80 | Mem:0.00M, Peak:0.00M | Scene | Initializing
Fra:1 Mem:158.79M (Peak 353.20M) | Time:495480:19:40.80 | Mem:0.00M, Peak:0.00M | Scene | Updating Images | Loading Plane.003_TRANSMISSION
Fra:1 Mem:158.82M (Peak 353.20M) | Time:495480:19:41.10 | Mem:0.00M, Peak:0.00M | Scene | Synchronizing object | Plane.003
Fra:1 Mem:158.82M (Peak 353.20M) | Time:495480:19:41.10 | Mem:0.00M, Peak:0.00M | Scene | Initializing
Fra:1 Mem:158.81M (Peak 353.20M) | Time:495480:19:41.10 | Mem:0.00M, Peak:0.00M | Scene | Updating Images | Loading Plane.003_DIFFUSE
Skipping non-blend file /home/yashturkar/Workspace/infinigen/outputs/infinigen_indoors_kitchen/coarse/MaskTag.json
Skipping non-blend file /home/yashturkar/Workspace/infinigen/outputs/infinigen_indoors_kitchen/coarse/assets
Skipping non-blend file /home/yashturkar/Workspace/infinigen/outputs/infinigen_indoors_kitchen/coarse/optim_records.csv
Skipping non-blend file /home/yashturkar/Workspace/infinigen/outputs/infinigen_indoors_kitchen/coarse/optim_records.png
Skipping non-blend file /home/yashturkar/Workspace/infinigen/outputs/infinigen_indoors_kitchen/coarse/pipeline_coarse.csv
Skipping non-blend file /home/yashturkar/Workspace/infinigen/outputs/infinigen_indoors_kitchen/coarse/polycounts.txt
Info: Baking map saved to internal image, save it externally or pack it
Info: Baking map saved to internal image, save it externally or pack it
Info: Baking map saved to internal image, save it externally or pack it
Info: Baking map saved to internal image, save it externally or pack it
Info: Baking map saved to internal image, save it externally or pack it
Info: Baking map saved to internal image, save it externally or pack it
Info: Baking map saved to internal image, save it externally or pack it
Info: Baking map saved to internal image, save it externally or pack it
Info: Baking map saved to internal image, save it externally or pack it
Info: Baking map saved to internal image, save it externally or pack it
Info: Baking map saved to internal image, save it externally or pack it
Info: Baking map saved to internal image, save it externally or pack it
Info: Baking map saved to internal image, save it externally or pack it
Info: Baking map saved to internal image, save it externally or pack it
Info: Baking map saved to internal image, save it externally or pack it
Info: Baking map saved to internal image, save it externally or pack it
Info: Baking map saved to internal image, save it externally or pack it
Info: Baking map saved to internal image, save it externally or pack it
Info: Baking map saved to internal image, save it externally or pack it
Info: Baking map saved to internal image, save it externally or pack it
Info: Baking map saved to internal image, save it externally or pack it
Info: Baking map saved to internal image, save it externally or pack it
Info: Baking map saved to internal image, save it externally or pack it
Info: Baking map saved to internal image, save it externally or pack it
Info: Baking map saved to internal image, save it externally or pack it
Info: Baking map saved to internal image, save it externally or pack it
Info: Baking map saved to internal image, save it externally or pack it
Info: Baking map saved to internal image, save it externally or pack it
Info: Baking map saved to internal image, save it externally or pack it
Info: Baking map saved to internal image, save it externally or pack it
Info: Baking map saved to internal image, save it externally or pack it
Info: Baking map saved to internal image, save it externally or pack it
Info: Baking map saved to internal image, save it externally or pack it
Info: Baking map saved to internal image, save it externally or pack it
Info: Baking map saved to internal image, save it externally or pack it
Info: Baking map saved to internal image, save it externally or pack it
Info: Baking map saved to internal image, save it externally or pack it
Info: Baking map saved to internal image, save it externally or pack it
Info: Baking map saved to internal image, save it externally or pack it
Info: Baking map saved to internal image, save it externally or pack it
Info: Baking map saved to internal image, save it externally or pack it
Info: Baking map saved to internal image, save it externally or pack it
Info: Baking map saved to internal image, save it externally or pack it
Info: Baking map saved to internal image, save it externally or pack it
Info: Baking map saved to internal image, save it externally or pack it
Info: Baking map saved to internal image, save it externally or pack it
Info: Baking map saved to internal image, save it externally or pack it
Info: Baking map saved to internal image, save it externally or pack it
Info: Baking map saved to internal image, save it externally or pack it
Info: Baking map saved to internal image, save it externally or pack it
Info: Baking map saved to internal image, save it externally or pack it
Info: Baking map saved to internal image, save it externally or pack it
Info: Baking map saved to internal image, save it externally or pack it
Info: Baking map saved to internal image, save it externally or pack it
Info: Baking map saved to internal image, save it externally or pack it
Info: Baking map saved to internal image, save it externally or pack it
Info: Baking map saved to internal image, save it externally or pack it
Info: Baking map saved to internal image, save it externally or pack it
Info: Baking map saved to internal image, save it externally or pack it
Info: Baking map saved to internal image, save it externally or pack it
Info: Baking map saved to internal image, save it externally or pack it
Info: Baking map saved to internal image, save it externally or pack it
Info: Baking map saved to internal image, save it externally or pack it
Info: Baking map saved to internal image, save it externally or pack it
Info: Baking map saved to internal image, save it externally or pack it
Info: Baking map saved to internal image, save it externally or pack it
Info: Baking map saved to internal image, save it externally or pack it
Info: Baking map saved to internal image, save it externally or pack it
Info: Baking map saved to internal image, save it externally or pack it
Info: Baking map saved to internal image, save it externally or pack it
Info: Baking map saved to internal image, save it externally or pack it
Info: Baking map saved to internal image, save it externally or pack it
Info: Baking map saved to internal image, save it externally or pack it
Info: Baking map saved to internal image, save it externally or pack it
Info: Baking map saved to internal image, save it externally or pack it
Info: Baking map saved to internal image, save it externally or pack it
Info: Baking map saved to internal image, save it externally or pack it
Info: Baking map saved to internal image, save it externally or pack it
Info: Baking map saved to internal image, save it externally or pack it
Info: Baking map saved to internal image, save it externally or pack it
Info: Baking map saved to internal image, save it externally or pack it
Info: Baking map saved to internal image, save it externally or pack it
Info: Baking map saved to internal image, save it externally or pack it
Info: Baking map saved to internal image, save it externally or pack it
Info: Baking map saved to internal image, save it externally or pack it
Info: Baking map saved to internal image, save it externally or pack it
Info: Baking map saved to internal image, save it externally or pack it
Info: Baking map saved to internal image, save it externally or pack it
Info: Baking map saved to internal image, save it externally or pack it
Info: Baking map saved to internal image, save it externally or pack it
Info: Baking map saved to internal image, save it externally or pack it
Info: Baking map saved to internal image, save it externally or pack it
Info: Baking map saved to internal image, save it externally or pack it
Info: Baking map saved to internal image, save it externally or pack it
Info: Baking map saved to internal image, save it externally or pack it
Info: Baking map saved to internal image, save it externally or pack it
Info: Baking map saved to internal image, save it externally or pack it
Info: Baking map saved to internal image, save it externally or pack it
Info: Baking map saved to internal image, save it externally or pack it
Info: Baking map saved to internal image, save it externally or pack it
Info: Baking map saved to internal image, save it externally or pack it
Info: Baking map saved to internal image, save it externally or pack it
Info: Baking map saved to internal image, save it externally or pack it
Info: Baking map saved to internal image, save it externally or pack it
Info: Baking map saved to internal image, save it externally or pack it
Fra:1 Mem:158.84M (Peak 353.20M) | Time:495480:19:41.41 | Mem:0.00M, Peak:0.00M | Scene | Synchronizing object | Plane.003
Fra:1 Mem:158.84M (Peak 353.20M) | Time:495480:19:41.41 | Mem:0.00M, Peak:0.00M | Scene | Initializing
Fra:1 Mem:158.84M (Peak 353.20M) | Time:495480:19:41.41 | Mem:0.00M, Peak:0.00M | Scene | Updating Images | Loading Plane.003_ROUGHNESS
Fra:1 Mem:158.86M (Peak 353.20M) | Time:495480:19:41.71 | Mem:0.00M, Peak:0.00M | Scene | Synchronizing object | Plane.003
Fra:1 Mem:158.86M (Peak 353.20M) | Time:495480:19:41.71 | Mem:0.00M, Peak:0.00M | Scene | Initializing
Fra:1 Mem:158.86M (Peak 353.20M) | Time:495480:19:41.71 | Mem:0.00M, Peak:0.00M | Scene | Updating Images | Loading Plane.003_NORMAL
Fra:1 Mem:159.03M (Peak 353.20M) | Time:495480:19:42.02 | Mem:0.00M, Peak:0.00M | Scene | Synchronizing object | Plane.004
Fra:1 Mem:159.04M (Peak 353.20M) | Time:495480:19:42.02 | Mem:0.00M, Peak:0.00M | Scene | Initializing
Fra:1 Mem:159.04M (Peak 353.20M) | Time:495480:19:42.02 | Mem:0.00M, Peak:0.00M | Scene | Updating Images | Loading Plane.004_METAL
Fra:1 Mem:159.07M (Peak 353.20M) | Time:495480:19:42.33 | Mem:0.00M, Peak:0.00M | Scene | Synchronizing object | Plane.004
Fra:1 Mem:159.07M (Peak 353.20M) | Time:495480:19:42.33 | Mem:0.00M, Peak:0.00M | Scene | Initializing
Fra:1 Mem:159.07M (Peak 353.20M) | Time:495480:19:42.33 | Mem:0.00M, Peak:0.00M | Scene | Updating Images | Loading Plane.004_DIFFUSE
Fra:1 Mem:159.09M (Peak 353.20M) | Time:495480:19:42.71 | Mem:0.00M, Peak:0.00M | Scene | Synchronizing object | Plane.004
Fra:1 Mem:159.10M (Peak 353.20M) | Time:495480:19:42.71 | Mem:0.00M, Peak:0.00M | Scene | Initializing
Fra:1 Mem:159.09M (Peak 353.20M) | Time:495480:19:42.71 | Mem:0.00M, Peak:0.00M | Scene | Updating Images | Loading Plane.004_ROUGHNESS
Fra:1 Mem:159.11M (Peak 353.20M) | Time:495480:19:43.08 | Mem:0.00M, Peak:0.00M | Scene | Synchronizing object | Plane.004
Fra:1 Mem:159.12M (Peak 353.20M) | Time:495480:19:43.08 | Mem:0.00M, Peak:0.00M | Scene | Initializing
Fra:1 Mem:159.11M (Peak 353.20M) | Time:495480:19:43.08 | Mem:0.00M, Peak:0.00M | Scene | Updating Images | Loading Plane.004_NORMAL
Fra:1 Mem:159.84M (Peak 353.20M) | Time:495480:19:43.45 | Mem:0.00M, Peak:0.00M | Scene | Synchronizing object | SinkFactory(4018701).spawn_asset(2889896)
Fra:1 Mem:160.28M (Peak 353.20M) | Time:495480:19:43.45 | Mem:0.00M, Peak:0.00M | Scene | Initializing
Fra:1 Mem:160.27M (Peak 353.20M) | Time:495480:19:43.45 | Mem:0.00M, Peak:0.00M | Scene | Updating Images | Loading SinkFactory(4018701).spawn_asset(2889896)_METAL
Fra:1 Mem:160.11M (Peak 353.20M) | Time:495480:19:43.78 | Mem:0.00M, Peak:0.00M | Scene | Synchronizing object | SinkFactory(4018701).spawn_asset(2889896)
Fra:1 Mem:160.36M (Peak 353.20M) | Time:495480:19:43.78 | Mem:0.00M, Peak:0.00M | Scene | Initializing
Fra:1 Mem:160.36M (Peak 353.20M) | Time:495480:19:43.78 | Mem:0.00M, Peak:0.00M | Scene | Updating Images | Loading SinkFactory(4018701).spawn_asset(2889896)_DIFFUSE
Fra:1 Mem:160.13M (Peak 353.20M) | Time:495480:19:44.20 | Mem:0.00M, Peak:0.00M | Scene | Synchronizing object | SinkFactory(4018701).spawn_asset(2889896)
Fra:1 Mem:160.39M (Peak 353.20M) | Time:495480:19:44.20 | Mem:0.00M, Peak:0.00M | Scene | Initializing
Fra:1 Mem:160.38M (Peak 353.20M) | Time:495480:19:44.20 | Mem:0.00M, Peak:0.00M | Scene | Updating Images | Loading SinkFactory(4018701).spawn_asset(2889896)_ROUGHNESS
Fra:1 Mem:160.15M (Peak 353.20M) | Time:495480:19:44.63 | Mem:0.00M, Peak:0.00M | Scene | Synchronizing object | SinkFactory(4018701).spawn_asset(2889896)
Fra:1 Mem:160.41M (Peak 353.20M) | Time:495480:19:44.63 | Mem:0.00M, Peak:0.00M | Scene | Initializing
Fra:1 Mem:160.40M (Peak 353.20M) | Time:495480:19:44.63 | Mem:0.00M, Peak:0.00M | Scene | Updating Images | Loading SinkFactory(4018701).spawn_asset(2889896)_NORMAL
Fra:1 Mem:160.56M (Peak 353.20M) | Time:495480:19:44.99 | Mem:0.00M, Peak:0.00M | Scene | Synchronizing object | skirtingboard_support
Fra:1 Mem:162.81M (Peak 353.20M) | Time:495480:19:44.99 | Mem:0.00M, Peak:0.00M | Scene | Initializing
Fra:1 Mem:162.80M (Peak 353.20M) | Time:495480:19:44.99 | Mem:0.00M, Peak:0.00M | Scene | Updating Images | Loading skirtingboard_support_DIFFUSE
Fra:1 Mem:161.75M (Peak 353.20M) | Time:495480:19:45.44 | Mem:0.00M, Peak:0.00M | Scene | Synchronizing object | skirtingboard_support
Fra:1 Mem:162.83M (Peak 353.20M) | Time:495480:19:45.44 | Mem:0.00M, Peak:0.00M | Scene | Initializing
Fra:1 Mem:162.83M (Peak 353.20M) | Time:495480:19:45.44 | Mem:0.00M, Peak:0.00M | Scene | Updating Images | Loading skirtingboard_support_ROUGHNESS
Fra:1 Mem:161.77M (Peak 353.20M) | Time:495480:19:45.89 | Mem:0.00M, Peak:0.00M | Scene | Synchronizing object | skirtingboard_support
Fra:1 Mem:162.85M (Peak 353.20M) | Time:495480:19:45.89 | Mem:0.00M, Peak:0.00M | Scene | Initializing
Fra:1 Mem:162.85M (Peak 353.20M) | Time:495480:19:45.89 | Mem:0.00M, Peak:0.00M | Scene | Updating Images | Loading skirtingboard_support_NORMAL
Fra:1 Mem:164.33M (Peak 353.20M) | Time:495480:19:46.30 | Mem:0.00M, Peak:0.00M | Scene | Synchronizing object | TapFactory(4018701).spawn_asset(2889896)
Fra:1 Mem:165.67M (Peak 353.20M) | Time:495480:19:46.30 | Mem:0.00M, Peak:0.00M | Scene | Initializing
Fra:1 Mem:165.66M (Peak 353.20M) | Time:495480:19:46.30 | Mem:0.00M, Peak:0.00M | Scene | Updating Images | Loading TapFactory(4018701).spawn_asset(2889896)_METAL
Fra:1 Mem:165.11M (Peak 353.20M) | Time:495480:19:48.95 | Mem:0.00M, Peak:0.00M | Scene | Synchronizing object | TapFactory(4018701).spawn_asset(2889896)
Fra:1 Mem:165.84M (Peak 353.20M) | Time:495480:19:48.95 | Mem:0.00M, Peak:0.00M | Scene | Initializing
Fra:1 Mem:165.84M (Peak 353.20M) | Time:495480:19:48.95 | Mem:0.00M, Peak:0.00M | Scene | Updating Images | Loading TapFactory(4018701).spawn_asset(2889896)_DIFFUSE
Fra:1 Mem:165.13M (Peak 353.20M) | Time:495480:19:53.03 | Mem:0.00M, Peak:0.00M | Scene | Synchronizing object | TapFactory(4018701).spawn_asset(2889896)
Fra:1 Mem:165.87M (Peak 353.20M) | Time:495480:19:53.03 | Mem:0.00M, Peak:0.00M | Scene | Initializing
Fra:1 Mem:165.86M (Peak 353.20M) | Time:495480:19:53.03 | Mem:0.00M, Peak:0.00M | Scene | Updating Images | Loading TapFactory(4018701).spawn_asset(2889896)_ROUGHNESS
Fra:1 Mem:165.15M (Peak 353.20M) | Time:495480:19:57.02 | Mem:0.00M, Peak:0.00M | Scene | Synchronizing object | TapFactory(4018701).spawn_asset(2889896)
Fra:1 Mem:165.89M (Peak 353.20M) | Time:495480:19:57.02 | Mem:0.00M, Peak:0.00M | Scene | Initializing
Fra:1 Mem:165.89M (Peak 353.20M) | Time:495480:19:57.02 | Mem:0.00M, Peak:0.00M | Scene | Updating Images | Loading TapFactory(4018701).spawn_asset(2889896)_NORMAL
Fra:1 Mem:164.76M (Peak 353.20M) | Time:495480:20:01.07 | Mem:0.00M, Peak:0.00M | Scene | Synchronizing object | WindowFactory(53315).spawn_asset(1)
Fra:1 Mem:164.78M (Peak 353.20M) | Time:495480:20:01.07 | Mem:0.00M, Peak:0.00M | Scene | Initializing
Fra:1 Mem:164.77M (Peak 353.20M) | Time:495480:20:01.07 | Mem:0.00M, Peak:0.00M | Scene | Updating Images | Loading WindowFactory(53315).spawn_asset(1)_TRANSMISSION
Fra:1 Mem:164.81M (Peak 353.20M) | Time:495480:20:01.43 | Mem:0.00M, Peak:0.00M | Scene | Synchronizing object | WindowFactory(53315).spawn_asset(1)
Fra:1 Mem:164.82M (Peak 353.20M) | Time:495480:20:01.43 | Mem:0.00M, Peak:0.00M | Scene | Initializing
Fra:1 Mem:164.81M (Peak 353.20M) | Time:495480:20:01.43 | Mem:0.00M, Peak:0.00M | Scene | Updating Images | Loading WindowFactory(53315).spawn_asset(1)_DIFFUSE
Fra:1 Mem:164.84M (Peak 353.20M) | Time:495480:20:01.86 | Mem:0.00M, Peak:0.00M | Scene | Synchronizing object | WindowFactory(53315).spawn_asset(1)
Fra:1 Mem:164.85M (Peak 353.20M) | Time:495480:20:01.86 | Mem:0.00M, Peak:0.00M | Scene | Initializing
Fra:1 Mem:164.85M (Peak 353.20M) | Time:495480:20:01.86 | Mem:0.00M, Peak:0.00M | Scene | Updating Images | Loading WindowFactory(53315).spawn_asset(1)_ROUGHNESS
Fra:1 Mem:164.88M (Peak 353.20M) | Time:495480:20:02.30 | Mem:0.00M, Peak:0.00M | Scene | Synchronizing object | WindowFactory(53315).spawn_asset(1)
Fra:1 Mem:164.89M (Peak 353.20M) | Time:495480:20:02.30 | Mem:0.00M, Peak:0.00M | Scene | Initializing
Fra:1 Mem:164.89M (Peak 353.20M) | Time:495480:20:02.30 | Mem:0.00M, Peak:0.00M | Scene | Updating Images | Loading WindowFactory(53315).spawn_asset(1)_NORMAL
Fra:1 Mem:164.93M (Peak 353.20M) | Time:495480:20:02.70 | Mem:0.00M, Peak:0.00M | Scene | Synchronizing object | WindowFactory(53315).spawn_asset(10)
Fra:1 Mem:164.96M (Peak 353.20M) | Time:495480:20:02.70 | Mem:0.00M, Peak:0.00M | Scene | Initializing
Fra:1 Mem:164.96M (Peak 353.20M) | Time:495480:20:02.70 | Mem:0.00M, Peak:0.00M | Scene | Updating Images | Loading WindowFactory(53315).spawn_asset(10)_TRANSMISSION
Fra:1 Mem:165.05M (Peak 353.20M) | Time:495480:20:03.10 | Mem:0.00M, Peak:0.00M | Scene | Synchronizing object | WindowFactory(53315).spawn_asset(10)
Fra:1 Mem:165.07M (Peak 353.20M) | Time:495480:20:03.10 | Mem:0.00M, Peak:0.00M | Scene | Initializing
Fra:1 Mem:165.06M (Peak 353.20M) | Time:495480:20:03.10 | Mem:0.00M, Peak:0.00M | Scene | Updating Images | Loading WindowFactory(53315).spawn_asset(10)_DIFFUSE
Fra:1 Mem:165.09M (Peak 353.20M) | Time:495480:20:03.58 | Mem:0.00M, Peak:0.00M | Scene | Synchronizing object | WindowFactory(53315).spawn_asset(10)
Fra:1 Mem:165.10M (Peak 353.20M) | Time:495480:20:03.58 | Mem:0.00M, Peak:0.00M | Scene | Initializing
Fra:1 Mem:165.10M (Peak 353.20M) | Time:495480:20:03.58 | Mem:0.00M, Peak:0.00M | Scene | Updating Images | Loading WindowFactory(53315).spawn_asset(10)_ROUGHNESS
Fra:1 Mem:165.12M (Peak 353.20M) | Time:495480:20:04.06 | Mem:0.00M, Peak:0.00M | Scene | Synchronizing object | WindowFactory(53315).spawn_asset(10)
Fra:1 Mem:165.14M (Peak 353.20M) | Time:495480:20:04.06 | Mem:0.00M, Peak:0.00M | Scene | Initializing
Fra:1 Mem:165.14M (Peak 353.20M) | Time:495480:20:04.06 | Mem:0.00M, Peak:0.00M | Scene | Updating Images | Loading WindowFactory(53315).spawn_asset(10)_NORMAL
Fra:1 Mem:166.06M (Peak 353.20M) | Time:495480:20:04.51 | Mem:0.00M, Peak:0.00M | Scene | Synchronizing object | WindowFactory(53315).spawn_asset(11)
Fra:1 Mem:167.11M (Peak 353.20M) | Time:495480:20:04.51 | Mem:0.00M, Peak:0.00M | Scene | Initializing
Fra:1 Mem:167.11M (Peak 353.20M) | Time:495480:20:04.51 | Mem:0.00M, Peak:0.00M | Scene | Updating Images | Loading WindowFactory(53315).spawn_asset(11)_METAL
Fra:1 Mem:166.71M (Peak 353.20M) | Time:495480:20:04.89 | Mem:0.00M, Peak:0.00M | Scene | Synchronizing object | WindowFactory(53315).spawn_asset(11)
Fra:1 Mem:167.21M (Peak 353.20M) | Time:495480:20:04.89 | Mem:0.00M, Peak:0.00M | Scene | Initializing
Fra:1 Mem:167.20M (Peak 353.20M) | Time:495480:20:04.89 | Mem:0.00M, Peak:0.00M | Scene | Updating Images | Loading WindowFactory(53315).spawn_asset(11)_TRANSMISSION
Fra:1 Mem:166.78M (Peak 353.20M) | Time:495480:20:05.26 | Mem:0.00M, Peak:0.00M | Scene | Synchronizing object | WindowFactory(53315).spawn_asset(11)
Fra:1 Mem:167.28M (Peak 353.20M) | Time:495480:20:05.26 | Mem:0.00M, Peak:0.00M | Scene | Initializing
Fra:1 Mem:167.27M (Peak 353.20M) | Time:495480:20:05.26 | Mem:0.00M, Peak:0.00M | Scene | Updating Images | Loading WindowFactory(53315).spawn_asset(11)_DIFFUSE
Fra:1 Mem:166.85M (Peak 353.20M) | Time:495480:20:05.74 | Mem:0.00M, Peak:0.00M | Scene | Synchronizing object | WindowFactory(53315).spawn_asset(11)
Fra:1 Mem:167.34M (Peak 353.20M) | Time:495480:20:05.74 | Mem:0.00M, Peak:0.00M | Scene | Initializing
Fra:1 Mem:167.34M (Peak 353.20M) | Time:495480:20:05.74 | Mem:0.00M, Peak:0.00M | Scene | Updating Images | Loading WindowFactory(53315).spawn_asset(11)_ROUGHNESS
Fra:1 Mem:166.91M (Peak 353.20M) | Time:495480:20:06.22 | Mem:0.00M, Peak:0.00M | Scene | Synchronizing object | WindowFactory(53315).spawn_asset(11)
Fra:1 Mem:167.41M (Peak 353.20M) | Time:495480:20:06.22 | Mem:0.00M, Peak:0.00M | Scene | Initializing
Fra:1 Mem:167.40M (Peak 353.20M) | Time:495480:20:06.22 | Mem:0.00M, Peak:0.00M | Scene | Updating Images | Loading WindowFactory(53315).spawn_asset(11)_NORMAL
Fra:1 Mem:166.30M (Peak 353.20M) | Time:495480:20:06.68 | Mem:0.00M, Peak:0.00M | Scene | Synchronizing object | WindowFactory(53315).spawn_asset(12)
Fra:1 Mem:166.42M (Peak 353.20M) | Time:495480:20:06.68 | Mem:0.00M, Peak:0.00M | Scene | Initializing
Fra:1 Mem:166.42M (Peak 353.20M) | Time:495480:20:06.68 | Mem:0.00M, Peak:0.00M | Scene | Updating Images | Loading WindowFactory(53315).spawn_asset(12)_DIFFUSE
Fra:1 Mem:166.39M (Peak 353.20M) | Time:495480:20:07.33 | Mem:0.00M, Peak:0.00M | Scene | Synchronizing object | WindowFactory(53315).spawn_asset(12)
Fra:1 Mem:166.45M (Peak 353.20M) | Time:495480:20:07.33 | Mem:0.00M, Peak:0.00M | Scene | Initializing
Fra:1 Mem:166.44M (Peak 353.20M) | Time:495480:20:07.33 | Mem:0.00M, Peak:0.00M | Scene | Updating Images | Loading WindowFactory(53315).spawn_asset(12)_ROUGHNESS
Fra:1 Mem:166.41M (Peak 353.20M) | Time:495480:20:07.96 | Mem:0.00M, Peak:0.00M | Scene | Synchronizing object | WindowFactory(53315).spawn_asset(12)
Fra:1 Mem:166.47M (Peak 353.20M) | Time:495480:20:07.96 | Mem:0.00M, Peak:0.00M | Scene | Initializing
Fra:1 Mem:166.46M (Peak 353.20M) | Time:495480:20:07.96 | Mem:0.00M, Peak:0.00M | Scene | Updating Images | Loading WindowFactory(53315).spawn_asset(12)_NORMAL
Fra:1 Mem:166.58M (Peak 353.20M) | Time:495480:20:08.63 | Mem:0.00M, Peak:0.00M | Scene | Synchronizing object | WindowFactory(53315).spawn_asset(2)
Fra:1 Mem:166.89M (Peak 353.20M) | Time:495480:20:08.64 | Mem:0.00M, Peak:0.00M | Scene | Initializing
Fra:1 Mem:166.89M (Peak 353.20M) | Time:495480:20:08.64 | Mem:0.00M, Peak:0.00M | Scene | Updating Images | Loading WindowFactory(53315).spawn_asset(2)_DIFFUSE
Fra:1 Mem:166.76M (Peak 353.20M) | Time:495480:20:09.27 | Mem:0.00M, Peak:0.00M | Scene | Synchronizing object | WindowFactory(53315).spawn_asset(2)
Fra:1 Mem:166.92M (Peak 353.20M) | Time:495480:20:09.27 | Mem:0.00M, Peak:0.00M | Scene | Initializing
Fra:1 Mem:166.91M (Peak 353.20M) | Time:495480:20:09.27 | Mem:0.00M, Peak:0.00M | Scene | Updating Images | Loading WindowFactory(53315).spawn_asset(2)_ROUGHNESS
Fra:1 Mem:166.79M (Peak 353.20M) | Time:495480:20:09.87 | Mem:0.00M, Peak:0.00M | Scene | Synchronizing object | WindowFactory(53315).spawn_asset(2)
Fra:1 Mem:166.94M (Peak 353.20M) | Time:495480:20:09.87 | Mem:0.00M, Peak:0.00M | Scene | Initializing
Fra:1 Mem:166.94M (Peak 353.20M) | Time:495480:20:09.87 | Mem:0.00M, Peak:0.00M | Scene | Updating Images | Loading WindowFactory(53315).spawn_asset(2)_NORMAL
Fra:1 Mem:168.10M (Peak 353.20M) | Time:495480:20:10.50 | Mem:0.00M, Peak:0.00M | Scene | Synchronizing object | WindowFactory(53315).spawn_asset(3)
Fra:1 Mem:169.15M (Peak 353.20M) | Time:495480:20:10.50 | Mem:0.00M, Peak:0.00M | Scene | Initializing
Fra:1 Mem:169.15M (Peak 353.20M) | Time:495480:20:10.50 | Mem:0.00M, Peak:0.00M | Scene | Updating Images | Loading WindowFactory(53315).spawn_asset(3)_METAL
Fra:1 Mem:168.75M (Peak 353.20M) | Time:495480:20:10.88 | Mem:0.00M, Peak:0.00M | Scene | Synchronizing object | WindowFactory(53315).spawn_asset(3)
Fra:1 Mem:169.24M (Peak 353.20M) | Time:495480:20:10.88 | Mem:0.00M, Peak:0.00M | Scene | Initializing
Fra:1 Mem:169.24M (Peak 353.20M) | Time:495480:20:10.88 | Mem:0.00M, Peak:0.00M | Scene | Updating Images | Loading WindowFactory(53315).spawn_asset(3)_TRANSMISSION
Fra:1 Mem:168.82M (Peak 353.20M) | Time:495480:20:11.23 | Mem:0.00M, Peak:0.00M | Scene | Synchronizing object | WindowFactory(53315).spawn_asset(3)
Fra:1 Mem:169.31M (Peak 353.20M) | Time:495480:20:11.24 | Mem:0.00M, Peak:0.00M | Scene | Initializing
Fra:1 Mem:169.31M (Peak 353.20M) | Time:495480:20:11.24 | Mem:0.00M, Peak:0.00M | Scene | Updating Images | Loading WindowFactory(53315).spawn_asset(3)_DIFFUSE
Fra:1 Mem:168.88M (Peak 353.20M) | Time:495480:20:11.67 | Mem:0.00M, Peak:0.00M | Scene | Synchronizing object | WindowFactory(53315).spawn_asset(3)
Fra:1 Mem:169.38M (Peak 353.20M) | Time:495480:20:11.68 | Mem:0.00M, Peak:0.00M | Scene | Initializing
Fra:1 Mem:169.38M (Peak 353.20M) | Time:495480:20:11.68 | Mem:0.00M, Peak:0.00M | Scene | Updating Images | Loading WindowFactory(53315).spawn_asset(3)_ROUGHNESS
Fra:1 Mem:168.95M (Peak 353.20M) | Time:495480:20:12.11 | Mem:0.00M, Peak:0.00M | Scene | Synchronizing object | WindowFactory(53315).spawn_asset(3)
Fra:1 Mem:169.45M (Peak 353.20M) | Time:495480:20:12.11 | Mem:0.00M, Peak:0.00M | Scene | Initializing
Fra:1 Mem:169.44M (Peak 353.20M) | Time:495480:20:12.11 | Mem:0.00M, Peak:0.00M | Scene | Updating Images | Loading WindowFactory(53315).spawn_asset(3)_NORMAL
Fra:1 Mem:168.68M (Peak 353.20M) | Time:495480:20:12.52 | Mem:0.00M, Peak:0.00M | Scene | Synchronizing object | WindowFactory(53315).spawn_asset(6)
Fra:1 Mem:168.72M (Peak 353.20M) | Time:495480:20:12.52 | Mem:0.00M, Peak:0.00M | Scene | Initializing
Fra:1 Mem:168.71M (Peak 353.20M) | Time:495480:20:12.52 | Mem:0.00M, Peak:0.00M | Scene | Updating Images | Loading WindowFactory(53315).spawn_asset(6)_TRANSMISSION
Fra:1 Mem:168.74M (Peak 353.20M) | Time:495480:20:12.89 | Mem:0.00M, Peak:0.00M | Scene | Synchronizing object | WindowFactory(53315).spawn_asset(6)
Fra:1 Mem:168.76M (Peak 353.20M) | Time:495480:20:12.89 | Mem:0.00M, Peak:0.00M | Scene | Initializing
Fra:1 Mem:168.75M (Peak 353.20M) | Time:495480:20:12.89 | Mem:0.00M, Peak:0.00M | Scene | Updating Images | Loading WindowFactory(53315).spawn_asset(6)_DIFFUSE
Fra:1 Mem:168.78M (Peak 353.20M) | Time:495480:20:13.35 | Mem:0.00M, Peak:0.00M | Scene | Synchronizing object | WindowFactory(53315).spawn_asset(6)
Fra:1 Mem:168.79M (Peak 353.20M) | Time:495480:20:13.35 | Mem:0.00M, Peak:0.00M | Scene | Initializing
Fra:1 Mem:168.79M (Peak 353.20M) | Time:495480:20:13.35 | Mem:0.00M, Peak:0.00M | Scene | Updating Images | Loading WindowFactory(53315).spawn_asset(6)_ROUGHNESS
Fra:1 Mem:168.81M (Peak 353.20M) | Time:495480:20:13.81 | Mem:0.00M, Peak:0.00M | Scene | Synchronizing object | WindowFactory(53315).spawn_asset(6)
Fra:1 Mem:168.83M (Peak 353.20M) | Time:495480:20:13.81 | Mem:0.00M, Peak:0.00M | Scene | Initializing
Fra:1 Mem:168.83M (Peak 353.20M) | Time:495480:20:13.81 | Mem:0.00M, Peak:0.00M | Scene | Updating Images | Loading WindowFactory(53315).spawn_asset(6)_NORMAL
Fra:1 Mem:168.86M (Peak 353.20M) | Time:495480:20:14.23 | Mem:0.00M, Peak:0.00M | Scene | Synchronizing object | WindowFactory(53315).spawn_asset(7)
Fra:1 Mem:168.88M (Peak 353.20M) | Time:495480:20:14.23 | Mem:0.00M, Peak:0.00M | Scene | Initializing
Fra:1 Mem:168.87M (Peak 353.20M) | Time:495480:20:14.23 | Mem:0.00M, Peak:0.00M | Scene | Updating Images | Loading WindowFactory(53315).spawn_asset(7)_TRANSMISSION
Fra:1 Mem:168.91M (Peak 353.20M) | Time:495480:20:14.58 | Mem:0.00M, Peak:0.00M | Scene | Synchronizing object | WindowFactory(53315).spawn_asset(7)
Fra:1 Mem:168.92M (Peak 353.20M) | Time:495480:20:14.58 | Mem:0.00M, Peak:0.00M | Scene | Initializing
Fra:1 Mem:168.91M (Peak 353.20M) | Time:495480:20:14.58 | Mem:0.00M, Peak:0.00M | Scene | Updating Images | Loading WindowFactory(53315).spawn_asset(7)_DIFFUSE
Fra:1 Mem:168.95M (Peak 353.20M) | Time:495480:20:15.01 | Mem:0.00M, Peak:0.00M | Scene | Synchronizing object | WindowFactory(53315).spawn_asset(7)
Fra:1 Mem:168.95M (Peak 353.20M) | Time:495480:20:15.01 | Mem:0.00M, Peak:0.00M | Scene | Initializing
Fra:1 Mem:168.95M (Peak 353.20M) | Time:495480:20:15.01 | Mem:0.00M, Peak:0.00M | Scene | Updating Images | Loading WindowFactory(53315).spawn_asset(7)_ROUGHNESS
Fra:1 Mem:168.98M (Peak 353.20M) | Time:495480:20:15.44 | Mem:0.00M, Peak:0.00M | Scene | Synchronizing object | WindowFactory(53315).spawn_asset(7)
Fra:1 Mem:168.99M (Peak 353.20M) | Time:495480:20:15.44 | Mem:0.00M, Peak:0.00M | Scene | Initializing
Fra:1 Mem:168.99M (Peak 353.20M) | Time:495480:20:15.44 | Mem:0.00M, Peak:0.00M | Scene | Updating Images | Loading WindowFactory(53315).spawn_asset(7)_NORMAL
Fra:1 Mem:169.03M (Peak 353.20M) | Time:495480:20:15.84 | Mem:0.00M, Peak:0.00M | Scene | Synchronizing object | WindowFactory(53315).spawn_asset(8)
Fra:1 Mem:169.08M (Peak 353.20M) | Time:495480:20:15.84 | Mem:0.00M, Peak:0.00M | Scene | Initializing
Fra:1 Mem:169.07M (Peak 353.20M) | Time:495480:20:15.84 | Mem:0.00M, Peak:0.00M | Scene | Updating Images | Loading WindowFactory(53315).spawn_asset(8)_TRANSMISSION
Fra:1 Mem:169.09M (Peak 353.20M) | Time:495480:20:16.25 | Mem:0.00M, Peak:0.00M | Scene | Synchronizing object | WindowFactory(53315).spawn_asset(8)
Fra:1 Mem:169.12M (Peak 353.20M) | Time:495480:20:16.25 | Mem:0.00M, Peak:0.00M | Scene | Initializing
Fra:1 Mem:169.11M (Peak 353.20M) | Time:495480:20:16.25 | Mem:0.00M, Peak:0.00M | Scene | Updating Images | Loading WindowFactory(53315).spawn_asset(8)_DIFFUSE
Fra:1 Mem:169.13M (Peak 353.20M) | Time:495480:20:16.74 | Mem:0.00M, Peak:0.00M | Scene | Synchronizing object | WindowFactory(53315).spawn_asset(8)
Fra:1 Mem:169.15M (Peak 353.20M) | Time:495480:20:16.74 | Mem:0.00M, Peak:0.00M | Scene | Initializing
Fra:1 Mem:169.15M (Peak 353.20M) | Time:495480:20:16.74 | Mem:0.00M, Peak:0.00M | Scene | Updating Images | Loading WindowFactory(53315).spawn_asset(8)_ROUGHNESS
Fra:1 Mem:169.17M (Peak 353.20M) | Time:495480:20:17.23 | Mem:0.00M, Peak:0.00M | Scene | Synchronizing object | WindowFactory(53315).spawn_asset(8)
Fra:1 Mem:169.19M (Peak 353.20M) | Time:495480:20:17.23 | Mem:0.00M, Peak:0.00M | Scene | Initializing
Fra:1 Mem:169.19M (Peak 353.20M) | Time:495480:20:17.23 | Mem:0.00M, Peak:0.00M | Scene | Updating Images | Loading WindowFactory(53315).spawn_asset(8)_NORMAL
Fra:1 Mem:169.22M (Peak 353.20M) | Time:495480:20:17.66 | Mem:0.00M, Peak:0.00M | Scene | Synchronizing object | WindowFactory(53315).spawn_asset(9)
Fra:1 Mem:169.24M (Peak 353.20M) | Time:495480:20:17.66 | Mem:0.00M, Peak:0.00M | Scene | Initializing
Fra:1 Mem:169.23M (Peak 353.20M) | Time:495480:20:17.66 | Mem:0.00M, Peak:0.00M | Scene | Updating Images | Loading WindowFactory(53315).spawn_asset(9)_TRANSMISSION
Fra:1 Mem:169.27M (Peak 353.20M) | Time:495480:20:18.01 | Mem:0.00M, Peak:0.00M | Scene | Synchronizing object | WindowFactory(53315).spawn_asset(9)
Fra:1 Mem:169.28M (Peak 353.20M) | Time:495480:20:18.01 | Mem:0.00M, Peak:0.00M | Scene | Initializing
Fra:1 Mem:169.28M (Peak 353.20M) | Time:495480:20:18.01 | Mem:0.00M, Peak:0.00M | Scene | Updating Images | Loading WindowFactory(53315).spawn_asset(9)_DIFFUSE
Fra:1 Mem:169.31M (Peak 353.20M) | Time:495480:20:18.48 | Mem:0.00M, Peak:0.00M | Scene | Synchronizing object | WindowFactory(53315).spawn_asset(9)
Fra:1 Mem:169.32M (Peak 353.20M) | Time:495480:20:18.48 | Mem:0.00M, Peak:0.00M | Scene | Initializing
Fra:1 Mem:169.31M (Peak 353.20M) | Time:495480:20:18.48 | Mem:0.00M, Peak:0.00M | Scene | Updating Images | Loading WindowFactory(53315).spawn_asset(9)_ROUGHNESS
Fra:1 Mem:169.34M (Peak 353.20M) | Time:495480:20:18.93 | Mem:0.00M, Peak:0.00M | Scene | Synchronizing object | WindowFactory(53315).spawn_asset(9)
Fra:1 Mem:169.35M (Peak 353.20M) | Time:495480:20:18.93 | Mem:0.00M, Peak:0.00M | Scene | Initializing
Fra:1 Mem:169.35M (Peak 353.20M) | Time:495480:20:18.93 | Mem:0.00M, Peak:0.00M | Scene | Updating Images | Loading WindowFactory(53315).spawn_asset(9)_NORMAL
Fra:1 Mem:169.38M (Peak 353.20M) | Time:495480:20:19.38 | Mem:0.00M, Peak:0.00M | Scene | Synchronizing object | WindowFactory(87591).spawn_asset(0)
Fra:1 Mem:169.40M (Peak 353.20M) | Time:495480:20:19.38 | Mem:0.00M, Peak:0.00M | Scene | Initializing
Fra:1 Mem:169.40M (Peak 353.20M) | Time:495480:20:19.38 | Mem:0.00M, Peak:0.00M | Scene | Updating Images | Loading WindowFactory(87591).spawn_asset(0)_TRANSMISSION
Fra:1 Mem:169.43M (Peak 353.20M) | Time:495480:20:19.73 | Mem:0.00M, Peak:0.00M | Scene | Synchronizing object | WindowFactory(87591).spawn_asset(0)
Fra:1 Mem:169.44M (Peak 353.20M) | Time:495480:20:19.73 | Mem:0.00M, Peak:0.00M | Scene | Initializing
Fra:1 Mem:169.44M (Peak 353.20M) | Time:495480:20:19.73 | Mem:0.00M, Peak:0.00M | Scene | Updating Images | Loading WindowFactory(87591).spawn_asset(0)_DIFFUSE
Fra:1 Mem:169.47M (Peak 353.20M) | Time:495480:20:20.16 | Mem:0.00M, Peak:0.00M | Scene | Synchronizing object | WindowFactory(87591).spawn_asset(0)
Fra:1 Mem:169.48M (Peak 353.20M) | Time:495480:20:20.16 | Mem:0.00M, Peak:0.00M | Scene | Initializing
Fra:1 Mem:169.48M (Peak 353.20M) | Time:495480:20:20.16 | Mem:0.00M, Peak:0.00M | Scene | Updating Images | Loading WindowFactory(87591).spawn_asset(0)_ROUGHNESS
Fra:1 Mem:169.51M (Peak 353.20M) | Time:495480:20:20.59 | Mem:0.00M, Peak:0.00M | Scene | Synchronizing object | WindowFactory(87591).spawn_asset(0)
Fra:1 Mem:169.52M (Peak 353.20M) | Time:495480:20:20.59 | Mem:0.00M, Peak:0.00M | Scene | Initializing
Fra:1 Mem:169.51M (Peak 353.20M) | Time:495480:20:20.60 | Mem:0.00M, Peak:0.00M | Scene | Updating Images | Loading WindowFactory(87591).spawn_asset(0)_NORMAL
Fra:1 Mem:169.34M (Peak 353.20M) | Time:495480:20:21.01 | Mem:0.00M, Peak:0.00M | Scene | Synchronizing object | WindowFactory(87591).spawn_asset(13)
Fra:1 Mem:169.35M (Peak 353.20M) | Time:495480:20:21.01 | Mem:0.00M, Peak:0.00M | Scene | Initializing
Fra:1 Mem:169.35M (Peak 353.20M) | Time:495480:20:21.01 | Mem:0.00M, Peak:0.00M | Scene | Updating Images | Loading WindowFactory(87591).spawn_asset(13)_TRANSMISSION
Fra:1 Mem:169.39M (Peak 353.20M) | Time:495480:20:21.37 | Mem:0.00M, Peak:0.00M | Scene | Synchronizing object | WindowFactory(87591).spawn_asset(13)
Fra:1 Mem:169.40M (Peak 353.20M) | Time:495480:20:21.37 | Mem:0.00M, Peak:0.00M | Scene | Initializing
Fra:1 Mem:169.40M (Peak 353.20M) | Time:495480:20:21.37 | Mem:0.00M, Peak:0.00M | Scene | Updating Images | Loading WindowFactory(87591).spawn_asset(13)_DIFFUSE
Fra:1 Mem:169.43M (Peak 353.20M) | Time:495480:20:21.84 | Mem:0.00M, Peak:0.00M | Scene | Synchronizing object | WindowFactory(87591).spawn_asset(13)
Fra:1 Mem:169.44M (Peak 353.20M) | Time:495480:20:21.84 | Mem:0.00M, Peak:0.00M | Scene | Initializing
Fra:1 Mem:169.43M (Peak 353.20M) | Time:495480:20:21.84 | Mem:0.00M, Peak:0.00M | Scene | Updating Images | Loading WindowFactory(87591).spawn_asset(13)_ROUGHNESS
Fra:1 Mem:169.46M (Peak 353.20M) | Time:495480:20:22.27 | Mem:0.00M, Peak:0.00M | Scene | Synchronizing object | WindowFactory(87591).spawn_asset(13)
Fra:1 Mem:169.47M (Peak 353.20M) | Time:495480:20:22.27 | Mem:0.00M, Peak:0.00M | Scene | Initializing
Fra:1 Mem:169.47M (Peak 353.20M) | Time:495480:20:22.27 | Mem:0.00M, Peak:0.00M | Scene | Updating Images | Loading WindowFactory(87591).spawn_asset(13)_NORMAL
Fra:1 Mem:169.71M (Peak 353.20M) | Time:495480:20:22.70 | Mem:0.00M, Peak:0.00M | Scene | Synchronizing object | WindowFactory(87591).spawn_asset(14)
Fra:1 Mem:169.73M (Peak 353.20M) | Time:495480:20:22.70 | Mem:0.00M, Peak:0.00M | Scene | Initializing
Fra:1 Mem:169.73M (Peak 353.20M) | Time:495480:20:22.70 | Mem:0.00M, Peak:0.00M | Scene | Updating Images | Loading WindowFactory(87591).spawn_asset(14)_TRANSMISSION
Fra:1 Mem:169.76M (Peak 353.20M) | Time:495480:20:23.06 | Mem:0.00M, Peak:0.00M | Scene | Synchronizing object | WindowFactory(87591).spawn_asset(14)
Fra:1 Mem:169.77M (Peak 353.20M) | Time:495480:20:23.06 | Mem:0.00M, Peak:0.00M | Scene | Initializing
Fra:1 Mem:169.77M (Peak 353.20M) | Time:495480:20:23.06 | Mem:0.00M, Peak:0.00M | Scene | Updating Images | Loading WindowFactory(87591).spawn_asset(14)_DIFFUSE
Fra:1 Mem:169.80M (Peak 353.20M) | Time:495480:20:23.52 | Mem:0.00M, Peak:0.00M | Scene | Synchronizing object | WindowFactory(87591).spawn_asset(14)
Fra:1 Mem:169.81M (Peak 353.20M) | Time:495480:20:23.52 | Mem:0.00M, Peak:0.00M | Scene | Initializing
Fra:1 Mem:169.81M (Peak 353.20M) | Time:495480:20:23.52 | Mem:0.00M, Peak:0.00M | Scene | Updating Images | Loading WindowFactory(87591).spawn_asset(14)_ROUGHNESS
Fra:1 Mem:169.84M (Peak 353.20M) | Time:495480:20:23.97 | Mem:0.00M, Peak:0.00M | Scene | Synchronizing object | WindowFactory(87591).spawn_asset(14)
Fra:1 Mem:169.85M (Peak 353.20M) | Time:495480:20:23.97 | Mem:0.00M, Peak:0.00M | Scene | Initializing
Fra:1 Mem:169.84M (Peak 353.20M) | Time:495480:20:23.97 | Mem:0.00M, Peak:0.00M | Scene | Updating Images | Loading WindowFactory(87591).spawn_asset(14)_NORMAL
Fra:1 Mem:171.54M (Peak 353.20M) | Time:495480:20:24.44 | Mem:0.00M, Peak:0.00M | Scene | Synchronizing object | WindowFactory(87591).spawn_asset(15)
Fra:1 Mem:172.60M (Peak 353.20M) | Time:495480:20:24.45 | Mem:0.00M, Peak:0.00M | Scene | Initializing
Fra:1 Mem:172.60M (Peak 353.20M) | Time:495480:20:24.45 | Mem:0.00M, Peak:0.00M | Scene | Updating Images | Loading WindowFactory(87591).spawn_asset(15)_METAL
Fra:1 Mem:172.19M (Peak 353.20M) | Time:495480:20:24.79 | Mem:0.00M, Peak:0.00M | Scene | Synchronizing object | WindowFactory(87591).spawn_asset(15)
Fra:1 Mem:172.70M (Peak 353.20M) | Time:495480:20:24.79 | Mem:0.00M, Peak:0.00M | Scene | Initializing
Fra:1 Mem:172.69M (Peak 353.20M) | Time:495480:20:24.79 | Mem:0.00M, Peak:0.00M | Scene | Updating Images | Loading WindowFactory(87591).spawn_asset(15)_TRANSMISSION
Fra:1 Mem:172.26M (Peak 353.20M) | Time:495480:20:25.14 | Mem:0.00M, Peak:0.00M | Scene | Synchronizing object | WindowFactory(87591).spawn_asset(15)
Fra:1 Mem:172.77M (Peak 353.20M) | Time:495480:20:25.14 | Mem:0.00M, Peak:0.00M | Scene | Initializing
Fra:1 Mem:172.76M (Peak 353.20M) | Time:495480:20:25.14 | Mem:0.00M, Peak:0.00M | Scene | Updating Images | Loading WindowFactory(87591).spawn_asset(15)_DIFFUSE
Fra:1 Mem:172.33M (Peak 353.20M) | Time:495480:20:25.85 | Mem:0.00M, Peak:0.00M | Scene | Synchronizing object | WindowFactory(87591).spawn_asset(15)
Fra:1 Mem:172.83M (Peak 353.20M) | Time:495480:20:25.85 | Mem:0.00M, Peak:0.00M | Scene | Initializing
Fra:1 Mem:172.83M (Peak 353.20M) | Time:495480:20:25.85 | Mem:0.00M, Peak:0.00M | Scene | Updating Images | Loading WindowFactory(87591).spawn_asset(15)_ROUGHNESS
Fra:1 Mem:172.39M (Peak 353.20M) | Time:495480:20:26.54 | Mem:0.00M, Peak:0.00M | Scene | Synchronizing object | WindowFactory(87591).spawn_asset(15)
Fra:1 Mem:172.90M (Peak 353.20M) | Time:495480:20:26.54 | Mem:0.00M, Peak:0.00M | Scene | Initializing
Fra:1 Mem:172.90M (Peak 353.20M) | Time:495480:20:26.54 | Mem:0.00M, Peak:0.00M | Scene | Updating Images | Loading WindowFactory(87591).spawn_asset(15)_NORMAL
Fra:1 Mem:172.80M (Peak 353.20M) | Time:495480:20:27.27 | Mem:0.00M, Peak:0.00M | Scene | Synchronizing object | WindowFactory(87591).spawn_asset(16)
Fra:1 Mem:173.67M (Peak 353.20M) | Time:495480:20:27.27 | Mem:0.00M, Peak:0.00M | Scene | Initializing
Fra:1 Mem:173.67M (Peak 353.20M) | Time:495480:20:27.27 | Mem:0.00M, Peak:0.00M | Scene | Updating Images | Loading WindowFactory(87591).spawn_asset(16)_METAL
Fra:1 Mem:173.35M (Peak 353.20M) | Time:495480:20:27.63 | Mem:0.00M, Peak:0.00M | Scene | Synchronizing object | WindowFactory(87591).spawn_asset(16)
Fra:1 Mem:173.77M (Peak 353.20M) | Time:495480:20:27.63 | Mem:0.00M, Peak:0.00M | Scene | Initializing
Fra:1 Mem:173.76M (Peak 353.20M) | Time:495480:20:27.63 | Mem:0.00M, Peak:0.00M | Scene | Updating Images | Loading WindowFactory(87591).spawn_asset(16)_TRANSMISSION
Fra:1 Mem:173.42M (Peak 353.20M) | Time:495480:20:28.01 | Mem:0.00M, Peak:0.00M | Scene | Synchronizing object | WindowFactory(87591).spawn_asset(16)
Fra:1 Mem:173.84M (Peak 353.20M) | Time:495480:20:28.01 | Mem:0.00M, Peak:0.00M | Scene | Initializing
Fra:1 Mem:173.84M (Peak 353.20M) | Time:495480:20:28.01 | Mem:0.00M, Peak:0.00M | Scene | Updating Images | Loading WindowFactory(87591).spawn_asset(16)_DIFFUSE
Fra:1 Mem:173.49M (Peak 353.20M) | Time:495480:20:28.51 | Mem:0.00M, Peak:0.00M | Scene | Synchronizing object | WindowFactory(87591).spawn_asset(16)
Fra:1 Mem:173.91M (Peak 353.20M) | Time:495480:20:28.51 | Mem:0.00M, Peak:0.00M | Scene | Initializing
Fra:1 Mem:173.90M (Peak 353.20M) | Time:495480:20:28.51 | Mem:0.00M, Peak:0.00M | Scene | Updating Images | Loading WindowFactory(87591).spawn_asset(16)_ROUGHNESS
Fra:1 Mem:173.55M (Peak 353.20M) | Time:495480:20:29.02 | Mem:0.00M, Peak:0.00M | Scene | Synchronizing object | WindowFactory(87591).spawn_asset(16)
Fra:1 Mem:173.97M (Peak 353.20M) | Time:495480:20:29.02 | Mem:0.00M, Peak:0.00M | Scene | Initializing
Fra:1 Mem:173.97M (Peak 353.20M) | Time:495480:20:29.02 | Mem:0.00M, Peak:0.00M | Scene | Updating Images | Loading WindowFactory(87591).spawn_asset(16)_NORMAL
Fra:1 Mem:173.76M (Peak 353.20M) | Time:495480:20:29.51 | Mem:0.00M, Peak:0.00M | Scene | Synchronizing object | WindowFactory(87591).spawn_asset(4)
Fra:1 Mem:174.77M (Peak 353.20M) | Time:495480:20:29.51 | Mem:0.00M, Peak:0.00M | Scene | Initializing
Fra:1 Mem:174.76M (Peak 353.20M) | Time:495480:20:29.51 | Mem:0.00M, Peak:0.00M | Scene | Updating Images | Loading WindowFactory(87591).spawn_asset(4)_METAL
Fra:1 Mem:174.38M (Peak 353.20M) | Time:495480:20:29.87 | Mem:0.00M, Peak:0.00M | Scene | Synchronizing object | WindowFactory(87591).spawn_asset(4)
Fra:1 Mem:174.86M (Peak 353.20M) | Time:495480:20:29.87 | Mem:0.00M, Peak:0.00M | Scene | Initializing
Fra:1 Mem:174.86M (Peak 353.20M) | Time:495480:20:29.87 | Mem:0.00M, Peak:0.00M | Scene | Updating Images | Loading WindowFactory(87591).spawn_asset(4)_TRANSMISSION
Fra:1 Mem:174.45M (Peak 353.20M) | Time:495480:20:30.23 | Mem:0.00M, Peak:0.00M | Scene | Synchronizing object | WindowFactory(87591).spawn_asset(4)
Fra:1 Mem:174.93M (Peak 353.20M) | Time:495480:20:30.23 | Mem:0.00M, Peak:0.00M | Scene | Initializing
Fra:1 Mem:174.93M (Peak 353.20M) | Time:495480:20:30.23 | Mem:0.00M, Peak:0.00M | Scene | Updating Images | Loading WindowFactory(87591).spawn_asset(4)_DIFFUSE
Fra:1 Mem:174.52M (Peak 353.20M) | Time:495480:20:30.70 | Mem:0.00M, Peak:0.00M | Scene | Synchronizing object | WindowFactory(87591).spawn_asset(4)
Fra:1 Mem:175.00M (Peak 353.20M) | Time:495480:20:30.70 | Mem:0.00M, Peak:0.00M | Scene | Initializing
Fra:1 Mem:175.00M (Peak 353.20M) | Time:495480:20:30.70 | Mem:0.00M, Peak:0.00M | Scene | Updating Images | Loading WindowFactory(87591).spawn_asset(4)_ROUGHNESS
Fra:1 Mem:174.59M (Peak 353.20M) | Time:495480:20:31.17 | Mem:0.00M, Peak:0.00M | Scene | Synchronizing object | WindowFactory(87591).spawn_asset(4)
Fra:1 Mem:175.07M (Peak 353.20M) | Time:495480:20:31.17 | Mem:0.00M, Peak:0.00M | Scene | Initializing
Fra:1 Mem:175.06M (Peak 353.20M) | Time:495480:20:31.17 | Mem:0.00M, Peak:0.00M | Scene | Updating Images | Loading WindowFactory(87591).spawn_asset(4)_NORMAL
Fra:1 Mem:175.62M (Peak 353.20M) | Time:495480:20:31.63 | Mem:0.00M, Peak:0.00M | Scene | Synchronizing object | WindowFactory(87591).spawn_asset(5)
Fra:1 Mem:176.91M (Peak 353.20M) | Time:495480:20:31.63 | Mem:0.00M, Peak:0.00M | Scene | Initializing
Fra:1 Mem:176.91M (Peak 353.20M) | Time:495480:20:31.63 | Mem:0.00M, Peak:0.00M | Scene | Updating Images | Loading WindowFactory(87591).spawn_asset(5)_METAL
Fra:1 Mem:176.40M (Peak 353.20M) | Time:495480:20:32.01 | Mem:0.00M, Peak:0.00M | Scene | Synchronizing object | WindowFactory(87591).spawn_asset(5)
Fra:1 Mem:177.01M (Peak 353.20M) | Time:495480:20:32.01 | Mem:0.00M, Peak:0.00M | Scene | Initializing
Fra:1 Mem:177.01M (Peak 353.20M) | Time:495480:20:32.01 | Mem:0.00M, Peak:0.00M | Scene | Updating Images | Loading WindowFactory(87591).spawn_asset(5)_TRANSMISSION
Fra:1 Mem:176.48M (Peak 353.20M) | Time:495480:20:32.38 | Mem:0.00M, Peak:0.00M | Scene | Synchronizing object | WindowFactory(87591).spawn_asset(5)
Fra:1 Mem:177.08M (Peak 353.20M) | Time:495480:20:32.38 | Mem:0.00M, Peak:0.00M | Scene | Initializing
Fra:1 Mem:177.08M (Peak 353.20M) | Time:495480:20:32.38 | Mem:0.00M, Peak:0.00M | Scene | Updating Images | Loading WindowFactory(87591).spawn_asset(5)_DIFFUSE
Fra:1 Mem:176.54M (Peak 353.20M) | Time:495480:20:33.01 | Mem:0.00M, Peak:0.00M | Scene | Synchronizing object | WindowFactory(87591).spawn_asset(5)
Fra:1 Mem:177.15M (Peak 353.20M) | Time:495480:20:33.01 | Mem:0.00M, Peak:0.00M | Scene | Initializing
Fra:1 Mem:177.14M (Peak 353.20M) | Time:495480:20:33.01 | Mem:0.00M, Peak:0.00M | Scene | Updating Images | Loading WindowFactory(87591).spawn_asset(5)_ROUGHNESS
Fra:1 Mem:176.61M (Peak 353.20M) | Time:495480:20:33.62 | Mem:0.00M, Peak:0.00M | Scene | Synchronizing object | WindowFactory(87591).spawn_asset(5)
Fra:1 Mem:177.21M (Peak 353.20M) | Time:495480:20:33.62 | Mem:0.00M, Peak:0.00M | Scene | Initializing
Fra:1 Mem:177.21M (Peak 353.20M) | Time:495480:20:33.62 | Mem:0.00M, Peak:0.00M | Scene | Updating Images | Loading WindowFactory(87591).spawn_asset(5)_NORMAL
  adding: home/yashturkar/Workspace/infinigen/outputs/infinigen_indoors_kitchen/spear_export_r1024/export_scene.blend/ (stored 0%)
  adding: home/yashturkar/Workspace/infinigen/outputs/infinigen_indoors_kitchen/spear_export_r1024/export_scene.blend/textures/ (stored 0%)
  adding: home/yashturkar/Workspace/infinigen/outputs/infinigen_indoors_kitchen/spear_export_r1024/export_scene.blend/textures/Cube_004_NORMAL.png (deflated 97%)
  adding: home/yashturkar/Workspace/infinigen/outputs/infinigen_indoors_kitchen/spear_export_r1024/export_scene.blend/textures/Cube_002_DIFFUSE.png (deflated 11%)
  adding: home/yashturkar/Workspace/infinigen/outputs/infinigen_indoors_kitchen/spear_export_r1024/export_scene.blend/textures/PanelDoorFactory(4264422)_spawn_asset(2)_DIFFUSE.png (deflated 13%)
  adding: home/yashturkar/Workspace/infinigen/outputs/infinigen_indoors_kitchen/spear_export_r1024/export_scene.blend/textures/WindowFactory(53315)_spawn_asset(7)_ROUGHNESS.png (deflated 2%)
  adding: home/yashturkar/Workspace/infinigen/outputs/infinigen_indoors_kitchen/spear_export_r1024/export_scene.blend/textures/living-room_0_0_wall_DIFFUSE.png (deflated 0%)
  adding: home/yashturkar/Workspace/infinigen/outputs/infinigen_indoors_kitchen/spear_export_r1024/export_scene.blend/textures/PanelDoorFactory(4264422)_spawn_asset(1)_ROUGHNESS.png (deflated 10%)
  adding: home/yashturkar/Workspace/infinigen/outputs/infinigen_indoors_kitchen/spear_export_r1024/export_scene.blend/textures/Cube_002_ROUGHNESS.png (deflated 12%)
  adding: home/yashturkar/Workspace/infinigen/outputs/infinigen_indoors_kitchen/spear_export_r1024/export_scene.blend/textures/PanelDoorFactory(4264422)_spawn_asset(1)_NORMAL.png (deflated 0%)
  adding: home/yashturkar/Workspace/infinigen/outputs/infinigen_indoors_kitchen/spear_export_r1024/export_scene.blend/textures/WindowFactory(53315)_spawn_asset(2)_NORMAL.png (deflated 0%)
  adding: home/yashturkar/Workspace/infinigen/outputs/infinigen_indoors_kitchen/spear_export_r1024/export_scene.blend/textures/Plane_004_ROUGHNESS.png (deflated 52%)
  adding: home/yashturkar/Workspace/infinigen/outputs/infinigen_indoors_kitchen/spear_export_r1024/export_scene.blend/textures/PanelDoorFactory(4264422)_spawn_asset(4)_ROUGHNESS.png (deflated 8%)
  adding: home/yashturkar/Workspace/infinigen/outputs/infinigen_indoors_kitchen/spear_export_r1024/export_scene.blend/textures/Cube_DIFFUSE.png (deflated 11%)
  adding: home/yashturkar/Workspace/infinigen/outputs/infinigen_indoors_kitchen/spear_export_r1024/export_scene.blend/textures/WindowFactory(87591)_spawn_asset(5)_ROUGHNESS.png (deflated 1%)
  adding: home/yashturkar/Workspace/infinigen/outputs/infinigen_indoors_kitchen/spear_export_r1024/export_scene.blend/textures/KitchenSpaceFactory(4790863)_spawn_asset(177424)_NORMAL.png (deflated 3%)
  adding: home/yashturkar/Workspace/infinigen/outputs/infinigen_indoors_kitchen/spear_export_r1024/export_scene.blend/textures/LiteDoorFactory(9360095)_spawn_asset(3)_NORMAL.png (deflated 81%)
  adding: home/yashturkar/Workspace/infinigen/outputs/infinigen_indoors_kitchen/spear_export_r1024/export_scene.blend/textures/PanelDoorFactory(4264422)_spawn_asset(0)_ROUGHNESS.png (deflated 8%)
  adding: home/yashturkar/Workspace/infinigen/outputs/infinigen_indoors_kitchen/spear_export_r1024/export_scene.blend/textures/LiteDoorFactory(9360095)_spawn_asset(3)_METAL.png (deflated 7%)
  adding: home/yashturkar/Workspace/infinigen/outputs/infinigen_indoors_kitchen/spear_export_r1024/export_scene.blend/textures/dining-room_0_0_floor_ROUGHNESS.png (deflated 2%)
  adding: home/yashturkar/Workspace/infinigen/outputs/infinigen_indoors_kitchen/spear_export_r1024/export_scene.blend/textures/WindowFactory(53315)_spawn_asset(6)_TRANSMISSION.png (deflated 17%)
  adding: home/yashturkar/Workspace/infinigen/outputs/infinigen_indoors_kitchen/spear_export_r1024/export_scene.blend/textures/WindowFactory(53315)_spawn_asset(10)_DIFFUSE.png (deflated 0%)
  adding: home/yashturkar/Workspace/infinigen/outputs/infinigen_indoors_kitchen/spear_export_r1024/export_scene.blend/textures/WindowFactory(53315)_spawn_asset(3)_METAL.png (deflated 34%)
  adding: home/yashturkar/Workspace/infinigen/outputs/infinigen_indoors_kitchen/spear_export_r1024/export_scene.blend/textures/bathroom_0_0_wall_NORMAL.png (deflated 0%)
  adding: home/yashturkar/Workspace/infinigen/outputs/infinigen_indoors_kitchen/spear_export_r1024/export_scene.blend/textures/living-room_0_0_floor_ROUGHNESS.png (deflated 2%)
  adding: home/yashturkar/Workspace/infinigen/outputs/infinigen_indoors_kitchen/spear_export_r1024/export_scene.blend/textures/WindowFactory(87591)_spawn_asset(5)_TRANSMISSION.png (deflated 48%)
  adding: home/yashturkar/Workspace/infinigen/outputs/infinigen_indoors_kitchen/spear_export_r1024/export_scene.blend/textures/Plane_002_NORMAL.png (deflated 86%)
  adding: home/yashturkar/Workspace/infinigen/outputs/infinigen_indoors_kitchen/spear_export_r1024/export_scene.blend/textures/KitchenSpaceFactory(4790863)_spawn_asset(177424)_ROUGHNESS.png (deflated 39%)
  adding: home/yashturkar/Workspace/infinigen/outputs/infinigen_indoors_kitchen/spear_export_r1024/export_scene.blend/textures/Cube_008_METAL.png (deflated 14%)
  adding: home/yashturkar/Workspace/infinigen/outputs/infinigen_indoors_kitchen/spear_export_r1024/export_scene.blend/textures/WindowFactory(87591)_spawn_asset(14)_DIFFUSE.png (deflated 0%)
  adding: home/yashturkar/Workspace/infinigen/outputs/infinigen_indoors_kitchen/spear_export_r1024/export_scene.blend/textures/TapFactory(4018701)_spawn_asset(2889896)_METAL.png (deflated 17%)
  adding: home/yashturkar/Workspace/infinigen/outputs/infinigen_indoors_kitchen/spear_export_r1024/export_scene.blend/textures/WindowFactory(87591)_spawn_asset(16)_ROUGHNESS.png (deflated 9%)
  adding: home/yashturkar/Workspace/infinigen/outputs/infinigen_indoors_kitchen/spear_export_r1024/export_scene.blend/textures/living-room_0_0_ceiling_DIFFUSE.png (deflated 98%)
  adding: home/yashturkar/Workspace/infinigen/outputs/infinigen_indoors_kitchen/spear_export_r1024/export_scene.blend/textures/PanelDoorFactory(4264422)_spawn_asset(2)_NORMAL.png (deflated 70%)
  adding: home/yashturkar/Workspace/infinigen/outputs/infinigen_indoors_kitchen/spear_export_r1024/export_scene.blend/textures/Plane_004_NORMAL.png (deflated 80%)
  adding: home/yashturkar/Workspace/infinigen/outputs/infinigen_indoors_kitchen/spear_export_r1024/export_scene.blend/textures/KitchenIslandFactory(1112434)_spawn_asset(6018961)_NORMAL.png (deflated 0%)
  adding: home/yashturkar/Workspace/infinigen/outputs/infinigen_indoors_kitchen/spear_export_r1024/export_scene.blend/textures/WindowFactory(53315)_spawn_asset(7)_TRANSMISSION.png (deflated 21%)
  adding: home/yashturkar/Workspace/infinigen/outputs/infinigen_indoors_kitchen/spear_export_r1024/export_scene.blend/textures/bedroom_0_0_floor_NORMAL.png (deflated 97%)
  adding: home/yashturkar/Workspace/infinigen/outputs/infinigen_indoors_kitchen/spear_export_r1024/export_scene.blend/textures/kitchen_0_0_floor_DIFFUSE.png (deflated 0%)
  adding: home/yashturkar/Workspace/infinigen/outputs/infinigen_indoors_kitchen/spear_export_r1024/export_scene.blend/textures/Plane_DIFFUSE.png (deflated 46%)
  adding: home/yashturkar/Workspace/infinigen/outputs/infinigen_indoors_kitchen/spear_export_r1024/export_scene.blend/textures/kitchen_0_0_ceiling_DIFFUSE.png (deflated 98%)
  adding: home/yashturkar/Workspace/infinigen/outputs/infinigen_indoors_kitchen/spear_export_r1024/export_scene.blend/textures/PanelDoorFactory(4264422)_spawn_asset(2)_TRANSMISSION.png (deflated 9%)
  adding: home/yashturkar/Workspace/infinigen/outputs/infinigen_indoors_kitchen/spear_export_r1024/export_scene.blend/textures/PanelDoorFactory(4264422)_spawn_asset(0)_METAL.png (deflated 40%)
  adding: home/yashturkar/Workspace/infinigen/outputs/infinigen_indoors_kitchen/spear_export_r1024/export_scene.blend/textures/bedroom_0_0_wall_ROUGHNESS.png (deflated 36%)
  adding: home/yashturkar/Workspace/infinigen/outputs/infinigen_indoors_kitchen/spear_export_r1024/export_scene.blend/textures/WindowFactory(53315)_spawn_asset(8)_DIFFUSE.png (deflated 0%)
  adding: home/yashturkar/Workspace/infinigen/outputs/infinigen_indoors_kitchen/spear_export_r1024/export_scene.blend/textures/Cube_006_ROUGHNESS.png (deflated 7%)
  adding: home/yashturkar/Workspace/infinigen/outputs/infinigen_indoors_kitchen/spear_export_r1024/export_scene.blend/textures/Plane_003_DIFFUSE.png (deflated 98%)
  adding: home/yashturkar/Workspace/infinigen/outputs/infinigen_indoors_kitchen/spear_export_r1024/export_scene.blend/textures/WindowFactory(87591)_spawn_asset(0)_TRANSMISSION.png (deflated 19%)
  adding: home/yashturkar/Workspace/infinigen/outputs/infinigen_indoors_kitchen/spear_export_r1024/export_scene.blend/textures/Plane_003_NORMAL.png (deflated 86%)
  adding: home/yashturkar/Workspace/infinigen/outputs/infinigen_indoors_kitchen/spear_export_r1024/export_scene.blend/textures/Cube_NORMAL.png (deflated 0%)
  adding: home/yashturkar/Workspace/infinigen/outputs/infinigen_indoors_kitchen/spear_export_r1024/export_scene.blend/textures/living-room_0_0_ceiling_NORMAL.png (deflated 97%)
  adding: home/yashturkar/Workspace/infinigen/outputs/infinigen_indoors_kitchen/spear_export_r1024/export_scene.blend/textures/WindowFactory(53315)_spawn_asset(7)_DIFFUSE.png (deflated 1%)
  adding: home/yashturkar/Workspace/infinigen/outputs/infinigen_indoors_kitchen/spear_export_r1024/export_scene.blend/textures/kitchen_0_0_ceiling_ROUGHNESS.png (deflated 98%)
  adding: home/yashturkar/Workspace/infinigen/outputs/infinigen_indoors_kitchen/spear_export_r1024/export_scene.blend/textures/PanelDoorFactory(4264422)_spawn_asset(4)_NORMAL.png (deflated 68%)
  adding: home/yashturkar/Workspace/infinigen/outputs/infinigen_indoors_kitchen/spear_export_r1024/export_scene.blend/textures/WindowFactory(53315)_spawn_asset(9)_NORMAL.png (deflated 0%)
  adding: home/yashturkar/Workspace/infinigen/outputs/infinigen_indoors_kitchen/spear_export_r1024/export_scene.blend/textures/LiteDoorFactory(9360095)_spawn_asset(3)_DIFFUSE.png (deflated 6%)
  adding: home/yashturkar/Workspace/infinigen/outputs/infinigen_indoors_kitchen/spear_export_r1024/export_scene.blend/textures/dining-room_0_0_floor_NORMAL.png (deflated 2%)
  adding: home/yashturkar/Workspace/infinigen/outputs/infinigen_indoors_kitchen/spear_export_r1024/export_scene.blend/textures/bedroom_0_0_ceiling_DIFFUSE.png (deflated 98%)
  adding: home/yashturkar/Workspace/infinigen/outputs/infinigen_indoors_kitchen/spear_export_r1024/export_scene.blend/textures/kitchen_0_0_wall_NORMAL.png (deflated 0%)
  adding: home/yashturkar/Workspace/infinigen/outputs/infinigen_indoors_kitchen/spear_export_r1024/export_scene.blend/textures/WindowFactory(87591)_spawn_asset(13)_DIFFUSE.png (deflated 0%)
  adding: home/yashturkar/Workspace/infinigen/outputs/infinigen_indoors_kitchen/spear_export_r1024/export_scene.blend/textures/WindowFactory(53315)_spawn_asset(3)_TRANSMISSION.png (deflated 38%)
  adding: home/yashturkar/Workspace/infinigen/outputs/infinigen_indoors_kitchen/spear_export_r1024/export_scene.blend/textures/SinkFactory(4018701)_spawn_asset(2889896)_METAL.png (deflated 51%)
  adding: home/yashturkar/Workspace/infinigen/outputs/infinigen_indoors_kitchen/spear_export_r1024/export_scene.blend/textures/kitchen_0_0_wall_ROUGHNESS.png (deflated 62%)
  adding: home/yashturkar/Workspace/infinigen/outputs/infinigen_indoors_kitchen/spear_export_r1024/export_scene.blend/textures/WindowFactory(87591)_spawn_asset(15)_METAL.png (deflated 55%)
  adding: home/yashturkar/Workspace/infinigen/outputs/infinigen_indoors_kitchen/spear_export_r1024/export_scene.blend/textures/SinkFactory(4018701)_spawn_asset(2889896)_ROUGHNESS.png (deflated 0%)
  adding: home/yashturkar/Workspace/infinigen/outputs/infinigen_indoors_kitchen/spear_export_r1024/export_scene.blend/textures/KitchenIslandFactory(1112434)_spawn_asset(6018961)_ROUGHNESS.png (deflated 42%)
  adding: home/yashturkar/Workspace/infinigen/outputs/infinigen_indoors_kitchen/spear_export_r1024/export_scene.blend/textures/WindowFactory(53315)_spawn_asset(2)_DIFFUSE.png (deflated 0%)
  adding: home/yashturkar/Workspace/infinigen/outputs/infinigen_indoors_kitchen/spear_export_r1024/export_scene.blend/textures/WindowFactory(87591)_spawn_asset(15)_TRANSMISSION.png (deflated 46%)
  adding: home/yashturkar/Workspace/infinigen/outputs/infinigen_indoors_kitchen/spear_export_r1024/export_scene.blend/textures/Cube_008_DIFFUSE.png (deflated 16%)
  adding: home/yashturkar/Workspace/infinigen/outputs/infinigen_indoors_kitchen/spear_export_r1024/export_scene.blend/textures/WindowFactory(87591)_spawn_asset(4)_TRANSMISSION.png (deflated 61%)
  adding: home/yashturkar/Workspace/infinigen/outputs/infinigen_indoors_kitchen/spear_export_r1024/export_scene.blend/textures/Plane_003_ROUGHNESS.png (deflated 49%)
  adding: home/yashturkar/Workspace/infinigen/outputs/infinigen_indoors_kitchen/spear_export_r1024/export_scene.blend/textures/Cube_004_TRANSMISSION.png (deflated 7%)
  adding: home/yashturkar/Workspace/infinigen/outputs/infinigen_indoors_kitchen/spear_export_r1024/export_scene.blend/textures/WindowFactory(87591)_spawn_asset(5)_METAL.png (deflated 37%)
  adding: home/yashturkar/Workspace/infinigen/outputs/infinigen_indoors_kitchen/spear_export_r1024/export_scene.blend/textures/dining-room_0_0_wall_NORMAL.png (deflated 0%)
  adding: home/yashturkar/Workspace/infinigen/outputs/infinigen_indoors_kitchen/spear_export_r1024/export_scene.blend/textures/bathroom_0_0_floor_NORMAL.png (deflated 13%)
  adding: home/yashturkar/Workspace/infinigen/outputs/infinigen_indoors_kitchen/spear_export_r1024/export_scene.blend/textures/WindowFactory(53315)_spawn_asset(10)_NORMAL.png (deflated 0%)
  adding: home/yashturkar/Workspace/infinigen/outputs/infinigen_indoors_kitchen/spear_export_r1024/export_scene.blend/textures/WindowFactory(87591)_spawn_asset(0)_ROUGHNESS.png (deflated 1%)
  adding: home/yashturkar/Workspace/infinigen/outputs/infinigen_indoors_kitchen/spear_export_r1024/export_scene.blend/textures/WindowFactory(87591)_spawn_asset(15)_NORMAL.png (deflated 0%)
  adding: home/yashturkar/Workspace/infinigen/outputs/infinigen_indoors_kitchen/spear_export_r1024/export_scene.blend/textures/WindowFactory(53315)_spawn_asset(12)_ROUGHNESS.png (deflated 1%)
  adding: home/yashturkar/Workspace/infinigen/outputs/infinigen_indoors_kitchen/spear_export_r1024/export_scene.blend/textures/living-room_0_0_floor_NORMAL.png (deflated 81%)
  adding: home/yashturkar/Workspace/infinigen/outputs/infinigen_indoors_kitchen/spear_export_r1024/export_scene.blend/textures/WindowFactory(87591)_spawn_asset(16)_DIFFUSE.png (deflated 1%)
  adding: home/yashturkar/Workspace/infinigen/outputs/infinigen_indoors_kitchen/spear_export_r1024/export_scene.blend/textures/WindowFactory(87591)_spawn_asset(13)_NORMAL.png (deflated 0%)
  adding: home/yashturkar/Workspace/infinigen/outputs/infinigen_indoors_kitchen/spear_export_r1024/export_scene.blend/textures/WindowFactory(53315)_spawn_asset(11)_NORMAL.png (deflated 0%)
  adding: home/yashturkar/Workspace/infinigen/outputs/infinigen_indoors_kitchen/spear_export_r1024/export_scene.blend/textures/Plane_NORMAL.png (deflated 5%)
  adding: home/yashturkar/Workspace/infinigen/outputs/infinigen_indoors_kitchen/spear_export_r1024/export_scene.blend/textures/WindowFactory(87591)_spawn_asset(16)_NORMAL.png (deflated 1%)
  adding: home/yashturkar/Workspace/infinigen/outputs/infinigen_indoors_kitchen/spear_export_r1024/export_scene.blend/textures/Cube_008_TRANSMISSION.png (deflated 98%)
  adding: home/yashturkar/Workspace/infinigen/outputs/infinigen_indoors_kitchen/spear_export_r1024/export_scene.blend/textures/WindowFactory(87591)_spawn_asset(14)_NORMAL.png (deflated 0%)
  adding: home/yashturkar/Workspace/infinigen/outputs/infinigen_indoors_kitchen/spear_export_r1024/export_scene.blend/textures/kitchen_0_0_ceiling_NORMAL.png (deflated 97%)
  adding: home/yashturkar/Workspace/infinigen/outputs/infinigen_indoors_kitchen/spear_export_r1024/export_scene.blend/textures/Cube_006_TRANSMISSION.png (deflated 6%)
  adding: home/yashturkar/Workspace/infinigen/outputs/infinigen_indoors_kitchen/spear_export_r1024/export_scene.blend/textures/WindowFactory(87591)_spawn_asset(5)_NORMAL.png (deflated 0%)
  adding: home/yashturkar/Workspace/infinigen/outputs/infinigen_indoors_kitchen/spear_export_r1024/export_scene.blend/textures/WindowFactory(87591)_spawn_asset(4)_DIFFUSE.png (deflated 2%)
  adding: home/yashturkar/Workspace/infinigen/outputs/infinigen_indoors_kitchen/spear_export_r1024/export_scene.blend/textures/Cube_008_NORMAL.png (deflated 84%)
  adding: home/yashturkar/Workspace/infinigen/outputs/infinigen_indoors_kitchen/spear_export_r1024/export_scene.blend/textures/Plane_001_NORMAL.png (deflated 5%)
  adding: home/yashturkar/Workspace/infinigen/outputs/infinigen_indoors_kitchen/spear_export_r1024/export_scene.blend/textures/Cube_ROUGHNESS.png (deflated 12%)
  adding: home/yashturkar/Workspace/infinigen/outputs/infinigen_indoors_kitchen/spear_export_r1024/export_scene.blend/textures/WindowFactory(53315)_spawn_asset(11)_ROUGHNESS.png (deflated 1%)
  adding: home/yashturkar/Workspace/infinigen/outputs/infinigen_indoors_kitchen/spear_export_r1024/export_scene.blend/textures/KitchenSpaceFactory(4790863)_spawn_asset(177424)_DIFFUSE.png (deflated 2%)
  adding: home/yashturkar/Workspace/infinigen/outputs/infinigen_indoors_kitchen/spear_export_r1024/export_scene.blend/textures/WindowFactory(53315)_spawn_asset(10)_TRANSMISSION.png (deflated 12%)
  adding: home/yashturkar/Workspace/infinigen/outputs/infinigen_indoors_kitchen/spear_export_r1024/export_scene.blend/textures/PanelDoorFactory(4264422)_spawn_asset(0)_DIFFUSE.png (deflated 4%)
  adding: home/yashturkar/Workspace/infinigen/outputs/infinigen_indoors_kitchen/spear_export_r1024/export_scene.blend/textures/bathroom_0_0_ceiling_DIFFUSE.png (deflated 98%)
  adding: home/yashturkar/Workspace/infinigen/outputs/infinigen_indoors_kitchen/spear_export_r1024/export_scene.blend/textures/WindowFactory(53315)_spawn_asset(6)_NORMAL.png (deflated 0%)
  adding: home/yashturkar/Workspace/infinigen/outputs/infinigen_indoors_kitchen/spear_export_r1024/export_scene.blend/textures/WindowFactory(53315)_spawn_asset(11)_DIFFUSE.png (deflated 1%)
  adding: home/yashturkar/Workspace/infinigen/outputs/infinigen_indoors_kitchen/spear_export_r1024/export_scene.blend/textures/dining-room_0_0_ceiling_NORMAL.png (deflated 97%)
  adding: home/yashturkar/Workspace/infinigen/outputs/infinigen_indoors_kitchen/spear_export_r1024/export_scene.blend/textures/SinkFactory(4018701)_spawn_asset(2889896)_NORMAL.png (deflated 97%)
  adding: home/yashturkar/Workspace/infinigen/outputs/infinigen_indoors_kitchen/spear_export_r1024/export_scene.blend/textures/bathroom_0_0_floor_DIFFUSE.png (deflated 1%)
  adding: home/yashturkar/Workspace/infinigen/outputs/infinigen_indoors_kitchen/spear_export_r1024/export_scene.blend/textures/WindowFactory(87591)_spawn_asset(15)_ROUGHNESS.png (deflated 1%)
  adding: home/yashturkar/Workspace/infinigen/outputs/infinigen_indoors_kitchen/spear_export_r1024/export_scene.blend/textures/WindowFactory(87591)_spawn_asset(0)_DIFFUSE.png (deflated 1%)
  adding: home/yashturkar/Workspace/infinigen/outputs/infinigen_indoors_kitchen/spear_export_r1024/export_scene.blend/textures/WindowFactory(53315)_spawn_asset(1)_DIFFUSE.png (deflated 0%)
  adding: home/yashturkar/Workspace/infinigen/outputs/infinigen_indoors_kitchen/spear_export_r1024/export_scene.blend/textures/bedroom_0_0_floor_DIFFUSE.png (deflated 0%)
  adding: home/yashturkar/Workspace/infinigen/outputs/infinigen_indoors_kitchen/spear_export_r1024/export_scene.blend/textures/WindowFactory(87591)_spawn_asset(16)_TRANSMISSION.png (deflated 52%)
  adding: home/yashturkar/Workspace/infinigen/outputs/infinigen_indoors_kitchen/spear_export_r1024/export_scene.blend/textures/TapFactory(4018701)_spawn_asset(2889896)_NORMAL.png (deflated 0%)
  adding: home/yashturkar/Workspace/infinigen/outputs/infinigen_indoors_kitchen/spear_export_r1024/export_scene.blend/textures/living-room_0_0_wall_ROUGHNESS.png (deflated 0%)
  adding: home/yashturkar/Workspace/infinigen/outputs/infinigen_indoors_kitchen/spear_export_r1024/export_scene.blend/textures/living-room_0_0_wall_NORMAL.png (deflated 1%)
  adding: home/yashturkar/Workspace/infinigen/outputs/infinigen_indoors_kitchen/spear_export_r1024/export_scene.blend/textures/WindowFactory(53315)_spawn_asset(3)_NORMAL.png (deflated 2%)
  adding: home/yashturkar/Workspace/infinigen/outputs/infinigen_indoors_kitchen/spear_export_r1024/export_scene.blend/textures/WindowFactory(53315)_spawn_asset(6)_ROUGHNESS.png (deflated 1%)
  adding: home/yashturkar/Workspace/infinigen/outputs/infinigen_indoors_kitchen/spear_export_r1024/export_scene.blend/textures/TapFactory(4018701)_spawn_asset(2889896)_ROUGHNESS.png (deflated 17%)
  adding: home/yashturkar/Workspace/infinigen/outputs/infinigen_indoors_kitchen/spear_export_r1024/export_scene.blend/textures/Cube_006_NORMAL.png (deflated 97%)
  adding: home/yashturkar/Workspace/infinigen/outputs/infinigen_indoors_kitchen/spear_export_r1024/export_scene.blend/textures/kitchen_0_0_floor_ROUGHNESS.png (deflated 0%)
  adding: home/yashturkar/Workspace/infinigen/outputs/infinigen_indoors_kitchen/spear_export_r1024/export_scene.blend/textures/WindowFactory(53315)_spawn_asset(1)_TRANSMISSION.png (deflated 18%)
  adding: home/yashturkar/Workspace/infinigen/outputs/infinigen_indoors_kitchen/spear_export_r1024/export_scene.blend/textures/bedroom_0_0_wall_DIFFUSE.png (deflated 0%)
  adding: home/yashturkar/Workspace/infinigen/outputs/infinigen_indoors_kitchen/spear_export_r1024/export_scene.blend/textures/WindowFactory(87591)_spawn_asset(4)_ROUGHNESS.png (deflated 5%)
  adding: home/yashturkar/Workspace/infinigen/outputs/infinigen_indoors_kitchen/spear_export_r1024/export_scene.blend/textures/WindowFactory(53315)_spawn_asset(11)_TRANSMISSION.png (deflated 46%)
  adding: home/yashturkar/Workspace/infinigen/outputs/infinigen_indoors_kitchen/spear_export_r1024/export_scene.blend/textures/LiteDoorFactory(9360095)_spawn_asset(3)_TRANSMISSION.png (deflated 98%)
  adding: home/yashturkar/Workspace/infinigen/outputs/infinigen_indoors_kitchen/spear_export_r1024/export_scene.blend/textures/Plane_ROUGHNESS.png (deflated 50%)
  adding: home/yashturkar/Workspace/infinigen/outputs/infinigen_indoors_kitchen/spear_export_r1024/export_scene.blend/textures/WindowFactory(87591)_spawn_asset(4)_METAL.png (deflated 61%)
  adding: home/yashturkar/Workspace/infinigen/outputs/infinigen_indoors_kitchen/spear_export_r1024/export_scene.blend/textures/Cube_004_DIFFUSE.png (deflated 98%)
  adding: home/yashturkar/Workspace/infinigen/outputs/infinigen_indoors_kitchen/spear_export_r1024/export_scene.blend/textures/kitchen_0_0_floor_NORMAL.png (deflated 3%)
  adding: home/yashturkar/Workspace/infinigen/outputs/infinigen_indoors_kitchen/spear_export_r1024/export_scene.blend/textures/bathroom_0_0_wall_ROUGHNESS.png (deflated 4%)
  adding: home/yashturkar/Workspace/infinigen/outputs/infinigen_indoors_kitchen/spear_export_r1024/export_scene.blend/textures/WindowFactory(87591)_spawn_asset(14)_ROUGHNESS.png (deflated 1%)
  adding: home/yashturkar/Workspace/infinigen/outputs/infinigen_indoors_kitchen/spear_export_r1024/export_scene.blend/textures/WindowFactory(87591)_spawn_asset(4)_NORMAL.png (deflated 5%)
  adding: home/yashturkar/Workspace/infinigen/outputs/infinigen_indoors_kitchen/spear_export_r1024/export_scene.blend/textures/WindowFactory(53315)_spawn_asset(3)_DIFFUSE.png (deflated 1%)
  adding: home/yashturkar/Workspace/infinigen/outputs/infinigen_indoors_kitchen/spear_export_r1024/export_scene.blend/textures/Plane_001_DIFFUSE.png (deflated 48%)
  adding: home/yashturkar/Workspace/infinigen/outputs/infinigen_indoors_kitchen/spear_export_r1024/export_scene.blend/textures/bathroom_0_0_ceiling_NORMAL.png (deflated 97%)
  adding: home/yashturkar/Workspace/infinigen/outputs/infinigen_indoors_kitchen/spear_export_r1024/export_scene.blend/textures/bedroom_0_0_floor_ROUGHNESS.png (deflated 2%)
  adding: home/yashturkar/Workspace/infinigen/outputs/infinigen_indoors_kitchen/spear_export_r1024/export_scene.blend/textures/PanelDoorFactory(4264422)_spawn_asset(1)_METAL.png (deflated 47%)
  adding: home/yashturkar/Workspace/infinigen/outputs/infinigen_indoors_kitchen/spear_export_r1024/export_scene.blend/textures/WindowFactory(53315)_spawn_asset(9)_TRANSMISSION.png (deflated 23%)
  adding: home/yashturkar/Workspace/infinigen/outputs/infinigen_indoors_kitchen/spear_export_r1024/export_scene.blend/textures/TapFactory(4018701)_spawn_asset(2889896)_DIFFUSE.png (deflated 17%)
  adding: home/yashturkar/Workspace/infinigen/outputs/infinigen_indoors_kitchen/spear_export_r1024/export_scene.blend/textures/bedroom_0_0_ceiling_ROUGHNESS.png (deflated 98%)
  adding: home/yashturkar/Workspace/infinigen/outputs/infinigen_indoors_kitchen/spear_export_r1024/export_scene.blend/textures/LiteDoorFactory(9360095)_spawn_asset(3)_ROUGHNESS.png (deflated 7%)
  adding: home/yashturkar/Workspace/infinigen/outputs/infinigen_indoors_kitchen/spear_export_r1024/export_scene.blend/textures/bedroom_0_0_wall_NORMAL.png (deflated 0%)
  adding: home/yashturkar/Workspace/infinigen/outputs/infinigen_indoors_kitchen/spear_export_r1024/export_scene.blend/textures/KitchenIslandFactory(1112434)_spawn_asset(6018961)_DIFFUSE.png (deflated 0%)
  adding: home/yashturkar/Workspace/infinigen/outputs/infinigen_indoors_kitchen/spear_export_r1024/export_scene.blend/textures/WindowFactory(53315)_spawn_asset(3)_ROUGHNESS.png (deflated 3%)
  adding: home/yashturkar/Workspace/infinigen/outputs/infinigen_indoors_kitchen/spear_export_r1024/export_scene.blend/textures/WindowFactory(87591)_spawn_asset(16)_METAL.png (deflated 47%)
  adding: home/yashturkar/Workspace/infinigen/outputs/infinigen_indoors_kitchen/spear_export_r1024/export_scene.blend/textures/dining-room_0_0_ceiling_ROUGHNESS.png (deflated 98%)
  adding: home/yashturkar/Workspace/infinigen/outputs/infinigen_indoors_kitchen/spear_export_r1024/export_scene.blend/textures/WindowFactory(53315)_spawn_asset(9)_DIFFUSE.png (deflated 0%)
  adding: home/yashturkar/Workspace/infinigen/outputs/infinigen_indoors_kitchen/spear_export_r1024/export_scene.blend/textures/PanelDoorFactory(4264422)_spawn_asset(4)_TRANSMISSION.png (deflated 8%)
  adding: home/yashturkar/Workspace/infinigen/outputs/infinigen_indoors_kitchen/spear_export_r1024/export_scene.blend/textures/WindowFactory(53315)_spawn_asset(11)_METAL.png (deflated 33%)
  adding: home/yashturkar/Workspace/infinigen/outputs/infinigen_indoors_kitchen/spear_export_r1024/export_scene.blend/textures/WindowFactory(53315)_spawn_asset(1)_ROUGHNESS.png (deflated 2%)
  adding: home/yashturkar/Workspace/infinigen/outputs/infinigen_indoors_kitchen/spear_export_r1024/export_scene.blend/textures/PanelDoorFactory(4264422)_spawn_asset(0)_NORMAL.png (deflated 1%)
  adding: home/yashturkar/Workspace/infinigen/outputs/infinigen_indoors_kitchen/spear_export_r1024/export_scene.blend/textures/Cube_002_NORMAL.png (deflated 0%)
  adding: home/yashturkar/Workspace/infinigen/outputs/infinigen_indoors_kitchen/spear_export_r1024/export_scene.blend/textures/WindowFactory(87591)_spawn_asset(5)_DIFFUSE.png (deflated 0%)
  adding: home/yashturkar/Workspace/infinigen/outputs/infinigen_indoors_kitchen/spear_export_r1024/export_scene.blend/textures/WindowFactory(87591)_spawn_asset(0)_NORMAL.png (deflated 1%)
  adding: home/yashturkar/Workspace/infinigen/outputs/infinigen_indoors_kitchen/spear_export_r1024/export_scene.blend/textures/Plane_002_DIFFUSE.png (deflated 98%)
  adding: home/yashturkar/Workspace/infinigen/outputs/infinigen_indoors_kitchen/spear_export_r1024/export_scene.blend/textures/PanelDoorFactory(4264422)_spawn_asset(1)_DIFFUSE.png (deflated 5%)
  adding: home/yashturkar/Workspace/infinigen/outputs/infinigen_indoors_kitchen/spear_export_r1024/export_scene.blend/textures/dining-room_0_0_wall_ROUGHNESS.png (deflated 72%)
  adding: home/yashturkar/Workspace/infinigen/outputs/infinigen_indoors_kitchen/spear_export_r1024/export_scene.blend/textures/WindowFactory(87591)_spawn_asset(15)_DIFFUSE.png (deflated 0%)
  adding: home/yashturkar/Workspace/infinigen/outputs/infinigen_indoors_kitchen/spear_export_r1024/export_scene.blend/textures/WindowFactory(87591)_spawn_asset(13)_TRANSMISSION.png (deflated 18%)
  adding: home/yashturkar/Workspace/infinigen/outputs/infinigen_indoors_kitchen/spear_export_r1024/export_scene.blend/textures/skirtingboard_support_NORMAL.png (deflated 16%)
  adding: home/yashturkar/Workspace/infinigen/outputs/infinigen_indoors_kitchen/spear_export_r1024/export_scene.blend/textures/PanelDoorFactory(4264422)_spawn_asset(2)_ROUGHNESS.png (deflated 9%)
  adding: home/yashturkar/Workspace/infinigen/outputs/infinigen_indoors_kitchen/spear_export_r1024/export_scene.blend/textures/PanelDoorFactory(4264422)_spawn_asset(4)_METAL.png (deflated 41%)
  adding: home/yashturkar/Workspace/infinigen/outputs/infinigen_indoors_kitchen/spear_export_r1024/export_scene.blend/textures/dining-room_0_0_floor_DIFFUSE.png (deflated 2%)
  adding: home/yashturkar/Workspace/infinigen/outputs/infinigen_indoors_kitchen/spear_export_r1024/export_scene.blend/textures/WindowFactory(53315)_spawn_asset(7)_NORMAL.png (deflated 1%)
  adding: home/yashturkar/Workspace/infinigen/outputs/infinigen_indoors_kitchen/spear_export_r1024/export_scene.blend/textures/Plane_004_METAL.png (deflated 52%)
  adding: home/yashturkar/Workspace/infinigen/outputs/infinigen_indoors_kitchen/spear_export_r1024/export_scene.blend/textures/skirtingboard_support_ROUGHNESS.png (deflated 10%)
  adding: home/yashturkar/Workspace/infinigen/outputs/infinigen_indoors_kitchen/spear_export_r1024/export_scene.blend/textures/WindowFactory(87591)_spawn_asset(14)_TRANSMISSION.png (deflated 13%)
  adding: home/yashturkar/Workspace/infinigen/outputs/infinigen_indoors_kitchen/spear_export_r1024/export_scene.blend/textures/kitchen_0_0_wall_DIFFUSE.png (deflated 0%)
  adding: home/yashturkar/Workspace/infinigen/outputs/infinigen_indoors_kitchen/spear_export_r1024/export_scene.blend/textures/bathroom_0_0_floor_ROUGHNESS.png (deflated 3%)
  adding: home/yashturkar/Workspace/infinigen/outputs/infinigen_indoors_kitchen/spear_export_r1024/export_scene.blend/textures/Plane_004_DIFFUSE.png (deflated 56%)
  adding: home/yashturkar/Workspace/infinigen/outputs/infinigen_indoors_kitchen/spear_export_r1024/export_scene.blend/textures/skirtingboard_support_DIFFUSE.png (deflated 10%)
  adding: home/yashturkar/Workspace/infinigen/outputs/infinigen_indoors_kitchen/spear_export_r1024/export_scene.blend/textures/WindowFactory(53315)_spawn_asset(8)_TRANSMISSION.png (deflated 13%)
  adding: home/yashturkar/Workspace/infinigen/outputs/infinigen_indoors_kitchen/spear_export_r1024/export_scene.blend/textures/dining-room_0_0_wall_DIFFUSE.png (deflated 0%)
  adding: home/yashturkar/Workspace/infinigen/outputs/infinigen_indoors_kitchen/spear_export_r1024/export_scene.blend/textures/living-room_0_0_ceiling_ROUGHNESS.png (deflated 98%)
  adding: home/yashturkar/Workspace/infinigen/outputs/infinigen_indoors_kitchen/spear_export_r1024/export_scene.blend/textures/Plane_002_TRANSMISSION.png (deflated 47%)
  adding: home/yashturkar/Workspace/infinigen/outputs/infinigen_indoors_kitchen/spear_export_r1024/export_scene.blend/textures/Cube_008_ROUGHNESS.png (deflated 14%)
  adding: home/yashturkar/Workspace/infinigen/outputs/infinigen_indoors_kitchen/spear_export_r1024/export_scene.blend/textures/WindowFactory(53315)_spawn_asset(1)_NORMAL.png (deflated 0%)
  adding: home/yashturkar/Workspace/infinigen/outputs/infinigen_indoors_kitchen/spear_export_r1024/export_scene.blend/textures/WindowFactory(53315)_spawn_asset(2)_ROUGHNESS.png (deflated 0%)
  adding: home/yashturkar/Workspace/infinigen/outputs/infinigen_indoors_kitchen/spear_export_r1024/export_scene.blend/textures/SinkFactory(4018701)_spawn_asset(2889896)_DIFFUSE.png (deflated 50%)
  adding: home/yashturkar/Workspace/infinigen/outputs/infinigen_indoors_kitchen/spear_export_r1024/export_scene.blend/textures/dining-room_0_0_ceiling_DIFFUSE.png (deflated 98%)
  adding: home/yashturkar/Workspace/infinigen/outputs/infinigen_indoors_kitchen/spear_export_r1024/export_scene.blend/textures/PanelDoorFactory(4264422)_spawn_asset(4)_DIFFUSE.png (deflated 11%)
  adding: home/yashturkar/Workspace/infinigen/outputs/infinigen_indoors_kitchen/spear_export_r1024/export_scene.blend/textures/bathroom_0_0_wall_DIFFUSE.png (deflated 0%)
  adding: home/yashturkar/Workspace/infinigen/outputs/infinigen_indoors_kitchen/spear_export_r1024/export_scene.blend/textures/Plane_002_ROUGHNESS.png (deflated 49%)
  adding: home/yashturkar/Workspace/infinigen/outputs/infinigen_indoors_kitchen/spear_export_r1024/export_scene.blend/textures/WindowFactory(53315)_spawn_asset(8)_ROUGHNESS.png (deflated 0%)
  adding: home/yashturkar/Workspace/infinigen/outputs/infinigen_indoors_kitchen/spear_export_r1024/export_scene.blend/textures/WindowFactory(53315)_spawn_asset(6)_DIFFUSE.png (deflated 0%)
  adding: home/yashturkar/Workspace/infinigen/outputs/infinigen_indoors_kitchen/spear_export_r1024/export_scene.blend/textures/WindowFactory(53315)_spawn_asset(9)_ROUGHNESS.png (deflated 1%)
  adding: home/yashturkar/Workspace/infinigen/outputs/infinigen_indoors_kitchen/spear_export_r1024/export_scene.blend/textures/Cube_006_DIFFUSE.png (deflated 98%)
  adding: home/yashturkar/Workspace/infinigen/outputs/infinigen_indoors_kitchen/spear_export_r1024/export_scene.blend/textures/Plane_001_ROUGHNESS.png (deflated 50%)
  adding: home/yashturkar/Workspace/infinigen/outputs/infinigen_indoors_kitchen/spear_export_r1024/export_scene.blend/textures/bathroom_0_0_ceiling_ROUGHNESS.png (deflated 98%)
  adding: home/yashturkar/Workspace/infinigen/outputs/infinigen_indoors_kitchen/spear_export_r1024/export_scene.blend/textures/WindowFactory(53315)_spawn_asset(12)_DIFFUSE.png (deflated 0%)
  adding: home/yashturkar/Workspace/infinigen/outputs/infinigen_indoors_kitchen/spear_export_r1024/export_scene.blend/textures/WindowFactory(87591)_spawn_asset(13)_ROUGHNESS.png (deflated 10%)
  adding: home/yashturkar/Workspace/infinigen/outputs/infinigen_indoors_kitchen/spear_export_r1024/export_scene.blend/textures/PanelDoorFactory(4264422)_spawn_asset(2)_METAL.png (deflated 39%)
  adding: home/yashturkar/Workspace/infinigen/outputs/infinigen_indoors_kitchen/spear_export_r1024/export_scene.blend/textures/WindowFactory(53315)_spawn_asset(10)_ROUGHNESS.png (deflated 1%)
  adding: home/yashturkar/Workspace/infinigen/outputs/infinigen_indoors_kitchen/spear_export_r1024/export_scene.blend/textures/Cube_004_ROUGHNESS.png (deflated 8%)
  adding: home/yashturkar/Workspace/infinigen/outputs/infinigen_indoors_kitchen/spear_export_r1024/export_scene.blend/textures/Plane_003_TRANSMISSION.png (deflated 47%)
  adding: home/yashturkar/Workspace/infinigen/outputs/infinigen_indoors_kitchen/spear_export_r1024/export_scene.blend/textures/bedroom_0_0_ceiling_NORMAL.png (deflated 97%)
  adding: home/yashturkar/Workspace/infinigen/outputs/infinigen_indoors_kitchen/spear_export_r1024/export_scene.blend/textures/living-room_0_0_floor_DIFFUSE.png (deflated 0%)
  adding: home/yashturkar/Workspace/infinigen/outputs/infinigen_indoors_kitchen/spear_export_r1024/export_scene.blend/textures/WindowFactory(53315)_spawn_asset(12)_NORMAL.png (deflated 0%)
  adding: home/yashturkar/Workspace/infinigen/outputs/infinigen_indoors_kitchen/spear_export_r1024/export_scene.blend/textures/WindowFactory(53315)_spawn_asset(8)_NORMAL.png (deflated 0%)
  adding: home/yashturkar/Workspace/infinigen/outputs/infinigen_indoors_kitchen/spear_export_r1024/export_scene.blend/export_scene.fbx (deflated 6%)
Info: Baking map saved to internal image, save it externally or pack it
Info: Baking map saved to internal image, save it externally or pack it
Info: Baking map saved to internal image, save it externally or pack it
Info: Baking map saved to internal image, save it externally or pack it
Info: Baking map saved to internal image, save it externally or pack it
Info: Baking map saved to internal image, save it externally or pack it
Info: Baking map saved to internal image, save it externally or pack it
Info: Baking map saved to internal image, save it externally or pack it
Info: Baking map saved to internal image, save it externally or pack it
Info: Baking map saved to internal image, save it externally or pack it
Info: Baking map saved to internal image, save it externally or pack it
Info: Baking map saved to internal image, save it externally or pack it
Info: Baking map saved to internal image, save it externally or pack it
Info: Baking map saved to internal image, save it externally or pack it
Info: Baking map saved to internal image, save it externally or pack it
Info: Baking map saved to internal image, save it externally or pack it
Info: Baking map saved to internal image, save it externally or pack it
Info: Baking map saved to internal image, save it externally or pack it
Info: Baking map saved to internal image, save it externally or pack it
Info: Baking map saved to internal image, save it externally or pack it
Info: Baking map saved to internal image, save it externally or pack it
Info: Baking map saved to internal image, save it externally or pack it
Info: Baking map saved to internal image, save it externally or pack it
Info: Baking map saved to internal image, save it externally or pack it
Info: Baking map saved to internal image, save it externally or pack it
Info: Baking map saved to internal image, save it externally or pack it
Info: Baking map saved to internal image, save it externally or pack it
Info: Baking map saved to internal image, save it externally or pack it
Info: Baking map saved to internal image, save it externally or pack it
Info: Baking map saved to internal image, save it externally or pack it
Info: Baking map saved to internal image, save it externally or pack it
Info: Baking map saved to internal image, save it externally or pack it
Info: Baking map saved to internal image, save it externally or pack it
Info: Baking map saved to internal image, save it externally or pack it
Info: Baking map saved to internal image, save it externally or pack it
Info: Baking map saved to internal image, save it externally or pack it
Info: Baking map saved to internal image, save it externally or pack it
Info: Baking map saved to internal image, save it externally or pack it
Info: Baking map saved to internal image, save it externally or pack it
Info: Baking map saved to internal image, save it externally or pack it
Info: Baking map saved to internal image, save it externally or pack it
Info: Baking map saved to internal image, save it externally or pack it
Info: Baking map saved to internal image, save it externally or pack it
Info: Baking map saved to internal image, save it externally or pack it
Info: Baking map saved to internal image, save it externally or pack it
Info: Baking map saved to internal image, save it externally or pack it
Info: Baking map saved to internal image, save it externally or pack it
Info: Baking map saved to internal image, save it externally or pack it
Info: Baking map saved to internal image, save it externally or pack it
Info: Baking map saved to internal image, save it externally or pack it
Info: Baking map saved to internal image, save it externally or pack it
Info: Baking map saved to internal image, save it externally or pack it
Info: Baking map saved to internal image, save it externally or pack it
Info: Baking map saved to internal image, save it externally or pack it
Info: Baking map saved to internal image, save it externally or pack it
Info: Baking map saved to internal image, save it externally or pack it
Info: Baking map saved to internal image, save it externally or pack it
Info: Baking map saved to internal image, save it externally or pack it
Info: Baking map saved to internal image, save it externally or pack it
Info: Baking map saved to internal image, save it externally or pack it
Info: Baking map saved to internal image, save it externally or pack it
Info: Baking map saved to internal image, save it externally or pack it
Info: Baking map saved to internal image, save it externally or pack it
Info: Baking map saved to internal image, save it externally or pack it
Info: Baking map saved to internal image, save it externally or pack it
Info: Baking map saved to internal image, save it externally or pack it
Info: Baking map saved to internal image, save it externally or pack it
Info: Baking map saved to internal image, save it externally or pack it
Info: Baking map saved to internal image, save it externally or pack it
Info: Baking map saved to internal image, save it externally or pack it
Info: Baking map saved to internal image, save it externally or pack it
Info: Baking map saved to internal image, save it externally or pack it
Info: Baking map saved to internal image, save it externally or pack it
Info: Baking map saved to internal image, save it externally or pack it
Info: Baking map saved to internal image, save it externally or pack it
Info: Baking map saved to internal image, save it externally or pack it
Info: Baking map saved to internal image, save it externally or pack it
Info: Baking map saved to internal image, save it externally or pack it
Info: Baking map saved to internal image, save it externally or pack it
Info: Baking map saved to internal image, save it externally or pack it
Info: Baking map saved to internal image, save it externally or pack it
Info: Baking map saved to internal image, save it externally or pack it
Info: Baking map saved to internal image, save it externally or pack it
Info: Baking map saved to internal image, save it externally or pack it
Info: Baking map saved to internal image, save it externally or pack it
Info: Baking map saved to internal image, save it externally or pack it
Info: Baking map saved to internal image, save it externally or pack it
Info: Baking map saved to internal image, save it externally or pack it
Info: Baking map saved to internal image, save it externally or pack it

FBX export starting... '/home/yashturkar/Workspace/infinigen/outputs/infinigen_indoors_kitchen/spear_export_r1024/export_scene.blend/export_scene.fbx'
export finished in 1.0808 sec.
Skipping non-blend file /home/yashturkar/Workspace/infinigen/outputs/infinigen_indoors_kitchen/coarse/solve_state.json
Skipping non-blend file /home/yashturkar/Workspace/infinigen/outputs/infinigen_indoors_kitchen/coarse/version.txt
