/home/yashturkar/Workspace/infinigen/infinigen/tools/export.py:27: UserWarning: coacd could not be imported. Some features may be unavailable.
  warnings.warn("coacd could not be imported. Some features may be unavailable.")
Read blend: "/home/yashturkar/Workspace/infinigen/outputs/cafeteria_500sqft/coarse/scene.blend"
Fra:1 Mem:20.12M (Peak 28.44M) | Time:495254:47:04.49 | Mem:0.00M, Peak:0.00M | Scene | Synchronizing object | back_entry_wall
Fra:1 Mem:20.13M (Peak 28.44M) | Time:495254:47:04.49 | Mem:0.00M, Peak:0.00M | Scene | Initializing
Fra:1 Mem:20.13M (Peak 28.44M) | Time:495254:47:04.49 | Mem:0.00M, Peak:0.00M | Scene | Updating Images | Loading back_entry_wall_DIFFUSE
Fra:1 Mem:20.15M (Peak 29.35M) | Time:495254:47:04.52 | Mem:0.00M, Peak:0.00M | Scene | Synchronizing object | back_entry_wall
Fra:1 Mem:20.16M (Peak 29.35M) | Time:495254:47:04.52 | Mem:0.00M, Peak:0.00M | Scene | Initializing
Fra:1 Mem:20.15M (Peak 29.35M) | Time:495254:47:04.52 | Mem:0.00M, Peak:0.00M | Scene | Updating Images | Loading back_entry_wall_ROUGHNESS
Fra:1 Mem:20.17M (Peak 29.35M) | Time:495254:47:04.53 | Mem:0.00M, Peak:0.00M | Scene | Synchronizing object | back_entry_wall
Fra:1 Mem:20.18M (Peak 29.35M) | Time:495254:47:04.53 | Mem:0.00M, Peak:0.00M | Scene | Initializing
Fra:1 Mem:20.18M (Peak 29.35M) | Time:495254:47:04.53 | Mem:0.00M, Peak:0.00M | Scene | Updating Images | Loading back_entry_wall_NORMAL
Fra:1 Mem:20.19M (Peak 29.40M) | Time:495254:47:04.55 | Mem:0.00M, Peak:0.00M | Scene | Synchronizing object | ceiling_acoustic_panel_plane
Fra:1 Mem:20.20M (Peak 29.40M) | Time:495254:47:04.55 | Mem:0.00M, Peak:0.00M | Scene | Initializing
Fra:1 Mem:20.20M (Peak 29.40M) | Time:495254:47:04.55 | Mem:0.00M, Peak:0.00M | Scene | Updating Images | Loading ceiling_acoustic_panel_plane_DIFFUSE
Fra:1 Mem:20.21M (Peak 29.42M) | Time:495254:47:04.56 | Mem:0.00M, Peak:0.00M | Scene | Synchronizing object | ceiling_acoustic_panel_plane
Fra:1 Mem:20.22M (Peak 29.42M) | Time:495254:47:04.56 | Mem:0.00M, Peak:0.00M | Scene | Initializing
Fra:1 Mem:20.22M (Peak 29.42M) | Time:495254:47:04.56 | Mem:0.00M, Peak:0.00M | Scene | Updating Images | Loading ceiling_acoustic_panel_plane_ROUGHNESS
Fra:1 Mem:20.23M (Peak 29.42M) | Time:495254:47:04.58 | Mem:0.00M, Peak:0.00M | Scene | Synchronizing object | ceiling_acoustic_panel_plane
Fra:1 Mem:20.25M (Peak 29.42M) | Time:495254:47:04.58 | Mem:0.00M, Peak:0.00M | Scene | Initializing
Fra:1 Mem:20.24M (Peak 29.42M) | Time:495254:47:04.58 | Mem:0.00M, Peak:0.00M | Scene | Updating Images | Loading ceiling_acoustic_panel_plane_NORMAL
Fra:1 Mem:20.27M (Peak 29.47M) | Time:495254:47:04.59 | Mem:0.00M, Peak:0.00M | Scene | Synchronizing object | coffee_machine_black_body
Fra:1 Mem:20.28M (Peak 29.47M) | Time:495254:47:04.59 | Mem:0.00M, Peak:0.00M | Scene | Initializing
Fra:1 Mem:20.28M (Peak 29.47M) | Time:495254:47:04.59 | Mem:0.00M, Peak:0.00M | Scene | Updating Images | Loading coffee_machine_black_body_DIFFUSE
Fra:1 Mem:20.30M (Peak 29.50M) | Time:495254:47:04.61 | Mem:0.00M, Peak:0.00M | Scene | Synchronizing object | coffee_machine_black_body
Fra:1 Mem:20.31M (Peak 29.50M) | Time:495254:47:04.61 | Mem:0.00M, Peak:0.00M | Scene | Initializing
Fra:1 Mem:20.31M (Peak 29.50M) | Time:495254:47:04.61 | Mem:0.00M, Peak:0.00M | Scene | Updating Images | Loading coffee_machine_black_body_ROUGHNESS
Fra:1 Mem:20.32M (Peak 29.50M) | Time:495254:47:04.62 | Mem:0.00M, Peak:0.00M | Scene | Synchronizing object | coffee_machine_black_body
Fra:1 Mem:20.33M (Peak 29.50M) | Time:495254:47:04.62 | Mem:0.00M, Peak:0.00M | Scene | Initializing
Fra:1 Mem:20.33M (Peak 29.50M) | Time:495254:47:04.62 | Mem:0.00M, Peak:0.00M | Scene | Updating Images | Loading coffee_machine_black_body_NORMAL
Fra:1 Mem:20.32M (Peak 29.55M) | Time:495254:47:04.63 | Mem:0.00M, Peak:0.00M | Scene | Synchronizing object | coffee_machine_metal_face
Fra:1 Mem:20.32M (Peak 29.55M) | Time:495254:47:04.63 | Mem:0.00M, Peak:0.00M | Scene | Initializing
Fra:1 Mem:20.32M (Peak 29.55M) | Time:495254:47:04.63 | Mem:0.00M, Peak:0.00M | Scene | Updating Images | Loading coffee_machine_metal_face_METAL
Fra:1 Mem:20.35M (Peak 29.55M) | Time:495254:47:04.65 | Mem:0.00M, Peak:0.00M | Scene | Synchronizing object | coffee_machine_metal_face
Fra:1 Mem:20.35M (Peak 29.55M) | Time:495254:47:04.65 | Mem:0.00M, Peak:0.00M | Scene | Initializing
Fra:1 Mem:20.35M (Peak 29.55M) | Time:495254:47:04.65 | Mem:0.00M, Peak:0.00M | Scene | Updating Images | Loading coffee_machine_metal_face_DIFFUSE
Fra:1 Mem:20.37M (Peak 29.56M) | Time:495254:47:04.66 | Mem:0.00M, Peak:0.00M | Scene | Synchronizing object | coffee_machine_metal_face
Fra:1 Mem:20.38M (Peak 29.56M) | Time:495254:47:04.66 | Mem:0.00M, Peak:0.00M | Scene | Initializing
Fra:1 Mem:20.37M (Peak 29.56M) | Time:495254:47:04.66 | Mem:0.00M, Peak:0.00M | Scene | Updating Images | Loading coffee_machine_metal_face_ROUGHNESS
Fra:1 Mem:20.40M (Peak 29.56M) | Time:495254:47:04.67 | Mem:0.00M, Peak:0.00M | Scene | Synchronizing object | coffee_machine_metal_face
Fra:1 Mem:20.40M (Peak 29.56M) | Time:495254:47:04.67 | Mem:0.00M, Peak:0.00M | Scene | Initializing
Fra:1 Mem:20.39M (Peak 29.56M) | Time:495254:47:04.67 | Mem:0.00M, Peak:0.00M | Scene | Updating Images | Loading coffee_machine_metal_face_NORMAL
Fra:1 Mem:20.40M (Peak 29.61M) | Time:495254:47:04.69 | Mem:0.00M, Peak:0.00M | Scene | Synchronizing object | coffee_pot_glass
Fra:1 Mem:20.41M (Peak 29.61M) | Time:495254:47:04.69 | Mem:0.00M, Peak:0.00M | Scene | Initializing
Fra:1 Mem:20.41M (Peak 29.61M) | Time:495254:47:04.69 | Mem:0.00M, Peak:0.00M | Scene | Updating Images | Loading coffee_pot_glass_DIFFUSE
Fra:1 Mem:20.43M (Peak 29.62M) | Time:495254:47:04.70 | Mem:0.00M, Peak:0.00M | Scene | Synchronizing object | coffee_pot_glass
Fra:1 Mem:20.43M (Peak 29.62M) | Time:495254:47:04.70 | Mem:0.00M, Peak:0.00M | Scene | Initializing
Fra:1 Mem:20.43M (Peak 29.62M) | Time:495254:47:04.70 | Mem:0.00M, Peak:0.00M | Scene | Updating Images | Loading coffee_pot_glass_ROUGHNESS
Fra:1 Mem:20.46M (Peak 29.62M) | Time:495254:47:04.71 | Mem:0.00M, Peak:0.00M | Scene | Synchronizing object | coffee_pot_glass
Fra:1 Mem:20.46M (Peak 29.62M) | Time:495254:47:04.71 | Mem:0.00M, Peak:0.00M | Scene | Initializing
Fra:1 Mem:20.46M (Peak 29.62M) | Time:495254:47:04.71 | Mem:0.00M, Peak:0.00M | Scene | Updating Images | Loading coffee_pot_glass_NORMAL
Fra:1 Mem:20.49M (Peak 29.67M) | Time:495254:47:04.73 | Mem:0.00M, Peak:0.00M | Scene | Synchronizing object | coffee_station_base
Fra:1 Mem:20.50M (Peak 29.67M) | Time:495254:47:04.73 | Mem:0.00M, Peak:0.00M | Scene | Initializing
Fra:1 Mem:20.50M (Peak 29.67M) | Time:495254:47:04.73 | Mem:0.00M, Peak:0.00M | Scene | Updating Images | Loading coffee_station_base_DIFFUSE
Fra:1 Mem:20.51M (Peak 29.72M) | Time:495254:47:04.74 | Mem:0.00M, Peak:0.00M | Scene | Synchronizing object | coffee_station_base
Fra:1 Mem:20.52M (Peak 29.72M) | Time:495254:47:04.74 | Mem:0.00M, Peak:0.00M | Scene | Initializing
Fra:1 Mem:20.52M (Peak 29.72M) | Time:495254:47:04.74 | Mem:0.00M, Peak:0.00M | Scene | Updating Images | Loading coffee_station_base_ROUGHNESS
Fra:1 Mem:20.53M (Peak 29.72M) | Time:495254:47:04.75 | Mem:0.00M, Peak:0.00M | Scene | Synchronizing object | coffee_station_base
Fra:1 Mem:20.55M (Peak 29.72M) | Time:495254:47:04.75 | Mem:0.00M, Peak:0.00M | Scene | Initializing
Fra:1 Mem:20.54M (Peak 29.72M) | Time:495254:47:04.75 | Mem:0.00M, Peak:0.00M | Scene | Updating Images | Loading coffee_station_base_NORMAL
Fra:1 Mem:20.55M (Peak 29.77M) | Time:495254:47:04.77 | Mem:0.00M, Peak:0.00M | Scene | Synchronizing object | community_notice_board
Fra:1 Mem:20.57M (Peak 29.77M) | Time:495254:47:04.77 | Mem:0.00M, Peak:0.00M | Scene | Initializing
Fra:1 Mem:20.56M (Peak 29.77M) | Time:495254:47:04.77 | Mem:0.00M, Peak:0.00M | Scene | Updating Images | Loading community_notice_board_DIFFUSE
Fra:1 Mem:20.58M (Peak 29.79M) | Time:495254:47:04.78 | Mem:0.00M, Peak:0.00M | Scene | Synchronizing object | community_notice_board
Fra:1 Mem:20.59M (Peak 29.79M) | Time:495254:47:04.78 | Mem:0.00M, Peak:0.00M | Scene | Initializing
Fra:1 Mem:20.58M (Peak 29.79M) | Time:495254:47:04.78 | Mem:0.00M, Peak:0.00M | Scene | Updating Images | Loading community_notice_board_ROUGHNESS
Fra:1 Mem:20.60M (Peak 29.79M) | Time:495254:47:04.80 | Mem:0.00M, Peak:0.00M | Scene | Synchronizing object | community_notice_board
Fra:1 Mem:20.61M (Peak 29.79M) | Time:495254:47:04.80 | Mem:0.00M, Peak:0.00M | Scene | Initializing
Fra:1 Mem:20.61M (Peak 29.79M) | Time:495254:47:04.80 | Mem:0.00M, Peak:0.00M | Scene | Updating Images | Loading community_notice_board_NORMAL
Fra:1 Mem:20.61M (Peak 29.83M) | Time:495254:47:04.81 | Mem:0.00M, Peak:0.00M | Scene | Synchronizing object | condiment_station_countertop
Fra:1 Mem:20.61M (Peak 29.83M) | Time:495254:47:04.81 | Mem:0.00M, Peak:0.00M | Scene | Initializing
Fra:1 Mem:20.61M (Peak 29.83M) | Time:495254:47:04.81 | Mem:0.00M, Peak:0.00M | Scene | Updating Images | Loading condiment_station_countertop_DIFFUSE
Fra:1 Mem:20.63M (Peak 29.83M) | Time:495254:47:04.82 | Mem:0.00M, Peak:0.00M | Scene | Synchronizing object | condiment_station_countertop
Fra:1 Mem:20.63M (Peak 29.83M) | Time:495254:47:04.82 | Mem:0.00M, Peak:0.00M | Scene | Initializing
Fra:1 Mem:20.63M (Peak 29.83M) | Time:495254:47:04.82 | Mem:0.00M, Peak:0.00M | Scene | Updating Images | Loading condiment_station_countertop_ROUGHNESS
Fra:1 Mem:20.65M (Peak 29.83M) | Time:495254:47:04.84 | Mem:0.00M, Peak:0.00M | Scene | Synchronizing object | condiment_station_countertop
Fra:1 Mem:20.65M (Peak 29.83M) | Time:495254:47:04.84 | Mem:0.00M, Peak:0.00M | Scene | Initializing
Fra:1 Mem:20.65M (Peak 29.83M) | Time:495254:47:04.84 | Mem:0.00M, Peak:0.00M | Scene | Updating Images | Loading condiment_station_countertop_NORMAL
Fra:1 Mem:20.67M (Peak 29.86M) | Time:495254:47:04.85 | Mem:0.00M, Peak:0.00M | Scene | Synchronizing object | counter_tray_stack_-0.85
Fra:1 Mem:20.67M (Peak 29.86M) | Time:495254:47:04.85 | Mem:0.00M, Peak:0.00M | Scene | Initializing
Fra:1 Mem:20.67M (Peak 29.86M) | Time:495254:47:04.85 | Mem:0.00M, Peak:0.00M | Scene | Updating Images | Loading counter_tray_stack_-0.85_DIFFUSE
Fra:1 Mem:20.70M (Peak 29.88M) | Time:495254:47:04.86 | Mem:0.00M, Peak:0.00M | Scene | Synchronizing object | counter_tray_stack_-0.85
Fra:1 Mem:20.70M (Peak 29.88M) | Time:495254:47:04.86 | Mem:0.00M, Peak:0.00M | Scene | Initializing
Fra:1 Mem:20.69M (Peak 29.88M) | Time:495254:47:04.86 | Mem:0.00M, Peak:0.00M | Scene | Updating Images | Loading counter_tray_stack_-0.85_ROUGHNESS
Fra:1 Mem:20.72M (Peak 29.88M) | Time:495254:47:04.87 | Mem:0.00M, Peak:0.00M | Scene | Synchronizing object | counter_tray_stack_-0.85
Fra:1 Mem:20.72M (Peak 29.88M) | Time:495254:47:04.87 | Mem:0.00M, Peak:0.00M | Scene | Initializing
Fra:1 Mem:20.71M (Peak 29.88M) | Time:495254:47:04.87 | Mem:0.00M, Peak:0.00M | Scene | Updating Images | Loading counter_tray_stack_-0.85_NORMAL
Fra:1 Mem:20.74M (Peak 29.93M) | Time:495254:47:04.89 | Mem:0.00M, Peak:0.00M | Scene | Synchronizing object | counter_tray_stack_-2.0
Fra:1 Mem:20.74M (Peak 29.93M) | Time:495254:47:04.89 | Mem:0.00M, Peak:0.00M | Scene | Initializing
Fra:1 Mem:20.74M (Peak 29.93M) | Time:495254:47:04.89 | Mem:0.00M, Peak:0.00M | Scene | Updating Images | Loading counter_tray_stack_-2.0_DIFFUSE
Fra:1 Mem:20.76M (Peak 29.95M) | Time:495254:47:04.90 | Mem:0.00M, Peak:0.00M | Scene | Synchronizing object | counter_tray_stack_-2.0
Fra:1 Mem:20.76M (Peak 29.95M) | Time:495254:47:04.90 | Mem:0.00M, Peak:0.00M | Scene | Initializing
Fra:1 Mem:20.76M (Peak 29.95M) | Time:495254:47:04.90 | Mem:0.00M, Peak:0.00M | Scene | Updating Images | Loading counter_tray_stack_-2.0_ROUGHNESS
Fra:1 Mem:20.78M (Peak 29.95M) | Time:495254:47:04.91 | Mem:0.00M, Peak:0.00M | Scene | Synchronizing object | counter_tray_stack_-2.0
Fra:1 Mem:20.78M (Peak 29.95M) | Time:495254:47:04.91 | Mem:0.00M, Peak:0.00M | Scene | Initializing
Fra:1 Mem:20.78M (Peak 29.95M) | Time:495254:47:04.91 | Mem:0.00M, Peak:0.00M | Scene | Updating Images | Loading counter_tray_stack_-2.0_NORMAL
Fra:1 Mem:20.82M (Peak 29.99M) | Time:495254:47:04.93 | Mem:0.00M, Peak:0.00M | Scene | Synchronizing object | counter_tray_stack_-3.15
Fra:1 Mem:20.82M (Peak 29.99M) | Time:495254:47:04.93 | Mem:0.00M, Peak:0.00M | Scene | Initializing
Fra:1 Mem:20.82M (Peak 29.99M) | Time:495254:47:04.93 | Mem:0.00M, Peak:0.00M | Scene | Updating Images | Loading counter_tray_stack_-3.15_DIFFUSE
Fra:1 Mem:20.84M (Peak 30.03M) | Time:495254:47:04.94 | Mem:0.00M, Peak:0.00M | Scene | Synchronizing object | counter_tray_stack_-3.15
Fra:1 Mem:20.84M (Peak 30.03M) | Time:495254:47:04.94 | Mem:0.00M, Peak:0.00M | Scene | Initializing
Fra:1 Mem:20.84M (Peak 30.03M) | Time:495254:47:04.94 | Mem:0.00M, Peak:0.00M | Scene | Updating Images | Loading counter_tray_stack_-3.15_ROUGHNESS
Fra:1 Mem:20.86M (Peak 30.03M) | Time:495254:47:04.95 | Mem:0.00M, Peak:0.00M | Scene | Synchronizing object | counter_tray_stack_-3.15
Fra:1 Mem:20.86M (Peak 30.03M) | Time:495254:47:04.95 | Mem:0.00M, Peak:0.00M | Scene | Initializing
Fra:1 Mem:20.86M (Peak 30.03M) | Time:495254:47:04.95 | Mem:0.00M, Peak:0.00M | Scene | Updating Images | Loading counter_tray_stack_-3.15_NORMAL
Fra:1 Mem:20.90M (Peak 30.07M) | Time:495254:47:04.96 | Mem:0.00M, Peak:0.00M | Scene | Synchronizing object | counter_tray_stack_0.3
Fra:1 Mem:20.90M (Peak 30.07M) | Time:495254:47:04.96 | Mem:0.00M, Peak:0.00M | Scene | Initializing
Fra:1 Mem:20.90M (Peak 30.07M) | Time:495254:47:04.96 | Mem:0.00M, Peak:0.00M | Scene | Updating Images | Loading counter_tray_stack_0.3_DIFFUSE
Fra:1 Mem:20.92M (Peak 30.11M) | Time:495254:47:04.98 | Mem:0.00M, Peak:0.00M | Scene | Synchronizing object | counter_tray_stack_0.3
Fra:1 Mem:20.92M (Peak 30.11M) | Time:495254:47:04.98 | Mem:0.00M, Peak:0.00M | Scene | Initializing
Fra:1 Mem:20.92M (Peak 30.11M) | Time:495254:47:04.98 | Mem:0.00M, Peak:0.00M | Scene | Updating Images | Loading counter_tray_stack_0.3_ROUGHNESS
Fra:1 Mem:20.94M (Peak 30.11M) | Time:495254:47:04.99 | Mem:0.00M, Peak:0.00M | Scene | Synchronizing object | counter_tray_stack_0.3
Fra:1 Mem:20.94M (Peak 30.11M) | Time:495254:47:04.99 | Mem:0.00M, Peak:0.00M | Scene | Initializing
Fra:1 Mem:20.94M (Peak 30.11M) | Time:495254:47:04.99 | Mem:0.00M, Peak:0.00M | Scene | Updating Images | Loading counter_tray_stack_0.3_NORMAL
Fra:1 Mem:20.96M (Peak 30.15M) | Time:495254:47:05.00 | Mem:0.00M, Peak:0.00M | Scene | Synchronizing object | drink_refrigerator_body
Fra:1 Mem:20.97M (Peak 30.15M) | Time:495254:47:05.00 | Mem:0.00M, Peak:0.00M | Scene | Initializing
Fra:1 Mem:20.97M (Peak 30.15M) | Time:495254:47:05.00 | Mem:0.00M, Peak:0.00M | Scene | Updating Images | Loading drink_refrigerator_body_METAL
Fra:1 Mem:20.99M (Peak 30.19M) | Time:495254:47:05.01 | Mem:0.00M, Peak:0.00M | Scene | Synchronizing object | drink_refrigerator_body
Fra:1 Mem:21.01M (Peak 30.19M) | Time:495254:47:05.01 | Mem:0.00M, Peak:0.00M | Scene | Initializing
Fra:1 Mem:21.00M (Peak 30.19M) | Time:495254:47:05.01 | Mem:0.00M, Peak:0.00M | Scene | Updating Images | Loading drink_refrigerator_body_DIFFUSE
Fra:1 Mem:21.02M (Peak 30.23M) | Time:495254:47:05.03 | Mem:0.00M, Peak:0.00M | Scene | Synchronizing object | drink_refrigerator_body
Fra:1 Mem:21.03M (Peak 30.23M) | Time:495254:47:05.03 | Mem:0.00M, Peak:0.00M | Scene | Initializing
Fra:1 Mem:21.02M (Peak 30.23M) | Time:495254:47:05.03 | Mem:0.00M, Peak:0.00M | Scene | Updating Images | Loading drink_refrigerator_body_ROUGHNESS
Fra:1 Mem:21.04M (Peak 30.23M) | Time:495254:47:05.04 | Mem:0.00M, Peak:0.00M | Scene | Synchronizing object | drink_refrigerator_body
Fra:1 Mem:21.05M (Peak 30.23M) | Time:495254:47:05.04 | Mem:0.00M, Peak:0.00M | Scene | Initializing
Fra:1 Mem:21.05M (Peak 30.23M) | Time:495254:47:05.04 | Mem:0.00M, Peak:0.00M | Scene | Updating Images | Loading drink_refrigerator_body_NORMAL
Fra:1 Mem:21.03M (Peak 30.27M) | Time:495254:47:05.06 | Mem:0.00M, Peak:0.00M | Scene | Synchronizing object | drink_refrigerator_glass_door
Fra:1 Mem:21.03M (Peak 30.27M) | Time:495254:47:05.06 | Mem:0.00M, Peak:0.00M | Scene | Initializing
Fra:1 Mem:21.03M (Peak 30.27M) | Time:495254:47:05.06 | Mem:0.00M, Peak:0.00M | Scene | Updating Images | Loading drink_refrigerator_glass_door_TRANSMISSION
Fra:1 Mem:21.06M (Peak 30.27M) | Time:495254:47:05.07 | Mem:0.00M, Peak:0.00M | Scene | Synchronizing object | drink_refrigerator_glass_door
Fra:1 Mem:21.06M (Peak 30.27M) | Time:495254:47:05.07 | Mem:0.00M, Peak:0.00M | Scene | Initializing
Fra:1 Mem:21.05M (Peak 30.27M) | Time:495254:47:05.07 | Mem:0.00M, Peak:0.00M | Scene | Updating Images | Loading drink_refrigerator_glass_door_DIFFUSE
Fra:1 Mem:21.08M (Peak 30.27M) | Time:495254:47:05.08 | Mem:0.00M, Peak:0.00M | Scene | Synchronizing object | drink_refrigerator_glass_door
Fra:1 Mem:21.08M (Peak 30.27M) | Time:495254:47:05.08 | Mem:0.00M, Peak:0.00M | Scene | Initializing
Fra:1 Mem:21.08M (Peak 30.27M) | Time:495254:47:05.08 | Mem:0.00M, Peak:0.00M | Scene | Updating Images | Loading drink_refrigerator_glass_door_ROUGHNESS
Fra:1 Mem:21.10M (Peak 30.27M) | Time:495254:47:05.09 | Mem:0.00M, Peak:0.00M | Scene | Synchronizing object | drink_refrigerator_glass_door
Fra:1 Mem:21.10M (Peak 30.27M) | Time:495254:47:05.09 | Mem:0.00M, Peak:0.00M | Scene | Initializing
Fra:1 Mem:21.10M (Peak 30.27M) | Time:495254:47:05.09 | Mem:0.00M, Peak:0.00M | Scene | Updating Images | Loading drink_refrigerator_glass_door_NORMAL
Fra:1 Mem:21.10M (Peak 30.31M) | Time:495254:47:05.11 | Mem:0.00M, Peak:0.00M | Scene | Synchronizing object | entry_door_pull_handle
Fra:1 Mem:21.10M (Peak 30.31M) | Time:495254:47:05.11 | Mem:0.00M, Peak:0.00M | Scene | Initializing
Fra:1 Mem:21.10M (Peak 30.31M) | Time:495254:47:05.11 | Mem:0.00M, Peak:0.00M | Scene | Updating Images | Loading entry_door_pull_handle_METAL
Fra:1 Mem:21.13M (Peak 30.31M) | Time:495254:47:05.12 | Mem:0.00M, Peak:0.00M | Scene | Synchronizing object | entry_door_pull_handle
Fra:1 Mem:21.13M (Peak 30.31M) | Time:495254:47:05.12 | Mem:0.00M, Peak:0.00M | Scene | Initializing
Fra:1 Mem:21.13M (Peak 30.31M) | Time:495254:47:05.12 | Mem:0.00M, Peak:0.00M | Scene | Updating Images | Loading entry_door_pull_handle_DIFFUSE
Fra:1 Mem:21.15M (Peak 30.34M) | Time:495254:47:05.13 | Mem:0.00M, Peak:0.00M | Scene | Synchronizing object | entry_door_pull_handle
Fra:1 Mem:21.15M (Peak 30.34M) | Time:495254:47:05.13 | Mem:0.00M, Peak:0.00M | Scene | Initializing
Fra:1 Mem:21.15M (Peak 30.34M) | Time:495254:47:05.13 | Mem:0.00M, Peak:0.00M | Scene | Updating Images | Loading entry_door_pull_handle_ROUGHNESS
Fra:1 Mem:21.17M (Peak 30.34M) | Time:495254:47:05.14 | Mem:0.00M, Peak:0.00M | Scene | Synchronizing object | entry_door_pull_handle
Fra:1 Mem:21.18M (Peak 30.34M) | Time:495254:47:05.14 | Mem:0.00M, Peak:0.00M | Scene | Initializing
Fra:1 Mem:21.17M (Peak 30.34M) | Time:495254:47:05.14 | Mem:0.00M, Peak:0.00M | Scene | Updating Images | Loading entry_door_pull_handle_NORMAL
Fra:1 Mem:21.18M (Peak 30.39M) | Time:495254:47:05.15 | Mem:0.00M, Peak:0.00M | Scene | Synchronizing object | floor_dark_tile_0
Fra:1 Mem:21.18M (Peak 30.39M) | Time:495254:47:05.15 | Mem:0.00M, Peak:0.00M | Scene | Initializing
Fra:1 Mem:21.18M (Peak 30.39M) | Time:495254:47:05.15 | Mem:0.00M, Peak:0.00M | Scene | Updating Images | Loading floor_dark_tile_0_DIFFUSE
Fra:1 Mem:21.20M (Peak 30.39M) | Time:495254:47:05.16 | Mem:0.00M, Peak:0.00M | Scene | Synchronizing object | floor_dark_tile_0
Fra:1 Mem:21.20M (Peak 30.39M) | Time:495254:47:05.16 | Mem:0.00M, Peak:0.00M | Scene | Initializing
Fra:1 Mem:21.20M (Peak 30.39M) | Time:495254:47:05.16 | Mem:0.00M, Peak:0.00M | Scene | Updating Images | Loading floor_dark_tile_0_ROUGHNESS
Fra:1 Mem:21.22M (Peak 30.39M) | Time:495254:47:05.18 | Mem:0.00M, Peak:0.00M | Scene | Synchronizing object | floor_dark_tile_0
Fra:1 Mem:21.23M (Peak 30.39M) | Time:495254:47:05.18 | Mem:0.00M, Peak:0.00M | Scene | Initializing
Fra:1 Mem:21.22M (Peak 30.39M) | Time:495254:47:05.18 | Mem:0.00M, Peak:0.00M | Scene | Updating Images | Loading floor_dark_tile_0_NORMAL
Fra:1 Mem:21.24M (Peak 30.43M) | Time:495254:47:05.19 | Mem:0.00M, Peak:0.00M | Scene | Synchronizing object | floor_dark_tile_10
Fra:1 Mem:21.24M (Peak 30.43M) | Time:495254:47:05.19 | Mem:0.00M, Peak:0.00M | Scene | Initializing
Fra:1 Mem:21.24M (Peak 30.43M) | Time:495254:47:05.19 | Mem:0.00M, Peak:0.00M | Scene | Updating Images | Loading floor_dark_tile_10_DIFFUSE
Fra:1 Mem:21.27M (Peak 30.45M) | Time:495254:47:05.20 | Mem:0.00M, Peak:0.00M | Scene | Synchronizing object | floor_dark_tile_10
Fra:1 Mem:21.27M (Peak 30.45M) | Time:495254:47:05.20 | Mem:0.00M, Peak:0.00M | Scene | Initializing
Fra:1 Mem:21.26M (Peak 30.45M) | Time:495254:47:05.20 | Mem:0.00M, Peak:0.00M | Scene | Updating Images | Loading floor_dark_tile_10_ROUGHNESS
Fra:1 Mem:21.29M (Peak 30.45M) | Time:495254:47:05.21 | Mem:0.00M, Peak:0.00M | Scene | Synchronizing object | floor_dark_tile_10
Fra:1 Mem:21.29M (Peak 30.45M) | Time:495254:47:05.21 | Mem:0.00M, Peak:0.00M | Scene | Initializing
Fra:1 Mem:21.29M (Peak 30.45M) | Time:495254:47:05.21 | Mem:0.00M, Peak:0.00M | Scene | Updating Images | Loading floor_dark_tile_10_NORMAL
Fra:1 Mem:21.31M (Peak 30.50M) | Time:495254:47:05.23 | Mem:0.00M, Peak:0.00M | Scene | Synchronizing object | floor_dark_tile_12
Fra:1 Mem:21.31M (Peak 30.50M) | Time:495254:47:05.23 | Mem:0.00M, Peak:0.00M | Scene | Initializing
Fra:1 Mem:21.31M (Peak 30.50M) | Time:495254:47:05.23 | Mem:0.00M, Peak:0.00M | Scene | Updating Images | Loading floor_dark_tile_12_DIFFUSE
Fra:1 Mem:21.33M (Peak 30.52M) | Time:495254:47:05.24 | Mem:0.00M, Peak:0.00M | Scene | Synchronizing object | floor_dark_tile_12
Fra:1 Mem:21.33M (Peak 30.52M) | Time:495254:47:05.24 | Mem:0.00M, Peak:0.00M | Scene | Initializing
Fra:1 Mem:21.33M (Peak 30.52M) | Time:495254:47:05.24 | Mem:0.00M, Peak:0.00M | Scene | Updating Images | Loading floor_dark_tile_12_ROUGHNESS
Fra:1 Mem:21.35M (Peak 30.52M) | Time:495254:47:05.25 | Mem:0.00M, Peak:0.00M | Scene | Synchronizing object | floor_dark_tile_12
Fra:1 Mem:21.35M (Peak 30.52M) | Time:495254:47:05.25 | Mem:0.00M, Peak:0.00M | Scene | Initializing
Fra:1 Mem:21.35M (Peak 30.52M) | Time:495254:47:05.25 | Mem:0.00M, Peak:0.00M | Scene | Updating Images | Loading floor_dark_tile_12_NORMAL
Fra:1 Mem:21.37M (Peak 30.56M) | Time:495254:47:05.26 | Mem:0.00M, Peak:0.00M | Scene | Synchronizing object | floor_dark_tile_14
Fra:1 Mem:21.37M (Peak 30.56M) | Time:495254:47:05.26 | Mem:0.00M, Peak:0.00M | Scene | Initializing
Fra:1 Mem:21.37M (Peak 30.56M) | Time:495254:47:05.26 | Mem:0.00M, Peak:0.00M | Scene | Updating Images | Loading floor_dark_tile_14_DIFFUSE
Fra:1 Mem:21.40M (Peak 30.58M) | Time:495254:47:05.27 | Mem:0.00M, Peak:0.00M | Scene | Synchronizing object | floor_dark_tile_14
Fra:1 Mem:21.40M (Peak 30.58M) | Time:495254:47:05.27 | Mem:0.00M, Peak:0.00M | Scene | Initializing
Fra:1 Mem:21.39M (Peak 30.58M) | Time:495254:47:05.27 | Mem:0.00M, Peak:0.00M | Scene | Updating Images | Loading floor_dark_tile_14_ROUGHNESS
Fra:1 Mem:21.42M (Peak 30.58M) | Time:495254:47:05.28 | Mem:0.00M, Peak:0.00M | Scene | Synchronizing object | floor_dark_tile_14
Fra:1 Mem:21.42M (Peak 30.58M) | Time:495254:47:05.28 | Mem:0.00M, Peak:0.00M | Scene | Initializing
Fra:1 Mem:21.41M (Peak 30.58M) | Time:495254:47:05.28 | Mem:0.00M, Peak:0.00M | Scene | Updating Images | Loading floor_dark_tile_14_NORMAL
Fra:1 Mem:21.44M (Peak 30.63M) | Time:495254:47:05.30 | Mem:0.00M, Peak:0.00M | Scene | Synchronizing object | floor_dark_tile_16
Fra:1 Mem:21.44M (Peak 30.63M) | Time:495254:47:05.30 | Mem:0.00M, Peak:0.00M | Scene | Initializing
Fra:1 Mem:21.43M (Peak 30.63M) | Time:495254:47:05.30 | Mem:0.00M, Peak:0.00M | Scene | Updating Images | Loading floor_dark_tile_16_DIFFUSE
Fra:1 Mem:21.46M (Peak 30.65M) | Time:495254:47:05.31 | Mem:0.00M, Peak:0.00M | Scene | Synchronizing object | floor_dark_tile_16
Fra:1 Mem:21.46M (Peak 30.65M) | Time:495254:47:05.31 | Mem:0.00M, Peak:0.00M | Scene | Initializing
Fra:1 Mem:21.46M (Peak 30.65M) | Time:495254:47:05.31 | Mem:0.00M, Peak:0.00M | Scene | Updating Images | Loading floor_dark_tile_16_ROUGHNESS
Fra:1 Mem:21.51M (Peak 30.65M) | Time:495254:47:05.32 | Mem:0.00M, Peak:0.00M | Scene | Synchronizing object | floor_dark_tile_16
Fra:1 Mem:21.52M (Peak 30.65M) | Time:495254:47:05.32 | Mem:0.00M, Peak:0.00M | Scene | Initializing
Fra:1 Mem:21.51M (Peak 30.65M) | Time:495254:47:05.32 | Mem:0.00M, Peak:0.00M | Scene | Updating Images | Loading floor_dark_tile_16_NORMAL
Fra:1 Mem:21.53M (Peak 30.72M) | Time:495254:47:05.33 | Mem:0.00M, Peak:0.00M | Scene | Synchronizing object | floor_dark_tile_18
Fra:1 Mem:21.54M (Peak 30.72M) | Time:495254:47:05.33 | Mem:0.00M, Peak:0.00M | Scene | Initializing
Fra:1 Mem:21.53M (Peak 30.72M) | Time:495254:47:05.33 | Mem:0.00M, Peak:0.00M | Scene | Updating Images | Loading floor_dark_tile_18_DIFFUSE
Fra:1 Mem:21.56M (Peak 30.74M) | Time:495254:47:05.34 | Mem:0.00M, Peak:0.00M | Scene | Synchronizing object | floor_dark_tile_18
Fra:1 Mem:21.56M (Peak 30.74M) | Time:495254:47:05.34 | Mem:0.00M, Peak:0.00M | Scene | Initializing
Fra:1 Mem:21.55M (Peak 30.74M) | Time:495254:47:05.34 | Mem:0.00M, Peak:0.00M | Scene | Updating Images | Loading floor_dark_tile_18_ROUGHNESS
Fra:1 Mem:21.58M (Peak 30.74M) | Time:495254:47:05.36 | Mem:0.00M, Peak:0.00M | Scene | Synchronizing object | floor_dark_tile_18
Fra:1 Mem:21.58M (Peak 30.74M) | Time:495254:47:05.36 | Mem:0.00M, Peak:0.00M | Scene | Initializing
Fra:1 Mem:21.58M (Peak 30.74M) | Time:495254:47:05.36 | Mem:0.00M, Peak:0.00M | Scene | Updating Images | Loading floor_dark_tile_18_NORMAL
Fra:1 Mem:21.60M (Peak 30.79M) | Time:495254:47:05.37 | Mem:0.00M, Peak:0.00M | Scene | Synchronizing object | floor_dark_tile_2
Fra:1 Mem:21.60M (Peak 30.79M) | Time:495254:47:05.37 | Mem:0.00M, Peak:0.00M | Scene | Initializing
Fra:1 Mem:21.60M (Peak 30.79M) | Time:495254:47:05.37 | Mem:0.00M, Peak:0.00M | Scene | Updating Images | Loading floor_dark_tile_2_DIFFUSE
Fra:1 Mem:21.62M (Peak 30.81M) | Time:495254:47:05.38 | Mem:0.00M, Peak:0.00M | Scene | Synchronizing object | floor_dark_tile_2
Fra:1 Mem:21.62M (Peak 30.81M) | Time:495254:47:05.38 | Mem:0.00M, Peak:0.00M | Scene | Initializing
Fra:1 Mem:21.62M (Peak 30.81M) | Time:495254:47:05.38 | Mem:0.00M, Peak:0.00M | Scene | Updating Images | Loading floor_dark_tile_2_ROUGHNESS
Fra:1 Mem:21.64M (Peak 30.81M) | Time:495254:47:05.39 | Mem:0.00M, Peak:0.00M | Scene | Synchronizing object | floor_dark_tile_2
Fra:1 Mem:21.64M (Peak 30.81M) | Time:495254:47:05.39 | Mem:0.00M, Peak:0.00M | Scene | Initializing
Fra:1 Mem:21.64M (Peak 30.81M) | Time:495254:47:05.39 | Mem:0.00M, Peak:0.00M | Scene | Updating Images | Loading floor_dark_tile_2_NORMAL
Fra:1 Mem:21.66M (Peak 30.85M) | Time:495254:47:05.41 | Mem:0.00M, Peak:0.00M | Scene | Synchronizing object | floor_dark_tile_20
Fra:1 Mem:21.66M (Peak 30.85M) | Time:495254:47:05.41 | Mem:0.00M, Peak:0.00M | Scene | Initializing
Fra:1 Mem:21.66M (Peak 30.85M) | Time:495254:47:05.41 | Mem:0.00M, Peak:0.00M | Scene | Updating Images | Loading floor_dark_tile_20_DIFFUSE
Fra:1 Mem:21.69M (Peak 30.87M) | Time:495254:47:05.42 | Mem:0.00M, Peak:0.00M | Scene | Synchronizing object | floor_dark_tile_20
Fra:1 Mem:21.69M (Peak 30.87M) | Time:495254:47:05.42 | Mem:0.00M, Peak:0.00M | Scene | Initializing
Fra:1 Mem:21.68M (Peak 30.87M) | Time:495254:47:05.42 | Mem:0.00M, Peak:0.00M | Scene | Updating Images | Loading floor_dark_tile_20_ROUGHNESS
Fra:1 Mem:21.71M (Peak 30.87M) | Time:495254:47:05.43 | Mem:0.00M, Peak:0.00M | Scene | Synchronizing object | floor_dark_tile_20
Fra:1 Mem:21.71M (Peak 30.87M) | Time:495254:47:05.43 | Mem:0.00M, Peak:0.00M | Scene | Initializing
Fra:1 Mem:21.70M (Peak 30.87M) | Time:495254:47:05.43 | Mem:0.00M, Peak:0.00M | Scene | Updating Images | Loading floor_dark_tile_20_NORMAL
Fra:1 Mem:21.73M (Peak 30.92M) | Time:495254:47:05.44 | Mem:0.00M, Peak:0.00M | Scene | Synchronizing object | floor_dark_tile_22
Fra:1 Mem:21.73M (Peak 30.92M) | Time:495254:47:05.44 | Mem:0.00M, Peak:0.00M | Scene | Initializing
Fra:1 Mem:21.72M (Peak 30.92M) | Time:495254:47:05.44 | Mem:0.00M, Peak:0.00M | Scene | Updating Images | Loading floor_dark_tile_22_DIFFUSE
Fra:1 Mem:21.75M (Peak 30.94M) | Time:495254:47:05.45 | Mem:0.00M, Peak:0.00M | Scene | Synchronizing object | floor_dark_tile_22
Fra:1 Mem:21.75M (Peak 30.94M) | Time:495254:47:05.45 | Mem:0.00M, Peak:0.00M | Scene | Initializing
Fra:1 Mem:21.75M (Peak 30.94M) | Time:495254:47:05.45 | Mem:0.00M, Peak:0.00M | Scene | Updating Images | Loading floor_dark_tile_22_ROUGHNESS
Fra:1 Mem:21.77M (Peak 30.94M) | Time:495254:47:05.47 | Mem:0.00M, Peak:0.00M | Scene | Synchronizing object | floor_dark_tile_22
Fra:1 Mem:21.77M (Peak 30.94M) | Time:495254:47:05.47 | Mem:0.00M, Peak:0.00M | Scene | Initializing
Fra:1 Mem:21.77M (Peak 30.94M) | Time:495254:47:05.47 | Mem:0.00M, Peak:0.00M | Scene | Updating Images | Loading floor_dark_tile_22_NORMAL
Fra:1 Mem:21.79M (Peak 30.98M) | Time:495254:47:05.48 | Mem:0.00M, Peak:0.00M | Scene | Synchronizing object | floor_dark_tile_24
Fra:1 Mem:21.79M (Peak 30.98M) | Time:495254:47:05.48 | Mem:0.00M, Peak:0.00M | Scene | Initializing
Fra:1 Mem:21.79M (Peak 30.98M) | Time:495254:47:05.48 | Mem:0.00M, Peak:0.00M | Scene | Updating Images | Loading floor_dark_tile_24_DIFFUSE
Fra:1 Mem:21.81M (Peak 31.00M) | Time:495254:47:05.49 | Mem:0.00M, Peak:0.00M | Scene | Synchronizing object | floor_dark_tile_24
Fra:1 Mem:21.82M (Peak 31.00M) | Time:495254:47:05.49 | Mem:0.00M, Peak:0.00M | Scene | Initializing
Fra:1 Mem:21.81M (Peak 31.00M) | Time:495254:47:05.49 | Mem:0.00M, Peak:0.00M | Scene | Updating Images | Loading floor_dark_tile_24_ROUGHNESS
Fra:1 Mem:21.84M (Peak 31.00M) | Time:495254:47:05.50 | Mem:0.00M, Peak:0.00M | Scene | Synchronizing object | floor_dark_tile_24
Fra:1 Mem:21.84M (Peak 31.00M) | Time:495254:47:05.50 | Mem:0.00M, Peak:0.00M | Scene | Initializing
Fra:1 Mem:21.83M (Peak 31.00M) | Time:495254:47:05.50 | Mem:0.00M, Peak:0.00M | Scene | Updating Images | Loading floor_dark_tile_24_NORMAL
Fra:1 Mem:21.86M (Peak 31.05M) | Time:495254:47:05.51 | Mem:0.00M, Peak:0.00M | Scene | Synchronizing object | floor_dark_tile_26
Fra:1 Mem:21.86M (Peak 31.05M) | Time:495254:47:05.51 | Mem:0.00M, Peak:0.00M | Scene | Initializing
Fra:1 Mem:21.85M (Peak 31.05M) | Time:495254:47:05.51 | Mem:0.00M, Peak:0.00M | Scene | Updating Images | Loading floor_dark_tile_26_DIFFUSE
Fra:1 Mem:21.88M (Peak 31.07M) | Time:495254:47:05.53 | Mem:0.00M, Peak:0.00M | Scene | Synchronizing object | floor_dark_tile_26
Fra:1 Mem:21.88M (Peak 31.07M) | Time:495254:47:05.53 | Mem:0.00M, Peak:0.00M | Scene | Initializing
Fra:1 Mem:21.88M (Peak 31.07M) | Time:495254:47:05.53 | Mem:0.00M, Peak:0.00M | Scene | Updating Images | Loading floor_dark_tile_26_ROUGHNESS
Fra:1 Mem:21.90M (Peak 31.07M) | Time:495254:47:05.54 | Mem:0.00M, Peak:0.00M | Scene | Synchronizing object | floor_dark_tile_26
Fra:1 Mem:21.90M (Peak 31.07M) | Time:495254:47:05.54 | Mem:0.00M, Peak:0.00M | Scene | Initializing
Fra:1 Mem:21.90M (Peak 31.07M) | Time:495254:47:05.54 | Mem:0.00M, Peak:0.00M | Scene | Updating Images | Loading floor_dark_tile_26_NORMAL
Fra:1 Mem:21.92M (Peak 31.11M) | Time:495254:47:05.55 | Mem:0.00M, Peak:0.00M | Scene | Synchronizing object | floor_dark_tile_28
Fra:1 Mem:21.92M (Peak 31.11M) | Time:495254:47:05.55 | Mem:0.00M, Peak:0.00M | Scene | Initializing
Fra:1 Mem:21.92M (Peak 31.11M) | Time:495254:47:05.55 | Mem:0.00M, Peak:0.00M | Scene | Updating Images | Loading floor_dark_tile_28_DIFFUSE
Fra:1 Mem:21.94M (Peak 31.13M) | Time:495254:47:05.56 | Mem:0.00M, Peak:0.00M | Scene | Synchronizing object | floor_dark_tile_28
Fra:1 Mem:21.94M (Peak 31.13M) | Time:495254:47:05.56 | Mem:0.00M, Peak:0.00M | Scene | Initializing
Fra:1 Mem:21.94M (Peak 31.13M) | Time:495254:47:05.56 | Mem:0.00M, Peak:0.00M | Scene | Updating Images | Loading floor_dark_tile_28_ROUGHNESS
Fra:1 Mem:21.97M (Peak 31.13M) | Time:495254:47:05.57 | Mem:0.00M, Peak:0.00M | Scene | Synchronizing object | floor_dark_tile_28
Fra:1 Mem:21.97M (Peak 31.13M) | Time:495254:47:05.57 | Mem:0.00M, Peak:0.00M | Scene | Initializing
Fra:1 Mem:21.96M (Peak 31.13M) | Time:495254:47:05.57 | Mem:0.00M, Peak:0.00M | Scene | Updating Images | Loading floor_dark_tile_28_NORMAL
Fra:1 Mem:21.98M (Peak 31.17M) | Time:495254:47:05.59 | Mem:0.00M, Peak:0.00M | Scene | Synchronizing object | floor_dark_tile_4
Fra:1 Mem:21.99M (Peak 31.17M) | Time:495254:47:05.59 | Mem:0.00M, Peak:0.00M | Scene | Initializing
Fra:1 Mem:21.98M (Peak 31.17M) | Time:495254:47:05.59 | Mem:0.00M, Peak:0.00M | Scene | Updating Images | Loading floor_dark_tile_4_DIFFUSE
Fra:1 Mem:22.01M (Peak 31.19M) | Time:495254:47:05.60 | Mem:0.00M, Peak:0.00M | Scene | Synchronizing object | floor_dark_tile_4
Fra:1 Mem:22.01M (Peak 31.19M) | Time:495254:47:05.60 | Mem:0.00M, Peak:0.00M | Scene | Initializing
Fra:1 Mem:22.00M (Peak 31.19M) | Time:495254:47:05.60 | Mem:0.00M, Peak:0.00M | Scene | Updating Images | Loading floor_dark_tile_4_ROUGHNESS
Fra:1 Mem:22.03M (Peak 31.19M) | Time:495254:47:05.61 | Mem:0.00M, Peak:0.00M | Scene | Synchronizing object | floor_dark_tile_4
Fra:1 Mem:22.03M (Peak 31.19M) | Time:495254:47:05.61 | Mem:0.00M, Peak:0.00M | Scene | Initializing
Fra:1 Mem:22.03M (Peak 31.19M) | Time:495254:47:05.61 | Mem:0.00M, Peak:0.00M | Scene | Updating Images | Loading floor_dark_tile_4_NORMAL
Fra:1 Mem:22.05M (Peak 31.24M) | Time:495254:47:05.62 | Mem:0.00M, Peak:0.00M | Scene | Synchronizing object | floor_dark_tile_6
Fra:1 Mem:22.05M (Peak 31.24M) | Time:495254:47:05.62 | Mem:0.00M, Peak:0.00M | Scene | Initializing
Fra:1 Mem:22.05M (Peak 31.24M) | Time:495254:47:05.62 | Mem:0.00M, Peak:0.00M | Scene | Updating Images | Loading floor_dark_tile_6_DIFFUSE
Fra:1 Mem:22.07M (Peak 31.26M) | Time:495254:47:05.64 | Mem:0.00M, Peak:0.00M | Scene | Synchronizing object | floor_dark_tile_6
Fra:1 Mem:22.07M (Peak 31.26M) | Time:495254:47:05.64 | Mem:0.00M, Peak:0.00M | Scene | Initializing
Fra:1 Mem:22.07M (Peak 31.26M) | Time:495254:47:05.64 | Mem:0.00M, Peak:0.00M | Scene | Updating Images | Loading floor_dark_tile_6_ROUGHNESS
Fra:1 Mem:22.09M (Peak 31.26M) | Time:495254:47:05.65 | Mem:0.00M, Peak:0.00M | Scene | Synchronizing object | floor_dark_tile_6
Fra:1 Mem:22.09M (Peak 31.26M) | Time:495254:47:05.65 | Mem:0.00M, Peak:0.00M | Scene | Initializing
Fra:1 Mem:22.09M (Peak 31.26M) | Time:495254:47:05.65 | Mem:0.00M, Peak:0.00M | Scene | Updating Images | Loading floor_dark_tile_6_NORMAL
Fra:1 Mem:22.11M (Peak 31.30M) | Time:495254:47:05.66 | Mem:0.00M, Peak:0.00M | Scene | Synchronizing object | floor_dark_tile_8
Fra:1 Mem:22.11M (Peak 31.30M) | Time:495254:47:05.66 | Mem:0.00M, Peak:0.00M | Scene | Initializing
Fra:1 Mem:22.11M (Peak 31.30M) | Time:495254:47:05.66 | Mem:0.00M, Peak:0.00M | Scene | Updating Images | Loading floor_dark_tile_8_DIFFUSE
Fra:1 Mem:22.14M (Peak 31.32M) | Time:495254:47:05.67 | Mem:0.00M, Peak:0.00M | Scene | Synchronizing object | floor_dark_tile_8
Fra:1 Mem:22.14M (Peak 31.32M) | Time:495254:47:05.67 | Mem:0.00M, Peak:0.00M | Scene | Initializing
Fra:1 Mem:22.13M (Peak 31.32M) | Time:495254:47:05.67 | Mem:0.00M, Peak:0.00M | Scene | Updating Images | Loading floor_dark_tile_8_ROUGHNESS
Fra:1 Mem:22.16M (Peak 31.32M) | Time:495254:47:05.68 | Mem:0.00M, Peak:0.00M | Scene | Synchronizing object | floor_dark_tile_8
Fra:1 Mem:22.16M (Peak 31.32M) | Time:495254:47:05.68 | Mem:0.00M, Peak:0.00M | Scene | Initializing
Fra:1 Mem:22.15M (Peak 31.32M) | Time:495254:47:05.68 | Mem:0.00M, Peak:0.00M | Scene | Updating Images | Loading floor_dark_tile_8_NORMAL
Fra:1 Mem:22.19M (Peak 31.37M) | Time:495254:47:05.70 | Mem:0.00M, Peak:0.00M | Scene | Synchronizing object | floor_quarry_tile_slab
Fra:1 Mem:22.20M (Peak 31.37M) | Time:495254:47:05.70 | Mem:0.00M, Peak:0.00M | Scene | Initializing
Fra:1 Mem:22.20M (Peak 31.37M) | Time:495254:47:05.70 | Mem:0.00M, Peak:0.00M | Scene | Updating Images | Loading floor_quarry_tile_slab_DIFFUSE
Fra:1 Mem:22.21M (Peak 31.42M) | Time:495254:47:05.71 | Mem:0.00M, Peak:0.00M | Scene | Synchronizing object | floor_quarry_tile_slab
Fra:1 Mem:22.22M (Peak 31.42M) | Time:495254:47:05.71 | Mem:0.00M, Peak:0.00M | Scene | Initializing
Fra:1 Mem:22.22M (Peak 31.42M) | Time:495254:47:05.71 | Mem:0.00M, Peak:0.00M | Scene | Updating Images | Loading floor_quarry_tile_slab_ROUGHNESS
Fra:1 Mem:22.23M (Peak 31.42M) | Time:495254:47:05.72 | Mem:0.00M, Peak:0.00M | Scene | Synchronizing object | floor_quarry_tile_slab
Fra:1 Mem:22.24M (Peak 31.42M) | Time:495254:47:05.72 | Mem:0.00M, Peak:0.00M | Scene | Initializing
Fra:1 Mem:22.24M (Peak 31.42M) | Time:495254:47:05.72 | Mem:0.00M, Peak:0.00M | Scene | Updating Images | Loading floor_quarry_tile_slab_NORMAL
Fra:1 Mem:22.24M (Peak 31.47M) | Time:495254:47:05.74 | Mem:0.00M, Peak:0.00M | Scene | Synchronizing object | fridge_can_r0_c0
Fra:1 Mem:22.24M (Peak 31.47M) | Time:495254:47:05.74 | Mem:0.00M, Peak:0.00M | Scene | Initializing
Fra:1 Mem:22.24M (Peak 31.47M) | Time:495254:47:05.74 | Mem:0.00M, Peak:0.00M | Scene | Updating Images | Loading fridge_can_r0_c0_METAL
Fra:1 Mem:22.27M (Peak 31.47M) | Time:495254:47:05.75 | Mem:0.00M, Peak:0.00M | Scene | Synchronizing object | fridge_can_r0_c0
Fra:1 Mem:22.27M (Peak 31.47M) | Time:495254:47:05.75 | Mem:0.00M, Peak:0.00M | Scene | Initializing
Fra:1 Mem:22.27M (Peak 31.47M) | Time:495254:47:05.75 | Mem:0.00M, Peak:0.00M | Scene | Updating Images | Loading fridge_can_r0_c0_DIFFUSE
Fra:1 Mem:22.29M (Peak 31.48M) | Time:495254:47:05.76 | Mem:0.00M, Peak:0.00M | Scene | Synchronizing object | fridge_can_r0_c0
Fra:1 Mem:22.29M (Peak 31.48M) | Time:495254:47:05.76 | Mem:0.00M, Peak:0.00M | Scene | Initializing
Fra:1 Mem:22.29M (Peak 31.48M) | Time:495254:47:05.76 | Mem:0.00M, Peak:0.00M | Scene | Updating Images | Loading fridge_can_r0_c0_ROUGHNESS
Fra:1 Mem:22.31M (Peak 31.48M) | Time:495254:47:05.78 | Mem:0.00M, Peak:0.00M | Scene | Synchronizing object | fridge_can_r0_c0
Fra:1 Mem:22.32M (Peak 31.48M) | Time:495254:47:05.78 | Mem:0.00M, Peak:0.00M | Scene | Initializing
Fra:1 Mem:22.31M (Peak 31.48M) | Time:495254:47:05.78 | Mem:0.00M, Peak:0.00M | Scene | Updating Images | Loading fridge_can_r0_c0_NORMAL
Fra:1 Mem:22.31M (Peak 31.53M) | Time:495254:47:05.79 | Mem:0.00M, Peak:0.00M | Scene | Synchronizing object | fridge_can_r0_c1
Fra:1 Mem:22.32M (Peak 31.53M) | Time:495254:47:05.79 | Mem:0.00M, Peak:0.00M | Scene | Initializing
Fra:1 Mem:22.31M (Peak 31.53M) | Time:495254:47:05.79 | Mem:0.00M, Peak:0.00M | Scene | Updating Images | Loading fridge_can_r0_c1_METAL
Fra:1 Mem:22.34M (Peak 31.53M) | Time:495254:47:05.80 | Mem:0.00M, Peak:0.00M | Scene | Synchronizing object | fridge_can_r0_c1
Fra:1 Mem:22.35M (Peak 31.53M) | Time:495254:47:05.80 | Mem:0.00M, Peak:0.00M | Scene | Initializing
Fra:1 Mem:22.34M (Peak 31.53M) | Time:495254:47:05.80 | Mem:0.00M, Peak:0.00M | Scene | Updating Images | Loading fridge_can_r0_c1_DIFFUSE
Fra:1 Mem:22.37M (Peak 31.56M) | Time:495254:47:05.82 | Mem:0.00M, Peak:0.00M | Scene | Synchronizing object | fridge_can_r0_c1
Fra:1 Mem:22.37M (Peak 31.56M) | Time:495254:47:05.82 | Mem:0.00M, Peak:0.00M | Scene | Initializing
Fra:1 Mem:22.36M (Peak 31.56M) | Time:495254:47:05.82 | Mem:0.00M, Peak:0.00M | Scene | Updating Images | Loading fridge_can_r0_c1_ROUGHNESS
Fra:1 Mem:22.39M (Peak 31.56M) | Time:495254:47:05.83 | Mem:0.00M, Peak:0.00M | Scene | Synchronizing object | fridge_can_r0_c1
Fra:1 Mem:22.39M (Peak 31.56M) | Time:495254:47:05.83 | Mem:0.00M, Peak:0.00M | Scene | Initializing
Fra:1 Mem:22.39M (Peak 31.56M) | Time:495254:47:05.83 | Mem:0.00M, Peak:0.00M | Scene | Updating Images | Loading fridge_can_r0_c1_NORMAL
Fra:1 Mem:22.39M (Peak 31.60M) | Time:495254:47:05.84 | Mem:0.00M, Peak:0.00M | Scene | Synchronizing object | fridge_can_r0_c2
Fra:1 Mem:22.39M (Peak 31.60M) | Time:495254:47:05.84 | Mem:0.00M, Peak:0.00M | Scene | Initializing
Fra:1 Mem:22.39M (Peak 31.60M) | Time:495254:47:05.84 | Mem:0.00M, Peak:0.00M | Scene | Updating Images | Loading fridge_can_r0_c2_METAL
Fra:1 Mem:22.42M (Peak 31.60M) | Time:495254:47:05.86 | Mem:0.00M, Peak:0.00M | Scene | Synchronizing object | fridge_can_r0_c2
Fra:1 Mem:22.42M (Peak 31.60M) | Time:495254:47:05.86 | Mem:0.00M, Peak:0.00M | Scene | Initializing
Fra:1 Mem:22.42M (Peak 31.60M) | Time:495254:47:05.86 | Mem:0.00M, Peak:0.00M | Scene | Updating Images | Loading fridge_can_r0_c2_DIFFUSE
Fra:1 Mem:22.44M (Peak 31.63M) | Time:495254:47:05.87 | Mem:0.00M, Peak:0.00M | Scene | Synchronizing object | fridge_can_r0_c2
Fra:1 Mem:22.44M (Peak 31.63M) | Time:495254:47:05.87 | Mem:0.00M, Peak:0.00M | Scene | Initializing
Fra:1 Mem:22.44M (Peak 31.63M) | Time:495254:47:05.87 | Mem:0.00M, Peak:0.00M | Scene | Updating Images | Loading fridge_can_r0_c2_ROUGHNESS
Fra:1 Mem:22.46M (Peak 31.63M) | Time:495254:47:05.88 | Mem:0.00M, Peak:0.00M | Scene | Synchronizing object | fridge_can_r0_c2
Fra:1 Mem:22.47M (Peak 31.63M) | Time:495254:47:05.88 | Mem:0.00M, Peak:0.00M | Scene | Initializing
Fra:1 Mem:22.46M (Peak 31.63M) | Time:495254:47:05.88 | Mem:0.00M, Peak:0.00M | Scene | Updating Images | Loading fridge_can_r0_c2_NORMAL
Fra:1 Mem:22.47M (Peak 31.68M) | Time:495254:47:05.90 | Mem:0.00M, Peak:0.00M | Scene | Synchronizing object | fridge_can_r1_c0
Fra:1 Mem:22.47M (Peak 31.68M) | Time:495254:47:05.90 | Mem:0.00M, Peak:0.00M | Scene | Initializing
Fra:1 Mem:22.47M (Peak 31.68M) | Time:495254:47:05.90 | Mem:0.00M, Peak:0.00M | Scene | Updating Images | Loading fridge_can_r1_c0_METAL
Fra:1 Mem:22.50M (Peak 31.68M) | Time:495254:47:05.91 | Mem:0.00M, Peak:0.00M | Scene | Synchronizing object | fridge_can_r1_c0
Fra:1 Mem:22.50M (Peak 31.68M) | Time:495254:47:05.91 | Mem:0.00M, Peak:0.00M | Scene | Initializing
Fra:1 Mem:22.50M (Peak 31.68M) | Time:495254:47:05.91 | Mem:0.00M, Peak:0.00M | Scene | Updating Images | Loading fridge_can_r1_c0_DIFFUSE
Fra:1 Mem:22.52M (Peak 31.72M) | Time:495254:47:05.92 | Mem:0.00M, Peak:0.00M | Scene | Synchronizing object | fridge_can_r1_c0
Fra:1 Mem:22.53M (Peak 31.72M) | Time:495254:47:05.92 | Mem:0.00M, Peak:0.00M | Scene | Initializing
Fra:1 Mem:22.52M (Peak 31.72M) | Time:495254:47:05.92 | Mem:0.00M, Peak:0.00M | Scene | Updating Images | Loading fridge_can_r1_c0_ROUGHNESS
Fra:1 Mem:22.55M (Peak 31.72M) | Time:495254:47:05.94 | Mem:0.00M, Peak:0.00M | Scene | Synchronizing object | fridge_can_r1_c0
Fra:1 Mem:22.55M (Peak 31.72M) | Time:495254:47:05.94 | Mem:0.00M, Peak:0.00M | Scene | Initializing
Fra:1 Mem:22.55M (Peak 31.72M) | Time:495254:47:05.94 | Mem:0.00M, Peak:0.00M | Scene | Updating Images | Loading fridge_can_r1_c0_NORMAL
Fra:1 Mem:22.54M (Peak 31.76M) | Time:495254:47:05.95 | Mem:0.00M, Peak:0.00M | Scene | Synchronizing object | fridge_can_r1_c1
Fra:1 Mem:22.55M (Peak 31.76M) | Time:495254:47:05.95 | Mem:0.00M, Peak:0.00M | Scene | Initializing
Fra:1 Mem:22.55M (Peak 31.76M) | Time:495254:47:05.95 | Mem:0.00M, Peak:0.00M | Scene | Updating Images | Loading fridge_can_r1_c1_METAL
Info: Baking map saved to internal image, save it externally or pack it
Info: Baking map saved to internal image, save it externally or pack it
Info: Baking map saved to internal image, save it externally or pack it
Info: Baking map saved to internal image, save it externally or pack it
Info: Baking map saved to internal image, save it externally or pack it
Info: Baking map saved to internal image, save it externally or pack it
Info: Baking map saved to internal image, save it externally or pack it
Info: Baking map saved to internal image, save it externally or pack it
Info: Baking map saved to internal image, save it externally or pack it
Info: Baking map saved to internal image, save it externally or pack it
Info: Baking map saved to internal image, save it externally or pack it
Info: Baking map saved to internal image, save it externally or pack it
Info: Baking map saved to internal image, save it externally or pack it
Info: Baking map saved to internal image, save it externally or pack it
Info: Baking map saved to internal image, save it externally or pack it
Info: Baking map saved to internal image, save it externally or pack it
Info: Baking map saved to internal image, save it externally or pack it
Info: Baking map saved to internal image, save it externally or pack it
Info: Baking map saved to internal image, save it externally or pack it
Info: Baking map saved to internal image, save it externally or pack it
Info: Baking map saved to internal image, save it externally or pack it
Info: Baking map saved to internal image, save it externally or pack it
Info: Baking map saved to internal image, save it externally or pack it
Info: Baking map saved to internal image, save it externally or pack it
Info: Baking map saved to internal image, save it externally or pack it
Info: Baking map saved to internal image, save it externally or pack it
Info: Baking map saved to internal image, save it externally or pack it
Info: Baking map saved to internal image, save it externally or pack it
Info: Baking map saved to internal image, save it externally or pack it
Info: Baking map saved to internal image, save it externally or pack it
Info: Baking map saved to internal image, save it externally or pack it
Info: Baking map saved to internal image, save it externally or pack it
Info: Baking map saved to internal image, save it externally or pack it
Info: Baking map saved to internal image, save it externally or pack it
Info: Baking map saved to internal image, save it externally or pack it
Info: Baking map saved to internal image, save it externally or pack it
Info: Baking map saved to internal image, save it externally or pack it
Info: Baking map saved to internal image, save it externally or pack it
Info: Baking map saved to internal image, save it externally or pack it
Info: Baking map saved to internal image, save it externally or pack it
Info: Baking map saved to internal image, save it externally or pack it
Info: Baking map saved to internal image, save it externally or pack it
Info: Baking map saved to internal image, save it externally or pack it
Info: Baking map saved to internal image, save it externally or pack it
Info: Baking map saved to internal image, save it externally or pack it
Info: Baking map saved to internal image, save it externally or pack it
Info: Baking map saved to internal image, save it externally or pack it
Info: Baking map saved to internal image, save it externally or pack it
Info: Baking map saved to internal image, save it externally or pack it
Info: Baking map saved to internal image, save it externally or pack it
Info: Baking map saved to internal image, save it externally or pack it
Info: Baking map saved to internal image, save it externally or pack it
Info: Baking map saved to internal image, save it externally or pack it
Info: Baking map saved to internal image, save it externally or pack it
Info: Baking map saved to internal image, save it externally or pack it
Info: Baking map saved to internal image, save it externally or pack it
Info: Baking map saved to internal image, save it externally or pack it
Info: Baking map saved to internal image, save it externally or pack it
Info: Baking map saved to internal image, save it externally or pack it
Info: Baking map saved to internal image, save it externally or pack it
Info: Baking map saved to internal image, save it externally or pack it
Info: Baking map saved to internal image, save it externally or pack it
Info: Baking map saved to internal image, save it externally or pack it
Info: Baking map saved to internal image, save it externally or pack it
Info: Baking map saved to internal image, save it externally or pack it
Info: Baking map saved to internal image, save it externally or pack it
Info: Baking map saved to internal image, save it externally or pack it
Info: Baking map saved to internal image, save it externally or pack it
Info: Baking map saved to internal image, save it externally or pack it
Info: Baking map saved to internal image, save it externally or pack it
Info: Baking map saved to internal image, save it externally or pack it
Info: Baking map saved to internal image, save it externally or pack it
Info: Baking map saved to internal image, save it externally or pack it
Info: Baking map saved to internal image, save it externally or pack it
Info: Baking map saved to internal image, save it externally or pack it
Info: Baking map saved to internal image, save it externally or pack it
Info: Baking map saved to internal image, save it externally or pack it
Info: Baking map saved to internal image, save it externally or pack it
Info: Baking map saved to internal image, save it externally or pack it
Info: Baking map saved to internal image, save it externally or pack it
Info: Baking map saved to internal image, save it externally or pack it
Info: Baking map saved to internal image, save it externally or pack it
Info: Baking map saved to internal image, save it externally or pack it
Info: Baking map saved to internal image, save it externally or pack it
Info: Baking map saved to internal image, save it externally or pack it
Info: Baking map saved to internal image, save it externally or pack it
Info: Baking map saved to internal image, save it externally or pack it
Info: Baking map saved to internal image, save it externally or pack it
Info: Baking map saved to internal image, save it externally or pack it
Info: Baking map saved to internal image, save it externally or pack it
Info: Baking map saved to internal image, save it externally or pack it
Info: Baking map saved to internal image, save it externally or pack it
Info: Baking map saved to internal image, save it externally or pack it
Info: Baking map saved to internal image, save it externally or pack it
Info: Baking map saved to internal image, save it externally or pack it
Info: Baking map saved to internal image, save it externally or pack it
Info: Baking map saved to internal image, save it externally or pack it
Info: Baking map saved to internal image, save it externally or pack it
Info: Baking map saved to internal image, save it externally or pack it
Info: Baking map saved to internal image, save it externally or pack it
Info: Baking map saved to internal image, save it externally or pack it
Info: Baking map saved to internal image, save it externally or pack it
Info: Baking map saved to internal image, save it externally or pack it
Info: Baking map saved to internal image, save it externally or pack it
Info: Baking map saved to internal image, save it externally or pack it
Info: Baking map saved to internal image, save it externally or pack it
Info: Baking map saved to internal image, save it externally or pack it
Info: Baking map saved to internal image, save it externally or pack it
Info: Baking map saved to internal image, save it externally or pack it
Info: Baking map saved to internal image, save it externally or pack it
Info: Baking map saved to internal image, save it externally or pack it
Info: Baking map saved to internal image, save it externally or pack it
Info: Baking map saved to internal image, save it externally or pack it
Info: Baking map saved to internal image, save it externally or pack it
Fra:1 Mem:22.58M (Peak 31.76M) | Time:495254:47:05.96 | Mem:0.00M, Peak:0.00M | Scene | Synchronizing object | fridge_can_r1_c1
Fra:1 Mem:22.58M (Peak 31.76M) | Time:495254:47:05.96 | Mem:0.00M, Peak:0.00M | Scene | Initializing
Fra:1 Mem:22.58M (Peak 31.76M) | Time:495254:47:05.96 | Mem:0.00M, Peak:0.00M | Scene | Updating Images | Loading fridge_can_r1_c1_DIFFUSE
Fra:1 Mem:22.60M (Peak 31.79M) | Time:495254:47:05.97 | Mem:0.00M, Peak:0.00M | Scene | Synchronizing object | fridge_can_r1_c1
Fra:1 Mem:22.60M (Peak 31.79M) | Time:495254:47:05.97 | Mem:0.00M, Peak:0.00M | Scene | Initializing
Fra:1 Mem:22.60M (Peak 31.79M) | Time:495254:47:05.97 | Mem:0.00M, Peak:0.00M | Scene | Updating Images | Loading fridge_can_r1_c1_ROUGHNESS
Fra:1 Mem:22.62M (Peak 31.79M) | Time:495254:47:05.99 | Mem:0.00M, Peak:0.00M | Scene | Synchronizing object | fridge_can_r1_c1
Fra:1 Mem:22.62M (Peak 31.79M) | Time:495254:47:05.99 | Mem:0.00M, Peak:0.00M | Scene | Initializing
Fra:1 Mem:22.62M (Peak 31.79M) | Time:495254:47:05.99 | Mem:0.00M, Peak:0.00M | Scene | Updating Images | Loading fridge_can_r1_c1_NORMAL
Fra:1 Mem:22.62M (Peak 31.84M) | Time:495254:47:06.00 | Mem:0.00M, Peak:0.00M | Scene | Synchronizing object | fridge_can_r1_c2
Fra:1 Mem:22.62M (Peak 31.84M) | Time:495254:47:06.00 | Mem:0.00M, Peak:0.00M | Scene | Initializing
Fra:1 Mem:22.62M (Peak 31.84M) | Time:495254:47:06.00 | Mem:0.00M, Peak:0.00M | Scene | Updating Images | Loading fridge_can_r1_c2_METAL
Fra:1 Mem:22.65M (Peak 31.84M) | Time:495254:47:06.01 | Mem:0.00M, Peak:0.00M | Scene | Synchronizing object | fridge_can_r1_c2
Fra:1 Mem:22.66M (Peak 31.84M) | Time:495254:47:06.01 | Mem:0.00M, Peak:0.00M | Scene | Initializing
Fra:1 Mem:22.65M (Peak 31.84M) | Time:495254:47:06.01 | Mem:0.00M, Peak:0.00M | Scene | Updating Images | Loading fridge_can_r1_c2_DIFFUSE
Fra:1 Mem:22.67M (Peak 31.87M) | Time:495254:47:06.03 | Mem:0.00M, Peak:0.00M | Scene | Synchronizing object | fridge_can_r1_c2
Fra:1 Mem:22.68M (Peak 31.87M) | Time:495254:47:06.03 | Mem:0.00M, Peak:0.00M | Scene | Initializing
Fra:1 Mem:22.67M (Peak 31.87M) | Time:495254:47:06.03 | Mem:0.00M, Peak:0.00M | Scene | Updating Images | Loading fridge_can_r1_c2_ROUGHNESS
Fra:1 Mem:22.70M (Peak 31.87M) | Time:495254:47:06.04 | Mem:0.00M, Peak:0.00M | Scene | Synchronizing object | fridge_can_r1_c2
Fra:1 Mem:22.70M (Peak 31.87M) | Time:495254:47:06.04 | Mem:0.00M, Peak:0.00M | Scene | Initializing
Fra:1 Mem:22.70M (Peak 31.87M) | Time:495254:47:06.04 | Mem:0.00M, Peak:0.00M | Scene | Updating Images | Loading fridge_can_r1_c2_NORMAL
Fra:1 Mem:22.69M (Peak 31.91M) | Time:495254:47:06.06 | Mem:0.00M, Peak:0.00M | Scene | Synchronizing object | fridge_can_r2_c0
Fra:1 Mem:22.70M (Peak 31.91M) | Time:495254:47:06.06 | Mem:0.00M, Peak:0.00M | Scene | Initializing
Fra:1 Mem:22.70M (Peak 31.91M) | Time:495254:47:06.06 | Mem:0.00M, Peak:0.00M | Scene | Updating Images | Loading fridge_can_r2_c0_METAL
Fra:1 Mem:22.73M (Peak 31.91M) | Time:495254:47:06.07 | Mem:0.00M, Peak:0.00M | Scene | Synchronizing object | fridge_can_r2_c0
Fra:1 Mem:22.73M (Peak 31.91M) | Time:495254:47:06.07 | Mem:0.00M, Peak:0.00M | Scene | Initializing
Fra:1 Mem:22.73M (Peak 31.91M) | Time:495254:47:06.07 | Mem:0.00M, Peak:0.00M | Scene | Updating Images | Loading fridge_can_r2_c0_DIFFUSE
Fra:1 Mem:22.75M (Peak 31.94M) | Time:495254:47:06.08 | Mem:0.00M, Peak:0.00M | Scene | Synchronizing object | fridge_can_r2_c0
Fra:1 Mem:22.75M (Peak 31.94M) | Time:495254:47:06.08 | Mem:0.00M, Peak:0.00M | Scene | Initializing
Fra:1 Mem:22.75M (Peak 31.94M) | Time:495254:47:06.08 | Mem:0.00M, Peak:0.00M | Scene | Updating Images | Loading fridge_can_r2_c0_ROUGHNESS
Fra:1 Mem:22.77M (Peak 31.94M) | Time:495254:47:06.09 | Mem:0.00M, Peak:0.00M | Scene | Synchronizing object | fridge_can_r2_c0
Fra:1 Mem:22.77M (Peak 31.94M) | Time:495254:47:06.09 | Mem:0.00M, Peak:0.00M | Scene | Initializing
Fra:1 Mem:22.77M (Peak 31.94M) | Time:495254:47:06.09 | Mem:0.00M, Peak:0.00M | Scene | Updating Images | Loading fridge_can_r2_c0_NORMAL
Fra:1 Mem:22.77M (Peak 31.99M) | Time:495254:47:06.11 | Mem:0.00M, Peak:0.00M | Scene | Synchronizing object | fridge_can_r2_c1
Fra:1 Mem:22.77M (Peak 31.99M) | Time:495254:47:06.11 | Mem:0.00M, Peak:0.00M | Scene | Initializing
Fra:1 Mem:22.77M (Peak 31.99M) | Time:495254:47:06.11 | Mem:0.00M, Peak:0.00M | Scene | Updating Images | Loading fridge_can_r2_c1_METAL
Fra:1 Mem:22.80M (Peak 31.99M) | Time:495254:47:06.12 | Mem:0.00M, Peak:0.00M | Scene | Synchronizing object | fridge_can_r2_c1
Fra:1 Mem:22.81M (Peak 31.99M) | Time:495254:47:06.12 | Mem:0.00M, Peak:0.00M | Scene | Initializing
Fra:1 Mem:22.80M (Peak 31.99M) | Time:495254:47:06.12 | Mem:0.00M, Peak:0.00M | Scene | Updating Images | Loading fridge_can_r2_c1_DIFFUSE
Fra:1 Mem:22.89M (Peak 32.02M) | Time:495254:47:06.13 | Mem:0.00M, Peak:0.00M | Scene | Synchronizing object | fridge_can_r2_c1
Fra:1 Mem:22.89M (Peak 32.02M) | Time:495254:47:06.13 | Mem:0.00M, Peak:0.00M | Scene | Initializing
Fra:1 Mem:22.89M (Peak 32.02M) | Time:495254:47:06.13 | Mem:0.00M, Peak:0.00M | Scene | Updating Images | Loading fridge_can_r2_c1_ROUGHNESS
Fra:1 Mem:22.91M (Peak 32.02M) | Time:495254:47:06.15 | Mem:0.00M, Peak:0.00M | Scene | Synchronizing object | fridge_can_r2_c1
Fra:1 Mem:22.91M (Peak 32.02M) | Time:495254:47:06.15 | Mem:0.00M, Peak:0.00M | Scene | Initializing
Fra:1 Mem:22.91M (Peak 32.02M) | Time:495254:47:06.15 | Mem:0.00M, Peak:0.00M | Scene | Updating Images | Loading fridge_can_r2_c1_NORMAL
Fra:1 Mem:22.91M (Peak 32.12M) | Time:495254:47:06.16 | Mem:0.00M, Peak:0.00M | Scene | Synchronizing object | fridge_can_r2_c2
Fra:1 Mem:22.91M (Peak 32.12M) | Time:495254:47:06.16 | Mem:0.00M, Peak:0.00M | Scene | Initializing
Fra:1 Mem:22.91M (Peak 32.12M) | Time:495254:47:06.16 | Mem:0.00M, Peak:0.00M | Scene | Updating Images | Loading fridge_can_r2_c2_METAL
Fra:1 Mem:22.94M (Peak 32.12M) | Time:495254:47:06.17 | Mem:0.00M, Peak:0.00M | Scene | Synchronizing object | fridge_can_r2_c2
Fra:1 Mem:22.95M (Peak 32.12M) | Time:495254:47:06.17 | Mem:0.00M, Peak:0.00M | Scene | Initializing
Fra:1 Mem:22.94M (Peak 32.12M) | Time:495254:47:06.17 | Mem:0.00M, Peak:0.00M | Scene | Updating Images | Loading fridge_can_r2_c2_DIFFUSE
Fra:1 Mem:22.97M (Peak 32.16M) | Time:495254:47:06.19 | Mem:0.00M, Peak:0.00M | Scene | Synchronizing object | fridge_can_r2_c2
Fra:1 Mem:22.97M (Peak 32.16M) | Time:495254:47:06.19 | Mem:0.00M, Peak:0.00M | Scene | Initializing
Fra:1 Mem:22.96M (Peak 32.16M) | Time:495254:47:06.19 | Mem:0.00M, Peak:0.00M | Scene | Updating Images | Loading fridge_can_r2_c2_ROUGHNESS
Fra:1 Mem:22.99M (Peak 32.16M) | Time:495254:47:06.20 | Mem:0.00M, Peak:0.00M | Scene | Synchronizing object | fridge_can_r2_c2
Fra:1 Mem:22.99M (Peak 32.16M) | Time:495254:47:06.20 | Mem:0.00M, Peak:0.00M | Scene | Initializing
Fra:1 Mem:22.99M (Peak 32.16M) | Time:495254:47:06.20 | Mem:0.00M, Peak:0.00M | Scene | Updating Images | Loading fridge_can_r2_c2_NORMAL
Fra:1 Mem:22.99M (Peak 32.20M) | Time:495254:47:06.21 | Mem:0.00M, Peak:0.00M | Scene | Synchronizing object | fridge_can_r3_c0
Fra:1 Mem:22.99M (Peak 32.20M) | Time:495254:47:06.21 | Mem:0.00M, Peak:0.00M | Scene | Initializing
Fra:1 Mem:22.99M (Peak 32.20M) | Time:495254:47:06.21 | Mem:0.00M, Peak:0.00M | Scene | Updating Images | Loading fridge_can_r3_c0_METAL
Fra:1 Mem:23.02M (Peak 32.20M) | Time:495254:47:06.23 | Mem:0.00M, Peak:0.00M | Scene | Synchronizing object | fridge_can_r3_c0
Fra:1 Mem:23.02M (Peak 32.20M) | Time:495254:47:06.23 | Mem:0.00M, Peak:0.00M | Scene | Initializing
Fra:1 Mem:23.02M (Peak 32.20M) | Time:495254:47:06.23 | Mem:0.00M, Peak:0.00M | Scene | Updating Images | Loading fridge_can_r3_c0_DIFFUSE
Fra:1 Mem:23.04M (Peak 32.23M) | Time:495254:47:06.24 | Mem:0.00M, Peak:0.00M | Scene | Synchronizing object | fridge_can_r3_c0
Fra:1 Mem:23.04M (Peak 32.23M) | Time:495254:47:06.24 | Mem:0.00M, Peak:0.00M | Scene | Initializing
Fra:1 Mem:23.04M (Peak 32.23M) | Time:495254:47:06.24 | Mem:0.00M, Peak:0.00M | Scene | Updating Images | Loading fridge_can_r3_c0_ROUGHNESS
Fra:1 Mem:23.06M (Peak 32.23M) | Time:495254:47:06.25 | Mem:0.00M, Peak:0.00M | Scene | Synchronizing object | fridge_can_r3_c0
Fra:1 Mem:23.06M (Peak 32.23M) | Time:495254:47:06.25 | Mem:0.00M, Peak:0.00M | Scene | Initializing
Fra:1 Mem:23.06M (Peak 32.23M) | Time:495254:47:06.25 | Mem:0.00M, Peak:0.00M | Scene | Updating Images | Loading fridge_can_r3_c0_NORMAL
Fra:1 Mem:23.06M (Peak 32.28M) | Time:495254:47:06.27 | Mem:0.00M, Peak:0.00M | Scene | Synchronizing object | fridge_can_r3_c1
Fra:1 Mem:23.07M (Peak 32.28M) | Time:495254:47:06.27 | Mem:0.00M, Peak:0.00M | Scene | Initializing
Fra:1 Mem:23.06M (Peak 32.28M) | Time:495254:47:06.27 | Mem:0.00M, Peak:0.00M | Scene | Updating Images | Loading fridge_can_r3_c1_METAL
Fra:1 Mem:23.09M (Peak 32.28M) | Time:495254:47:06.28 | Mem:0.00M, Peak:0.00M | Scene | Synchronizing object | fridge_can_r3_c1
Fra:1 Mem:23.10M (Peak 32.28M) | Time:495254:47:06.28 | Mem:0.00M, Peak:0.00M | Scene | Initializing
Fra:1 Mem:23.09M (Peak 32.28M) | Time:495254:47:06.28 | Mem:0.00M, Peak:0.00M | Scene | Updating Images | Loading fridge_can_r3_c1_DIFFUSE
Fra:1 Mem:23.12M (Peak 32.31M) | Time:495254:47:06.29 | Mem:0.00M, Peak:0.00M | Scene | Synchronizing object | fridge_can_r3_c1
Fra:1 Mem:23.12M (Peak 32.31M) | Time:495254:47:06.29 | Mem:0.00M, Peak:0.00M | Scene | Initializing
Fra:1 Mem:23.11M (Peak 32.31M) | Time:495254:47:06.29 | Mem:0.00M, Peak:0.00M | Scene | Updating Images | Loading fridge_can_r3_c1_ROUGHNESS
Fra:1 Mem:23.14M (Peak 32.31M) | Time:495254:47:06.31 | Mem:0.00M, Peak:0.00M | Scene | Synchronizing object | fridge_can_r3_c1
Fra:1 Mem:23.14M (Peak 32.31M) | Time:495254:47:06.31 | Mem:0.00M, Peak:0.00M | Scene | Initializing
Fra:1 Mem:23.14M (Peak 32.31M) | Time:495254:47:06.31 | Mem:0.00M, Peak:0.00M | Scene | Updating Images | Loading fridge_can_r3_c1_NORMAL
Fra:1 Mem:23.14M (Peak 32.35M) | Time:495254:47:06.32 | Mem:0.00M, Peak:0.00M | Scene | Synchronizing object | fridge_can_r3_c2
Fra:1 Mem:23.14M (Peak 32.35M) | Time:495254:47:06.32 | Mem:0.00M, Peak:0.00M | Scene | Initializing
Fra:1 Mem:23.14M (Peak 32.35M) | Time:495254:47:06.32 | Mem:0.00M, Peak:0.00M | Scene | Updating Images | Loading fridge_can_r3_c2_METAL
Fra:1 Mem:23.17M (Peak 32.35M) | Time:495254:47:06.33 | Mem:0.00M, Peak:0.00M | Scene | Synchronizing object | fridge_can_r3_c2
Fra:1 Mem:23.17M (Peak 32.35M) | Time:495254:47:06.33 | Mem:0.00M, Peak:0.00M | Scene | Initializing
Fra:1 Mem:23.17M (Peak 32.35M) | Time:495254:47:06.33 | Mem:0.00M, Peak:0.00M | Scene | Updating Images | Loading fridge_can_r3_c2_DIFFUSE
Fra:1 Mem:23.19M (Peak 32.38M) | Time:495254:47:06.35 | Mem:0.00M, Peak:0.00M | Scene | Synchronizing object | fridge_can_r3_c2
Fra:1 Mem:23.19M (Peak 32.38M) | Time:495254:47:06.35 | Mem:0.00M, Peak:0.00M | Scene | Initializing
Fra:1 Mem:23.19M (Peak 32.38M) | Time:495254:47:06.35 | Mem:0.00M, Peak:0.00M | Scene | Updating Images | Loading fridge_can_r3_c2_ROUGHNESS
Fra:1 Mem:23.21M (Peak 32.38M) | Time:495254:47:06.36 | Mem:0.00M, Peak:0.00M | Scene | Synchronizing object | fridge_can_r3_c2
Fra:1 Mem:23.21M (Peak 32.38M) | Time:495254:47:06.36 | Mem:0.00M, Peak:0.00M | Scene | Initializing
Fra:1 Mem:23.21M (Peak 32.38M) | Time:495254:47:06.36 | Mem:0.00M, Peak:0.00M | Scene | Updating Images | Loading fridge_can_r3_c2_NORMAL
Fra:1 Mem:23.21M (Peak 32.43M) | Time:495254:47:06.37 | Mem:0.00M, Peak:0.00M | Scene | Synchronizing object | fridge_wire_shelf_0
Fra:1 Mem:23.21M (Peak 32.43M) | Time:495254:47:06.37 | Mem:0.00M, Peak:0.00M | Scene | Initializing
Fra:1 Mem:23.21M (Peak 32.43M) | Time:495254:47:06.37 | Mem:0.00M, Peak:0.00M | Scene | Updating Images | Loading fridge_wire_shelf_0_METAL
Fra:1 Mem:23.24M (Peak 32.43M) | Time:495254:47:06.38 | Mem:0.00M, Peak:0.00M | Scene | Synchronizing object | fridge_wire_shelf_0
Fra:1 Mem:23.24M (Peak 32.43M) | Time:495254:47:06.38 | Mem:0.00M, Peak:0.00M | Scene | Initializing
Fra:1 Mem:23.24M (Peak 32.43M) | Time:495254:47:06.38 | Mem:0.00M, Peak:0.00M | Scene | Updating Images | Loading fridge_wire_shelf_0_DIFFUSE
Fra:1 Mem:23.26M (Peak 32.45M) | Time:495254:47:06.40 | Mem:0.00M, Peak:0.00M | Scene | Synchronizing object | fridge_wire_shelf_0
Fra:1 Mem:23.26M (Peak 32.45M) | Time:495254:47:06.40 | Mem:0.00M, Peak:0.00M | Scene | Initializing
Fra:1 Mem:23.26M (Peak 32.45M) | Time:495254:47:06.40 | Mem:0.00M, Peak:0.00M | Scene | Updating Images | Loading fridge_wire_shelf_0_ROUGHNESS
Fra:1 Mem:23.28M (Peak 32.45M) | Time:495254:47:06.41 | Mem:0.00M, Peak:0.00M | Scene | Synchronizing object | fridge_wire_shelf_0
Fra:1 Mem:23.28M (Peak 32.45M) | Time:495254:47:06.41 | Mem:0.00M, Peak:0.00M | Scene | Initializing
Fra:1 Mem:23.28M (Peak 32.45M) | Time:495254:47:06.41 | Mem:0.00M, Peak:0.00M | Scene | Updating Images | Loading fridge_wire_shelf_0_NORMAL
Fra:1 Mem:23.28M (Peak 32.49M) | Time:495254:47:06.42 | Mem:0.00M, Peak:0.00M | Scene | Synchronizing object | fridge_wire_shelf_1
Fra:1 Mem:23.28M (Peak 32.49M) | Time:495254:47:06.42 | Mem:0.00M, Peak:0.00M | Scene | Initializing
Fra:1 Mem:23.28M (Peak 32.49M) | Time:495254:47:06.42 | Mem:0.00M, Peak:0.00M | Scene | Updating Images | Loading fridge_wire_shelf_1_METAL
Fra:1 Mem:23.31M (Peak 32.49M) | Time:495254:47:06.43 | Mem:0.00M, Peak:0.00M | Scene | Synchronizing object | fridge_wire_shelf_1
Fra:1 Mem:23.31M (Peak 32.49M) | Time:495254:47:06.43 | Mem:0.00M, Peak:0.00M | Scene | Initializing
Fra:1 Mem:23.31M (Peak 32.49M) | Time:495254:47:06.43 | Mem:0.00M, Peak:0.00M | Scene | Updating Images | Loading fridge_wire_shelf_1_DIFFUSE
Fra:1 Mem:23.33M (Peak 32.52M) | Time:495254:47:06.44 | Mem:0.00M, Peak:0.00M | Scene | Synchronizing object | fridge_wire_shelf_1
Fra:1 Mem:23.33M (Peak 32.52M) | Time:495254:47:06.44 | Mem:0.00M, Peak:0.00M | Scene | Initializing
Fra:1 Mem:23.33M (Peak 32.52M) | Time:495254:47:06.44 | Mem:0.00M, Peak:0.00M | Scene | Updating Images | Loading fridge_wire_shelf_1_ROUGHNESS
Fra:1 Mem:23.36M (Peak 32.52M) | Time:495254:47:06.45 | Mem:0.00M, Peak:0.00M | Scene | Synchronizing object | fridge_wire_shelf_1
Fra:1 Mem:23.36M (Peak 32.52M) | Time:495254:47:06.45 | Mem:0.00M, Peak:0.00M | Scene | Initializing
Fra:1 Mem:23.35M (Peak 32.52M) | Time:495254:47:06.45 | Mem:0.00M, Peak:0.00M | Scene | Updating Images | Loading fridge_wire_shelf_1_NORMAL
Fra:1 Mem:23.35M (Peak 32.57M) | Time:495254:47:06.47 | Mem:0.00M, Peak:0.00M | Scene | Synchronizing object | fridge_wire_shelf_2
Fra:1 Mem:23.35M (Peak 32.57M) | Time:495254:47:06.47 | Mem:0.00M, Peak:0.00M | Scene | Initializing
Fra:1 Mem:23.35M (Peak 32.57M) | Time:495254:47:06.47 | Mem:0.00M, Peak:0.00M | Scene | Updating Images | Loading fridge_wire_shelf_2_METAL
Fra:1 Mem:23.38M (Peak 32.57M) | Time:495254:47:06.48 | Mem:0.00M, Peak:0.00M | Scene | Synchronizing object | fridge_wire_shelf_2
Fra:1 Mem:23.38M (Peak 32.57M) | Time:495254:47:06.48 | Mem:0.00M, Peak:0.00M | Scene | Initializing
Fra:1 Mem:23.38M (Peak 32.57M) | Time:495254:47:06.48 | Mem:0.00M, Peak:0.00M | Scene | Updating Images | Loading fridge_wire_shelf_2_DIFFUSE
Fra:1 Mem:23.41M (Peak 32.59M) | Time:495254:47:06.49 | Mem:0.00M, Peak:0.00M | Scene | Synchronizing object | fridge_wire_shelf_2
Fra:1 Mem:23.41M (Peak 32.59M) | Time:495254:47:06.49 | Mem:0.00M, Peak:0.00M | Scene | Initializing
Fra:1 Mem:23.40M (Peak 32.59M) | Time:495254:47:06.49 | Mem:0.00M, Peak:0.00M | Scene | Updating Images | Loading fridge_wire_shelf_2_ROUGHNESS
Fra:1 Mem:23.43M (Peak 32.59M) | Time:495254:47:06.50 | Mem:0.00M, Peak:0.00M | Scene | Synchronizing object | fridge_wire_shelf_2
Fra:1 Mem:23.43M (Peak 32.59M) | Time:495254:47:06.50 | Mem:0.00M, Peak:0.00M | Scene | Initializing
Fra:1 Mem:23.42M (Peak 32.59M) | Time:495254:47:06.50 | Mem:0.00M, Peak:0.00M | Scene | Updating Images | Loading fridge_wire_shelf_2_NORMAL
Fra:1 Mem:23.42M (Peak 32.64M) | Time:495254:47:06.51 | Mem:0.00M, Peak:0.00M | Scene | Synchronizing object | fridge_wire_shelf_3
Fra:1 Mem:23.42M (Peak 32.64M) | Time:495254:47:06.51 | Mem:0.00M, Peak:0.00M | Scene | Initializing
Fra:1 Mem:23.42M (Peak 32.64M) | Time:495254:47:06.51 | Mem:0.00M, Peak:0.00M | Scene | Updating Images | Loading fridge_wire_shelf_3_METAL
Fra:1 Mem:23.45M (Peak 32.64M) | Time:495254:47:06.52 | Mem:0.00M, Peak:0.00M | Scene | Synchronizing object | fridge_wire_shelf_3
Fra:1 Mem:23.46M (Peak 32.64M) | Time:495254:47:06.52 | Mem:0.00M, Peak:0.00M | Scene | Initializing
Fra:1 Mem:23.45M (Peak 32.64M) | Time:495254:47:06.52 | Mem:0.00M, Peak:0.00M | Scene | Updating Images | Loading fridge_wire_shelf_3_DIFFUSE
Fra:1 Mem:23.48M (Peak 32.66M) | Time:495254:47:06.53 | Mem:0.00M, Peak:0.00M | Scene | Synchronizing object | fridge_wire_shelf_3
Fra:1 Mem:23.48M (Peak 32.66M) | Time:495254:47:06.53 | Mem:0.00M, Peak:0.00M | Scene | Initializing
Fra:1 Mem:23.47M (Peak 32.66M) | Time:495254:47:06.53 | Mem:0.00M, Peak:0.00M | Scene | Updating Images | Loading fridge_wire_shelf_3_ROUGHNESS
Fra:1 Mem:23.50M (Peak 32.66M) | Time:495254:47:06.55 | Mem:0.00M, Peak:0.00M | Scene | Synchronizing object | fridge_wire_shelf_3
Fra:1 Mem:23.50M (Peak 32.66M) | Time:495254:47:06.55 | Mem:0.00M, Peak:0.00M | Scene | Initializing
Fra:1 Mem:23.50M (Peak 32.66M) | Time:495254:47:06.55 | Mem:0.00M, Peak:0.00M | Scene | Updating Images | Loading fridge_wire_shelf_3_NORMAL
Fra:1 Mem:23.51M (Peak 32.71M) | Time:495254:47:06.56 | Mem:0.00M, Peak:0.00M | Scene | Synchronizing object | front_service_wall_teal
Fra:1 Mem:23.52M (Peak 32.71M) | Time:495254:47:06.56 | Mem:0.00M, Peak:0.00M | Scene | Initializing
Fra:1 Mem:23.52M (Peak 32.71M) | Time:495254:47:06.56 | Mem:0.00M, Peak:0.00M | Scene | Updating Images | Loading front_service_wall_teal_DIFFUSE
Fra:1 Mem:23.54M (Peak 32.75M) | Time:495254:47:06.57 | Mem:0.00M, Peak:0.00M | Scene | Synchronizing object | front_service_wall_teal
Fra:1 Mem:23.55M (Peak 32.75M) | Time:495254:47:06.57 | Mem:0.00M, Peak:0.00M | Scene | Initializing
Fra:1 Mem:23.54M (Peak 32.75M) | Time:495254:47:06.57 | Mem:0.00M, Peak:0.00M | Scene | Updating Images | Loading front_service_wall_teal_ROUGHNESS
Fra:1 Mem:23.56M (Peak 32.75M) | Time:495254:47:06.59 | Mem:0.00M, Peak:0.00M | Scene | Synchronizing object | front_service_wall_teal
Fra:1 Mem:23.57M (Peak 32.75M) | Time:495254:47:06.59 | Mem:0.00M, Peak:0.00M | Scene | Initializing
Fra:1 Mem:23.57M (Peak 32.75M) | Time:495254:47:06.59 | Mem:0.00M, Peak:0.00M | Scene | Updating Images | Loading front_service_wall_teal_NORMAL
Fra:1 Mem:23.58M (Peak 32.79M) | Time:495254:47:06.60 | Mem:0.00M, Peak:0.00M | Scene | Synchronizing object | fruit_bowl_piece_0
Fra:1 Mem:23.62M (Peak 32.79M) | Time:495254:47:06.60 | Mem:0.00M, Peak:0.00M | Scene | Initializing
Fra:1 Mem:23.62M (Peak 32.79M) | Time:495254:47:06.60 | Mem:0.00M, Peak:0.00M | Scene | Updating Images | Loading fruit_bowl_piece_0_DIFFUSE
Fra:1 Mem:23.63M (Peak 32.86M) | Time:495254:47:06.62 | Mem:0.00M, Peak:0.00M | Scene | Synchronizing object | fruit_bowl_piece_0
Fra:1 Mem:23.65M (Peak 32.86M) | Time:495254:47:06.62 | Mem:0.00M, Peak:0.00M | Scene | Initializing
Fra:1 Mem:23.64M (Peak 32.86M) | Time:495254:47:06.62 | Mem:0.00M, Peak:0.00M | Scene | Updating Images | Loading fruit_bowl_piece_0_ROUGHNESS
Fra:1 Mem:23.65M (Peak 32.86M) | Time:495254:47:06.63 | Mem:0.00M, Peak:0.00M | Scene | Synchronizing object | fruit_bowl_piece_0
Fra:1 Mem:23.67M (Peak 32.86M) | Time:495254:47:06.63 | Mem:0.00M, Peak:0.00M | Scene | Initializing
Fra:1 Mem:23.66M (Peak 32.86M) | Time:495254:47:06.63 | Mem:0.00M, Peak:0.00M | Scene | Updating Images | Loading fruit_bowl_piece_0_NORMAL
Fra:1 Mem:23.69M (Peak 32.91M) | Time:495254:47:06.65 | Mem:0.00M, Peak:0.00M | Scene | Synchronizing object | fruit_bowl_piece_1
Fra:1 Mem:23.73M (Peak 32.91M) | Time:495254:47:06.65 | Mem:0.00M, Peak:0.00M | Scene | Initializing
Fra:1 Mem:23.73M (Peak 32.91M) | Time:495254:47:06.65 | Mem:0.00M, Peak:0.00M | Scene | Updating Images | Loading fruit_bowl_piece_1_DIFFUSE
Fra:1 Mem:23.73M (Peak 32.97M) | Time:495254:47:06.67 | Mem:0.00M, Peak:0.00M | Scene | Synchronizing object | fruit_bowl_piece_1
Fra:1 Mem:23.75M (Peak 32.97M) | Time:495254:47:06.67 | Mem:0.00M, Peak:0.00M | Scene | Initializing
Fra:1 Mem:23.75M (Peak 32.97M) | Time:495254:47:06.67 | Mem:0.00M, Peak:0.00M | Scene | Updating Images | Loading fruit_bowl_piece_1_ROUGHNESS
Fra:1 Mem:23.75M (Peak 32.97M) | Time:495254:47:06.68 | Mem:0.00M, Peak:0.00M | Scene | Synchronizing object | fruit_bowl_piece_1
Fra:1 Mem:23.78M (Peak 32.97M) | Time:495254:47:06.68 | Mem:0.00M, Peak:0.00M | Scene | Initializing
Fra:1 Mem:23.77M (Peak 32.97M) | Time:495254:47:06.68 | Mem:0.00M, Peak:0.00M | Scene | Updating Images | Loading fruit_bowl_piece_1_NORMAL
Fra:1 Mem:23.79M (Peak 33.01M) | Time:495254:47:06.70 | Mem:0.00M, Peak:0.00M | Scene | Synchronizing object | fruit_bowl_piece_2
Fra:1 Mem:23.84M (Peak 33.01M) | Time:495254:47:06.70 | Mem:0.00M, Peak:0.00M | Scene | Initializing
Fra:1 Mem:23.83M (Peak 33.01M) | Time:495254:47:06.70 | Mem:0.00M, Peak:0.00M | Scene | Updating Images | Loading fruit_bowl_piece_2_DIFFUSE
Fra:1 Mem:23.84M (Peak 33.07M) | Time:495254:47:06.71 | Mem:0.00M, Peak:0.00M | Scene | Synchronizing object | fruit_bowl_piece_2
Fra:1 Mem:23.86M (Peak 33.07M) | Time:495254:47:06.71 | Mem:0.00M, Peak:0.00M | Scene | Initializing
Fra:1 Mem:23.86M (Peak 33.07M) | Time:495254:47:06.71 | Mem:0.00M, Peak:0.00M | Scene | Updating Images | Loading fruit_bowl_piece_2_ROUGHNESS
Fra:1 Mem:23.86M (Peak 33.07M) | Time:495254:47:06.73 | Mem:0.00M, Peak:0.00M | Scene | Synchronizing object | fruit_bowl_piece_2
Fra:1 Mem:23.88M (Peak 33.07M) | Time:495254:47:06.73 | Mem:0.00M, Peak:0.00M | Scene | Initializing
Fra:1 Mem:23.88M (Peak 33.07M) | Time:495254:47:06.73 | Mem:0.00M, Peak:0.00M | Scene | Updating Images | Loading fruit_bowl_piece_2_NORMAL
Fra:1 Mem:23.89M (Peak 33.12M) | Time:495254:47:06.75 | Mem:0.00M, Peak:0.00M | Scene | Synchronizing object | left_painted_wall
Fra:1 Mem:23.91M (Peak 33.12M) | Time:495254:47:06.75 | Mem:0.00M, Peak:0.00M | Scene | Initializing
Fra:1 Mem:23.90M (Peak 33.12M) | Time:495254:47:06.75 | Mem:0.00M, Peak:0.00M | Scene | Updating Images | Loading left_painted_wall_DIFFUSE
Fra:1 Mem:23.92M (Peak 33.13M) | Time:495254:47:06.76 | Mem:0.00M, Peak:0.00M | Scene | Synchronizing object | left_painted_wall
Fra:1 Mem:23.93M (Peak 33.13M) | Time:495254:47:06.76 | Mem:0.00M, Peak:0.00M | Scene | Initializing
Fra:1 Mem:23.93M (Peak 33.13M) | Time:495254:47:06.76 | Mem:0.00M, Peak:0.00M | Scene | Updating Images | Loading left_painted_wall_ROUGHNESS
Fra:1 Mem:23.94M (Peak 33.13M) | Time:495254:47:06.77 | Mem:0.00M, Peak:0.00M | Scene | Synchronizing object | left_painted_wall
Fra:1 Mem:23.95M (Peak 33.13M) | Time:495254:47:06.77 | Mem:0.00M, Peak:0.00M | Scene | Initializing
Fra:1 Mem:23.95M (Peak 33.13M) | Time:495254:47:06.77 | Mem:0.00M, Peak:0.00M | Scene | Updating Images | Loading left_painted_wall_NORMAL
Fra:1 Mem:23.96M (Peak 33.17M) | Time:495254:47:06.79 | Mem:0.00M, Peak:0.00M | Scene | Synchronizing object | long_pale_countertop
Fra:1 Mem:23.97M (Peak 33.17M) | Time:495254:47:06.79 | Mem:0.00M, Peak:0.00M | Scene | Initializing
Fra:1 Mem:23.97M (Peak 33.17M) | Time:495254:47:06.79 | Mem:0.00M, Peak:0.00M | Scene | Updating Images | Loading long_pale_countertop_DIFFUSE
Fra:1 Mem:23.98M (Peak 33.19M) | Time:495254:47:06.80 | Mem:0.00M, Peak:0.00M | Scene | Synchronizing object | long_pale_countertop
Fra:1 Mem:23.99M (Peak 33.19M) | Time:495254:47:06.80 | Mem:0.00M, Peak:0.00M | Scene | Initializing
Fra:1 Mem:23.99M (Peak 33.19M) | Time:495254:47:06.80 | Mem:0.00M, Peak:0.00M | Scene | Updating Images | Loading long_pale_countertop_ROUGHNESS
Fra:1 Mem:24.00M (Peak 33.19M) | Time:495254:47:06.81 | Mem:0.00M, Peak:0.00M | Scene | Synchronizing object | long_pale_countertop
Fra:1 Mem:24.02M (Peak 33.19M) | Time:495254:47:06.81 | Mem:0.00M, Peak:0.00M | Scene | Initializing
Fra:1 Mem:24.01M (Peak 33.19M) | Time:495254:47:06.81 | Mem:0.00M, Peak:0.00M | Scene | Updating Images | Loading long_pale_countertop_NORMAL
Fra:1 Mem:24.02M (Peak 33.24M) | Time:495254:47:06.83 | Mem:0.00M, Peak:0.00M | Scene | Synchronizing object | long_walnut_service_counter_front
Fra:1 Mem:24.04M (Peak 33.24M) | Time:495254:47:06.83 | Mem:0.00M, Peak:0.00M | Scene | Initializing
Fra:1 Mem:24.03M (Peak 33.24M) | Time:495254:47:06.83 | Mem:0.00M, Peak:0.00M | Scene | Updating Images | Loading long_walnut_service_counter_front_DIFFUSE
Fra:1 Mem:24.05M (Peak 33.26M) | Time:495254:47:06.84 | Mem:0.00M, Peak:0.00M | Scene | Synchronizing object | long_walnut_service_counter_front
Fra:1 Mem:24.06M (Peak 33.26M) | Time:495254:47:06.84 | Mem:0.00M, Peak:0.00M | Scene | Initializing
Fra:1 Mem:24.06M (Peak 33.26M) | Time:495254:47:06.84 | Mem:0.00M, Peak:0.00M | Scene | Updating Images | Loading long_walnut_service_counter_front_ROUGHNESS
Fra:1 Mem:24.07M (Peak 33.26M) | Time:495254:47:06.85 | Mem:0.00M, Peak:0.00M | Scene | Synchronizing object | long_walnut_service_counter_front
Fra:1 Mem:24.08M (Peak 33.26M) | Time:495254:47:06.85 | Mem:0.00M, Peak:0.00M | Scene | Initializing
Fra:1 Mem:24.08M (Peak 33.26M) | Time:495254:47:06.85 | Mem:0.00M, Peak:0.00M | Scene | Updating Images | Loading long_walnut_service_counter_front_NORMAL
Fra:1 Mem:24.09M (Peak 33.30M) | Time:495254:47:06.87 | Mem:0.00M, Peak:0.00M | Scene | Synchronizing object | low_condiment_station
Fra:1 Mem:24.10M (Peak 33.30M) | Time:495254:47:06.87 | Mem:0.00M, Peak:0.00M | Scene | Initializing
Fra:1 Mem:24.10M (Peak 33.30M) | Time:495254:47:06.87 | Mem:0.00M, Peak:0.00M | Scene | Updating Images | Loading low_condiment_station_DIFFUSE
Fra:1 Mem:24.11M (Peak 33.32M) | Time:495254:47:06.88 | Mem:0.00M, Peak:0.00M | Scene | Synchronizing object | low_condiment_station
Fra:1 Mem:24.12M (Peak 33.32M) | Time:495254:47:06.88 | Mem:0.00M, Peak:0.00M | Scene | Initializing
Fra:1 Mem:24.12M (Peak 33.32M) | Time:495254:47:06.88 | Mem:0.00M, Peak:0.00M | Scene | Updating Images | Loading low_condiment_station_ROUGHNESS
Fra:1 Mem:24.13M (Peak 33.32M) | Time:495254:47:06.89 | Mem:0.00M, Peak:0.00M | Scene | Synchronizing object | low_condiment_station
Fra:1 Mem:24.15M (Peak 33.32M) | Time:495254:47:06.89 | Mem:0.00M, Peak:0.00M | Scene | Initializing
Fra:1 Mem:24.14M (Peak 33.32M) | Time:495254:47:06.89 | Mem:0.00M, Peak:0.00M | Scene | Updating Images | Loading low_condiment_station_NORMAL
Fra:1 Mem:24.15M (Peak 33.37M) | Time:495254:47:06.91 | Mem:0.00M, Peak:0.00M | Scene | Synchronizing object | menu_board_left
Fra:1 Mem:24.17M (Peak 33.37M) | Time:495254:47:06.91 | Mem:0.00M, Peak:0.00M | Scene | Initializing
Fra:1 Mem:24.16M (Peak 33.37M) | Time:495254:47:06.91 | Mem:0.00M, Peak:0.00M | Scene | Updating Images | Loading menu_board_left_DIFFUSE
Fra:1 Mem:24.18M (Peak 33.39M) | Time:495254:47:06.92 | Mem:0.00M, Peak:0.00M | Scene | Synchronizing object | menu_board_left
Fra:1 Mem:24.19M (Peak 33.39M) | Time:495254:47:06.92 | Mem:0.00M, Peak:0.00M | Scene | Initializing
Fra:1 Mem:24.19M (Peak 33.39M) | Time:495254:47:06.92 | Mem:0.00M, Peak:0.00M | Scene | Updating Images | Loading menu_board_left_ROUGHNESS
Fra:1 Mem:24.20M (Peak 33.39M) | Time:495254:47:06.94 | Mem:0.00M, Peak:0.00M | Scene | Synchronizing object | menu_board_left
Fra:1 Mem:24.21M (Peak 33.39M) | Time:495254:47:06.94 | Mem:0.00M, Peak:0.00M | Scene | Initializing
Fra:1 Mem:24.21M (Peak 33.39M) | Time:495254:47:06.94 | Mem:0.00M, Peak:0.00M | Scene | Updating Images | Loading menu_board_left_NORMAL
Fra:1 Mem:24.22M (Peak 33.43M) | Time:495254:47:06.95 | Mem:0.00M, Peak:0.00M | Scene | Synchronizing object | menu_board_right
Fra:1 Mem:24.23M (Peak 33.43M) | Time:495254:47:06.95 | Mem:0.00M, Peak:0.00M | Scene | Initializing
Fra:1 Mem:24.23M (Peak 33.43M) | Time:495254:47:06.95 | Mem:0.00M, Peak:0.00M | Scene | Updating Images | Loading menu_board_right_DIFFUSE
Fra:1 Mem:24.24M (Peak 33.45M) | Time:495254:47:06.96 | Mem:0.00M, Peak:0.00M | Scene | Synchronizing object | menu_board_right
Fra:1 Mem:24.25M (Peak 33.45M) | Time:495254:47:06.96 | Mem:0.00M, Peak:0.00M | Scene | Initializing
Fra:1 Mem:24.25M (Peak 33.45M) | Time:495254:47:06.96 | Mem:0.00M, Peak:0.00M | Scene | Updating Images | Loading menu_board_right_ROUGHNESS
Fra:1 Mem:24.26M (Peak 33.45M) | Time:495254:47:06.98 | Mem:0.00M, Peak:0.00M | Scene | Synchronizing object | menu_board_right
Fra:1 Mem:24.28M (Peak 33.45M) | Time:495254:47:06.98 | Mem:0.00M, Peak:0.00M | Scene | Initializing
Fra:1 Mem:24.27M (Peak 33.45M) | Time:495254:47:06.98 | Mem:0.00M, Peak:0.00M | Scene | Updating Images | Loading menu_board_right_NORMAL
Fra:1 Mem:24.27M (Peak 33.50M) | Time:495254:47:06.99 | Mem:0.00M, Peak:0.00M | Scene | Synchronizing object | menu_chalk_line_0
Fra:1 Mem:24.28M (Peak 33.50M) | Time:495254:47:06.99 | Mem:0.00M, Peak:0.00M | Scene | Initializing
Fra:1 Mem:24.27M (Peak 33.50M) | Time:495254:47:06.99 | Mem:0.00M, Peak:0.00M | Scene | Updating Images | Loading menu_chalk_line_0_DIFFUSE
Fra:1 Mem:24.30M (Peak 33.50M) | Time:495254:47:07.00 | Mem:0.00M, Peak:0.00M | Scene | Synchronizing object | menu_chalk_line_0
Fra:1 Mem:24.30M (Peak 33.50M) | Time:495254:47:07.00 | Mem:0.00M, Peak:0.00M | Scene | Initializing
Fra:1 Mem:24.29M (Peak 33.50M) | Time:495254:47:07.00 | Mem:0.00M, Peak:0.00M | Scene | Updating Images | Loading menu_chalk_line_0_ROUGHNESS
Fra:1 Mem:24.32M (Peak 33.50M) | Time:495254:47:07.01 | Mem:0.00M, Peak:0.00M | Scene | Synchronizing object | menu_chalk_line_0
Fra:1 Mem:24.32M (Peak 33.50M) | Time:495254:47:07.01 | Mem:0.00M, Peak:0.00M | Scene | Initializing
Fra:1 Mem:24.32M (Peak 33.50M) | Time:495254:47:07.01 | Mem:0.00M, Peak:0.00M | Scene | Updating Images | Loading menu_chalk_line_0_NORMAL
Fra:1 Mem:24.34M (Peak 33.53M) | Time:495254:47:07.03 | Mem:0.00M, Peak:0.00M | Scene | Synchronizing object | menu_chalk_line_1
Fra:1 Mem:24.34M (Peak 33.53M) | Time:495254:47:07.03 | Mem:0.00M, Peak:0.00M | Scene | Initializing
Fra:1 Mem:24.34M (Peak 33.53M) | Time:495254:47:07.03 | Mem:0.00M, Peak:0.00M | Scene | Updating Images | Loading menu_chalk_line_1_DIFFUSE
Fra:1 Mem:24.36M (Peak 33.55M) | Time:495254:47:07.04 | Mem:0.00M, Peak:0.00M | Scene | Synchronizing object | menu_chalk_line_1
Fra:1 Mem:24.36M (Peak 33.55M) | Time:495254:47:07.04 | Mem:0.00M, Peak:0.00M | Scene | Initializing
Fra:1 Mem:24.36M (Peak 33.55M) | Time:495254:47:07.04 | Mem:0.00M, Peak:0.00M | Scene | Updating Images | Loading menu_chalk_line_1_ROUGHNESS
Fra:1 Mem:24.38M (Peak 33.55M) | Time:495254:47:07.05 | Mem:0.00M, Peak:0.00M | Scene | Synchronizing object | menu_chalk_line_1
Fra:1 Mem:24.38M (Peak 33.55M) | Time:495254:47:07.05 | Mem:0.00M, Peak:0.00M | Scene | Initializing
Fra:1 Mem:24.38M (Peak 33.55M) | Time:495254:47:07.05 | Mem:0.00M, Peak:0.00M | Scene | Updating Images | Loading menu_chalk_line_1_NORMAL
Fra:1 Mem:24.40M (Peak 33.59M) | Time:495254:47:07.06 | Mem:0.00M, Peak:0.00M | Scene | Synchronizing object | menu_chalk_line_2
Fra:1 Mem:24.40M (Peak 33.59M) | Time:495254:47:07.06 | Mem:0.00M, Peak:0.00M | Scene | Initializing
Fra:1 Mem:24.40M (Peak 33.59M) | Time:495254:47:07.06 | Mem:0.00M, Peak:0.00M | Scene | Updating Images | Loading menu_chalk_line_2_DIFFUSE
Fra:1 Mem:24.43M (Peak 33.61M) | Time:495254:47:07.07 | Mem:0.00M, Peak:0.00M | Scene | Synchronizing object | menu_chalk_line_2
Fra:1 Mem:24.43M (Peak 33.61M) | Time:495254:47:07.07 | Mem:0.00M, Peak:0.00M | Scene | Initializing
Fra:1 Mem:24.42M (Peak 33.61M) | Time:495254:47:07.07 | Mem:0.00M, Peak:0.00M | Scene | Updating Images | Loading menu_chalk_line_2_ROUGHNESS
Fra:1 Mem:24.45M (Peak 33.61M) | Time:495254:47:07.08 | Mem:0.00M, Peak:0.00M | Scene | Synchronizing object | menu_chalk_line_2
Fra:1 Mem:24.45M (Peak 33.61M) | Time:495254:47:07.08 | Mem:0.00M, Peak:0.00M | Scene | Initializing
Fra:1 Mem:24.44M (Peak 33.61M) | Time:495254:47:07.08 | Mem:0.00M, Peak:0.00M | Scene | Updating Images | Loading menu_chalk_line_2_NORMAL
Fra:1 Mem:24.47M (Peak 33.66M) | Time:495254:47:07.09 | Mem:0.00M, Peak:0.00M | Scene | Synchronizing object | menu_chalk_line_3
Fra:1 Mem:24.47M (Peak 33.66M) | Time:495254:47:07.09 | Mem:0.00M, Peak:0.00M | Scene | Initializing
Fra:1 Mem:24.46M (Peak 33.66M) | Time:495254:47:07.09 | Mem:0.00M, Peak:0.00M | Scene | Updating Images | Loading menu_chalk_line_3_DIFFUSE
Fra:1 Mem:24.49M (Peak 33.68M) | Time:495254:47:07.10 | Mem:0.00M, Peak:0.00M | Scene | Synchronizing object | menu_chalk_line_3
Fra:1 Mem:24.49M (Peak 33.68M) | Time:495254:47:07.10 | Mem:0.00M, Peak:0.00M | Scene | Initializing
Fra:1 Mem:24.49M (Peak 33.68M) | Time:495254:47:07.10 | Mem:0.00M, Peak:0.00M | Scene | Updating Images | Loading menu_chalk_line_3_ROUGHNESS
Fra:1 Mem:24.51M (Peak 33.68M) | Time:495254:47:07.12 | Mem:0.00M, Peak:0.00M | Scene | Synchronizing object | menu_chalk_line_3
Fra:1 Mem:24.51M (Peak 33.68M) | Time:495254:47:07.12 | Mem:0.00M, Peak:0.00M | Scene | Initializing
Fra:1 Mem:24.51M (Peak 33.68M) | Time:495254:47:07.12 | Mem:0.00M, Peak:0.00M | Scene | Updating Images | Loading menu_chalk_line_3_NORMAL
Fra:1 Mem:24.53M (Peak 33.72M) | Time:495254:47:07.13 | Mem:0.00M, Peak:0.00M | Scene | Synchronizing object | menu_chalk_line_4
Fra:1 Mem:24.53M (Peak 33.72M) | Time:495254:47:07.13 | Mem:0.00M, Peak:0.00M | Scene | Initializing
Fra:1 Mem:24.53M (Peak 33.72M) | Time:495254:47:07.13 | Mem:0.00M, Peak:0.00M | Scene | Updating Images | Loading menu_chalk_line_4_DIFFUSE
Fra:1 Mem:24.55M (Peak 33.74M) | Time:495254:47:07.14 | Mem:0.00M, Peak:0.00M | Scene | Synchronizing object | menu_chalk_line_4
Fra:1 Mem:24.56M (Peak 33.74M) | Time:495254:47:07.14 | Mem:0.00M, Peak:0.00M | Scene | Initializing
Fra:1 Mem:24.55M (Peak 33.74M) | Time:495254:47:07.14 | Mem:0.00M, Peak:0.00M | Scene | Updating Images | Loading menu_chalk_line_4_ROUGHNESS
Fra:1 Mem:24.58M (Peak 33.74M) | Time:495254:47:07.15 | Mem:0.00M, Peak:0.00M | Scene | Synchronizing object | menu_chalk_line_4
Fra:1 Mem:24.58M (Peak 33.74M) | Time:495254:47:07.15 | Mem:0.00M, Peak:0.00M | Scene | Initializing
Fra:1 Mem:24.57M (Peak 33.74M) | Time:495254:47:07.15 | Mem:0.00M, Peak:0.00M | Scene | Updating Images | Loading menu_chalk_line_4_NORMAL
Fra:1 Mem:24.60M (Peak 33.79M) | Time:495254:47:07.16 | Mem:0.00M, Peak:0.00M | Scene | Synchronizing object | menu_chalk_line_5
Fra:1 Mem:24.60M (Peak 33.79M) | Time:495254:47:07.16 | Mem:0.00M, Peak:0.00M | Scene | Initializing
Fra:1 Mem:24.59M (Peak 33.79M) | Time:495254:47:07.16 | Mem:0.00M, Peak:0.00M | Scene | Updating Images | Loading menu_chalk_line_5_DIFFUSE
Fra:1 Mem:24.62M (Peak 33.81M) | Time:495254:47:07.17 | Mem:0.00M, Peak:0.00M | Scene | Synchronizing object | menu_chalk_line_5
Fra:1 Mem:24.62M (Peak 33.81M) | Time:495254:47:07.17 | Mem:0.00M, Peak:0.00M | Scene | Initializing
Fra:1 Mem:24.62M (Peak 33.81M) | Time:495254:47:07.17 | Mem:0.00M, Peak:0.00M | Scene | Updating Images | Loading menu_chalk_line_5_ROUGHNESS
Fra:1 Mem:24.64M (Peak 33.81M) | Time:495254:47:07.18 | Mem:0.00M, Peak:0.00M | Scene | Synchronizing object | menu_chalk_line_5
Fra:1 Mem:24.64M (Peak 33.81M) | Time:495254:47:07.18 | Mem:0.00M, Peak:0.00M | Scene | Initializing
Fra:1 Mem:24.64M (Peak 33.81M) | Time:495254:47:07.18 | Mem:0.00M, Peak:0.00M | Scene | Updating Images | Loading menu_chalk_line_5_NORMAL
Fra:1 Mem:24.65M (Peak 33.85M) | Time:495254:47:07.20 | Mem:0.00M, Peak:0.00M | Scene | Synchronizing object | napkin_dispenser_metal
Fra:1 Mem:24.66M (Peak 33.85M) | Time:495254:47:07.20 | Mem:0.00M, Peak:0.00M | Scene | Initializing
Fra:1 Mem:24.65M (Peak 33.85M) | Time:495254:47:07.20 | Mem:0.00M, Peak:0.00M | Scene | Updating Images | Loading napkin_dispenser_metal_METAL
Fra:1 Mem:24.69M (Peak 33.87M) | Time:495254:47:07.21 | Mem:0.00M, Peak:0.00M | Scene | Synchronizing object | napkin_dispenser_metal
Fra:1 Mem:24.69M (Peak 33.87M) | Time:495254:47:07.21 | Mem:0.00M, Peak:0.00M | Scene | Initializing
Fra:1 Mem:24.69M (Peak 33.87M) | Time:495254:47:07.21 | Mem:0.00M, Peak:0.00M | Scene | Updating Images | Loading napkin_dispenser_metal_DIFFUSE
Fra:1 Mem:24.71M (Peak 33.90M) | Time:495254:47:07.22 | Mem:0.00M, Peak:0.00M | Scene | Synchronizing object | napkin_dispenser_metal
Fra:1 Mem:24.71M (Peak 33.90M) | Time:495254:47:07.22 | Mem:0.00M, Peak:0.00M | Scene | Initializing
Fra:1 Mem:24.71M (Peak 33.90M) | Time:495254:47:07.22 | Mem:0.00M, Peak:0.00M | Scene | Updating Images | Loading napkin_dispenser_metal_ROUGHNESS
Fra:1 Mem:24.73M (Peak 33.90M) | Time:495254:47:07.24 | Mem:0.00M, Peak:0.00M | Scene | Synchronizing object | napkin_dispenser_metal
Fra:1 Mem:24.73M (Peak 33.90M) | Time:495254:47:07.24 | Mem:0.00M, Peak:0.00M | Scene | Initializing
Fra:1 Mem:24.73M (Peak 33.90M) | Time:495254:47:07.24 | Mem:0.00M, Peak:0.00M | Scene | Updating Images | Loading napkin_dispenser_metal_NORMAL
Fra:1 Mem:24.74M (Peak 33.94M) | Time:495254:47:07.25 | Mem:0.00M, Peak:0.00M | Scene | Synchronizing object | notice_board_flyer_0
Fra:1 Mem:24.74M (Peak 33.94M) | Time:495254:47:07.25 | Mem:0.00M, Peak:0.00M | Scene | Initializing
Fra:1 Mem:24.73M (Peak 33.94M) | Time:495254:47:07.25 | Mem:0.00M, Peak:0.00M | Scene | Updating Images | Loading notice_board_flyer_0_DIFFUSE
Fra:1 Mem:24.76M (Peak 33.94M) | Time:495254:47:07.26 | Mem:0.00M, Peak:0.00M | Scene | Synchronizing object | notice_board_flyer_0
Fra:1 Mem:24.76M (Peak 33.94M) | Time:495254:47:07.26 | Mem:0.00M, Peak:0.00M | Scene | Initializing
Fra:1 Mem:24.76M (Peak 33.94M) | Time:495254:47:07.26 | Mem:0.00M, Peak:0.00M | Scene | Updating Images | Loading notice_board_flyer_0_ROUGHNESS
Fra:1 Mem:24.78M (Peak 33.94M) | Time:495254:47:07.27 | Mem:0.00M, Peak:0.00M | Scene | Synchronizing object | notice_board_flyer_0
Fra:1 Mem:24.78M (Peak 33.94M) | Time:495254:47:07.27 | Mem:0.00M, Peak:0.00M | Scene | Initializing
Fra:1 Mem:24.78M (Peak 33.94M) | Time:495254:47:07.27 | Mem:0.00M, Peak:0.00M | Scene | Updating Images | Loading notice_board_flyer_0_NORMAL
Fra:1 Mem:24.80M (Peak 33.99M) | Time:495254:47:07.29 | Mem:0.00M, Peak:0.00M | Scene | Synchronizing object | notice_board_flyer_1
Fra:1 Mem:24.80M (Peak 33.99M) | Time:495254:47:07.29 | Mem:0.00M, Peak:0.00M | Scene | Initializing
Fra:1 Mem:24.80M (Peak 33.99M) | Time:495254:47:07.29 | Mem:0.00M, Peak:0.00M | Scene | Updating Images | Loading notice_board_flyer_1_DIFFUSE
Fra:1 Mem:24.82M (Peak 34.01M) | Time:495254:47:07.30 | Mem:0.00M, Peak:0.00M | Scene | Synchronizing object | notice_board_flyer_1
Fra:1 Mem:24.82M (Peak 34.01M) | Time:495254:47:07.30 | Mem:0.00M, Peak:0.00M | Scene | Initializing
Fra:1 Mem:24.82M (Peak 34.01M) | Time:495254:47:07.30 | Mem:0.00M, Peak:0.00M | Scene | Updating Images | Loading notice_board_flyer_1_ROUGHNESS
Fra:1 Mem:24.85M (Peak 34.01M) | Time:495254:47:07.31 | Mem:0.00M, Peak:0.00M | Scene | Synchronizing object | notice_board_flyer_1
Fra:1 Mem:24.85M (Peak 34.01M) | Time:495254:47:07.31 | Mem:0.00M, Peak:0.00M | Scene | Initializing
Fra:1 Mem:24.84M (Peak 34.01M) | Time:495254:47:07.31 | Mem:0.00M, Peak:0.00M | Scene | Updating Images | Loading notice_board_flyer_1_NORMAL
Fra:1 Mem:24.86M (Peak 34.05M) | Time:495254:47:07.33 | Mem:0.00M, Peak:0.00M | Scene | Synchronizing object | notice_board_flyer_2
Fra:1 Mem:24.87M (Peak 34.05M) | Time:495254:47:07.33 | Mem:0.00M, Peak:0.00M | Scene | Initializing
Fra:1 Mem:24.86M (Peak 34.05M) | Time:495254:47:07.33 | Mem:0.00M, Peak:0.00M | Scene | Updating Images | Loading notice_board_flyer_2_DIFFUSE
Fra:1 Mem:24.89M (Peak 34.07M) | Time:495254:47:07.34 | Mem:0.00M, Peak:0.00M | Scene | Synchronizing object | notice_board_flyer_2
Fra:1 Mem:24.89M (Peak 34.07M) | Time:495254:47:07.34 | Mem:0.00M, Peak:0.00M | Scene | Initializing
Fra:1 Mem:24.88M (Peak 34.07M) | Time:495254:47:07.34 | Mem:0.00M, Peak:0.00M | Scene | Updating Images | Loading notice_board_flyer_2_ROUGHNESS
Fra:1 Mem:24.91M (Peak 34.07M) | Time:495254:47:07.35 | Mem:0.00M, Peak:0.00M | Scene | Synchronizing object | notice_board_flyer_2
Fra:1 Mem:24.91M (Peak 34.07M) | Time:495254:47:07.35 | Mem:0.00M, Peak:0.00M | Scene | Initializing
Fra:1 Mem:24.91M (Peak 34.07M) | Time:495254:47:07.35 | Mem:0.00M, Peak:0.00M | Scene | Updating Images | Loading notice_board_flyer_2_NORMAL
Fra:1 Mem:24.94M (Peak 34.12M) | Time:495254:47:07.37 | Mem:0.00M, Peak:0.00M | Scene | Synchronizing object | rear_glass_entry_door
Fra:1 Mem:24.95M (Peak 34.12M) | Time:495254:47:07.37 | Mem:0.00M, Peak:0.00M | Scene | Initializing
Fra:1 Mem:24.94M (Peak 34.12M) | Time:495254:47:07.37 | Mem:0.00M, Peak:0.00M | Scene | Updating Images | Loading rear_glass_entry_door_TRANSMISSION
Fra:1 Mem:24.96M (Peak 34.16M) | Time:495254:47:07.38 | Mem:0.00M, Peak:0.00M | Scene | Synchronizing object | rear_glass_entry_door
Fra:1 Mem:24.97M (Peak 34.16M) | Time:495254:47:07.38 | Mem:0.00M, Peak:0.00M | Scene | Initializing
Fra:1 Mem:24.97M (Peak 34.16M) | Time:495254:47:07.38 | Mem:0.00M, Peak:0.00M | Scene | Updating Images | Loading rear_glass_entry_door_DIFFUSE
Fra:1 Mem:24.98M (Peak 34.19M) | Time:495254:47:07.39 | Mem:0.00M, Peak:0.00M | Scene | Synchronizing object | rear_glass_entry_door
Fra:1 Mem:24.99M (Peak 34.19M) | Time:495254:47:07.39 | Mem:0.00M, Peak:0.00M | Scene | Initializing
Fra:1 Mem:24.99M (Peak 34.19M) | Time:495254:47:07.39 | Mem:0.00M, Peak:0.00M | Scene | Updating Images | Loading rear_glass_entry_door_ROUGHNESS
Fra:1 Mem:25.00M (Peak 34.19M) | Time:495254:47:07.40 | Mem:0.00M, Peak:0.00M | Scene | Synchronizing object | rear_glass_entry_door
Fra:1 Mem:25.02M (Peak 34.19M) | Time:495254:47:07.41 | Mem:0.00M, Peak:0.00M | Scene | Initializing
Fra:1 Mem:25.01M (Peak 34.19M) | Time:495254:47:07.41 | Mem:0.00M, Peak:0.00M | Scene | Updating Images | Loading rear_glass_entry_door_NORMAL
Fra:1 Mem:25.00M (Peak 34.24M) | Time:495254:47:07.43 | Mem:0.00M, Peak:0.00M | Scene | Synchronizing object | rectangular_led_panel_0
Fra:1 Mem:25.00M (Peak 34.24M) | Time:495254:47:07.43 | Mem:0.00M, Peak:0.00M | Scene | Initializing
Fra:1 Mem:25.00M (Peak 34.24M) | Time:495254:47:07.43 | Mem:0.00M, Peak:0.00M | Scene | Updating Images | Loading rectangular_led_panel_0_DIFFUSE
Fra:1 Mem:25.02M (Peak 34.24M) | Time:495254:47:07.44 | Mem:0.00M, Peak:0.00M | Scene | Synchronizing object | rectangular_led_panel_0
Fra:1 Mem:25.02M (Peak 34.24M) | Time:495254:47:07.44 | Mem:0.00M, Peak:0.00M | Scene | Initializing
Fra:1 Mem:25.02M (Peak 34.24M) | Time:495254:47:07.44 | Mem:0.00M, Peak:0.00M | Scene | Updating Images | Loading rectangular_led_panel_0_ROUGHNESS
Info: Baking map saved to internal image, save it externally or pack it
Info: Baking map saved to internal image, save it externally or pack it
Info: Baking map saved to internal image, save it externally or pack it
Info: Baking map saved to internal image, save it externally or pack it
Info: Baking map saved to internal image, save it externally or pack it
Info: Baking map saved to internal image, save it externally or pack it
Info: Baking map saved to internal image, save it externally or pack it
Info: Baking map saved to internal image, save it externally or pack it
Info: Baking map saved to internal image, save it externally or pack it
Info: Baking map saved to internal image, save it externally or pack it
Info: Baking map saved to internal image, save it externally or pack it
Info: Baking map saved to internal image, save it externally or pack it
Info: Baking map saved to internal image, save it externally or pack it
Info: Baking map saved to internal image, save it externally or pack it
Info: Baking map saved to internal image, save it externally or pack it
Info: Baking map saved to internal image, save it externally or pack it
Info: Baking map saved to internal image, save it externally or pack it
Info: Baking map saved to internal image, save it externally or pack it
Info: Baking map saved to internal image, save it externally or pack it
Info: Baking map saved to internal image, save it externally or pack it
Info: Baking map saved to internal image, save it externally or pack it
Info: Baking map saved to internal image, save it externally or pack it
Info: Baking map saved to internal image, save it externally or pack it
Info: Baking map saved to internal image, save it externally or pack it
Info: Baking map saved to internal image, save it externally or pack it
Info: Baking map saved to internal image, save it externally or pack it
Info: Baking map saved to internal image, save it externally or pack it
Info: Baking map saved to internal image, save it externally or pack it
Info: Baking map saved to internal image, save it externally or pack it
Info: Baking map saved to internal image, save it externally or pack it
Info: Baking map saved to internal image, save it externally or pack it
Info: Baking map saved to internal image, save it externally or pack it
Info: Baking map saved to internal image, save it externally or pack it
Info: Baking map saved to internal image, save it externally or pack it
Info: Baking map saved to internal image, save it externally or pack it
Info: Baking map saved to internal image, save it externally or pack it
Info: Baking map saved to internal image, save it externally or pack it
Info: Baking map saved to internal image, save it externally or pack it
Info: Baking map saved to internal image, save it externally or pack it
Info: Baking map saved to internal image, save it externally or pack it
Info: Baking map saved to internal image, save it externally or pack it
Info: Baking map saved to internal image, save it externally or pack it
Info: Baking map saved to internal image, save it externally or pack it
Info: Baking map saved to internal image, save it externally or pack it
Info: Baking map saved to internal image, save it externally or pack it
Info: Baking map saved to internal image, save it externally or pack it
Info: Baking map saved to internal image, save it externally or pack it
Info: Baking map saved to internal image, save it externally or pack it
Info: Baking map saved to internal image, save it externally or pack it
Info: Baking map saved to internal image, save it externally or pack it
Info: Baking map saved to internal image, save it externally or pack it
Info: Baking map saved to internal image, save it externally or pack it
Info: Baking map saved to internal image, save it externally or pack it
Info: Baking map saved to internal image, save it externally or pack it
Info: Baking map saved to internal image, save it externally or pack it
Info: Baking map saved to internal image, save it externally or pack it
Info: Baking map saved to internal image, save it externally or pack it
Info: Baking map saved to internal image, save it externally or pack it
Info: Baking map saved to internal image, save it externally or pack it
Info: Baking map saved to internal image, save it externally or pack it
Info: Baking map saved to internal image, save it externally or pack it
Info: Baking map saved to internal image, save it externally or pack it
Info: Baking map saved to internal image, save it externally or pack it
Info: Baking map saved to internal image, save it externally or pack it
Info: Baking map saved to internal image, save it externally or pack it
Info: Baking map saved to internal image, save it externally or pack it
Info: Baking map saved to internal image, save it externally or pack it
Info: Baking map saved to internal image, save it externally or pack it
Info: Baking map saved to internal image, save it externally or pack it
Info: Baking map saved to internal image, save it externally or pack it
Info: Baking map saved to internal image, save it externally or pack it
Info: Baking map saved to internal image, save it externally or pack it
Info: Baking map saved to internal image, save it externally or pack it
Info: Baking map saved to internal image, save it externally or pack it
Info: Baking map saved to internal image, save it externally or pack it
Info: Baking map saved to internal image, save it externally or pack it
Info: Baking map saved to internal image, save it externally or pack it
Info: Baking map saved to internal image, save it externally or pack it
Info: Baking map saved to internal image, save it externally or pack it
Info: Baking map saved to internal image, save it externally or pack it
Info: Baking map saved to internal image, save it externally or pack it
Info: Baking map saved to internal image, save it externally or pack it
Info: Baking map saved to internal image, save it externally or pack it
Info: Baking map saved to internal image, save it externally or pack it
Info: Baking map saved to internal image, save it externally or pack it
Info: Baking map saved to internal image, save it externally or pack it
Info: Baking map saved to internal image, save it externally or pack it
Info: Baking map saved to internal image, save it externally or pack it
Info: Baking map saved to internal image, save it externally or pack it
Info: Baking map saved to internal image, save it externally or pack it
Info: Baking map saved to internal image, save it externally or pack it
Info: Baking map saved to internal image, save it externally or pack it
Info: Baking map saved to internal image, save it externally or pack it
Info: Baking map saved to internal image, save it externally or pack it
Info: Baking map saved to internal image, save it externally or pack it
Info: Baking map saved to internal image, save it externally or pack it
Info: Baking map saved to internal image, save it externally or pack it
Info: Baking map saved to internal image, save it externally or pack it
Info: Baking map saved to internal image, save it externally or pack it
Info: Baking map saved to internal image, save it externally or pack it
Info: Baking map saved to internal image, save it externally or pack it
Info: Baking map saved to internal image, save it externally or pack it
Info: Baking map saved to internal image, save it externally or pack it
Info: Baking map saved to internal image, save it externally or pack it
Info: Baking map saved to internal image, save it externally or pack it
Info: Baking map saved to internal image, save it externally or pack it
Info: Baking map saved to internal image, save it externally or pack it
Info: Baking map saved to internal image, save it externally or pack it
Info: Baking map saved to internal image, save it externally or pack it
Info: Baking map saved to internal image, save it externally or pack it
Info: Baking map saved to internal image, save it externally or pack it
Info: Baking map saved to internal image, save it externally or pack it
Info: Baking map saved to internal image, save it externally or pack it
Info: Baking map saved to internal image, save it externally or pack it
Fra:1 Mem:25.05M (Peak 34.24M) | Time:495254:47:07.45 | Mem:0.00M, Peak:0.00M | Scene | Synchronizing object | rectangular_led_panel_0
Fra:1 Mem:25.05M (Peak 34.24M) | Time:495254:47:07.45 | Mem:0.00M, Peak:0.00M | Scene | Initializing
Fra:1 Mem:25.04M (Peak 34.24M) | Time:495254:47:07.45 | Mem:0.00M, Peak:0.00M | Scene | Updating Images | Loading rectangular_led_panel_0_NORMAL
Fra:1 Mem:25.06M (Peak 34.25M) | Time:495254:47:07.47 | Mem:0.00M, Peak:0.00M | Scene | Synchronizing object | rectangular_led_panel_1
Fra:1 Mem:25.07M (Peak 34.25M) | Time:495254:47:07.47 | Mem:0.00M, Peak:0.00M | Scene | Initializing
Fra:1 Mem:25.06M (Peak 34.25M) | Time:495254:47:07.47 | Mem:0.00M, Peak:0.00M | Scene | Updating Images | Loading rectangular_led_panel_1_DIFFUSE
Fra:1 Mem:25.09M (Peak 34.27M) | Time:495254:47:07.48 | Mem:0.00M, Peak:0.00M | Scene | Synchronizing object | rectangular_led_panel_1
Fra:1 Mem:25.09M (Peak 34.27M) | Time:495254:47:07.48 | Mem:0.00M, Peak:0.00M | Scene | Initializing
Fra:1 Mem:25.08M (Peak 34.27M) | Time:495254:47:07.48 | Mem:0.00M, Peak:0.00M | Scene | Updating Images | Loading rectangular_led_panel_1_ROUGHNESS
Fra:1 Mem:25.11M (Peak 34.27M) | Time:495254:47:07.49 | Mem:0.00M, Peak:0.00M | Scene | Synchronizing object | rectangular_led_panel_1
Fra:1 Mem:25.11M (Peak 34.27M) | Time:495254:47:07.49 | Mem:0.00M, Peak:0.00M | Scene | Initializing
Fra:1 Mem:25.11M (Peak 34.27M) | Time:495254:47:07.49 | Mem:0.00M, Peak:0.00M | Scene | Updating Images | Loading rectangular_led_panel_1_NORMAL
Fra:1 Mem:25.13M (Peak 34.32M) | Time:495254:47:07.50 | Mem:0.00M, Peak:0.00M | Scene | Synchronizing object | rectangular_led_panel_2
Fra:1 Mem:25.13M (Peak 34.32M) | Time:495254:47:07.50 | Mem:0.00M, Peak:0.00M | Scene | Initializing
Fra:1 Mem:25.13M (Peak 34.32M) | Time:495254:47:07.50 | Mem:0.00M, Peak:0.00M | Scene | Updating Images | Loading rectangular_led_panel_2_DIFFUSE
Fra:1 Mem:25.15M (Peak 34.34M) | Time:495254:47:07.52 | Mem:0.00M, Peak:0.00M | Scene | Synchronizing object | rectangular_led_panel_2
Fra:1 Mem:25.15M (Peak 34.34M) | Time:495254:47:07.52 | Mem:0.00M, Peak:0.00M | Scene | Initializing
Fra:1 Mem:25.15M (Peak 34.34M) | Time:495254:47:07.52 | Mem:0.00M, Peak:0.00M | Scene | Updating Images | Loading rectangular_led_panel_2_ROUGHNESS
Fra:1 Mem:25.17M (Peak 34.34M) | Time:495254:47:07.53 | Mem:0.00M, Peak:0.00M | Scene | Synchronizing object | rectangular_led_panel_2
Fra:1 Mem:25.18M (Peak 34.34M) | Time:495254:47:07.53 | Mem:0.00M, Peak:0.00M | Scene | Initializing
Fra:1 Mem:25.17M (Peak 34.34M) | Time:495254:47:07.53 | Mem:0.00M, Peak:0.00M | Scene | Updating Images | Loading rectangular_led_panel_2_NORMAL
Fra:1 Mem:25.19M (Peak 34.38M) | Time:495254:47:07.54 | Mem:0.00M, Peak:0.00M | Scene | Synchronizing object | rectangular_led_panel_3
Fra:1 Mem:25.19M (Peak 34.38M) | Time:495254:47:07.54 | Mem:0.00M, Peak:0.00M | Scene | Initializing
Fra:1 Mem:25.19M (Peak 34.38M) | Time:495254:47:07.54 | Mem:0.00M, Peak:0.00M | Scene | Updating Images | Loading rectangular_led_panel_3_DIFFUSE
Fra:1 Mem:25.22M (Peak 34.40M) | Time:495254:47:07.56 | Mem:0.00M, Peak:0.00M | Scene | Synchronizing object | rectangular_led_panel_3
Fra:1 Mem:25.22M (Peak 34.40M) | Time:495254:47:07.56 | Mem:0.00M, Peak:0.00M | Scene | Initializing
Fra:1 Mem:25.21M (Peak 34.40M) | Time:495254:47:07.56 | Mem:0.00M, Peak:0.00M | Scene | Updating Images | Loading rectangular_led_panel_3_ROUGHNESS
Fra:1 Mem:25.24M (Peak 34.40M) | Time:495254:47:07.57 | Mem:0.00M, Peak:0.00M | Scene | Synchronizing object | rectangular_led_panel_3
Fra:1 Mem:25.24M (Peak 34.40M) | Time:495254:47:07.57 | Mem:0.00M, Peak:0.00M | Scene | Initializing
Fra:1 Mem:25.24M (Peak 34.40M) | Time:495254:47:07.57 | Mem:0.00M, Peak:0.00M | Scene | Updating Images | Loading rectangular_led_panel_3_NORMAL
Fra:1 Mem:25.26M (Peak 34.45M) | Time:495254:47:07.58 | Mem:0.00M, Peak:0.00M | Scene | Synchronizing object | right_wall_window_glass_0
Fra:1 Mem:25.26M (Peak 34.45M) | Time:495254:47:07.58 | Mem:0.00M, Peak:0.00M | Scene | Initializing
Fra:1 Mem:25.25M (Peak 34.45M) | Time:495254:47:07.58 | Mem:0.00M, Peak:0.00M | Scene | Updating Images | Loading right_wall_window_glass_0_TRANSMISSION
Fra:1 Mem:25.28M (Peak 34.47M) | Time:495254:47:07.59 | Mem:0.00M, Peak:0.00M | Scene | Synchronizing object | right_wall_window_glass_0
Fra:1 Mem:25.28M (Peak 34.47M) | Time:495254:47:07.59 | Mem:0.00M, Peak:0.00M | Scene | Initializing
Fra:1 Mem:25.28M (Peak 34.47M) | Time:495254:47:07.59 | Mem:0.00M, Peak:0.00M | Scene | Updating Images | Loading right_wall_window_glass_0_DIFFUSE
Fra:1 Mem:25.30M (Peak 34.49M) | Time:495254:47:07.61 | Mem:0.00M, Peak:0.00M | Scene | Synchronizing object | right_wall_window_glass_0
Fra:1 Mem:25.30M (Peak 34.49M) | Time:495254:47:07.61 | Mem:0.00M, Peak:0.00M | Scene | Initializing
Fra:1 Mem:25.30M (Peak 34.49M) | Time:495254:47:07.61 | Mem:0.00M, Peak:0.00M | Scene | Updating Images | Loading right_wall_window_glass_0_ROUGHNESS
Fra:1 Mem:25.32M (Peak 34.49M) | Time:495254:47:07.62 | Mem:0.00M, Peak:0.00M | Scene | Synchronizing object | right_wall_window_glass_0
Fra:1 Mem:25.33M (Peak 34.49M) | Time:495254:47:07.62 | Mem:0.00M, Peak:0.00M | Scene | Initializing
Fra:1 Mem:25.32M (Peak 34.49M) | Time:495254:47:07.62 | Mem:0.00M, Peak:0.00M | Scene | Updating Images | Loading right_wall_window_glass_0_NORMAL
Fra:1 Mem:25.33M (Peak 34.53M) | Time:495254:47:07.63 | Mem:0.00M, Peak:0.00M | Scene | Synchronizing object | right_wall_window_glass_1
Fra:1 Mem:25.33M (Peak 34.53M) | Time:495254:47:07.63 | Mem:0.00M, Peak:0.00M | Scene | Initializing
Fra:1 Mem:25.33M (Peak 34.53M) | Time:495254:47:07.63 | Mem:0.00M, Peak:0.00M | Scene | Updating Images | Loading right_wall_window_glass_1_TRANSMISSION
Fra:1 Mem:25.35M (Peak 34.54M) | Time:495254:47:07.64 | Mem:0.00M, Peak:0.00M | Scene | Synchronizing object | right_wall_window_glass_1
Fra:1 Mem:25.35M (Peak 34.54M) | Time:495254:47:07.64 | Mem:0.00M, Peak:0.00M | Scene | Initializing
Fra:1 Mem:25.35M (Peak 34.54M) | Time:495254:47:07.64 | Mem:0.00M, Peak:0.00M | Scene | Updating Images | Loading right_wall_window_glass_1_DIFFUSE
Fra:1 Mem:25.37M (Peak 34.56M) | Time:495254:47:07.66 | Mem:0.00M, Peak:0.00M | Scene | Synchronizing object | right_wall_window_glass_1
Fra:1 Mem:25.37M (Peak 34.56M) | Time:495254:47:07.66 | Mem:0.00M, Peak:0.00M | Scene | Initializing
Fra:1 Mem:25.37M (Peak 34.56M) | Time:495254:47:07.66 | Mem:0.00M, Peak:0.00M | Scene | Updating Images | Loading right_wall_window_glass_1_ROUGHNESS
Fra:1 Mem:25.40M (Peak 34.56M) | Time:495254:47:07.67 | Mem:0.00M, Peak:0.00M | Scene | Synchronizing object | right_wall_window_glass_1
Fra:1 Mem:25.40M (Peak 34.56M) | Time:495254:47:07.67 | Mem:0.00M, Peak:0.00M | Scene | Initializing
Fra:1 Mem:25.39M (Peak 34.56M) | Time:495254:47:07.67 | Mem:0.00M, Peak:0.00M | Scene | Updating Images | Loading right_wall_window_glass_1_NORMAL
Fra:1 Mem:25.40M (Peak 34.61M) | Time:495254:47:07.68 | Mem:0.00M, Peak:0.00M | Scene | Synchronizing object | right_wall_window_glass_2
Fra:1 Mem:25.40M (Peak 34.61M) | Time:495254:47:07.68 | Mem:0.00M, Peak:0.00M | Scene | Initializing
Fra:1 Mem:25.40M (Peak 34.61M) | Time:495254:47:07.68 | Mem:0.00M, Peak:0.00M | Scene | Updating Images | Loading right_wall_window_glass_2_TRANSMISSION
Fra:1 Mem:25.42M (Peak 34.61M) | Time:495254:47:07.70 | Mem:0.00M, Peak:0.00M | Scene | Synchronizing object | right_wall_window_glass_2
Fra:1 Mem:25.42M (Peak 34.61M) | Time:495254:47:07.70 | Mem:0.00M, Peak:0.00M | Scene | Initializing
Fra:1 Mem:25.42M (Peak 34.61M) | Time:495254:47:07.70 | Mem:0.00M, Peak:0.00M | Scene | Updating Images | Loading right_wall_window_glass_2_DIFFUSE
Fra:1 Mem:25.45M (Peak 34.63M) | Time:495254:47:07.71 | Mem:0.00M, Peak:0.00M | Scene | Synchronizing object | right_wall_window_glass_2
Fra:1 Mem:25.45M (Peak 34.63M) | Time:495254:47:07.71 | Mem:0.00M, Peak:0.00M | Scene | Initializing
Fra:1 Mem:25.44M (Peak 34.63M) | Time:495254:47:07.71 | Mem:0.00M, Peak:0.00M | Scene | Updating Images | Loading right_wall_window_glass_2_ROUGHNESS
Fra:1 Mem:25.47M (Peak 34.63M) | Time:495254:47:07.72 | Mem:0.00M, Peak:0.00M | Scene | Synchronizing object | right_wall_window_glass_2
Fra:1 Mem:25.47M (Peak 34.63M) | Time:495254:47:07.72 | Mem:0.00M, Peak:0.00M | Scene | Initializing
Fra:1 Mem:25.46M (Peak 34.63M) | Time:495254:47:07.72 | Mem:0.00M, Peak:0.00M | Scene | Updating Images | Loading right_wall_window_glass_2_NORMAL
Fra:1 Mem:25.47M (Peak 34.68M) | Time:495254:47:07.73 | Mem:0.00M, Peak:0.00M | Scene | Synchronizing object | right_wall_window_glass_3
Fra:1 Mem:25.47M (Peak 34.68M) | Time:495254:47:07.73 | Mem:0.00M, Peak:0.00M | Scene | Initializing
Fra:1 Mem:25.47M (Peak 34.68M) | Time:495254:47:07.73 | Mem:0.00M, Peak:0.00M | Scene | Updating Images | Loading right_wall_window_glass_3_TRANSMISSION
Fra:1 Mem:25.50M (Peak 34.68M) | Time:495254:47:07.75 | Mem:0.00M, Peak:0.00M | Scene | Synchronizing object | right_wall_window_glass_3
Fra:1 Mem:25.50M (Peak 34.68M) | Time:495254:47:07.75 | Mem:0.00M, Peak:0.00M | Scene | Initializing
Fra:1 Mem:25.49M (Peak 34.68M) | Time:495254:47:07.75 | Mem:0.00M, Peak:0.00M | Scene | Updating Images | Loading right_wall_window_glass_3_DIFFUSE
Fra:1 Mem:25.52M (Peak 34.70M) | Time:495254:47:07.76 | Mem:0.00M, Peak:0.00M | Scene | Synchronizing object | right_wall_window_glass_3
Fra:1 Mem:25.52M (Peak 34.70M) | Time:495254:47:07.76 | Mem:0.00M, Peak:0.00M | Scene | Initializing
Fra:1 Mem:25.51M (Peak 34.70M) | Time:495254:47:07.76 | Mem:0.00M, Peak:0.00M | Scene | Updating Images | Loading right_wall_window_glass_3_ROUGHNESS
Fra:1 Mem:25.54M (Peak 34.70M) | Time:495254:47:07.77 | Mem:0.00M, Peak:0.00M | Scene | Synchronizing object | right_wall_window_glass_3
Fra:1 Mem:25.54M (Peak 34.70M) | Time:495254:47:07.77 | Mem:0.00M, Peak:0.00M | Scene | Initializing
Fra:1 Mem:25.54M (Peak 34.70M) | Time:495254:47:07.77 | Mem:0.00M, Peak:0.00M | Scene | Updating Images | Loading right_wall_window_glass_3_NORMAL
Fra:1 Mem:25.54M (Peak 34.75M) | Time:495254:47:07.78 | Mem:0.00M, Peak:0.00M | Scene | Synchronizing object | right_window_frame_0_bottom
Fra:1 Mem:25.54M (Peak 34.75M) | Time:495254:47:07.78 | Mem:0.00M, Peak:0.00M | Scene | Initializing
Fra:1 Mem:25.53M (Peak 34.75M) | Time:495254:47:07.78 | Mem:0.00M, Peak:0.00M | Scene | Updating Images | Loading right_window_frame_0_bottom_METAL
Fra:1 Mem:25.70M (Peak 34.75M) | Time:495254:47:07.79 | Mem:0.00M, Peak:0.00M | Scene | Synchronizing object | right_window_frame_0_bottom
Fra:1 Mem:25.70M (Peak 34.75M) | Time:495254:47:07.79 | Mem:0.00M, Peak:0.00M | Scene | Initializing
Fra:1 Mem:25.69M (Peak 34.75M) | Time:495254:47:07.79 | Mem:0.00M, Peak:0.00M | Scene | Updating Images | Loading right_window_frame_0_bottom_DIFFUSE
Fra:1 Mem:25.72M (Peak 34.91M) | Time:495254:47:07.81 | Mem:0.00M, Peak:0.00M | Scene | Synchronizing object | right_window_frame_0_bottom
Fra:1 Mem:25.72M (Peak 34.91M) | Time:495254:47:07.81 | Mem:0.00M, Peak:0.00M | Scene | Initializing
Fra:1 Mem:25.71M (Peak 34.91M) | Time:495254:47:07.81 | Mem:0.00M, Peak:0.00M | Scene | Updating Images | Loading right_window_frame_0_bottom_ROUGHNESS
Fra:1 Mem:25.74M (Peak 34.91M) | Time:495254:47:07.82 | Mem:0.00M, Peak:0.00M | Scene | Synchronizing object | right_window_frame_0_bottom
Fra:1 Mem:25.74M (Peak 34.91M) | Time:495254:47:07.82 | Mem:0.00M, Peak:0.00M | Scene | Initializing
Fra:1 Mem:25.74M (Peak 34.91M) | Time:495254:47:07.82 | Mem:0.00M, Peak:0.00M | Scene | Updating Images | Loading right_window_frame_0_bottom_NORMAL
Fra:1 Mem:25.74M (Peak 34.95M) | Time:495254:47:07.83 | Mem:0.00M, Peak:0.00M | Scene | Synchronizing object | right_window_frame_0_center
Fra:1 Mem:25.74M (Peak 34.95M) | Time:495254:47:07.83 | Mem:0.00M, Peak:0.00M | Scene | Initializing
Fra:1 Mem:25.73M (Peak 34.95M) | Time:495254:47:07.83 | Mem:0.00M, Peak:0.00M | Scene | Updating Images | Loading right_window_frame_0_center_METAL
Fra:1 Mem:25.77M (Peak 34.95M) | Time:495254:47:07.84 | Mem:0.00M, Peak:0.00M | Scene | Synchronizing object | right_window_frame_0_center
Fra:1 Mem:25.77M (Peak 34.95M) | Time:495254:47:07.84 | Mem:0.00M, Peak:0.00M | Scene | Initializing
Fra:1 Mem:25.76M (Peak 34.95M) | Time:495254:47:07.84 | Mem:0.00M, Peak:0.00M | Scene | Updating Images | Loading right_window_frame_0_center_DIFFUSE
Fra:1 Mem:25.79M (Peak 34.98M) | Time:495254:47:07.85 | Mem:0.00M, Peak:0.00M | Scene | Synchronizing object | right_window_frame_0_center
Fra:1 Mem:25.79M (Peak 34.98M) | Time:495254:47:07.85 | Mem:0.00M, Peak:0.00M | Scene | Initializing
Fra:1 Mem:25.79M (Peak 34.98M) | Time:495254:47:07.85 | Mem:0.00M, Peak:0.00M | Scene | Updating Images | Loading right_window_frame_0_center_ROUGHNESS
Fra:1 Mem:25.81M (Peak 34.98M) | Time:495254:47:07.86 | Mem:0.00M, Peak:0.00M | Scene | Synchronizing object | right_window_frame_0_center
Fra:1 Mem:25.81M (Peak 34.98M) | Time:495254:47:07.86 | Mem:0.00M, Peak:0.00M | Scene | Initializing
Fra:1 Mem:25.81M (Peak 34.98M) | Time:495254:47:07.86 | Mem:0.00M, Peak:0.00M | Scene | Updating Images | Loading right_window_frame_0_center_NORMAL
Fra:1 Mem:25.81M (Peak 35.02M) | Time:495254:47:07.88 | Mem:0.00M, Peak:0.00M | Scene | Synchronizing object | right_window_frame_0_top
Fra:1 Mem:25.81M (Peak 35.02M) | Time:495254:47:07.88 | Mem:0.00M, Peak:0.00M | Scene | Initializing
Fra:1 Mem:25.80M (Peak 35.02M) | Time:495254:47:07.88 | Mem:0.00M, Peak:0.00M | Scene | Updating Images | Loading right_window_frame_0_top_METAL
Fra:1 Mem:25.84M (Peak 35.02M) | Time:495254:47:07.89 | Mem:0.00M, Peak:0.00M | Scene | Synchronizing object | right_window_frame_0_top
Fra:1 Mem:25.84M (Peak 35.02M) | Time:495254:47:07.89 | Mem:0.00M, Peak:0.00M | Scene | Initializing
Fra:1 Mem:25.84M (Peak 35.02M) | Time:495254:47:07.89 | Mem:0.00M, Peak:0.00M | Scene | Updating Images | Loading right_window_frame_0_top_DIFFUSE
Fra:1 Mem:25.86M (Peak 35.05M) | Time:495254:47:07.90 | Mem:0.00M, Peak:0.00M | Scene | Synchronizing object | right_window_frame_0_top
Fra:1 Mem:25.86M (Peak 35.05M) | Time:495254:47:07.90 | Mem:0.00M, Peak:0.00M | Scene | Initializing
Fra:1 Mem:25.86M (Peak 35.05M) | Time:495254:47:07.90 | Mem:0.00M, Peak:0.00M | Scene | Updating Images | Loading right_window_frame_0_top_ROUGHNESS
Fra:1 Mem:25.88M (Peak 35.05M) | Time:495254:47:07.91 | Mem:0.00M, Peak:0.00M | Scene | Synchronizing object | right_window_frame_0_top
Fra:1 Mem:25.88M (Peak 35.05M) | Time:495254:47:07.91 | Mem:0.00M, Peak:0.00M | Scene | Initializing
Fra:1 Mem:25.88M (Peak 35.05M) | Time:495254:47:07.91 | Mem:0.00M, Peak:0.00M | Scene | Updating Images | Loading right_window_frame_0_top_NORMAL
Fra:1 Mem:25.88M (Peak 35.09M) | Time:495254:47:07.92 | Mem:0.00M, Peak:0.00M | Scene | Synchronizing object | right_window_frame_1_bottom
Fra:1 Mem:25.88M (Peak 35.09M) | Time:495254:47:07.92 | Mem:0.00M, Peak:0.00M | Scene | Initializing
Fra:1 Mem:25.88M (Peak 35.09M) | Time:495254:47:07.92 | Mem:0.00M, Peak:0.00M | Scene | Updating Images | Loading right_window_frame_1_bottom_METAL
Fra:1 Mem:25.91M (Peak 35.09M) | Time:495254:47:07.93 | Mem:0.00M, Peak:0.00M | Scene | Synchronizing object | right_window_frame_1_bottom
Fra:1 Mem:25.91M (Peak 35.09M) | Time:495254:47:07.93 | Mem:0.00M, Peak:0.00M | Scene | Initializing
Fra:1 Mem:25.91M (Peak 35.09M) | Time:495254:47:07.93 | Mem:0.00M, Peak:0.00M | Scene | Updating Images | Loading right_window_frame_1_bottom_DIFFUSE
Fra:1 Mem:25.93M (Peak 35.12M) | Time:495254:47:07.95 | Mem:0.00M, Peak:0.00M | Scene | Synchronizing object | right_window_frame_1_bottom
Fra:1 Mem:25.93M (Peak 35.12M) | Time:495254:47:07.95 | Mem:0.00M, Peak:0.00M | Scene | Initializing
Fra:1 Mem:25.93M (Peak 35.12M) | Time:495254:47:07.95 | Mem:0.00M, Peak:0.00M | Scene | Updating Images | Loading right_window_frame_1_bottom_ROUGHNESS
Fra:1 Mem:25.95M (Peak 35.12M) | Time:495254:47:07.96 | Mem:0.00M, Peak:0.00M | Scene | Synchronizing object | right_window_frame_1_bottom
Fra:1 Mem:25.95M (Peak 35.12M) | Time:495254:47:07.96 | Mem:0.00M, Peak:0.00M | Scene | Initializing
Fra:1 Mem:25.95M (Peak 35.12M) | Time:495254:47:07.96 | Mem:0.00M, Peak:0.00M | Scene | Updating Images | Loading right_window_frame_1_bottom_NORMAL
Fra:1 Mem:25.95M (Peak 35.16M) | Time:495254:47:07.97 | Mem:0.00M, Peak:0.00M | Scene | Synchronizing object | right_window_frame_1_center
Fra:1 Mem:25.95M (Peak 35.16M) | Time:495254:47:07.97 | Mem:0.00M, Peak:0.00M | Scene | Initializing
Fra:1 Mem:25.95M (Peak 35.16M) | Time:495254:47:07.97 | Mem:0.00M, Peak:0.00M | Scene | Updating Images | Loading right_window_frame_1_center_METAL
Fra:1 Mem:25.98M (Peak 35.16M) | Time:495254:47:07.98 | Mem:0.00M, Peak:0.00M | Scene | Synchronizing object | right_window_frame_1_center
Fra:1 Mem:25.98M (Peak 35.16M) | Time:495254:47:07.98 | Mem:0.00M, Peak:0.00M | Scene | Initializing
Fra:1 Mem:25.98M (Peak 35.16M) | Time:495254:47:07.98 | Mem:0.00M, Peak:0.00M | Scene | Updating Images | Loading right_window_frame_1_center_DIFFUSE
Fra:1 Mem:26.00M (Peak 35.19M) | Time:495254:47:07.99 | Mem:0.00M, Peak:0.00M | Scene | Synchronizing object | right_window_frame_1_center
Fra:1 Mem:26.00M (Peak 35.19M) | Time:495254:47:07.99 | Mem:0.00M, Peak:0.00M | Scene | Initializing
Fra:1 Mem:26.00M (Peak 35.19M) | Time:495254:47:07.99 | Mem:0.00M, Peak:0.00M | Scene | Updating Images | Loading right_window_frame_1_center_ROUGHNESS
Fra:1 Mem:26.03M (Peak 35.19M) | Time:495254:47:08.00 | Mem:0.00M, Peak:0.00M | Scene | Synchronizing object | right_window_frame_1_center
Fra:1 Mem:26.03M (Peak 35.19M) | Time:495254:47:08.00 | Mem:0.00M, Peak:0.00M | Scene | Initializing
Fra:1 Mem:26.02M (Peak 35.19M) | Time:495254:47:08.00 | Mem:0.00M, Peak:0.00M | Scene | Updating Images | Loading right_window_frame_1_center_NORMAL
Fra:1 Mem:26.02M (Peak 35.23M) | Time:495254:47:08.02 | Mem:0.00M, Peak:0.00M | Scene | Synchronizing object | right_window_frame_1_top
Fra:1 Mem:26.02M (Peak 35.23M) | Time:495254:47:08.02 | Mem:0.00M, Peak:0.00M | Scene | Initializing
Fra:1 Mem:26.02M (Peak 35.23M) | Time:495254:47:08.02 | Mem:0.00M, Peak:0.00M | Scene | Updating Images | Loading right_window_frame_1_top_METAL
Fra:1 Mem:26.05M (Peak 35.23M) | Time:495254:47:08.03 | Mem:0.00M, Peak:0.00M | Scene | Synchronizing object | right_window_frame_1_top
Fra:1 Mem:26.05M (Peak 35.23M) | Time:495254:47:08.03 | Mem:0.00M, Peak:0.00M | Scene | Initializing
Fra:1 Mem:26.05M (Peak 35.23M) | Time:495254:47:08.03 | Mem:0.00M, Peak:0.00M | Scene | Updating Images | Loading right_window_frame_1_top_DIFFUSE
Fra:1 Mem:26.07M (Peak 35.26M) | Time:495254:47:08.04 | Mem:0.00M, Peak:0.00M | Scene | Synchronizing object | right_window_frame_1_top
Fra:1 Mem:26.08M (Peak 35.26M) | Time:495254:47:08.04 | Mem:0.00M, Peak:0.00M | Scene | Initializing
Fra:1 Mem:26.07M (Peak 35.26M) | Time:495254:47:08.04 | Mem:0.00M, Peak:0.00M | Scene | Updating Images | Loading right_window_frame_1_top_ROUGHNESS
Fra:1 Mem:26.10M (Peak 35.26M) | Time:495254:47:08.05 | Mem:0.00M, Peak:0.00M | Scene | Synchronizing object | right_window_frame_1_top
Fra:1 Mem:26.10M (Peak 35.26M) | Time:495254:47:08.05 | Mem:0.00M, Peak:0.00M | Scene | Initializing
Fra:1 Mem:26.09M (Peak 35.26M) | Time:495254:47:08.05 | Mem:0.00M, Peak:0.00M | Scene | Updating Images | Loading right_window_frame_1_top_NORMAL
Fra:1 Mem:26.09M (Peak 35.31M) | Time:495254:47:08.06 | Mem:0.00M, Peak:0.00M | Scene | Synchronizing object | right_window_frame_2_bottom
Fra:1 Mem:26.09M (Peak 35.31M) | Time:495254:47:08.06 | Mem:0.00M, Peak:0.00M | Scene | Initializing
Fra:1 Mem:26.09M (Peak 35.31M) | Time:495254:47:08.06 | Mem:0.00M, Peak:0.00M | Scene | Updating Images | Loading right_window_frame_2_bottom_METAL
Fra:1 Mem:26.12M (Peak 35.31M) | Time:495254:47:08.07 | Mem:0.00M, Peak:0.00M | Scene | Synchronizing object | right_window_frame_2_bottom
Fra:1 Mem:26.12M (Peak 35.31M) | Time:495254:47:08.07 | Mem:0.00M, Peak:0.00M | Scene | Initializing
Fra:1 Mem:26.12M (Peak 35.31M) | Time:495254:47:08.07 | Mem:0.00M, Peak:0.00M | Scene | Updating Images | Loading right_window_frame_2_bottom_DIFFUSE
Fra:1 Mem:26.15M (Peak 35.33M) | Time:495254:47:08.09 | Mem:0.00M, Peak:0.00M | Scene | Synchronizing object | right_window_frame_2_bottom
Fra:1 Mem:26.15M (Peak 35.33M) | Time:495254:47:08.09 | Mem:0.00M, Peak:0.00M | Scene | Initializing
Fra:1 Mem:26.14M (Peak 35.33M) | Time:495254:47:08.09 | Mem:0.00M, Peak:0.00M | Scene | Updating Images | Loading right_window_frame_2_bottom_ROUGHNESS
Fra:1 Mem:26.17M (Peak 35.33M) | Time:495254:47:08.10 | Mem:0.00M, Peak:0.00M | Scene | Synchronizing object | right_window_frame_2_bottom
Fra:1 Mem:26.17M (Peak 35.33M) | Time:495254:47:08.10 | Mem:0.00M, Peak:0.00M | Scene | Initializing
Fra:1 Mem:26.16M (Peak 35.33M) | Time:495254:47:08.10 | Mem:0.00M, Peak:0.00M | Scene | Updating Images | Loading right_window_frame_2_bottom_NORMAL
Fra:1 Mem:26.16M (Peak 35.38M) | Time:495254:47:08.11 | Mem:0.00M, Peak:0.00M | Scene | Synchronizing object | right_window_frame_2_center
Fra:1 Mem:26.17M (Peak 35.38M) | Time:495254:47:08.11 | Mem:0.00M, Peak:0.00M | Scene | Initializing
Fra:1 Mem:26.16M (Peak 35.38M) | Time:495254:47:08.11 | Mem:0.00M, Peak:0.00M | Scene | Updating Images | Loading right_window_frame_2_center_METAL
Fra:1 Mem:26.20M (Peak 35.38M) | Time:495254:47:08.12 | Mem:0.00M, Peak:0.00M | Scene | Synchronizing object | right_window_frame_2_center
Fra:1 Mem:26.20M (Peak 35.38M) | Time:495254:47:08.12 | Mem:0.00M, Peak:0.00M | Scene | Initializing
Fra:1 Mem:26.19M (Peak 35.38M) | Time:495254:47:08.12 | Mem:0.00M, Peak:0.00M | Scene | Updating Images | Loading right_window_frame_2_center_DIFFUSE
Fra:1 Mem:26.22M (Peak 35.40M) | Time:495254:47:08.13 | Mem:0.00M, Peak:0.00M | Scene | Synchronizing object | right_window_frame_2_center
Fra:1 Mem:26.22M (Peak 35.40M) | Time:495254:47:08.13 | Mem:0.00M, Peak:0.00M | Scene | Initializing
Fra:1 Mem:26.21M (Peak 35.40M) | Time:495254:47:08.13 | Mem:0.00M, Peak:0.00M | Scene | Updating Images | Loading right_window_frame_2_center_ROUGHNESS
Fra:1 Mem:26.24M (Peak 35.40M) | Time:495254:47:08.14 | Mem:0.00M, Peak:0.00M | Scene | Synchronizing object | right_window_frame_2_center
Fra:1 Mem:26.24M (Peak 35.40M) | Time:495254:47:08.14 | Mem:0.00M, Peak:0.00M | Scene | Initializing
Fra:1 Mem:26.24M (Peak 35.40M) | Time:495254:47:08.14 | Mem:0.00M, Peak:0.00M | Scene | Updating Images | Loading right_window_frame_2_center_NORMAL
Fra:1 Mem:26.24M (Peak 35.45M) | Time:495254:47:08.16 | Mem:0.00M, Peak:0.00M | Scene | Synchronizing object | right_window_frame_2_top
Fra:1 Mem:26.24M (Peak 35.45M) | Time:495254:47:08.16 | Mem:0.00M, Peak:0.00M | Scene | Initializing
Fra:1 Mem:26.23M (Peak 35.45M) | Time:495254:47:08.16 | Mem:0.00M, Peak:0.00M | Scene | Updating Images | Loading right_window_frame_2_top_METAL
Fra:1 Mem:26.27M (Peak 35.45M) | Time:495254:47:08.17 | Mem:0.00M, Peak:0.00M | Scene | Synchronizing object | right_window_frame_2_top
Fra:1 Mem:26.27M (Peak 35.45M) | Time:495254:47:08.17 | Mem:0.00M, Peak:0.00M | Scene | Initializing
Fra:1 Mem:26.26M (Peak 35.45M) | Time:495254:47:08.17 | Mem:0.00M, Peak:0.00M | Scene | Updating Images | Loading right_window_frame_2_top_DIFFUSE
Fra:1 Mem:26.29M (Peak 35.48M) | Time:495254:47:08.18 | Mem:0.00M, Peak:0.00M | Scene | Synchronizing object | right_window_frame_2_top
Fra:1 Mem:26.29M (Peak 35.48M) | Time:495254:47:08.18 | Mem:0.00M, Peak:0.00M | Scene | Initializing
Fra:1 Mem:26.29M (Peak 35.48M) | Time:495254:47:08.18 | Mem:0.00M, Peak:0.00M | Scene | Updating Images | Loading right_window_frame_2_top_ROUGHNESS
Fra:1 Mem:26.31M (Peak 35.48M) | Time:495254:47:08.19 | Mem:0.00M, Peak:0.00M | Scene | Synchronizing object | right_window_frame_2_top
Fra:1 Mem:26.31M (Peak 35.48M) | Time:495254:47:08.19 | Mem:0.00M, Peak:0.00M | Scene | Initializing
Fra:1 Mem:26.31M (Peak 35.48M) | Time:495254:47:08.19 | Mem:0.00M, Peak:0.00M | Scene | Updating Images | Loading right_window_frame_2_top_NORMAL
Fra:1 Mem:26.31M (Peak 35.52M) | Time:495254:47:08.20 | Mem:0.00M, Peak:0.00M | Scene | Synchronizing object | right_window_frame_3_bottom
Fra:1 Mem:26.31M (Peak 35.52M) | Time:495254:47:08.20 | Mem:0.00M, Peak:0.00M | Scene | Initializing
Fra:1 Mem:26.30M (Peak 35.52M) | Time:495254:47:08.20 | Mem:0.00M, Peak:0.00M | Scene | Updating Images | Loading right_window_frame_3_bottom_METAL
Fra:1 Mem:26.34M (Peak 35.52M) | Time:495254:47:08.21 | Mem:0.00M, Peak:0.00M | Scene | Synchronizing object | right_window_frame_3_bottom
Fra:1 Mem:26.34M (Peak 35.52M) | Time:495254:47:08.21 | Mem:0.00M, Peak:0.00M | Scene | Initializing
Fra:1 Mem:26.34M (Peak 35.52M) | Time:495254:47:08.21 | Mem:0.00M, Peak:0.00M | Scene | Updating Images | Loading right_window_frame_3_bottom_DIFFUSE
Fra:1 Mem:26.36M (Peak 35.55M) | Time:495254:47:08.22 | Mem:0.00M, Peak:0.00M | Scene | Synchronizing object | right_window_frame_3_bottom
Fra:1 Mem:26.36M (Peak 35.55M) | Time:495254:47:08.22 | Mem:0.00M, Peak:0.00M | Scene | Initializing
Fra:1 Mem:26.36M (Peak 35.55M) | Time:495254:47:08.22 | Mem:0.00M, Peak:0.00M | Scene | Updating Images | Loading right_window_frame_3_bottom_ROUGHNESS
Fra:1 Mem:26.38M (Peak 35.55M) | Time:495254:47:08.24 | Mem:0.00M, Peak:0.00M | Scene | Synchronizing object | right_window_frame_3_bottom
Fra:1 Mem:26.38M (Peak 35.55M) | Time:495254:47:08.24 | Mem:0.00M, Peak:0.00M | Scene | Initializing
Fra:1 Mem:26.38M (Peak 35.55M) | Time:495254:47:08.24 | Mem:0.00M, Peak:0.00M | Scene | Updating Images | Loading right_window_frame_3_bottom_NORMAL
Fra:1 Mem:26.38M (Peak 35.59M) | Time:495254:47:08.25 | Mem:0.00M, Peak:0.00M | Scene | Synchronizing object | right_window_frame_3_center
Fra:1 Mem:26.38M (Peak 35.59M) | Time:495254:47:08.25 | Mem:0.00M, Peak:0.00M | Scene | Initializing
Fra:1 Mem:26.38M (Peak 35.59M) | Time:495254:47:08.25 | Mem:0.00M, Peak:0.00M | Scene | Updating Images | Loading right_window_frame_3_center_METAL
Fra:1 Mem:26.41M (Peak 35.59M) | Time:495254:47:08.26 | Mem:0.00M, Peak:0.00M | Scene | Synchronizing object | right_window_frame_3_center
Fra:1 Mem:26.41M (Peak 35.59M) | Time:495254:47:08.26 | Mem:0.00M, Peak:0.00M | Scene | Initializing
Fra:1 Mem:26.41M (Peak 35.59M) | Time:495254:47:08.26 | Mem:0.00M, Peak:0.00M | Scene | Updating Images | Loading right_window_frame_3_center_DIFFUSE
Fra:1 Mem:26.43M (Peak 35.62M) | Time:495254:47:08.27 | Mem:0.00M, Peak:0.00M | Scene | Synchronizing object | right_window_frame_3_center
Fra:1 Mem:26.43M (Peak 35.62M) | Time:495254:47:08.27 | Mem:0.00M, Peak:0.00M | Scene | Initializing
Fra:1 Mem:26.43M (Peak 35.62M) | Time:495254:47:08.27 | Mem:0.00M, Peak:0.00M | Scene | Updating Images | Loading right_window_frame_3_center_ROUGHNESS
Fra:1 Mem:26.45M (Peak 35.62M) | Time:495254:47:08.28 | Mem:0.00M, Peak:0.00M | Scene | Synchronizing object | right_window_frame_3_center
Fra:1 Mem:26.45M (Peak 35.62M) | Time:495254:47:08.28 | Mem:0.00M, Peak:0.00M | Scene | Initializing
Fra:1 Mem:26.45M (Peak 35.62M) | Time:495254:47:08.28 | Mem:0.00M, Peak:0.00M | Scene | Updating Images | Loading right_window_frame_3_center_NORMAL
Fra:1 Mem:26.45M (Peak 35.66M) | Time:495254:47:08.29 | Mem:0.00M, Peak:0.00M | Scene | Synchronizing object | right_window_frame_3_top
Fra:1 Mem:26.45M (Peak 35.66M) | Time:495254:47:08.29 | Mem:0.00M, Peak:0.00M | Scene | Initializing
Fra:1 Mem:26.45M (Peak 35.66M) | Time:495254:47:08.29 | Mem:0.00M, Peak:0.00M | Scene | Updating Images | Loading right_window_frame_3_top_METAL
Fra:1 Mem:26.48M (Peak 35.66M) | Time:495254:47:08.31 | Mem:0.00M, Peak:0.00M | Scene | Synchronizing object | right_window_frame_3_top
Fra:1 Mem:26.48M (Peak 35.66M) | Time:495254:47:08.31 | Mem:0.00M, Peak:0.00M | Scene | Initializing
Fra:1 Mem:26.48M (Peak 35.66M) | Time:495254:47:08.31 | Mem:0.00M, Peak:0.00M | Scene | Updating Images | Loading right_window_frame_3_top_DIFFUSE
Fra:1 Mem:26.50M (Peak 35.69M) | Time:495254:47:08.32 | Mem:0.00M, Peak:0.00M | Scene | Synchronizing object | right_window_frame_3_top
Fra:1 Mem:26.50M (Peak 35.69M) | Time:495254:47:08.32 | Mem:0.00M, Peak:0.00M | Scene | Initializing
Fra:1 Mem:26.50M (Peak 35.69M) | Time:495254:47:08.32 | Mem:0.00M, Peak:0.00M | Scene | Updating Images | Loading right_window_frame_3_top_ROUGHNESS
Fra:1 Mem:26.52M (Peak 35.69M) | Time:495254:47:08.33 | Mem:0.00M, Peak:0.00M | Scene | Synchronizing object | right_window_frame_3_top
Fra:1 Mem:26.53M (Peak 35.69M) | Time:495254:47:08.33 | Mem:0.00M, Peak:0.00M | Scene | Initializing
Fra:1 Mem:26.52M (Peak 35.69M) | Time:495254:47:08.33 | Mem:0.00M, Peak:0.00M | Scene | Updating Images | Loading right_window_frame_3_top_NORMAL
Fra:1 Mem:26.54M (Peak 35.73M) | Time:495254:47:08.34 | Mem:0.00M, Peak:0.00M | Scene | Synchronizing object | right_window_wall
Fra:1 Mem:26.55M (Peak 35.73M) | Time:495254:47:08.34 | Mem:0.00M, Peak:0.00M | Scene | Initializing
Fra:1 Mem:26.55M (Peak 35.73M) | Time:495254:47:08.34 | Mem:0.00M, Peak:0.00M | Scene | Updating Images | Loading right_window_wall_DIFFUSE
Fra:1 Mem:26.56M (Peak 35.77M) | Time:495254:47:08.35 | Mem:0.00M, Peak:0.00M | Scene | Synchronizing object | right_window_wall
Fra:1 Mem:26.57M (Peak 35.77M) | Time:495254:47:08.35 | Mem:0.00M, Peak:0.00M | Scene | Initializing
Fra:1 Mem:26.57M (Peak 35.77M) | Time:495254:47:08.35 | Mem:0.00M, Peak:0.00M | Scene | Updating Images | Loading right_window_wall_ROUGHNESS
Fra:1 Mem:26.58M (Peak 35.77M) | Time:495254:47:08.37 | Mem:0.00M, Peak:0.00M | Scene | Synchronizing object | right_window_wall
Fra:1 Mem:26.60M (Peak 35.77M) | Time:495254:47:08.37 | Mem:0.00M, Peak:0.00M | Scene | Initializing
Fra:1 Mem:26.59M (Peak 35.77M) | Time:495254:47:08.37 | Mem:0.00M, Peak:0.00M | Scene | Updating Images | Loading right_window_wall_NORMAL
Fra:1 Mem:26.60M (Peak 35.82M) | Time:495254:47:08.38 | Mem:0.00M, Peak:0.00M | Scene | Synchronizing object | round_black_trash_can
Fra:1 Mem:26.60M (Peak 35.82M) | Time:495254:47:08.38 | Mem:0.00M, Peak:0.00M | Scene | Initializing
Fra:1 Mem:26.60M (Peak 35.82M) | Time:495254:47:08.38 | Mem:0.00M, Peak:0.00M | Scene | Updating Images | Loading round_black_trash_can_DIFFUSE
Fra:1 Mem:26.62M (Peak 35.82M) | Time:495254:47:08.40 | Mem:0.00M, Peak:0.00M | Scene | Synchronizing object | round_black_trash_can
Fra:1 Mem:26.63M (Peak 35.82M) | Time:495254:47:08.40 | Mem:0.00M, Peak:0.00M | Scene | Initializing
Fra:1 Mem:26.62M (Peak 35.82M) | Time:495254:47:08.40 | Mem:0.00M, Peak:0.00M | Scene | Updating Images | Loading round_black_trash_can_ROUGHNESS
Fra:1 Mem:26.64M (Peak 35.82M) | Time:495254:47:08.41 | Mem:0.00M, Peak:0.00M | Scene | Synchronizing object | round_black_trash_can
Fra:1 Mem:26.65M (Peak 35.82M) | Time:495254:47:08.41 | Mem:0.00M, Peak:0.00M | Scene | Initializing
Fra:1 Mem:26.64M (Peak 35.82M) | Time:495254:47:08.41 | Mem:0.00M, Peak:0.00M | Scene | Updating Images | Loading round_black_trash_can_NORMAL
Fra:1 Mem:26.67M (Peak 35.86M) | Time:495254:47:08.42 | Mem:0.00M, Peak:0.00M | Scene | Synchronizing object | stacked_paper_cup_0
Fra:1 Mem:26.67M (Peak 35.86M) | Time:495254:47:08.42 | Mem:0.00M, Peak:0.00M | Scene | Initializing
Fra:1 Mem:26.67M (Peak 35.86M) | Time:495254:47:08.42 | Mem:0.00M, Peak:0.00M | Scene | Updating Images | Loading stacked_paper_cup_0_DIFFUSE
Fra:1 Mem:26.69M (Peak 35.88M) | Time:495254:47:08.44 | Mem:0.00M, Peak:0.00M | Scene | Synchronizing object | stacked_paper_cup_0
Fra:1 Mem:26.69M (Peak 35.88M) | Time:495254:47:08.44 | Mem:0.00M, Peak:0.00M | Scene | Initializing
Fra:1 Mem:26.69M (Peak 35.88M) | Time:495254:47:08.44 | Mem:0.00M, Peak:0.00M | Scene | Updating Images | Loading stacked_paper_cup_0_ROUGHNESS
Fra:1 Mem:26.71M (Peak 35.88M) | Time:495254:47:08.45 | Mem:0.00M, Peak:0.00M | Scene | Synchronizing object | stacked_paper_cup_0
Fra:1 Mem:26.72M (Peak 35.88M) | Time:495254:47:08.45 | Mem:0.00M, Peak:0.00M | Scene | Initializing
Fra:1 Mem:26.71M (Peak 35.88M) | Time:495254:47:08.45 | Mem:0.00M, Peak:0.00M | Scene | Updating Images | Loading stacked_paper_cup_0_NORMAL
Fra:1 Mem:26.73M (Peak 35.93M) | Time:495254:47:08.47 | Mem:0.00M, Peak:0.00M | Scene | Synchronizing object | stacked_paper_cup_1
Fra:1 Mem:26.74M (Peak 35.93M) | Time:495254:47:08.47 | Mem:0.00M, Peak:0.00M | Scene | Initializing
Fra:1 Mem:26.74M (Peak 35.93M) | Time:495254:47:08.47 | Mem:0.00M, Peak:0.00M | Scene | Updating Images | Loading stacked_paper_cup_1_DIFFUSE
Fra:1 Mem:26.76M (Peak 35.95M) | Time:495254:47:08.48 | Mem:0.00M, Peak:0.00M | Scene | Synchronizing object | stacked_paper_cup_1
Fra:1 Mem:26.76M (Peak 35.95M) | Time:495254:47:08.48 | Mem:0.00M, Peak:0.00M | Scene | Initializing
Fra:1 Mem:26.76M (Peak 35.95M) | Time:495254:47:08.48 | Mem:0.00M, Peak:0.00M | Scene | Updating Images | Loading stacked_paper_cup_1_ROUGHNESS
Fra:1 Mem:26.78M (Peak 35.95M) | Time:495254:47:08.50 | Mem:0.00M, Peak:0.00M | Scene | Synchronizing object | stacked_paper_cup_1
Fra:1 Mem:26.78M (Peak 35.95M) | Time:495254:47:08.50 | Mem:0.00M, Peak:0.00M | Scene | Initializing
Fra:1 Mem:26.78M (Peak 35.95M) | Time:495254:47:08.50 | Mem:0.00M, Peak:0.00M | Scene | Updating Images | Loading stacked_paper_cup_1_NORMAL
Fra:1 Mem:26.80M (Peak 36.00M) | Time:495254:47:08.51 | Mem:0.00M, Peak:0.00M | Scene | Synchronizing object | stacked_paper_cup_2
Fra:1 Mem:26.81M (Peak 36.00M) | Time:495254:47:08.51 | Mem:0.00M, Peak:0.00M | Scene | Initializing
Fra:1 Mem:26.80M (Peak 36.00M) | Time:495254:47:08.51 | Mem:0.00M, Peak:0.00M | Scene | Updating Images | Loading stacked_paper_cup_2_DIFFUSE
Fra:1 Mem:26.83M (Peak 36.02M) | Time:495254:47:08.53 | Mem:0.00M, Peak:0.00M | Scene | Synchronizing object | stacked_paper_cup_2
Fra:1 Mem:26.83M (Peak 36.02M) | Time:495254:47:08.53 | Mem:0.00M, Peak:0.00M | Scene | Initializing
Fra:1 Mem:26.83M (Peak 36.02M) | Time:495254:47:08.53 | Mem:0.00M, Peak:0.00M | Scene | Updating Images | Loading stacked_paper_cup_2_ROUGHNESS
Fra:1 Mem:26.85M (Peak 36.02M) | Time:495254:47:08.54 | Mem:0.00M, Peak:0.00M | Scene | Synchronizing object | stacked_paper_cup_2
Fra:1 Mem:26.85M (Peak 36.02M) | Time:495254:47:08.54 | Mem:0.00M, Peak:0.00M | Scene | Initializing
Fra:1 Mem:26.85M (Peak 36.02M) | Time:495254:47:08.54 | Mem:0.00M, Peak:0.00M | Scene | Updating Images | Loading stacked_paper_cup_2_NORMAL
Fra:1 Mem:26.87M (Peak 36.06M) | Time:495254:47:08.55 | Mem:0.00M, Peak:0.00M | Scene | Synchronizing object | stacked_paper_cup_3
Fra:1 Mem:26.88M (Peak 36.06M) | Time:495254:47:08.55 | Mem:0.00M, Peak:0.00M | Scene | Initializing
Fra:1 Mem:26.87M (Peak 36.06M) | Time:495254:47:08.55 | Mem:0.00M, Peak:0.00M | Scene | Updating Images | Loading stacked_paper_cup_3_DIFFUSE
Fra:1 Mem:26.90M (Peak 36.09M) | Time:495254:47:08.57 | Mem:0.00M, Peak:0.00M | Scene | Synchronizing object | stacked_paper_cup_3
Fra:1 Mem:26.90M (Peak 36.09M) | Time:495254:47:08.57 | Mem:0.00M, Peak:0.00M | Scene | Initializing
Fra:1 Mem:26.89M (Peak 36.09M) | Time:495254:47:08.57 | Mem:0.00M, Peak:0.00M | Scene | Updating Images | Loading stacked_paper_cup_3_ROUGHNESS
Fra:1 Mem:26.92M (Peak 36.09M) | Time:495254:47:08.58 | Mem:0.00M, Peak:0.00M | Scene | Synchronizing object | stacked_paper_cup_3
Fra:1 Mem:26.92M (Peak 36.09M) | Time:495254:47:08.58 | Mem:0.00M, Peak:0.00M | Scene | Initializing
Fra:1 Mem:26.92M (Peak 36.09M) | Time:495254:47:08.58 | Mem:0.00M, Peak:0.00M | Scene | Updating Images | Loading stacked_paper_cup_3_NORMAL
Fra:1 Mem:26.94M (Peak 36.13M) | Time:495254:47:08.60 | Mem:0.00M, Peak:0.00M | Scene | Synchronizing object | stainless_sneeze_guard_glass
Fra:1 Mem:26.94M (Peak 36.13M) | Time:495254:47:08.60 | Mem:0.00M, Peak:0.00M | Scene | Initializing
Fra:1 Mem:26.93M (Peak 36.13M) | Time:495254:47:08.60 | Mem:0.00M, Peak:0.00M | Scene | Updating Images | Loading stainless_sneeze_guard_glass_TRANSMISSION
Fra:1 Mem:26.96M (Peak 36.15M) | Time:495254:47:08.61 | Mem:0.00M, Peak:0.00M | Scene | Synchronizing object | stainless_sneeze_guard_glass
Fra:1 Mem:26.96M (Peak 36.15M) | Time:495254:47:08.61 | Mem:0.00M, Peak:0.00M | Scene | Initializing
Fra:1 Mem:26.96M (Peak 36.15M) | Time:495254:47:08.61 | Mem:0.00M, Peak:0.00M | Scene | Updating Images | Loading stainless_sneeze_guard_glass_DIFFUSE
Fra:1 Mem:26.98M (Peak 36.17M) | Time:495254:47:08.62 | Mem:0.00M, Peak:0.00M | Scene | Synchronizing object | stainless_sneeze_guard_glass
Fra:1 Mem:26.98M (Peak 36.17M) | Time:495254:47:08.62 | Mem:0.00M, Peak:0.00M | Scene | Initializing
Fra:1 Mem:26.98M (Peak 36.17M) | Time:495254:47:08.62 | Mem:0.00M, Peak:0.00M | Scene | Updating Images | Loading stainless_sneeze_guard_glass_ROUGHNESS
Fra:1 Mem:27.00M (Peak 36.17M) | Time:495254:47:08.63 | Mem:0.00M, Peak:0.00M | Scene | Synchronizing object | stainless_sneeze_guard_glass
Fra:1 Mem:27.00M (Peak 36.17M) | Time:495254:47:08.63 | Mem:0.00M, Peak:0.00M | Scene | Initializing
Fra:1 Mem:27.00M (Peak 36.17M) | Time:495254:47:08.63 | Mem:0.00M, Peak:0.00M | Scene | Updating Images | Loading stainless_sneeze_guard_glass_NORMAL
Fra:1 Mem:27.00M (Peak 36.21M) | Time:495254:47:08.64 | Mem:0.00M, Peak:0.00M | Scene | Synchronizing object | table_0_central_pedestal
Fra:1 Mem:27.01M (Peak 36.21M) | Time:495254:47:08.64 | Mem:0.00M, Peak:0.00M | Scene | Initializing
Fra:1 Mem:27.00M (Peak 36.21M) | Time:495254:47:08.64 | Mem:0.00M, Peak:0.00M | Scene | Updating Images | Loading table_0_central_pedestal_METAL
Fra:1 Mem:27.04M (Peak 36.22M) | Time:495254:47:08.65 | Mem:0.00M, Peak:0.00M | Scene | Synchronizing object | table_0_central_pedestal
Fra:1 Mem:27.04M (Peak 36.22M) | Time:495254:47:08.66 | Mem:0.00M, Peak:0.00M | Scene | Initializing
Fra:1 Mem:27.04M (Peak 36.22M) | Time:495254:47:08.66 | Mem:0.00M, Peak:0.00M | Scene | Updating Images | Loading table_0_central_pedestal_DIFFUSE
Fra:1 Mem:27.06M (Peak 36.25M) | Time:495254:47:08.67 | Mem:0.00M, Peak:0.00M | Scene | Synchronizing object | table_0_central_pedestal
Fra:1 Mem:27.06M (Peak 36.25M) | Time:495254:47:08.67 | Mem:0.00M, Peak:0.00M | Scene | Initializing
Fra:1 Mem:27.06M (Peak 36.25M) | Time:495254:47:08.67 | Mem:0.00M, Peak:0.00M | Scene | Updating Images | Loading table_0_central_pedestal_ROUGHNESS
Fra:1 Mem:27.08M (Peak 36.25M) | Time:495254:47:08.68 | Mem:0.00M, Peak:0.00M | Scene | Synchronizing object | table_0_central_pedestal
Fra:1 Mem:27.08M (Peak 36.25M) | Time:495254:47:08.68 | Mem:0.00M, Peak:0.00M | Scene | Initializing
Fra:1 Mem:27.08M (Peak 36.25M) | Time:495254:47:08.68 | Mem:0.00M, Peak:0.00M | Scene | Updating Images | Loading table_0_central_pedestal_NORMAL
Fra:1 Mem:27.09M (Peak 36.29M) | Time:495254:47:08.69 | Mem:0.00M, Peak:0.00M | Scene | Synchronizing object | table_0_chair_0_back
Fra:1 Mem:27.11M (Peak 36.29M) | Time:495254:47:08.69 | Mem:0.00M, Peak:0.00M | Scene | Initializing
Fra:1 Mem:27.10M (Peak 36.29M) | Time:495254:47:08.69 | Mem:0.00M, Peak:0.00M | Scene | Updating Images | Loading table_0_chair_0_back_DIFFUSE
Fra:1 Mem:27.12M (Peak 36.33M) | Time:495254:47:08.71 | Mem:0.00M, Peak:0.00M | Scene | Synchronizing object | table_0_chair_0_back
Fra:1 Mem:27.13M (Peak 36.33M) | Time:495254:47:08.71 | Mem:0.00M, Peak:0.00M | Scene | Initializing
Fra:1 Mem:27.13M (Peak 36.33M) | Time:495254:47:08.71 | Mem:0.00M, Peak:0.00M | Scene | Updating Images | Loading table_0_chair_0_back_ROUGHNESS
Fra:1 Mem:27.14M (Peak 36.33M) | Time:495254:47:08.72 | Mem:0.00M, Peak:0.00M | Scene | Synchronizing object | table_0_chair_0_back
Fra:1 Mem:27.15M (Peak 36.33M) | Time:495254:47:08.72 | Mem:0.00M, Peak:0.00M | Scene | Initializing
Fra:1 Mem:27.15M (Peak 36.33M) | Time:495254:47:08.72 | Mem:0.00M, Peak:0.00M | Scene | Updating Images | Loading table_0_chair_0_back_NORMAL
Fra:1 Mem:27.14M (Peak 36.37M) | Time:495254:47:08.74 | Mem:0.00M, Peak:0.00M | Scene | Synchronizing object | table_0_chair_0_leg_-0.19_-0.17
Fra:1 Mem:27.15M (Peak 36.37M) | Time:495254:47:08.74 | Mem:0.00M, Peak:0.00M | Scene | Initializing
Fra:1 Mem:27.14M (Peak 36.37M) | Time:495254:47:08.74 | Mem:0.00M, Peak:0.00M | Scene | Updating Images | Loading table_0_chair_0_leg_-0.19_-0.17_METAL
Fra:1 Mem:27.17M (Peak 36.37M) | Time:495254:47:08.75 | Mem:0.00M, Peak:0.00M | Scene | Synchronizing object | table_0_chair_0_leg_-0.19_-0.17
Fra:1 Mem:27.18M (Peak 36.37M) | Time:495254:47:08.75 | Mem:0.00M, Peak:0.00M | Scene | Initializing
Fra:1 Mem:27.17M (Peak 36.37M) | Time:495254:47:08.75 | Mem:0.00M, Peak:0.00M | Scene | Updating Images | Loading table_0_chair_0_leg_-0.19_-0.17_DIFFUSE
Fra:1 Mem:27.20M (Peak 36.39M) | Time:495254:47:08.76 | Mem:0.00M, Peak:0.00M | Scene | Synchronizing object | table_0_chair_0_leg_-0.19_-0.17
Fra:1 Mem:27.20M (Peak 36.39M) | Time:495254:47:08.76 | Mem:0.00M, Peak:0.00M | Scene | Initializing
Fra:1 Mem:27.19M (Peak 36.39M) | Time:495254:47:08.76 | Mem:0.00M, Peak:0.00M | Scene | Updating Images | Loading table_0_chair_0_leg_-0.19_-0.17_ROUGHNESS
Fra:1 Mem:27.22M (Peak 36.39M) | Time:495254:47:08.77 | Mem:0.00M, Peak:0.00M | Scene | Synchronizing object | table_0_chair_0_leg_-0.19_-0.17
Fra:1 Mem:27.22M (Peak 36.39M) | Time:495254:47:08.77 | Mem:0.00M, Peak:0.00M | Scene | Initializing
Fra:1 Mem:27.22M (Peak 36.39M) | Time:495254:47:08.77 | Mem:0.00M, Peak:0.00M | Scene | Updating Images | Loading table_0_chair_0_leg_-0.19_-0.17_NORMAL
Fra:1 Mem:27.23M (Peak 36.43M) | Time:495254:47:08.78 | Mem:0.00M, Peak:0.00M | Scene | Synchronizing object | table_0_chair_0_leg_-0.19_0.17
Fra:1 Mem:27.23M (Peak 36.43M) | Time:495254:47:08.78 | Mem:0.00M, Peak:0.00M | Scene | Initializing
Fra:1 Mem:27.23M (Peak 36.43M) | Time:495254:47:08.78 | Mem:0.00M, Peak:0.00M | Scene | Updating Images | Loading table_0_chair_0_leg_-0.19_0.17_METAL
Fra:1 Mem:27.26M (Peak 36.44M) | Time:495254:47:08.80 | Mem:0.00M, Peak:0.00M | Scene | Synchronizing object | table_0_chair_0_leg_-0.19_0.17
Fra:1 Mem:27.26M (Peak 36.44M) | Time:495254:47:08.80 | Mem:0.00M, Peak:0.00M | Scene | Initializing
Fra:1 Mem:27.26M (Peak 36.44M) | Time:495254:47:08.80 | Mem:0.00M, Peak:0.00M | Scene | Updating Images | Loading table_0_chair_0_leg_-0.19_0.17_DIFFUSE
Fra:1 Mem:27.29M (Peak 36.47M) | Time:495254:47:08.81 | Mem:0.00M, Peak:0.00M | Scene | Synchronizing object | table_0_chair_0_leg_-0.19_0.17
Fra:1 Mem:27.29M (Peak 36.47M) | Time:495254:47:08.81 | Mem:0.00M, Peak:0.00M | Scene | Initializing
Fra:1 Mem:27.28M (Peak 36.47M) | Time:495254:47:08.81 | Mem:0.00M, Peak:0.00M | Scene | Updating Images | Loading table_0_chair_0_leg_-0.19_0.17_ROUGHNESS
Fra:1 Mem:27.31M (Peak 36.47M) | Time:495254:47:08.82 | Mem:0.00M, Peak:0.00M | Scene | Synchronizing object | table_0_chair_0_leg_-0.19_0.17
Fra:1 Mem:27.31M (Peak 36.47M) | Time:495254:47:08.82 | Mem:0.00M, Peak:0.00M | Scene | Initializing
Fra:1 Mem:27.30M (Peak 36.47M) | Time:495254:47:08.82 | Mem:0.00M, Peak:0.00M | Scene | Updating Images | Loading table_0_chair_0_leg_-0.19_0.17_NORMAL
Fra:1 Mem:27.30M (Peak 36.52M) | Time:495254:47:08.83 | Mem:0.00M, Peak:0.00M | Scene | Synchronizing object | table_0_chair_0_leg_0.19_-0.17
Fra:1 Mem:27.31M (Peak 36.52M) | Time:495254:47:08.83 | Mem:0.00M, Peak:0.00M | Scene | Initializing
Fra:1 Mem:27.30M (Peak 36.52M) | Time:495254:47:08.83 | Mem:0.00M, Peak:0.00M | Scene | Updating Images | Loading table_0_chair_0_leg_0.19_-0.17_METAL
Fra:1 Mem:27.34M (Peak 36.52M) | Time:495254:47:08.84 | Mem:0.00M, Peak:0.00M | Scene | Synchronizing object | table_0_chair_0_leg_0.19_-0.17
Fra:1 Mem:27.34M (Peak 36.52M) | Time:495254:47:08.84 | Mem:0.00M, Peak:0.00M | Scene | Initializing
Fra:1 Mem:27.33M (Peak 36.52M) | Time:495254:47:08.84 | Mem:0.00M, Peak:0.00M | Scene | Updating Images | Loading table_0_chair_0_leg_0.19_-0.17_DIFFUSE
Fra:1 Mem:27.36M (Peak 36.55M) | Time:495254:47:08.85 | Mem:0.00M, Peak:0.00M | Scene | Synchronizing object | table_0_chair_0_leg_0.19_-0.17
Fra:1 Mem:27.36M (Peak 36.55M) | Time:495254:47:08.85 | Mem:0.00M, Peak:0.00M | Scene | Initializing
Fra:1 Mem:27.36M (Peak 36.55M) | Time:495254:47:08.85 | Mem:0.00M, Peak:0.00M | Scene | Updating Images | Loading table_0_chair_0_leg_0.19_-0.17_ROUGHNESS
Info: Baking map saved to internal image, save it externally or pack it
Info: Baking map saved to internal image, save it externally or pack it
Info: Baking map saved to internal image, save it externally or pack it
Info: Baking map saved to internal image, save it externally or pack it
Info: Baking map saved to internal image, save it externally or pack it
Info: Baking map saved to internal image, save it externally or pack it
Info: Baking map saved to internal image, save it externally or pack it
Info: Baking map saved to internal image, save it externally or pack it
Info: Baking map saved to internal image, save it externally or pack it
Info: Baking map saved to internal image, save it externally or pack it
Info: Baking map saved to internal image, save it externally or pack it
Info: Baking map saved to internal image, save it externally or pack it
Info: Baking map saved to internal image, save it externally or pack it
Info: Baking map saved to internal image, save it externally or pack it
Info: Baking map saved to internal image, save it externally or pack it
Info: Baking map saved to internal image, save it externally or pack it
Info: Baking map saved to internal image, save it externally or pack it
Info: Baking map saved to internal image, save it externally or pack it
Info: Baking map saved to internal image, save it externally or pack it
Info: Baking map saved to internal image, save it externally or pack it
Info: Baking map saved to internal image, save it externally or pack it
Info: Baking map saved to internal image, save it externally or pack it
Info: Baking map saved to internal image, save it externally or pack it
Info: Baking map saved to internal image, save it externally or pack it
Info: Baking map saved to internal image, save it externally or pack it
Info: Baking map saved to internal image, save it externally or pack it
Info: Baking map saved to internal image, save it externally or pack it
Info: Baking map saved to internal image, save it externally or pack it
Info: Baking map saved to internal image, save it externally or pack it
Info: Baking map saved to internal image, save it externally or pack it
Info: Baking map saved to internal image, save it externally or pack it
Info: Baking map saved to internal image, save it externally or pack it
Info: Baking map saved to internal image, save it externally or pack it
Info: Baking map saved to internal image, save it externally or pack it
Info: Baking map saved to internal image, save it externally or pack it
Info: Baking map saved to internal image, save it externally or pack it
Info: Baking map saved to internal image, save it externally or pack it
Info: Baking map saved to internal image, save it externally or pack it
Info: Baking map saved to internal image, save it externally or pack it
Info: Baking map saved to internal image, save it externally or pack it
Info: Baking map saved to internal image, save it externally or pack it
Info: Baking map saved to internal image, save it externally or pack it
Info: Baking map saved to internal image, save it externally or pack it
Info: Baking map saved to internal image, save it externally or pack it
Info: Baking map saved to internal image, save it externally or pack it
Info: Baking map saved to internal image, save it externally or pack it
Info: Baking map saved to internal image, save it externally or pack it
Info: Baking map saved to internal image, save it externally or pack it
Info: Baking map saved to internal image, save it externally or pack it
Info: Baking map saved to internal image, save it externally or pack it
Info: Baking map saved to internal image, save it externally or pack it
Info: Baking map saved to internal image, save it externally or pack it
Info: Baking map saved to internal image, save it externally or pack it
Info: Baking map saved to internal image, save it externally or pack it
Info: Baking map saved to internal image, save it externally or pack it
Info: Baking map saved to internal image, save it externally or pack it
Info: Baking map saved to internal image, save it externally or pack it
Info: Baking map saved to internal image, save it externally or pack it
Info: Baking map saved to internal image, save it externally or pack it
Info: Baking map saved to internal image, save it externally or pack it
Info: Baking map saved to internal image, save it externally or pack it
Info: Baking map saved to internal image, save it externally or pack it
Info: Baking map saved to internal image, save it externally or pack it
Info: Baking map saved to internal image, save it externally or pack it
Info: Baking map saved to internal image, save it externally or pack it
Info: Baking map saved to internal image, save it externally or pack it
Info: Baking map saved to internal image, save it externally or pack it
Info: Baking map saved to internal image, save it externally or pack it
Info: Baking map saved to internal image, save it externally or pack it
Info: Baking map saved to internal image, save it externally or pack it
Info: Baking map saved to internal image, save it externally or pack it
Info: Baking map saved to internal image, save it externally or pack it
Info: Baking map saved to internal image, save it externally or pack it
Info: Baking map saved to internal image, save it externally or pack it
Info: Baking map saved to internal image, save it externally or pack it
Info: Baking map saved to internal image, save it externally or pack it
Info: Baking map saved to internal image, save it externally or pack it
Info: Baking map saved to internal image, save it externally or pack it
Info: Baking map saved to internal image, save it externally or pack it
Info: Baking map saved to internal image, save it externally or pack it
Info: Baking map saved to internal image, save it externally or pack it
Info: Baking map saved to internal image, save it externally or pack it
Info: Baking map saved to internal image, save it externally or pack it
Info: Baking map saved to internal image, save it externally or pack it
Info: Baking map saved to internal image, save it externally or pack it
Info: Baking map saved to internal image, save it externally or pack it
Info: Baking map saved to internal image, save it externally or pack it
Info: Baking map saved to internal image, save it externally or pack it
Info: Baking map saved to internal image, save it externally or pack it
Info: Baking map saved to internal image, save it externally or pack it
Info: Baking map saved to internal image, save it externally or pack it
Info: Baking map saved to internal image, save it externally or pack it
Info: Baking map saved to internal image, save it externally or pack it
Info: Baking map saved to internal image, save it externally or pack it
Info: Baking map saved to internal image, save it externally or pack it
Info: Baking map saved to internal image, save it externally or pack it
Info: Baking map saved to internal image, save it externally or pack it
Info: Baking map saved to internal image, save it externally or pack it
Info: Baking map saved to internal image, save it externally or pack it
Info: Baking map saved to internal image, save it externally or pack it
Info: Baking map saved to internal image, save it externally or pack it
Info: Baking map saved to internal image, save it externally or pack it
Info: Baking map saved to internal image, save it externally or pack it
Info: Baking map saved to internal image, save it externally or pack it
Info: Baking map saved to internal image, save it externally or pack it
Info: Baking map saved to internal image, save it externally or pack it
Info: Baking map saved to internal image, save it externally or pack it
Info: Baking map saved to internal image, save it externally or pack it
Info: Baking map saved to internal image, save it externally or pack it
Info: Baking map saved to internal image, save it externally or pack it
Info: Baking map saved to internal image, save it externally or pack it
Info: Baking map saved to internal image, save it externally or pack it
Info: Baking map saved to internal image, save it externally or pack it
Info: Baking map saved to internal image, save it externally or pack it
Fra:1 Mem:27.38M (Peak 36.55M) | Time:495254:47:08.87 | Mem:0.00M, Peak:0.00M | Scene | Synchronizing object | table_0_chair_0_leg_0.19_-0.17
Fra:1 Mem:27.38M (Peak 36.55M) | Time:495254:47:08.87 | Mem:0.00M, Peak:0.00M | Scene | Initializing
Fra:1 Mem:27.38M (Peak 36.55M) | Time:495254:47:08.87 | Mem:0.00M, Peak:0.00M | Scene | Updating Images | Loading table_0_chair_0_leg_0.19_-0.17_NORMAL
Fra:1 Mem:27.38M (Peak 36.59M) | Time:495254:47:08.88 | Mem:0.00M, Peak:0.00M | Scene | Synchronizing object | table_0_chair_0_leg_0.19_0.17
Fra:1 Mem:27.38M (Peak 36.59M) | Time:495254:47:08.88 | Mem:0.00M, Peak:0.00M | Scene | Initializing
Fra:1 Mem:27.38M (Peak 36.59M) | Time:495254:47:08.88 | Mem:0.00M, Peak:0.00M | Scene | Updating Images | Loading table_0_chair_0_leg_0.19_0.17_METAL
Fra:1 Mem:27.41M (Peak 36.59M) | Time:495254:47:08.89 | Mem:0.00M, Peak:0.00M | Scene | Synchronizing object | table_0_chair_0_leg_0.19_0.17
Fra:1 Mem:27.41M (Peak 36.59M) | Time:495254:47:08.89 | Mem:0.00M, Peak:0.00M | Scene | Initializing
Fra:1 Mem:27.41M (Peak 36.59M) | Time:495254:47:08.89 | Mem:0.00M, Peak:0.00M | Scene | Updating Images | Loading table_0_chair_0_leg_0.19_0.17_DIFFUSE
Fra:1 Mem:27.43M (Peak 36.62M) | Time:495254:47:08.90 | Mem:0.00M, Peak:0.00M | Scene | Synchronizing object | table_0_chair_0_leg_0.19_0.17
Fra:1 Mem:27.43M (Peak 36.62M) | Time:495254:47:08.90 | Mem:0.00M, Peak:0.00M | Scene | Initializing
Fra:1 Mem:27.43M (Peak 36.62M) | Time:495254:47:08.90 | Mem:0.00M, Peak:0.00M | Scene | Updating Images | Loading table_0_chair_0_leg_0.19_0.17_ROUGHNESS
Fra:1 Mem:27.45M (Peak 36.62M) | Time:495254:47:08.91 | Mem:0.00M, Peak:0.00M | Scene | Synchronizing object | table_0_chair_0_leg_0.19_0.17
Fra:1 Mem:27.46M (Peak 36.62M) | Time:495254:47:08.91 | Mem:0.00M, Peak:0.00M | Scene | Initializing
Fra:1 Mem:27.45M (Peak 36.62M) | Time:495254:47:08.91 | Mem:0.00M, Peak:0.00M | Scene | Updating Images | Loading table_0_chair_0_leg_0.19_0.17_NORMAL
Fra:1 Mem:27.47M (Peak 36.67M) | Time:495254:47:08.93 | Mem:0.00M, Peak:0.00M | Scene | Synchronizing object | table_0_chair_0_seat
Fra:1 Mem:27.48M (Peak 36.67M) | Time:495254:47:08.93 | Mem:0.00M, Peak:0.00M | Scene | Initializing
Fra:1 Mem:27.48M (Peak 36.67M) | Time:495254:47:08.93 | Mem:0.00M, Peak:0.00M | Scene | Updating Images | Loading table_0_chair_0_seat_DIFFUSE
Fra:1 Mem:27.49M (Peak 36.70M) | Time:495254:47:08.94 | Mem:0.00M, Peak:0.00M | Scene | Synchronizing object | table_0_chair_0_seat
Fra:1 Mem:27.50M (Peak 36.70M) | Time:495254:47:08.94 | Mem:0.00M, Peak:0.00M | Scene | Initializing
Fra:1 Mem:27.50M (Peak 36.70M) | Time:495254:47:08.94 | Mem:0.00M, Peak:0.00M | Scene | Updating Images | Loading table_0_chair_0_seat_ROUGHNESS
Fra:1 Mem:27.51M (Peak 36.70M) | Time:495254:47:08.96 | Mem:0.00M, Peak:0.00M | Scene | Synchronizing object | table_0_chair_0_seat
Fra:1 Mem:27.53M (Peak 36.70M) | Time:495254:47:08.96 | Mem:0.00M, Peak:0.00M | Scene | Initializing
Fra:1 Mem:27.52M (Peak 36.70M) | Time:495254:47:08.96 | Mem:0.00M, Peak:0.00M | Scene | Updating Images | Loading table_0_chair_0_seat_NORMAL
Fra:1 Mem:27.53M (Peak 36.75M) | Time:495254:47:08.97 | Mem:0.00M, Peak:0.00M | Scene | Synchronizing object | table_0_chair_1_back
Fra:1 Mem:27.55M (Peak 36.75M) | Time:495254:47:08.97 | Mem:0.00M, Peak:0.00M | Scene | Initializing
Fra:1 Mem:27.54M (Peak 36.75M) | Time:495254:47:08.97 | Mem:0.00M, Peak:0.00M | Scene | Updating Images | Loading table_0_chair_1_back_DIFFUSE
Fra:1 Mem:27.56M (Peak 36.77M) | Time:495254:47:08.98 | Mem:0.00M, Peak:0.00M | Scene | Synchronizing object | table_0_chair_1_back
Fra:1 Mem:27.57M (Peak 36.77M) | Time:495254:47:08.98 | Mem:0.00M, Peak:0.00M | Scene | Initializing
Fra:1 Mem:27.56M (Peak 36.77M) | Time:495254:47:08.98 | Mem:0.00M, Peak:0.00M | Scene | Updating Images | Loading table_0_chair_1_back_ROUGHNESS
Fra:1 Mem:27.58M (Peak 36.77M) | Time:495254:47:09.00 | Mem:0.00M, Peak:0.00M | Scene | Synchronizing object | table_0_chair_1_back
Fra:1 Mem:27.59M (Peak 36.77M) | Time:495254:47:09.00 | Mem:0.00M, Peak:0.00M | Scene | Initializing
Fra:1 Mem:27.59M (Peak 36.77M) | Time:495254:47:09.00 | Mem:0.00M, Peak:0.00M | Scene | Updating Images | Loading table_0_chair_1_back_NORMAL
Fra:1 Mem:27.58M (Peak 36.81M) | Time:495254:47:09.01 | Mem:0.00M, Peak:0.00M | Scene | Synchronizing object | table_0_chair_1_leg_-0.19_-0.17
Fra:1 Mem:27.58M (Peak 36.81M) | Time:495254:47:09.01 | Mem:0.00M, Peak:0.00M | Scene | Initializing
Fra:1 Mem:27.58M (Peak 36.81M) | Time:495254:47:09.01 | Mem:0.00M, Peak:0.00M | Scene | Updating Images | Loading table_0_chair_1_leg_-0.19_-0.17_METAL
Fra:1 Mem:27.61M (Peak 36.81M) | Time:495254:47:09.02 | Mem:0.00M, Peak:0.00M | Scene | Synchronizing object | table_0_chair_1_leg_-0.19_-0.17
Fra:1 Mem:27.61M (Peak 36.81M) | Time:495254:47:09.02 | Mem:0.00M, Peak:0.00M | Scene | Initializing
Fra:1 Mem:27.61M (Peak 36.81M) | Time:495254:47:09.02 | Mem:0.00M, Peak:0.00M | Scene | Updating Images | Loading table_0_chair_1_leg_-0.19_-0.17_DIFFUSE
Fra:1 Mem:27.63M (Peak 36.82M) | Time:495254:47:09.03 | Mem:0.00M, Peak:0.00M | Scene | Synchronizing object | table_0_chair_1_leg_-0.19_-0.17
Fra:1 Mem:27.64M (Peak 36.82M) | Time:495254:47:09.03 | Mem:0.00M, Peak:0.00M | Scene | Initializing
Fra:1 Mem:27.63M (Peak 36.82M) | Time:495254:47:09.03 | Mem:0.00M, Peak:0.00M | Scene | Updating Images | Loading table_0_chair_1_leg_-0.19_-0.17_ROUGHNESS
Fra:1 Mem:27.66M (Peak 36.82M) | Time:495254:47:09.05 | Mem:0.00M, Peak:0.00M | Scene | Synchronizing object | table_0_chair_1_leg_-0.19_-0.17
Fra:1 Mem:27.66M (Peak 36.82M) | Time:495254:47:09.05 | Mem:0.00M, Peak:0.00M | Scene | Initializing
Fra:1 Mem:27.65M (Peak 36.82M) | Time:495254:47:09.05 | Mem:0.00M, Peak:0.00M | Scene | Updating Images | Loading table_0_chair_1_leg_-0.19_-0.17_NORMAL
Fra:1 Mem:27.65M (Peak 36.87M) | Time:495254:47:09.06 | Mem:0.00M, Peak:0.00M | Scene | Synchronizing object | table_0_chair_1_leg_-0.19_0.17
Fra:1 Mem:27.66M (Peak 36.87M) | Time:495254:47:09.06 | Mem:0.00M, Peak:0.00M | Scene | Initializing
Fra:1 Mem:27.65M (Peak 36.87M) | Time:495254:47:09.06 | Mem:0.00M, Peak:0.00M | Scene | Updating Images | Loading table_0_chair_1_leg_-0.19_0.17_METAL
Fra:1 Mem:27.69M (Peak 36.87M) | Time:495254:47:09.07 | Mem:0.00M, Peak:0.00M | Scene | Synchronizing object | table_0_chair_1_leg_-0.19_0.17
Fra:1 Mem:27.69M (Peak 36.87M) | Time:495254:47:09.07 | Mem:0.00M, Peak:0.00M | Scene | Initializing
Fra:1 Mem:27.68M (Peak 36.87M) | Time:495254:47:09.07 | Mem:0.00M, Peak:0.00M | Scene | Updating Images | Loading table_0_chair_1_leg_-0.19_0.17_DIFFUSE
Fra:1 Mem:27.71M (Peak 36.90M) | Time:495254:47:09.08 | Mem:0.00M, Peak:0.00M | Scene | Synchronizing object | table_0_chair_1_leg_-0.19_0.17
Fra:1 Mem:27.71M (Peak 36.90M) | Time:495254:47:09.08 | Mem:0.00M, Peak:0.00M | Scene | Initializing
Fra:1 Mem:27.71M (Peak 36.90M) | Time:495254:47:09.08 | Mem:0.00M, Peak:0.00M | Scene | Updating Images | Loading table_0_chair_1_leg_-0.19_0.17_ROUGHNESS
Fra:1 Mem:27.73M (Peak 36.90M) | Time:495254:47:09.10 | Mem:0.00M, Peak:0.00M | Scene | Synchronizing object | table_0_chair_1_leg_-0.19_0.17
Fra:1 Mem:27.73M (Peak 36.90M) | Time:495254:47:09.10 | Mem:0.00M, Peak:0.00M | Scene | Initializing
Fra:1 Mem:27.73M (Peak 36.90M) | Time:495254:47:09.10 | Mem:0.00M, Peak:0.00M | Scene | Updating Images | Loading table_0_chair_1_leg_-0.19_0.17_NORMAL
Fra:1 Mem:27.73M (Peak 36.94M) | Time:495254:47:09.11 | Mem:0.00M, Peak:0.00M | Scene | Synchronizing object | table_0_chair_1_leg_0.19_-0.17
Fra:1 Mem:27.73M (Peak 36.94M) | Time:495254:47:09.11 | Mem:0.00M, Peak:0.00M | Scene | Initializing
Fra:1 Mem:27.73M (Peak 36.94M) | Time:495254:47:09.11 | Mem:0.00M, Peak:0.00M | Scene | Updating Images | Loading table_0_chair_1_leg_0.19_-0.17_METAL
Fra:1 Mem:27.76M (Peak 36.94M) | Time:495254:47:09.12 | Mem:0.00M, Peak:0.00M | Scene | Synchronizing object | table_0_chair_1_leg_0.19_-0.17
Fra:1 Mem:27.76M (Peak 36.94M) | Time:495254:47:09.12 | Mem:0.00M, Peak:0.00M | Scene | Initializing
Fra:1 Mem:27.76M (Peak 36.94M) | Time:495254:47:09.12 | Mem:0.00M, Peak:0.00M | Scene | Updating Images | Loading table_0_chair_1_leg_0.19_-0.17_DIFFUSE
Fra:1 Mem:27.78M (Peak 36.97M) | Time:495254:47:09.13 | Mem:0.00M, Peak:0.00M | Scene | Synchronizing object | table_0_chair_1_leg_0.19_-0.17
Fra:1 Mem:27.78M (Peak 36.97M) | Time:495254:47:09.13 | Mem:0.00M, Peak:0.00M | Scene | Initializing
Fra:1 Mem:27.78M (Peak 36.97M) | Time:495254:47:09.13 | Mem:0.00M, Peak:0.00M | Scene | Updating Images | Loading table_0_chair_1_leg_0.19_-0.17_ROUGHNESS
Fra:1 Mem:27.80M (Peak 36.97M) | Time:495254:47:09.15 | Mem:0.00M, Peak:0.00M | Scene | Synchronizing object | table_0_chair_1_leg_0.19_-0.17
Fra:1 Mem:27.81M (Peak 36.97M) | Time:495254:47:09.15 | Mem:0.00M, Peak:0.00M | Scene | Initializing
Fra:1 Mem:27.80M (Peak 36.97M) | Time:495254:47:09.15 | Mem:0.00M, Peak:0.00M | Scene | Updating Images | Loading table_0_chair_1_leg_0.19_-0.17_NORMAL
Fra:1 Mem:27.80M (Peak 37.02M) | Time:495254:47:09.16 | Mem:0.00M, Peak:0.00M | Scene | Synchronizing object | table_0_chair_1_leg_0.19_0.17
Fra:1 Mem:27.80M (Peak 37.02M) | Time:495254:47:09.16 | Mem:0.00M, Peak:0.00M | Scene | Initializing
Fra:1 Mem:27.80M (Peak 37.02M) | Time:495254:47:09.16 | Mem:0.00M, Peak:0.00M | Scene | Updating Images | Loading table_0_chair_1_leg_0.19_0.17_METAL
Fra:1 Mem:27.83M (Peak 37.02M) | Time:495254:47:09.17 | Mem:0.00M, Peak:0.00M | Scene | Synchronizing object | table_0_chair_1_leg_0.19_0.17
Fra:1 Mem:27.83M (Peak 37.02M) | Time:495254:47:09.17 | Mem:0.00M, Peak:0.00M | Scene | Initializing
Fra:1 Mem:27.83M (Peak 37.02M) | Time:495254:47:09.17 | Mem:0.00M, Peak:0.00M | Scene | Updating Images | Loading table_0_chair_1_leg_0.19_0.17_DIFFUSE
Fra:1 Mem:27.86M (Peak 37.04M) | Time:495254:47:09.18 | Mem:0.00M, Peak:0.00M | Scene | Synchronizing object | table_0_chair_1_leg_0.19_0.17
Fra:1 Mem:27.86M (Peak 37.04M) | Time:495254:47:09.18 | Mem:0.00M, Peak:0.00M | Scene | Initializing
Fra:1 Mem:27.85M (Peak 37.04M) | Time:495254:47:09.18 | Mem:0.00M, Peak:0.00M | Scene | Updating Images | Loading table_0_chair_1_leg_0.19_0.17_ROUGHNESS
Fra:1 Mem:27.88M (Peak 37.04M) | Time:495254:47:09.20 | Mem:0.00M, Peak:0.00M | Scene | Synchronizing object | table_0_chair_1_leg_0.19_0.17
Fra:1 Mem:27.88M (Peak 37.04M) | Time:495254:47:09.20 | Mem:0.00M, Peak:0.00M | Scene | Initializing
Fra:1 Mem:27.87M (Peak 37.04M) | Time:495254:47:09.20 | Mem:0.00M, Peak:0.00M | Scene | Updating Images | Loading table_0_chair_1_leg_0.19_0.17_NORMAL
Fra:1 Mem:27.89M (Peak 37.09M) | Time:495254:47:09.21 | Mem:0.00M, Peak:0.00M | Scene | Synchronizing object | table_0_chair_1_seat
Fra:1 Mem:27.90M (Peak 37.09M) | Time:495254:47:09.21 | Mem:0.00M, Peak:0.00M | Scene | Initializing
Fra:1 Mem:27.90M (Peak 37.09M) | Time:495254:47:09.21 | Mem:0.00M, Peak:0.00M | Scene | Updating Images | Loading table_0_chair_1_seat_DIFFUSE
Fra:1 Mem:27.91M (Peak 37.12M) | Time:495254:47:09.22 | Mem:0.00M, Peak:0.00M | Scene | Synchronizing object | table_0_chair_1_seat
Fra:1 Mem:27.93M (Peak 37.12M) | Time:495254:47:09.22 | Mem:0.00M, Peak:0.00M | Scene | Initializing
Fra:1 Mem:27.92M (Peak 37.12M) | Time:495254:47:09.22 | Mem:0.00M, Peak:0.00M | Scene | Updating Images | Loading table_0_chair_1_seat_ROUGHNESS
Fra:1 Mem:27.94M (Peak 37.12M) | Time:495254:47:09.24 | Mem:0.00M, Peak:0.00M | Scene | Synchronizing object | table_0_chair_1_seat
Fra:1 Mem:27.95M (Peak 37.12M) | Time:495254:47:09.24 | Mem:0.00M, Peak:0.00M | Scene | Initializing
Fra:1 Mem:27.94M (Peak 37.12M) | Time:495254:47:09.24 | Mem:0.00M, Peak:0.00M | Scene | Updating Images | Loading table_0_chair_1_seat_NORMAL
Fra:1 Mem:27.96M (Peak 37.17M) | Time:495254:47:09.25 | Mem:0.00M, Peak:0.00M | Scene | Synchronizing object | table_0_chair_2_back
Fra:1 Mem:27.97M (Peak 37.17M) | Time:495254:47:09.25 | Mem:0.00M, Peak:0.00M | Scene | Initializing
Fra:1 Mem:27.96M (Peak 37.17M) | Time:495254:47:09.25 | Mem:0.00M, Peak:0.00M | Scene | Updating Images | Loading table_0_chair_2_back_DIFFUSE
Fra:1 Mem:27.98M (Peak 37.19M) | Time:495254:47:09.27 | Mem:0.00M, Peak:0.00M | Scene | Synchronizing object | table_0_chair_2_back
Fra:1 Mem:27.99M (Peak 37.19M) | Time:495254:47:09.27 | Mem:0.00M, Peak:0.00M | Scene | Initializing
Fra:1 Mem:27.99M (Peak 37.19M) | Time:495254:47:09.27 | Mem:0.00M, Peak:0.00M | Scene | Updating Images | Loading table_0_chair_2_back_ROUGHNESS
Fra:1 Mem:28.00M (Peak 37.19M) | Time:495254:47:09.28 | Mem:0.00M, Peak:0.00M | Scene | Synchronizing object | table_0_chair_2_back
Fra:1 Mem:28.01M (Peak 37.19M) | Time:495254:47:09.28 | Mem:0.00M, Peak:0.00M | Scene | Initializing
Fra:1 Mem:28.01M (Peak 37.19M) | Time:495254:47:09.28 | Mem:0.00M, Peak:0.00M | Scene | Updating Images | Loading table_0_chair_2_back_NORMAL
Fra:1 Mem:28.00M (Peak 37.23M) | Time:495254:47:09.29 | Mem:0.00M, Peak:0.00M | Scene | Synchronizing object | table_0_chair_2_leg_-0.19_-0.17
Fra:1 Mem:28.01M (Peak 37.23M) | Time:495254:47:09.29 | Mem:0.00M, Peak:0.00M | Scene | Initializing
Fra:1 Mem:28.00M (Peak 37.23M) | Time:495254:47:09.29 | Mem:0.00M, Peak:0.00M | Scene | Updating Images | Loading table_0_chair_2_leg_-0.19_-0.17_METAL
Fra:1 Mem:28.04M (Peak 37.23M) | Time:495254:47:09.30 | Mem:0.00M, Peak:0.00M | Scene | Synchronizing object | table_0_chair_2_leg_-0.19_-0.17
Fra:1 Mem:28.04M (Peak 37.23M) | Time:495254:47:09.30 | Mem:0.00M, Peak:0.00M | Scene | Initializing
Fra:1 Mem:28.03M (Peak 37.23M) | Time:495254:47:09.30 | Mem:0.00M, Peak:0.00M | Scene | Updating Images | Loading table_0_chair_2_leg_-0.19_-0.17_DIFFUSE
Fra:1 Mem:28.06M (Peak 37.25M) | Time:495254:47:09.32 | Mem:0.00M, Peak:0.00M | Scene | Synchronizing object | table_0_chair_2_leg_-0.19_-0.17
Fra:1 Mem:28.06M (Peak 37.25M) | Time:495254:47:09.32 | Mem:0.00M, Peak:0.00M | Scene | Initializing
Fra:1 Mem:28.06M (Peak 37.25M) | Time:495254:47:09.32 | Mem:0.00M, Peak:0.00M | Scene | Updating Images | Loading table_0_chair_2_leg_-0.19_-0.17_ROUGHNESS
Fra:1 Mem:28.08M (Peak 37.25M) | Time:495254:47:09.33 | Mem:0.00M, Peak:0.00M | Scene | Synchronizing object | table_0_chair_2_leg_-0.19_-0.17
Fra:1 Mem:28.08M (Peak 37.25M) | Time:495254:47:09.33 | Mem:0.00M, Peak:0.00M | Scene | Initializing
Fra:1 Mem:28.08M (Peak 37.25M) | Time:495254:47:09.33 | Mem:0.00M, Peak:0.00M | Scene | Updating Images | Loading table_0_chair_2_leg_-0.19_-0.17_NORMAL
Fra:1 Mem:28.08M (Peak 37.29M) | Time:495254:47:09.34 | Mem:0.00M, Peak:0.00M | Scene | Synchronizing object | table_0_chair_2_leg_-0.19_0.17
Fra:1 Mem:28.08M (Peak 37.29M) | Time:495254:47:09.34 | Mem:0.00M, Peak:0.00M | Scene | Initializing
Fra:1 Mem:28.08M (Peak 37.29M) | Time:495254:47:09.34 | Mem:0.00M, Peak:0.00M | Scene | Updating Images | Loading table_0_chair_2_leg_-0.19_0.17_METAL
Fra:1 Mem:28.11M (Peak 37.29M) | Time:495254:47:09.35 | Mem:0.00M, Peak:0.00M | Scene | Synchronizing object | table_0_chair_2_leg_-0.19_0.17
Fra:1 Mem:28.11M (Peak 37.29M) | Time:495254:47:09.35 | Mem:0.00M, Peak:0.00M | Scene | Initializing
Fra:1 Mem:28.11M (Peak 37.29M) | Time:495254:47:09.35 | Mem:0.00M, Peak:0.00M | Scene | Updating Images | Loading table_0_chair_2_leg_-0.19_0.17_DIFFUSE
Fra:1 Mem:28.13M (Peak 37.32M) | Time:495254:47:09.36 | Mem:0.00M, Peak:0.00M | Scene | Synchronizing object | table_0_chair_2_leg_-0.19_0.17
Fra:1 Mem:28.13M (Peak 37.32M) | Time:495254:47:09.36 | Mem:0.00M, Peak:0.00M | Scene | Initializing
Fra:1 Mem:28.13M (Peak 37.32M) | Time:495254:47:09.36 | Mem:0.00M, Peak:0.00M | Scene | Updating Images | Loading table_0_chair_2_leg_-0.19_0.17_ROUGHNESS
Fra:1 Mem:28.15M (Peak 37.32M) | Time:495254:47:09.38 | Mem:0.00M, Peak:0.00M | Scene | Synchronizing object | table_0_chair_2_leg_-0.19_0.17
Fra:1 Mem:28.15M (Peak 37.32M) | Time:495254:47:09.38 | Mem:0.00M, Peak:0.00M | Scene | Initializing
Fra:1 Mem:28.15M (Peak 37.32M) | Time:495254:47:09.38 | Mem:0.00M, Peak:0.00M | Scene | Updating Images | Loading table_0_chair_2_leg_-0.19_0.17_NORMAL
Fra:1 Mem:28.15M (Peak 37.36M) | Time:495254:47:09.39 | Mem:0.00M, Peak:0.00M | Scene | Synchronizing object | table_0_chair_2_leg_0.19_-0.17
Fra:1 Mem:28.15M (Peak 37.36M) | Time:495254:47:09.39 | Mem:0.00M, Peak:0.00M | Scene | Initializing
Fra:1 Mem:28.15M (Peak 37.36M) | Time:495254:47:09.39 | Mem:0.00M, Peak:0.00M | Scene | Updating Images | Loading table_0_chair_2_leg_0.19_-0.17_METAL
Fra:1 Mem:28.18M (Peak 37.36M) | Time:495254:47:09.40 | Mem:0.00M, Peak:0.00M | Scene | Synchronizing object | table_0_chair_2_leg_0.19_-0.17
Fra:1 Mem:28.18M (Peak 37.36M) | Time:495254:47:09.40 | Mem:0.00M, Peak:0.00M | Scene | Initializing
Fra:1 Mem:28.18M (Peak 37.36M) | Time:495254:47:09.40 | Mem:0.00M, Peak:0.00M | Scene | Updating Images | Loading table_0_chair_2_leg_0.19_-0.17_DIFFUSE
Fra:1 Mem:28.20M (Peak 37.39M) | Time:495254:47:09.41 | Mem:0.00M, Peak:0.00M | Scene | Synchronizing object | table_0_chair_2_leg_0.19_-0.17
Fra:1 Mem:28.21M (Peak 37.39M) | Time:495254:47:09.41 | Mem:0.00M, Peak:0.00M | Scene | Initializing
Fra:1 Mem:28.20M (Peak 37.39M) | Time:495254:47:09.41 | Mem:0.00M, Peak:0.00M | Scene | Updating Images | Loading table_0_chair_2_leg_0.19_-0.17_ROUGHNESS
Fra:1 Mem:28.23M (Peak 37.39M) | Time:495254:47:09.42 | Mem:0.00M, Peak:0.00M | Scene | Synchronizing object | table_0_chair_2_leg_0.19_-0.17
Fra:1 Mem:28.23M (Peak 37.39M) | Time:495254:47:09.42 | Mem:0.00M, Peak:0.00M | Scene | Initializing
Fra:1 Mem:28.22M (Peak 37.39M) | Time:495254:47:09.42 | Mem:0.00M, Peak:0.00M | Scene | Updating Images | Loading table_0_chair_2_leg_0.19_-0.17_NORMAL
Fra:1 Mem:28.22M (Peak 37.44M) | Time:495254:47:09.44 | Mem:0.00M, Peak:0.00M | Scene | Synchronizing object | table_0_chair_2_leg_0.19_0.17
Fra:1 Mem:28.23M (Peak 37.44M) | Time:495254:47:09.44 | Mem:0.00M, Peak:0.00M | Scene | Initializing
Fra:1 Mem:28.22M (Peak 37.44M) | Time:495254:47:09.44 | Mem:0.00M, Peak:0.00M | Scene | Updating Images | Loading table_0_chair_2_leg_0.19_0.17_METAL
Fra:1 Mem:28.26M (Peak 37.44M) | Time:495254:47:09.45 | Mem:0.00M, Peak:0.00M | Scene | Synchronizing object | table_0_chair_2_leg_0.19_0.17
Fra:1 Mem:28.26M (Peak 37.44M) | Time:495254:47:09.45 | Mem:0.00M, Peak:0.00M | Scene | Initializing
Fra:1 Mem:28.25M (Peak 37.44M) | Time:495254:47:09.45 | Mem:0.00M, Peak:0.00M | Scene | Updating Images | Loading table_0_chair_2_leg_0.19_0.17_DIFFUSE
Fra:1 Mem:28.28M (Peak 37.47M) | Time:495254:47:09.46 | Mem:0.00M, Peak:0.00M | Scene | Synchronizing object | table_0_chair_2_leg_0.19_0.17
Fra:1 Mem:28.28M (Peak 37.47M) | Time:495254:47:09.46 | Mem:0.00M, Peak:0.00M | Scene | Initializing
Fra:1 Mem:28.28M (Peak 37.47M) | Time:495254:47:09.46 | Mem:0.00M, Peak:0.00M | Scene | Updating Images | Loading table_0_chair_2_leg_0.19_0.17_ROUGHNESS
Fra:1 Mem:28.30M (Peak 37.47M) | Time:495254:47:09.47 | Mem:0.00M, Peak:0.00M | Scene | Synchronizing object | table_0_chair_2_leg_0.19_0.17
Fra:1 Mem:28.30M (Peak 37.47M) | Time:495254:47:09.47 | Mem:0.00M, Peak:0.00M | Scene | Initializing
Fra:1 Mem:28.30M (Peak 37.47M) | Time:495254:47:09.47 | Mem:0.00M, Peak:0.00M | Scene | Updating Images | Loading table_0_chair_2_leg_0.19_0.17_NORMAL
Fra:1 Mem:28.31M (Peak 37.51M) | Time:495254:47:09.49 | Mem:0.00M, Peak:0.00M | Scene | Synchronizing object | table_0_chair_2_seat
Fra:1 Mem:28.33M (Peak 37.51M) | Time:495254:47:09.49 | Mem:0.00M, Peak:0.00M | Scene | Initializing
Fra:1 Mem:28.32M (Peak 37.51M) | Time:495254:47:09.49 | Mem:0.00M, Peak:0.00M | Scene | Updating Images | Loading table_0_chair_2_seat_DIFFUSE
Fra:1 Mem:28.34M (Peak 37.55M) | Time:495254:47:09.50 | Mem:0.00M, Peak:0.00M | Scene | Synchronizing object | table_0_chair_2_seat
Fra:1 Mem:28.35M (Peak 37.55M) | Time:495254:47:09.50 | Mem:0.00M, Peak:0.00M | Scene | Initializing
Fra:1 Mem:28.34M (Peak 37.55M) | Time:495254:47:09.50 | Mem:0.00M, Peak:0.00M | Scene | Updating Images | Loading table_0_chair_2_seat_ROUGHNESS
Fra:1 Mem:28.36M (Peak 37.55M) | Time:495254:47:09.52 | Mem:0.00M, Peak:0.00M | Scene | Synchronizing object | table_0_chair_2_seat
Fra:1 Mem:28.37M (Peak 37.55M) | Time:495254:47:09.52 | Mem:0.00M, Peak:0.00M | Scene | Initializing
Fra:1 Mem:28.37M (Peak 37.55M) | Time:495254:47:09.52 | Mem:0.00M, Peak:0.00M | Scene | Updating Images | Loading table_0_chair_2_seat_NORMAL
Fra:1 Mem:28.38M (Peak 37.59M) | Time:495254:47:09.53 | Mem:0.00M, Peak:0.00M | Scene | Synchronizing object | table_0_chair_3_back
Fra:1 Mem:28.39M (Peak 37.59M) | Time:495254:47:09.53 | Mem:0.00M, Peak:0.00M | Scene | Initializing
Fra:1 Mem:28.39M (Peak 37.59M) | Time:495254:47:09.53 | Mem:0.00M, Peak:0.00M | Scene | Updating Images | Loading table_0_chair_3_back_DIFFUSE
Fra:1 Mem:28.40M (Peak 37.61M) | Time:495254:47:09.54 | Mem:0.00M, Peak:0.00M | Scene | Synchronizing object | table_0_chair_3_back
Fra:1 Mem:28.41M (Peak 37.61M) | Time:495254:47:09.54 | Mem:0.00M, Peak:0.00M | Scene | Initializing
Fra:1 Mem:28.41M (Peak 37.61M) | Time:495254:47:09.54 | Mem:0.00M, Peak:0.00M | Scene | Updating Images | Loading table_0_chair_3_back_ROUGHNESS
Fra:1 Mem:28.42M (Peak 37.61M) | Time:495254:47:09.56 | Mem:0.00M, Peak:0.00M | Scene | Synchronizing object | table_0_chair_3_back
Fra:1 Mem:28.44M (Peak 37.61M) | Time:495254:47:09.56 | Mem:0.00M, Peak:0.00M | Scene | Initializing
Fra:1 Mem:28.43M (Peak 37.61M) | Time:495254:47:09.56 | Mem:0.00M, Peak:0.00M | Scene | Updating Images | Loading table_0_chair_3_back_NORMAL
Fra:1 Mem:28.43M (Peak 37.66M) | Time:495254:47:09.57 | Mem:0.00M, Peak:0.00M | Scene | Synchronizing object | table_0_chair_3_leg_-0.19_-0.17
Fra:1 Mem:28.43M (Peak 37.66M) | Time:495254:47:09.57 | Mem:0.00M, Peak:0.00M | Scene | Initializing
Fra:1 Mem:28.43M (Peak 37.66M) | Time:495254:47:09.57 | Mem:0.00M, Peak:0.00M | Scene | Updating Images | Loading table_0_chair_3_leg_-0.19_-0.17_METAL
Fra:1 Mem:28.46M (Peak 37.66M) | Time:495254:47:09.58 | Mem:0.00M, Peak:0.00M | Scene | Synchronizing object | table_0_chair_3_leg_-0.19_-0.17
Fra:1 Mem:28.46M (Peak 37.66M) | Time:495254:47:09.58 | Mem:0.00M, Peak:0.00M | Scene | Initializing
Fra:1 Mem:28.46M (Peak 37.66M) | Time:495254:47:09.58 | Mem:0.00M, Peak:0.00M | Scene | Updating Images | Loading table_0_chair_3_leg_-0.19_-0.17_DIFFUSE
Fra:1 Mem:28.48M (Peak 37.67M) | Time:495254:47:09.60 | Mem:0.00M, Peak:0.00M | Scene | Synchronizing object | table_0_chair_3_leg_-0.19_-0.17
Fra:1 Mem:28.48M (Peak 37.67M) | Time:495254:47:09.60 | Mem:0.00M, Peak:0.00M | Scene | Initializing
Fra:1 Mem:28.48M (Peak 37.67M) | Time:495254:47:09.60 | Mem:0.00M, Peak:0.00M | Scene | Updating Images | Loading table_0_chair_3_leg_-0.19_-0.17_ROUGHNESS
Fra:1 Mem:28.50M (Peak 37.67M) | Time:495254:47:09.61 | Mem:0.00M, Peak:0.00M | Scene | Synchronizing object | table_0_chair_3_leg_-0.19_-0.17
Fra:1 Mem:28.50M (Peak 37.67M) | Time:495254:47:09.61 | Mem:0.00M, Peak:0.00M | Scene | Initializing
Fra:1 Mem:28.50M (Peak 37.67M) | Time:495254:47:09.61 | Mem:0.00M, Peak:0.00M | Scene | Updating Images | Loading table_0_chair_3_leg_-0.19_-0.17_NORMAL
Fra:1 Mem:28.50M (Peak 37.71M) | Time:495254:47:09.62 | Mem:0.00M, Peak:0.00M | Scene | Synchronizing object | table_0_chair_3_leg_-0.19_0.17
Fra:1 Mem:28.50M (Peak 37.71M) | Time:495254:47:09.62 | Mem:0.00M, Peak:0.00M | Scene | Initializing
Fra:1 Mem:28.50M (Peak 37.71M) | Time:495254:47:09.62 | Mem:0.00M, Peak:0.00M | Scene | Updating Images | Loading table_0_chair_3_leg_-0.19_0.17_METAL
Fra:1 Mem:28.53M (Peak 37.71M) | Time:495254:47:09.63 | Mem:0.00M, Peak:0.00M | Scene | Synchronizing object | table_0_chair_3_leg_-0.19_0.17
Fra:1 Mem:28.53M (Peak 37.71M) | Time:495254:47:09.63 | Mem:0.00M, Peak:0.00M | Scene | Initializing
Fra:1 Mem:28.53M (Peak 37.71M) | Time:495254:47:09.63 | Mem:0.00M, Peak:0.00M | Scene | Updating Images | Loading table_0_chair_3_leg_-0.19_0.17_DIFFUSE
Fra:1 Mem:28.55M (Peak 37.74M) | Time:495254:47:09.64 | Mem:0.00M, Peak:0.00M | Scene | Synchronizing object | table_0_chair_3_leg_-0.19_0.17
Fra:1 Mem:28.56M (Peak 37.74M) | Time:495254:47:09.64 | Mem:0.00M, Peak:0.00M | Scene | Initializing
Fra:1 Mem:28.55M (Peak 37.74M) | Time:495254:47:09.64 | Mem:0.00M, Peak:0.00M | Scene | Updating Images | Loading table_0_chair_3_leg_-0.19_0.17_ROUGHNESS
Fra:1 Mem:28.58M (Peak 37.74M) | Time:495254:47:09.65 | Mem:0.00M, Peak:0.00M | Scene | Synchronizing object | table_0_chair_3_leg_-0.19_0.17
Fra:1 Mem:28.58M (Peak 37.74M) | Time:495254:47:09.65 | Mem:0.00M, Peak:0.00M | Scene | Initializing
Fra:1 Mem:28.57M (Peak 37.74M) | Time:495254:47:09.65 | Mem:0.00M, Peak:0.00M | Scene | Updating Images | Loading table_0_chair_3_leg_-0.19_0.17_NORMAL
Fra:1 Mem:28.57M (Peak 37.79M) | Time:495254:47:09.67 | Mem:0.00M, Peak:0.00M | Scene | Synchronizing object | table_0_chair_3_leg_0.19_-0.17
Fra:1 Mem:28.58M (Peak 37.79M) | Time:495254:47:09.67 | Mem:0.00M, Peak:0.00M | Scene | Initializing
Fra:1 Mem:28.57M (Peak 37.79M) | Time:495254:47:09.67 | Mem:0.00M, Peak:0.00M | Scene | Updating Images | Loading table_0_chair_3_leg_0.19_-0.17_METAL
Fra:1 Mem:28.61M (Peak 37.79M) | Time:495254:47:09.68 | Mem:0.00M, Peak:0.00M | Scene | Synchronizing object | table_0_chair_3_leg_0.19_-0.17
Fra:1 Mem:28.61M (Peak 37.79M) | Time:495254:47:09.68 | Mem:0.00M, Peak:0.00M | Scene | Initializing
Fra:1 Mem:28.60M (Peak 37.79M) | Time:495254:47:09.68 | Mem:0.00M, Peak:0.00M | Scene | Updating Images | Loading table_0_chair_3_leg_0.19_-0.17_DIFFUSE
Fra:1 Mem:28.63M (Peak 37.82M) | Time:495254:47:09.69 | Mem:0.00M, Peak:0.00M | Scene | Synchronizing object | table_0_chair_3_leg_0.19_-0.17
Fra:1 Mem:28.63M (Peak 37.82M) | Time:495254:47:09.69 | Mem:0.00M, Peak:0.00M | Scene | Initializing
Fra:1 Mem:28.63M (Peak 37.82M) | Time:495254:47:09.69 | Mem:0.00M, Peak:0.00M | Scene | Updating Images | Loading table_0_chair_3_leg_0.19_-0.17_ROUGHNESS
Fra:1 Mem:28.65M (Peak 37.82M) | Time:495254:47:09.70 | Mem:0.00M, Peak:0.00M | Scene | Synchronizing object | table_0_chair_3_leg_0.19_-0.17
Fra:1 Mem:28.65M (Peak 37.82M) | Time:495254:47:09.70 | Mem:0.00M, Peak:0.00M | Scene | Initializing
Fra:1 Mem:28.65M (Peak 37.82M) | Time:495254:47:09.70 | Mem:0.00M, Peak:0.00M | Scene | Updating Images | Loading table_0_chair_3_leg_0.19_-0.17_NORMAL
Fra:1 Mem:28.65M (Peak 37.86M) | Time:495254:47:09.71 | Mem:0.00M, Peak:0.00M | Scene | Synchronizing object | table_0_chair_3_leg_0.19_0.17
Fra:1 Mem:28.65M (Peak 37.86M) | Time:495254:47:09.71 | Mem:0.00M, Peak:0.00M | Scene | Initializing
Fra:1 Mem:28.65M (Peak 37.86M) | Time:495254:47:09.71 | Mem:0.00M, Peak:0.00M | Scene | Updating Images | Loading table_0_chair_3_leg_0.19_0.17_METAL
Fra:1 Mem:28.68M (Peak 37.86M) | Time:495254:47:09.73 | Mem:0.00M, Peak:0.00M | Scene | Synchronizing object | table_0_chair_3_leg_0.19_0.17
Fra:1 Mem:28.68M (Peak 37.86M) | Time:495254:47:09.73 | Mem:0.00M, Peak:0.00M | Scene | Initializing
Fra:1 Mem:28.68M (Peak 37.86M) | Time:495254:47:09.73 | Mem:0.00M, Peak:0.00M | Scene | Updating Images | Loading table_0_chair_3_leg_0.19_0.17_DIFFUSE
Fra:1 Mem:28.70M (Peak 37.89M) | Time:495254:47:09.74 | Mem:0.00M, Peak:0.00M | Scene | Synchronizing object | table_0_chair_3_leg_0.19_0.17
Fra:1 Mem:28.70M (Peak 37.89M) | Time:495254:47:09.74 | Mem:0.00M, Peak:0.00M | Scene | Initializing
Fra:1 Mem:28.70M (Peak 37.89M) | Time:495254:47:09.74 | Mem:0.00M, Peak:0.00M | Scene | Updating Images | Loading table_0_chair_3_leg_0.19_0.17_ROUGHNESS
Fra:1 Mem:28.72M (Peak 37.89M) | Time:495254:47:09.75 | Mem:0.00M, Peak:0.00M | Scene | Synchronizing object | table_0_chair_3_leg_0.19_0.17
Fra:1 Mem:28.72M (Peak 37.89M) | Time:495254:47:09.75 | Mem:0.00M, Peak:0.00M | Scene | Initializing
Fra:1 Mem:28.72M (Peak 37.89M) | Time:495254:47:09.75 | Mem:0.00M, Peak:0.00M | Scene | Updating Images | Loading table_0_chair_3_leg_0.19_0.17_NORMAL
Fra:1 Mem:28.74M (Peak 37.93M) | Time:495254:47:09.76 | Mem:0.00M, Peak:0.00M | Scene | Synchronizing object | table_0_chair_3_seat
Fra:1 Mem:28.75M (Peak 37.93M) | Time:495254:47:09.76 | Mem:0.00M, Peak:0.00M | Scene | Initializing
Fra:1 Mem:28.74M (Peak 37.93M) | Time:495254:47:09.76 | Mem:0.00M, Peak:0.00M | Scene | Updating Images | Loading table_0_chair_3_seat_DIFFUSE
Fra:1 Mem:28.76M (Peak 37.97M) | Time:495254:47:09.78 | Mem:0.00M, Peak:0.00M | Scene | Synchronizing object | table_0_chair_3_seat
Fra:1 Mem:28.77M (Peak 37.97M) | Time:495254:47:09.78 | Mem:0.00M, Peak:0.00M | Scene | Initializing
Fra:1 Mem:28.77M (Peak 37.97M) | Time:495254:47:09.78 | Mem:0.00M, Peak:0.00M | Scene | Updating Images | Loading table_0_chair_3_seat_ROUGHNESS
Fra:1 Mem:28.78M (Peak 37.97M) | Time:495254:47:09.79 | Mem:0.00M, Peak:0.00M | Scene | Synchronizing object | table_0_chair_3_seat
Fra:1 Mem:28.79M (Peak 37.97M) | Time:495254:47:09.79 | Mem:0.00M, Peak:0.00M | Scene | Initializing
Fra:1 Mem:28.79M (Peak 37.97M) | Time:495254:47:09.79 | Mem:0.00M, Peak:0.00M | Scene | Updating Images | Loading table_0_chair_3_seat_NORMAL
Fra:1 Mem:28.79M (Peak 38.01M) | Time:495254:47:09.80 | Mem:0.00M, Peak:0.00M | Scene | Synchronizing object | table_0_green_tray
Fra:1 Mem:28.79M (Peak 38.01M) | Time:495254:47:09.80 | Mem:0.00M, Peak:0.00M | Scene | Initializing
Fra:1 Mem:28.79M (Peak 38.01M) | Time:495254:47:09.80 | Mem:0.00M, Peak:0.00M | Scene | Updating Images | Loading table_0_green_tray_DIFFUSE
Fra:1 Mem:28.82M (Peak 38.01M) | Time:495254:47:09.82 | Mem:0.00M, Peak:0.00M | Scene | Synchronizing object | table_0_green_tray
Fra:1 Mem:28.82M (Peak 38.01M) | Time:495254:47:09.82 | Mem:0.00M, Peak:0.00M | Scene | Initializing
Fra:1 Mem:28.81M (Peak 38.01M) | Time:495254:47:09.82 | Mem:0.00M, Peak:0.00M | Scene | Updating Images | Loading table_0_green_tray_ROUGHNESS
Fra:1 Mem:28.84M (Peak 38.01M) | Time:495254:47:09.83 | Mem:0.00M, Peak:0.00M | Scene | Synchronizing object | table_0_green_tray
Fra:1 Mem:28.84M (Peak 38.01M) | Time:495254:47:09.83 | Mem:0.00M, Peak:0.00M | Scene | Initializing
Fra:1 Mem:28.83M (Peak 38.01M) | Time:495254:47:09.83 | Mem:0.00M, Peak:0.00M | Scene | Updating Images | Loading table_0_green_tray_NORMAL
Fra:1 Mem:28.86M (Peak 38.05M) | Time:495254:47:09.84 | Mem:0.00M, Peak:0.00M | Scene | Synchronizing object | table_0_paper_cup
Fra:1 Mem:28.86M (Peak 38.05M) | Time:495254:47:09.84 | Mem:0.00M, Peak:0.00M | Scene | Initializing
Fra:1 Mem:28.86M (Peak 38.05M) | Time:495254:47:09.84 | Mem:0.00M, Peak:0.00M | Scene | Updating Images | Loading table_0_paper_cup_DIFFUSE
Fra:1 Mem:28.88M (Peak 38.07M) | Time:495254:47:09.86 | Mem:0.00M, Peak:0.00M | Scene | Synchronizing object | table_0_paper_cup
Fra:1 Mem:28.89M (Peak 38.07M) | Time:495254:47:09.86 | Mem:0.00M, Peak:0.00M | Scene | Initializing
Fra:1 Mem:28.88M (Peak 38.07M) | Time:495254:47:09.86 | Mem:0.00M, Peak:0.00M | Scene | Updating Images | Loading table_0_paper_cup_ROUGHNESS
Fra:1 Mem:28.90M (Peak 38.07M) | Time:495254:47:09.87 | Mem:0.00M, Peak:0.00M | Scene | Synchronizing object | table_0_paper_cup
Fra:1 Mem:28.91M (Peak 38.07M) | Time:495254:47:09.87 | Mem:0.00M, Peak:0.00M | Scene | Initializing
Fra:1 Mem:28.90M (Peak 38.07M) | Time:495254:47:09.87 | Mem:0.00M, Peak:0.00M | Scene | Updating Images | Loading table_0_paper_cup_NORMAL
Fra:1 Mem:28.92M (Peak 38.12M) | Time:495254:47:09.88 | Mem:0.00M, Peak:0.00M | Scene | Synchronizing object | table_0_round_table_base
Fra:1 Mem:28.93M (Peak 38.12M) | Time:495254:47:09.88 | Mem:0.00M, Peak:0.00M | Scene | Initializing
Fra:1 Mem:28.92M (Peak 38.12M) | Time:495254:47:09.88 | Mem:0.00M, Peak:0.00M | Scene | Updating Images | Loading table_0_round_table_base_METAL
Fra:1 Mem:28.95M (Peak 38.14M) | Time:495254:47:09.90 | Mem:0.00M, Peak:0.00M | Scene | Synchronizing object | table_0_round_table_base
Fra:1 Mem:28.96M (Peak 38.14M) | Time:495254:47:09.90 | Mem:0.00M, Peak:0.00M | Scene | Initializing
Fra:1 Mem:28.96M (Peak 38.14M) | Time:495254:47:09.90 | Mem:0.00M, Peak:0.00M | Scene | Updating Images | Loading table_0_round_table_base_DIFFUSE
Fra:1 Mem:28.98M (Peak 38.17M) | Time:495254:47:09.91 | Mem:0.00M, Peak:0.00M | Scene | Synchronizing object | table_0_round_table_base
Fra:1 Mem:28.98M (Peak 38.17M) | Time:495254:47:09.91 | Mem:0.00M, Peak:0.00M | Scene | Initializing
Fra:1 Mem:28.98M (Peak 38.17M) | Time:495254:47:09.91 | Mem:0.00M, Peak:0.00M | Scene | Updating Images | Loading table_0_round_table_base_ROUGHNESS
Fra:1 Mem:29.00M (Peak 38.17M) | Time:495254:47:09.92 | Mem:0.00M, Peak:0.00M | Scene | Synchronizing object | table_0_round_table_base
Fra:1 Mem:29.00M (Peak 38.17M) | Time:495254:47:09.92 | Mem:0.00M, Peak:0.00M | Scene | Initializing
Fra:1 Mem:29.00M (Peak 38.17M) | Time:495254:47:09.92 | Mem:0.00M, Peak:0.00M | Scene | Updating Images | Loading table_0_round_table_base_NORMAL
Fra:1 Mem:29.00M (Peak 38.22M) | Time:495254:47:09.94 | Mem:0.00M, Peak:0.00M | Scene | Synchronizing object | table_0_sandwich_half_a
Fra:1 Mem:29.00M (Peak 38.22M) | Time:495254:47:09.94 | Mem:0.00M, Peak:0.00M | Scene | Initializing
Fra:1 Mem:29.00M (Peak 38.22M) | Time:495254:47:09.94 | Mem:0.00M, Peak:0.00M | Scene | Updating Images | Loading table_0_sandwich_half_a_DIFFUSE
Fra:1 Mem:29.03M (Peak 38.22M) | Time:495254:47:09.95 | Mem:0.00M, Peak:0.00M | Scene | Synchronizing object | table_0_sandwich_half_a
Fra:1 Mem:29.03M (Peak 38.22M) | Time:495254:47:09.95 | Mem:0.00M, Peak:0.00M | Scene | Initializing
Fra:1 Mem:29.02M (Peak 38.22M) | Time:495254:47:09.95 | Mem:0.00M, Peak:0.00M | Scene | Updating Images | Loading table_0_sandwich_half_a_ROUGHNESS
Fra:1 Mem:29.05M (Peak 38.22M) | Time:495254:47:09.96 | Mem:0.00M, Peak:0.00M | Scene | Synchronizing object | table_0_sandwich_half_a
Fra:1 Mem:29.05M (Peak 38.22M) | Time:495254:47:09.96 | Mem:0.00M, Peak:0.00M | Scene | Initializing
Fra:1 Mem:29.05M (Peak 38.22M) | Time:495254:47:09.96 | Mem:0.00M, Peak:0.00M | Scene | Updating Images | Loading table_0_sandwich_half_a_NORMAL
Fra:1 Mem:29.07M (Peak 38.26M) | Time:495254:47:09.98 | Mem:0.00M, Peak:0.00M | Scene | Synchronizing object | table_0_sandwich_half_b
Fra:1 Mem:29.07M (Peak 38.26M) | Time:495254:47:09.98 | Mem:0.00M, Peak:0.00M | Scene | Initializing
Fra:1 Mem:29.07M (Peak 38.26M) | Time:495254:47:09.98 | Mem:0.00M, Peak:0.00M | Scene | Updating Images | Loading table_0_sandwich_half_b_DIFFUSE
Fra:1 Mem:29.09M (Peak 38.28M) | Time:495254:47:09.99 | Mem:0.00M, Peak:0.00M | Scene | Synchronizing object | table_0_sandwich_half_b
Fra:1 Mem:29.09M (Peak 38.28M) | Time:495254:47:09.99 | Mem:0.00M, Peak:0.00M | Scene | Initializing
Fra:1 Mem:29.09M (Peak 38.28M) | Time:495254:47:09.99 | Mem:0.00M, Peak:0.00M | Scene | Updating Images | Loading table_0_sandwich_half_b_ROUGHNESS
Fra:1 Mem:29.11M (Peak 38.28M) | Time:495254:47:10.00 | Mem:0.00M, Peak:0.00M | Scene | Synchronizing object | table_0_sandwich_half_b
Fra:1 Mem:29.11M (Peak 38.28M) | Time:495254:47:10.00 | Mem:0.00M, Peak:0.00M | Scene | Initializing
Fra:1 Mem:29.11M (Peak 38.28M) | Time:495254:47:10.00 | Mem:0.00M, Peak:0.00M | Scene | Updating Images | Loading table_0_sandwich_half_b_NORMAL
Fra:1 Mem:29.13M (Peak 38.32M) | Time:495254:47:10.02 | Mem:0.00M, Peak:0.00M | Scene | Synchronizing object | table_0_sandwich_plate
Fra:1 Mem:29.13M (Peak 38.32M) | Time:495254:47:10.02 | Mem:0.00M, Peak:0.00M | Scene | Initializing
Fra:1 Mem:29.13M (Peak 38.32M) | Time:495254:47:10.02 | Mem:0.00M, Peak:0.00M | Scene | Updating Images | Loading table_0_sandwich_plate_DIFFUSE
Fra:1 Mem:29.16M (Peak 38.34M) | Time:495254:47:10.03 | Mem:0.00M, Peak:0.00M | Scene | Synchronizing object | table_0_sandwich_plate
Fra:1 Mem:29.16M (Peak 38.34M) | Time:495254:47:10.03 | Mem:0.00M, Peak:0.00M | Scene | Initializing
Fra:1 Mem:29.15M (Peak 38.34M) | Time:495254:47:10.03 | Mem:0.00M, Peak:0.00M | Scene | Updating Images | Loading table_0_sandwich_plate_ROUGHNESS
Fra:1 Mem:29.18M (Peak 38.34M) | Time:495254:47:10.04 | Mem:0.00M, Peak:0.00M | Scene | Synchronizing object | table_0_sandwich_plate
Fra:1 Mem:29.18M (Peak 38.34M) | Time:495254:47:10.04 | Mem:0.00M, Peak:0.00M | Scene | Initializing
Fra:1 Mem:29.17M (Peak 38.34M) | Time:495254:47:10.04 | Mem:0.00M, Peak:0.00M | Scene | Updating Images | Loading table_0_sandwich_plate_NORMAL
Fra:1 Mem:29.21M (Peak 38.39M) | Time:495254:47:10.05 | Mem:0.00M, Peak:0.00M | Scene | Synchronizing object | table_0_square_tabletop
Fra:1 Mem:29.22M (Peak 38.39M) | Time:495254:47:10.05 | Mem:0.00M, Peak:0.00M | Scene | Initializing
Fra:1 Mem:29.22M (Peak 38.39M) | Time:495254:47:10.05 | Mem:0.00M, Peak:0.00M | Scene | Updating Images | Loading table_0_square_tabletop_DIFFUSE
Fra:1 Mem:29.23M (Peak 38.44M) | Time:495254:47:10.07 | Mem:0.00M, Peak:0.00M | Scene | Synchronizing object | table_0_square_tabletop
Fra:1 Mem:29.24M (Peak 38.44M) | Time:495254:47:10.07 | Mem:0.00M, Peak:0.00M | Scene | Initializing
Fra:1 Mem:29.24M (Peak 38.44M) | Time:495254:47:10.07 | Mem:0.00M, Peak:0.00M | Scene | Updating Images | Loading table_0_square_tabletop_ROUGHNESS
Fra:1 Mem:29.25M (Peak 38.44M) | Time:495254:47:10.08 | Mem:0.00M, Peak:0.00M | Scene | Synchronizing object | table_0_square_tabletop
Fra:1 Mem:29.26M (Peak 38.44M) | Time:495254:47:10.08 | Mem:0.00M, Peak:0.00M | Scene | Initializing
Fra:1 Mem:29.26M (Peak 38.44M) | Time:495254:47:10.08 | Mem:0.00M, Peak:0.00M | Scene | Updating Images | Loading table_0_square_tabletop_NORMAL
Fra:1 Mem:29.26M (Peak 38.48M) | Time:495254:47:10.09 | Mem:0.00M, Peak:0.00M | Scene | Synchronizing object | table_1_central_pedestal
Fra:1 Mem:29.26M (Peak 38.48M) | Time:495254:47:10.09 | Mem:0.00M, Peak:0.00M | Scene | Initializing
Fra:1 Mem:29.26M (Peak 38.48M) | Time:495254:47:10.09 | Mem:0.00M, Peak:0.00M | Scene | Updating Images | Loading table_1_central_pedestal_METAL
Fra:1 Mem:29.29M (Peak 38.48M) | Time:495254:47:10.11 | Mem:0.00M, Peak:0.00M | Scene | Synchronizing object | table_1_central_pedestal
Fra:1 Mem:29.29M (Peak 38.48M) | Time:495254:47:10.11 | Mem:0.00M, Peak:0.00M | Scene | Initializing
Fra:1 Mem:29.29M (Peak 38.48M) | Time:495254:47:10.11 | Mem:0.00M, Peak:0.00M | Scene | Updating Images | Loading table_1_central_pedestal_DIFFUSE
Fra:1 Mem:29.31M (Peak 38.50M) | Time:495254:47:10.12 | Mem:0.00M, Peak:0.00M | Scene | Synchronizing object | table_1_central_pedestal
Fra:1 Mem:29.31M (Peak 38.50M) | Time:495254:47:10.12 | Mem:0.00M, Peak:0.00M | Scene | Initializing
Fra:1 Mem:29.31M (Peak 38.50M) | Time:495254:47:10.12 | Mem:0.00M, Peak:0.00M | Scene | Updating Images | Loading table_1_central_pedestal_ROUGHNESS
Fra:1 Mem:29.33M (Peak 38.50M) | Time:495254:47:10.13 | Mem:0.00M, Peak:0.00M | Scene | Synchronizing object | table_1_central_pedestal
Fra:1 Mem:29.34M (Peak 38.50M) | Time:495254:47:10.13 | Mem:0.00M, Peak:0.00M | Scene | Initializing
Fra:1 Mem:29.33M (Peak 38.50M) | Time:495254:47:10.13 | Mem:0.00M, Peak:0.00M | Scene | Updating Images | Loading table_1_central_pedestal_NORMAL
Fra:1 Mem:29.35M (Peak 38.55M) | Time:495254:47:10.15 | Mem:0.00M, Peak:0.00M | Scene | Synchronizing object | table_1_chair_0_back
Fra:1 Mem:29.36M (Peak 38.55M) | Time:495254:47:10.15 | Mem:0.00M, Peak:0.00M | Scene | Initializing
Fra:1 Mem:29.36M (Peak 38.55M) | Time:495254:47:10.15 | Mem:0.00M, Peak:0.00M | Scene | Updating Images | Loading table_1_chair_0_back_DIFFUSE
Fra:1 Mem:29.37M (Peak 38.58M) | Time:495254:47:10.16 | Mem:0.00M, Peak:0.00M | Scene | Synchronizing object | table_1_chair_0_back
Fra:1 Mem:29.38M (Peak 38.58M) | Time:495254:47:10.16 | Mem:0.00M, Peak:0.00M | Scene | Initializing
Fra:1 Mem:29.38M (Peak 38.58M) | Time:495254:47:10.16 | Mem:0.00M, Peak:0.00M | Scene | Updating Images | Loading table_1_chair_0_back_ROUGHNESS
Fra:1 Mem:29.39M (Peak 38.58M) | Time:495254:47:10.17 | Mem:0.00M, Peak:0.00M | Scene | Synchronizing object | table_1_chair_0_back
Fra:1 Mem:29.40M (Peak 38.58M) | Time:495254:47:10.17 | Mem:0.00M, Peak:0.00M | Scene | Initializing
Fra:1 Mem:29.40M (Peak 38.58M) | Time:495254:47:10.17 | Mem:0.00M, Peak:0.00M | Scene | Updating Images | Loading table_1_chair_0_back_NORMAL
Fra:1 Mem:29.39M (Peak 38.62M) | Time:495254:47:10.19 | Mem:0.00M, Peak:0.00M | Scene | Synchronizing object | table_1_chair_0_leg_-0.19_-0.17
Fra:1 Mem:29.40M (Peak 38.62M) | Time:495254:47:10.19 | Mem:0.00M, Peak:0.00M | Scene | Initializing
Fra:1 Mem:29.39M (Peak 38.62M) | Time:495254:47:10.19 | Mem:0.00M, Peak:0.00M | Scene | Updating Images | Loading table_1_chair_0_leg_-0.19_-0.17_METAL
Fra:1 Mem:29.43M (Peak 38.62M) | Time:495254:47:10.20 | Mem:0.00M, Peak:0.00M | Scene | Synchronizing object | table_1_chair_0_leg_-0.19_-0.17
Fra:1 Mem:29.43M (Peak 38.62M) | Time:495254:47:10.20 | Mem:0.00M, Peak:0.00M | Scene | Initializing
Fra:1 Mem:29.42M (Peak 38.62M) | Time:495254:47:10.20 | Mem:0.00M, Peak:0.00M | Scene | Updating Images | Loading table_1_chair_0_leg_-0.19_-0.17_DIFFUSE
Fra:1 Mem:29.45M (Peak 38.64M) | Time:495254:47:10.21 | Mem:0.00M, Peak:0.00M | Scene | Synchronizing object | table_1_chair_0_leg_-0.19_-0.17
Fra:1 Mem:29.45M (Peak 38.64M) | Time:495254:47:10.21 | Mem:0.00M, Peak:0.00M | Scene | Initializing
Fra:1 Mem:29.45M (Peak 38.64M) | Time:495254:47:10.21 | Mem:0.00M, Peak:0.00M | Scene | Updating Images | Loading table_1_chair_0_leg_-0.19_-0.17_ROUGHNESS
Fra:1 Mem:29.47M (Peak 38.64M) | Time:495254:47:10.22 | Mem:0.00M, Peak:0.00M | Scene | Synchronizing object | table_1_chair_0_leg_-0.19_-0.17
Fra:1 Mem:29.47M (Peak 38.64M) | Time:495254:47:10.22 | Mem:0.00M, Peak:0.00M | Scene | Initializing
Fra:1 Mem:29.47M (Peak 38.64M) | Time:495254:47:10.22 | Mem:0.00M, Peak:0.00M | Scene | Updating Images | Loading table_1_chair_0_leg_-0.19_-0.17_NORMAL
Fra:1 Mem:29.47M (Peak 38.68M) | Time:495254:47:10.24 | Mem:0.00M, Peak:0.00M | Scene | Synchronizing object | table_1_chair_0_leg_-0.19_0.17
Fra:1 Mem:29.47M (Peak 38.68M) | Time:495254:47:10.24 | Mem:0.00M, Peak:0.00M | Scene | Initializing
Fra:1 Mem:29.47M (Peak 38.68M) | Time:495254:47:10.24 | Mem:0.00M, Peak:0.00M | Scene | Updating Images | Loading table_1_chair_0_leg_-0.19_0.17_METAL
Fra:1 Mem:29.50M (Peak 38.68M) | Time:495254:47:10.25 | Mem:0.00M, Peak:0.00M | Scene | Synchronizing object | table_1_chair_0_leg_-0.19_0.17
Fra:1 Mem:29.50M (Peak 38.68M) | Time:495254:47:10.25 | Mem:0.00M, Peak:0.00M | Scene | Initializing
Fra:1 Mem:29.50M (Peak 38.68M) | Time:495254:47:10.25 | Mem:0.00M, Peak:0.00M | Scene | Updating Images | Loading table_1_chair_0_leg_-0.19_0.17_DIFFUSE
Fra:1 Mem:29.52M (Peak 38.71M) | Time:495254:47:10.26 | Mem:0.00M, Peak:0.00M | Scene | Synchronizing object | table_1_chair_0_leg_-0.19_0.17
Fra:1 Mem:29.52M (Peak 38.71M) | Time:495254:47:10.26 | Mem:0.00M, Peak:0.00M | Scene | Initializing
Fra:1 Mem:29.52M (Peak 38.71M) | Time:495254:47:10.26 | Mem:0.00M, Peak:0.00M | Scene | Updating Images | Loading table_1_chair_0_leg_-0.19_0.17_ROUGHNESS
Fra:1 Mem:29.54M (Peak 38.71M) | Time:495254:47:10.27 | Mem:0.00M, Peak:0.00M | Scene | Synchronizing object | table_1_chair_0_leg_-0.19_0.17
Fra:1 Mem:29.55M (Peak 38.71M) | Time:495254:47:10.27 | Mem:0.00M, Peak:0.00M | Scene | Initializing
Fra:1 Mem:29.54M (Peak 38.71M) | Time:495254:47:10.27 | Mem:0.00M, Peak:0.00M | Scene | Updating Images | Loading table_1_chair_0_leg_-0.19_0.17_NORMAL
Fra:1 Mem:29.54M (Peak 38.76M) | Time:495254:47:10.28 | Mem:0.00M, Peak:0.00M | Scene | Synchronizing object | table_1_chair_0_leg_0.19_-0.17
Fra:1 Mem:29.54M (Peak 38.76M) | Time:495254:47:10.28 | Mem:0.00M, Peak:0.00M | Scene | Initializing
Fra:1 Mem:29.54M (Peak 38.76M) | Time:495254:47:10.28 | Mem:0.00M, Peak:0.00M | Scene | Updating Images | Loading table_1_chair_0_leg_0.19_-0.17_METAL
Fra:1 Mem:29.57M (Peak 38.76M) | Time:495254:47:10.30 | Mem:0.00M, Peak:0.00M | Scene | Synchronizing object | table_1_chair_0_leg_0.19_-0.17
Fra:1 Mem:29.58M (Peak 38.76M) | Time:495254:47:10.30 | Mem:0.00M, Peak:0.00M | Scene | Initializing
Fra:1 Mem:29.57M (Peak 38.76M) | Time:495254:47:10.30 | Mem:0.00M, Peak:0.00M | Scene | Updating Images | Loading table_1_chair_0_leg_0.19_-0.17_DIFFUSE
Fra:1 Mem:29.60M (Peak 38.79M) | Time:495254:47:10.31 | Mem:0.00M, Peak:0.00M | Scene | Synchronizing object | table_1_chair_0_leg_0.19_-0.17
Fra:1 Mem:29.60M (Peak 38.79M) | Time:495254:47:10.31 | Mem:0.00M, Peak:0.00M | Scene | Initializing
Fra:1 Mem:29.59M (Peak 38.79M) | Time:495254:47:10.31 | Mem:0.00M, Peak:0.00M | Scene | Updating Images | Loading table_1_chair_0_leg_0.19_-0.17_ROUGHNESS
Info: Baking map saved to internal image, save it externally or pack it
Info: Baking map saved to internal image, save it externally or pack it
Info: Baking map saved to internal image, save it externally or pack it
Info: Baking map saved to internal image, save it externally or pack it
Info: Baking map saved to internal image, save it externally or pack it
Info: Baking map saved to internal image, save it externally or pack it
Info: Baking map saved to internal image, save it externally or pack it
Info: Baking map saved to internal image, save it externally or pack it
Info: Baking map saved to internal image, save it externally or pack it
Info: Baking map saved to internal image, save it externally or pack it
Info: Baking map saved to internal image, save it externally or pack it
Info: Baking map saved to internal image, save it externally or pack it
Info: Baking map saved to internal image, save it externally or pack it
Info: Baking map saved to internal image, save it externally or pack it
Info: Baking map saved to internal image, save it externally or pack it
Info: Baking map saved to internal image, save it externally or pack it
Info: Baking map saved to internal image, save it externally or pack it
Info: Baking map saved to internal image, save it externally or pack it
Info: Baking map saved to internal image, save it externally or pack it
Info: Baking map saved to internal image, save it externally or pack it
Info: Baking map saved to internal image, save it externally or pack it
Info: Baking map saved to internal image, save it externally or pack it
Info: Baking map saved to internal image, save it externally or pack it
Info: Baking map saved to internal image, save it externally or pack it
Info: Baking map saved to internal image, save it externally or pack it
Info: Baking map saved to internal image, save it externally or pack it
Info: Baking map saved to internal image, save it externally or pack it
Info: Baking map saved to internal image, save it externally or pack it
Info: Baking map saved to internal image, save it externally or pack it
Info: Baking map saved to internal image, save it externally or pack it
Info: Baking map saved to internal image, save it externally or pack it
Info: Baking map saved to internal image, save it externally or pack it
Info: Baking map saved to internal image, save it externally or pack it
Info: Baking map saved to internal image, save it externally or pack it
Info: Baking map saved to internal image, save it externally or pack it
Info: Baking map saved to internal image, save it externally or pack it
Info: Baking map saved to internal image, save it externally or pack it
Info: Baking map saved to internal image, save it externally or pack it
Info: Baking map saved to internal image, save it externally or pack it
Info: Baking map saved to internal image, save it externally or pack it
Info: Baking map saved to internal image, save it externally or pack it
Info: Baking map saved to internal image, save it externally or pack it
Info: Baking map saved to internal image, save it externally or pack it
Info: Baking map saved to internal image, save it externally or pack it
Info: Baking map saved to internal image, save it externally or pack it
Info: Baking map saved to internal image, save it externally or pack it
Info: Baking map saved to internal image, save it externally or pack it
Info: Baking map saved to internal image, save it externally or pack it
Info: Baking map saved to internal image, save it externally or pack it
Info: Baking map saved to internal image, save it externally or pack it
Info: Baking map saved to internal image, save it externally or pack it
Info: Baking map saved to internal image, save it externally or pack it
Info: Baking map saved to internal image, save it externally or pack it
Info: Baking map saved to internal image, save it externally or pack it
Info: Baking map saved to internal image, save it externally or pack it
Info: Baking map saved to internal image, save it externally or pack it
Info: Baking map saved to internal image, save it externally or pack it
Info: Baking map saved to internal image, save it externally or pack it
Info: Baking map saved to internal image, save it externally or pack it
Info: Baking map saved to internal image, save it externally or pack it
Info: Baking map saved to internal image, save it externally or pack it
Info: Baking map saved to internal image, save it externally or pack it
Info: Baking map saved to internal image, save it externally or pack it
Info: Baking map saved to internal image, save it externally or pack it
Info: Baking map saved to internal image, save it externally or pack it
Info: Baking map saved to internal image, save it externally or pack it
Info: Baking map saved to internal image, save it externally or pack it
Info: Baking map saved to internal image, save it externally or pack it
Info: Baking map saved to internal image, save it externally or pack it
Info: Baking map saved to internal image, save it externally or pack it
Info: Baking map saved to internal image, save it externally or pack it
Info: Baking map saved to internal image, save it externally or pack it
Info: Baking map saved to internal image, save it externally or pack it
Info: Baking map saved to internal image, save it externally or pack it
Info: Baking map saved to internal image, save it externally or pack it
Info: Baking map saved to internal image, save it externally or pack it
Info: Baking map saved to internal image, save it externally or pack it
Info: Baking map saved to internal image, save it externally or pack it
Info: Baking map saved to internal image, save it externally or pack it
Info: Baking map saved to internal image, save it externally or pack it
Info: Baking map saved to internal image, save it externally or pack it
Info: Baking map saved to internal image, save it externally or pack it
Info: Baking map saved to internal image, save it externally or pack it
Info: Baking map saved to internal image, save it externally or pack it
Info: Baking map saved to internal image, save it externally or pack it
Info: Baking map saved to internal image, save it externally or pack it
Info: Baking map saved to internal image, save it externally or pack it
Info: Baking map saved to internal image, save it externally or pack it
Info: Baking map saved to internal image, save it externally or pack it
Info: Baking map saved to internal image, save it externally or pack it
Info: Baking map saved to internal image, save it externally or pack it
Info: Baking map saved to internal image, save it externally or pack it
Info: Baking map saved to internal image, save it externally or pack it
Info: Baking map saved to internal image, save it externally or pack it
Info: Baking map saved to internal image, save it externally or pack it
Info: Baking map saved to internal image, save it externally or pack it
Info: Baking map saved to internal image, save it externally or pack it
Info: Baking map saved to internal image, save it externally or pack it
Info: Baking map saved to internal image, save it externally or pack it
Info: Baking map saved to internal image, save it externally or pack it
Info: Baking map saved to internal image, save it externally or pack it
Info: Baking map saved to internal image, save it externally or pack it
Info: Baking map saved to internal image, save it externally or pack it
Info: Baking map saved to internal image, save it externally or pack it
Info: Baking map saved to internal image, save it externally or pack it
Info: Baking map saved to internal image, save it externally or pack it
Info: Baking map saved to internal image, save it externally or pack it
Info: Baking map saved to internal image, save it externally or pack it
Info: Baking map saved to internal image, save it externally or pack it
Info: Baking map saved to internal image, save it externally or pack it
Info: Baking map saved to internal image, save it externally or pack it
Info: Baking map saved to internal image, save it externally or pack it
Info: Baking map saved to internal image, save it externally or pack it
Info: Baking map saved to internal image, save it externally or pack it
Fra:1 Mem:29.62M (Peak 38.79M) | Time:495254:47:10.32 | Mem:0.00M, Peak:0.00M | Scene | Synchronizing object | table_1_chair_0_leg_0.19_-0.17
Fra:1 Mem:29.62M (Peak 38.79M) | Time:495254:47:10.32 | Mem:0.00M, Peak:0.00M | Scene | Initializing
Fra:1 Mem:29.62M (Peak 38.79M) | Time:495254:47:10.32 | Mem:0.00M, Peak:0.00M | Scene | Updating Images | Loading table_1_chair_0_leg_0.19_-0.17_NORMAL
Fra:1 Mem:29.61M (Peak 38.83M) | Time:495254:47:10.33 | Mem:0.00M, Peak:0.00M | Scene | Synchronizing object | table_1_chair_0_leg_0.19_0.17
Fra:1 Mem:29.62M (Peak 38.83M) | Time:495254:47:10.33 | Mem:0.00M, Peak:0.00M | Scene | Initializing
Fra:1 Mem:29.61M (Peak 38.83M) | Time:495254:47:10.33 | Mem:0.00M, Peak:0.00M | Scene | Updating Images | Loading table_1_chair_0_leg_0.19_0.17_METAL
Fra:1 Mem:29.65M (Peak 38.83M) | Time:495254:47:10.34 | Mem:0.00M, Peak:0.00M | Scene | Synchronizing object | table_1_chair_0_leg_0.19_0.17
Fra:1 Mem:29.65M (Peak 38.83M) | Time:495254:47:10.34 | Mem:0.00M, Peak:0.00M | Scene | Initializing
Fra:1 Mem:29.64M (Peak 38.83M) | Time:495254:47:10.34 | Mem:0.00M, Peak:0.00M | Scene | Updating Images | Loading table_1_chair_0_leg_0.19_0.17_DIFFUSE
Fra:1 Mem:29.67M (Peak 38.86M) | Time:495254:47:10.36 | Mem:0.00M, Peak:0.00M | Scene | Synchronizing object | table_1_chair_0_leg_0.19_0.17
Fra:1 Mem:29.67M (Peak 38.86M) | Time:495254:47:10.36 | Mem:0.00M, Peak:0.00M | Scene | Initializing
Fra:1 Mem:29.67M (Peak 38.86M) | Time:495254:47:10.36 | Mem:0.00M, Peak:0.00M | Scene | Updating Images | Loading table_1_chair_0_leg_0.19_0.17_ROUGHNESS
Fra:1 Mem:29.69M (Peak 38.86M) | Time:495254:47:10.37 | Mem:0.00M, Peak:0.00M | Scene | Synchronizing object | table_1_chair_0_leg_0.19_0.17
Fra:1 Mem:29.69M (Peak 38.86M) | Time:495254:47:10.37 | Mem:0.00M, Peak:0.00M | Scene | Initializing
Fra:1 Mem:29.69M (Peak 38.86M) | Time:495254:47:10.37 | Mem:0.00M, Peak:0.00M | Scene | Updating Images | Loading table_1_chair_0_leg_0.19_0.17_NORMAL
Fra:1 Mem:29.70M (Peak 38.90M) | Time:495254:47:10.38 | Mem:0.00M, Peak:0.00M | Scene | Synchronizing object | table_1_chair_0_seat
Fra:1 Mem:29.72M (Peak 38.90M) | Time:495254:47:10.38 | Mem:0.00M, Peak:0.00M | Scene | Initializing
Fra:1 Mem:29.71M (Peak 38.90M) | Time:495254:47:10.38 | Mem:0.00M, Peak:0.00M | Scene | Updating Images | Loading table_1_chair_0_seat_DIFFUSE
Fra:1 Mem:29.73M (Peak 38.94M) | Time:495254:47:10.39 | Mem:0.00M, Peak:0.00M | Scene | Synchronizing object | table_1_chair_0_seat
Fra:1 Mem:29.74M (Peak 38.94M) | Time:495254:47:10.40 | Mem:0.00M, Peak:0.00M | Scene | Initializing
Fra:1 Mem:29.74M (Peak 38.94M) | Time:495254:47:10.40 | Mem:0.00M, Peak:0.00M | Scene | Updating Images | Loading table_1_chair_0_seat_ROUGHNESS
Fra:1 Mem:29.75M (Peak 38.94M) | Time:495254:47:10.41 | Mem:0.00M, Peak:0.00M | Scene | Synchronizing object | table_1_chair_0_seat
Fra:1 Mem:29.76M (Peak 38.94M) | Time:495254:47:10.41 | Mem:0.00M, Peak:0.00M | Scene | Initializing
Fra:1 Mem:29.76M (Peak 38.94M) | Time:495254:47:10.41 | Mem:0.00M, Peak:0.00M | Scene | Updating Images | Loading table_1_chair_0_seat_NORMAL
Fra:1 Mem:29.80M (Peak 38.98M) | Time:495254:47:10.42 | Mem:0.00M, Peak:0.00M | Scene | Synchronizing object | table_1_chair_1_back
Fra:1 Mem:29.81M (Peak 38.98M) | Time:495254:47:10.42 | Mem:0.00M, Peak:0.00M | Scene | Initializing
Fra:1 Mem:29.81M (Peak 38.98M) | Time:495254:47:10.42 | Mem:0.00M, Peak:0.00M | Scene | Updating Images | Loading table_1_chair_1_back_DIFFUSE
Fra:1 Mem:29.82M (Peak 39.03M) | Time:495254:47:10.44 | Mem:0.00M, Peak:0.00M | Scene | Synchronizing object | table_1_chair_1_back
Fra:1 Mem:29.84M (Peak 39.03M) | Time:495254:47:10.44 | Mem:0.00M, Peak:0.00M | Scene | Initializing
Fra:1 Mem:29.83M (Peak 39.03M) | Time:495254:47:10.44 | Mem:0.00M, Peak:0.00M | Scene | Updating Images | Loading table_1_chair_1_back_ROUGHNESS
Fra:1 Mem:29.85M (Peak 39.03M) | Time:495254:47:10.45 | Mem:0.00M, Peak:0.00M | Scene | Synchronizing object | table_1_chair_1_back
Fra:1 Mem:29.86M (Peak 39.03M) | Time:495254:47:10.45 | Mem:0.00M, Peak:0.00M | Scene | Initializing
Fra:1 Mem:29.85M (Peak 39.03M) | Time:495254:47:10.45 | Mem:0.00M, Peak:0.00M | Scene | Updating Images | Loading table_1_chair_1_back_NORMAL
Fra:1 Mem:29.85M (Peak 39.08M) | Time:495254:47:10.47 | Mem:0.00M, Peak:0.00M | Scene | Synchronizing object | table_1_chair_1_leg_-0.19_-0.17
Fra:1 Mem:29.85M (Peak 39.08M) | Time:495254:47:10.47 | Mem:0.00M, Peak:0.00M | Scene | Initializing
Fra:1 Mem:29.85M (Peak 39.08M) | Time:495254:47:10.47 | Mem:0.00M, Peak:0.00M | Scene | Updating Images | Loading table_1_chair_1_leg_-0.19_-0.17_METAL
Fra:1 Mem:29.88M (Peak 39.08M) | Time:495254:47:10.48 | Mem:0.00M, Peak:0.00M | Scene | Synchronizing object | table_1_chair_1_leg_-0.19_-0.17
Fra:1 Mem:29.88M (Peak 39.08M) | Time:495254:47:10.48 | Mem:0.00M, Peak:0.00M | Scene | Initializing
Fra:1 Mem:29.88M (Peak 39.08M) | Time:495254:47:10.48 | Mem:0.00M, Peak:0.00M | Scene | Updating Images | Loading table_1_chair_1_leg_-0.19_-0.17_DIFFUSE
Fra:1 Mem:29.90M (Peak 39.09M) | Time:495254:47:10.49 | Mem:0.00M, Peak:0.00M | Scene | Synchronizing object | table_1_chair_1_leg_-0.19_-0.17
Fra:1 Mem:29.91M (Peak 39.09M) | Time:495254:47:10.49 | Mem:0.00M, Peak:0.00M | Scene | Initializing
Fra:1 Mem:29.90M (Peak 39.09M) | Time:495254:47:10.49 | Mem:0.00M, Peak:0.00M | Scene | Updating Images | Loading table_1_chair_1_leg_-0.19_-0.17_ROUGHNESS
Fra:1 Mem:29.93M (Peak 39.09M) | Time:495254:47:10.50 | Mem:0.00M, Peak:0.00M | Scene | Synchronizing object | table_1_chair_1_leg_-0.19_-0.17
Fra:1 Mem:29.93M (Peak 39.09M) | Time:495254:47:10.50 | Mem:0.00M, Peak:0.00M | Scene | Initializing
Fra:1 Mem:29.92M (Peak 39.09M) | Time:495254:47:10.50 | Mem:0.00M, Peak:0.00M | Scene | Updating Images | Loading table_1_chair_1_leg_-0.19_-0.17_NORMAL
Fra:1 Mem:29.92M (Peak 39.14M) | Time:495254:47:10.51 | Mem:0.00M, Peak:0.00M | Scene | Synchronizing object | table_1_chair_1_leg_-0.19_0.17
Fra:1 Mem:29.93M (Peak 39.14M) | Time:495254:47:10.51 | Mem:0.00M, Peak:0.00M | Scene | Initializing
Fra:1 Mem:29.92M (Peak 39.14M) | Time:495254:47:10.51 | Mem:0.00M, Peak:0.00M | Scene | Updating Images | Loading table_1_chair_1_leg_-0.19_0.17_METAL
Fra:1 Mem:29.95M (Peak 39.14M) | Time:495254:47:10.53 | Mem:0.00M, Peak:0.00M | Scene | Synchronizing object | table_1_chair_1_leg_-0.19_0.17
Fra:1 Mem:29.96M (Peak 39.14M) | Time:495254:47:10.53 | Mem:0.00M, Peak:0.00M | Scene | Initializing
Fra:1 Mem:29.95M (Peak 39.14M) | Time:495254:47:10.53 | Mem:0.00M, Peak:0.00M | Scene | Updating Images | Loading table_1_chair_1_leg_-0.19_0.17_DIFFUSE
Fra:1 Mem:29.98M (Peak 39.17M) | Time:495254:47:10.54 | Mem:0.00M, Peak:0.00M | Scene | Synchronizing object | table_1_chair_1_leg_-0.19_0.17
Fra:1 Mem:29.98M (Peak 39.17M) | Time:495254:47:10.54 | Mem:0.00M, Peak:0.00M | Scene | Initializing
Fra:1 Mem:29.97M (Peak 39.17M) | Time:495254:47:10.54 | Mem:0.00M, Peak:0.00M | Scene | Updating Images | Loading table_1_chair_1_leg_-0.19_0.17_ROUGHNESS
Fra:1 Mem:30.00M (Peak 39.17M) | Time:495254:47:10.55 | Mem:0.00M, Peak:0.00M | Scene | Synchronizing object | table_1_chair_1_leg_-0.19_0.17
Fra:1 Mem:30.00M (Peak 39.17M) | Time:495254:47:10.55 | Mem:0.00M, Peak:0.00M | Scene | Initializing
Fra:1 Mem:30.00M (Peak 39.17M) | Time:495254:47:10.55 | Mem:0.00M, Peak:0.00M | Scene | Updating Images | Loading table_1_chair_1_leg_-0.19_0.17_NORMAL
Fra:1 Mem:30.00M (Peak 39.21M) | Time:495254:47:10.56 | Mem:0.00M, Peak:0.00M | Scene | Synchronizing object | table_1_chair_1_leg_0.19_-0.17
Fra:1 Mem:30.00M (Peak 39.21M) | Time:495254:47:10.56 | Mem:0.00M, Peak:0.00M | Scene | Initializing
Fra:1 Mem:29.99M (Peak 39.21M) | Time:495254:47:10.56 | Mem:0.00M, Peak:0.00M | Scene | Updating Images | Loading table_1_chair_1_leg_0.19_-0.17_METAL
Fra:1 Mem:30.03M (Peak 39.21M) | Time:495254:47:10.57 | Mem:0.00M, Peak:0.00M | Scene | Synchronizing object | table_1_chair_1_leg_0.19_-0.17
Fra:1 Mem:30.03M (Peak 39.21M) | Time:495254:47:10.57 | Mem:0.00M, Peak:0.00M | Scene | Initializing
Fra:1 Mem:30.03M (Peak 39.21M) | Time:495254:47:10.57 | Mem:0.00M, Peak:0.00M | Scene | Updating Images | Loading table_1_chair_1_leg_0.19_-0.17_DIFFUSE
Fra:1 Mem:30.05M (Peak 39.24M) | Time:495254:47:10.59 | Mem:0.00M, Peak:0.00M | Scene | Synchronizing object | table_1_chair_1_leg_0.19_-0.17
Fra:1 Mem:30.05M (Peak 39.24M) | Time:495254:47:10.59 | Mem:0.00M, Peak:0.00M | Scene | Initializing
Fra:1 Mem:30.05M (Peak 39.24M) | Time:495254:47:10.59 | Mem:0.00M, Peak:0.00M | Scene | Updating Images | Loading table_1_chair_1_leg_0.19_-0.17_ROUGHNESS
Fra:1 Mem:30.07M (Peak 39.24M) | Time:495254:47:10.60 | Mem:0.00M, Peak:0.00M | Scene | Synchronizing object | table_1_chair_1_leg_0.19_-0.17
Fra:1 Mem:30.07M (Peak 39.24M) | Time:495254:47:10.60 | Mem:0.00M, Peak:0.00M | Scene | Initializing
Fra:1 Mem:30.07M (Peak 39.24M) | Time:495254:47:10.60 | Mem:0.00M, Peak:0.00M | Scene | Updating Images | Loading table_1_chair_1_leg_0.19_-0.17_NORMAL
Fra:1 Mem:30.07M (Peak 39.28M) | Time:495254:47:10.61 | Mem:0.00M, Peak:0.00M | Scene | Synchronizing object | table_1_chair_1_leg_0.19_0.17
Fra:1 Mem:30.07M (Peak 39.28M) | Time:495254:47:10.61 | Mem:0.00M, Peak:0.00M | Scene | Initializing
Fra:1 Mem:30.07M (Peak 39.28M) | Time:495254:47:10.61 | Mem:0.00M, Peak:0.00M | Scene | Updating Images | Loading table_1_chair_1_leg_0.19_0.17_METAL
Fra:1 Mem:30.10M (Peak 39.28M) | Time:495254:47:10.62 | Mem:0.00M, Peak:0.00M | Scene | Synchronizing object | table_1_chair_1_leg_0.19_0.17
Fra:1 Mem:30.10M (Peak 39.28M) | Time:495254:47:10.62 | Mem:0.00M, Peak:0.00M | Scene | Initializing
Fra:1 Mem:30.10M (Peak 39.28M) | Time:495254:47:10.62 | Mem:0.00M, Peak:0.00M | Scene | Updating Images | Loading table_1_chair_1_leg_0.19_0.17_DIFFUSE
Fra:1 Mem:30.12M (Peak 39.31M) | Time:495254:47:10.63 | Mem:0.00M, Peak:0.00M | Scene | Synchronizing object | table_1_chair_1_leg_0.19_0.17
Fra:1 Mem:30.12M (Peak 39.31M) | Time:495254:47:10.63 | Mem:0.00M, Peak:0.00M | Scene | Initializing
Fra:1 Mem:30.12M (Peak 39.31M) | Time:495254:47:10.63 | Mem:0.00M, Peak:0.00M | Scene | Updating Images | Loading table_1_chair_1_leg_0.19_0.17_ROUGHNESS
Fra:1 Mem:30.14M (Peak 39.31M) | Time:495254:47:10.65 | Mem:0.00M, Peak:0.00M | Scene | Synchronizing object | table_1_chair_1_leg_0.19_0.17
Fra:1 Mem:30.15M (Peak 39.31M) | Time:495254:47:10.65 | Mem:0.00M, Peak:0.00M | Scene | Initializing
Fra:1 Mem:30.14M (Peak 39.31M) | Time:495254:47:10.65 | Mem:0.00M, Peak:0.00M | Scene | Updating Images | Loading table_1_chair_1_leg_0.19_0.17_NORMAL
Fra:1 Mem:30.16M (Peak 39.36M) | Time:495254:47:10.66 | Mem:0.00M, Peak:0.00M | Scene | Synchronizing object | table_1_chair_1_seat
Fra:1 Mem:30.17M (Peak 39.36M) | Time:495254:47:10.66 | Mem:0.00M, Peak:0.00M | Scene | Initializing
Fra:1 Mem:30.17M (Peak 39.36M) | Time:495254:47:10.66 | Mem:0.00M, Peak:0.00M | Scene | Updating Images | Loading table_1_chair_1_seat_DIFFUSE
Fra:1 Mem:30.18M (Peak 39.39M) | Time:495254:47:10.67 | Mem:0.00M, Peak:0.00M | Scene | Synchronizing object | table_1_chair_1_seat
Fra:1 Mem:30.19M (Peak 39.39M) | Time:495254:47:10.67 | Mem:0.00M, Peak:0.00M | Scene | Initializing
Fra:1 Mem:30.19M (Peak 39.39M) | Time:495254:47:10.67 | Mem:0.00M, Peak:0.00M | Scene | Updating Images | Loading table_1_chair_1_seat_ROUGHNESS
Fra:1 Mem:30.20M (Peak 39.39M) | Time:495254:47:10.69 | Mem:0.00M, Peak:0.00M | Scene | Synchronizing object | table_1_chair_1_seat
Fra:1 Mem:30.22M (Peak 39.39M) | Time:495254:47:10.69 | Mem:0.00M, Peak:0.00M | Scene | Initializing
Fra:1 Mem:30.21M (Peak 39.39M) | Time:495254:47:10.69 | Mem:0.00M, Peak:0.00M | Scene | Updating Images | Loading table_1_chair_1_seat_NORMAL
Fra:1 Mem:30.22M (Peak 39.44M) | Time:495254:47:10.70 | Mem:0.00M, Peak:0.00M | Scene | Synchronizing object | table_1_chair_2_back
Fra:1 Mem:30.24M (Peak 39.44M) | Time:495254:47:10.70 | Mem:0.00M, Peak:0.00M | Scene | Initializing
Fra:1 Mem:30.23M (Peak 39.44M) | Time:495254:47:10.70 | Mem:0.00M, Peak:0.00M | Scene | Updating Images | Loading table_1_chair_2_back_DIFFUSE
Fra:1 Mem:30.25M (Peak 39.46M) | Time:495254:47:10.72 | Mem:0.00M, Peak:0.00M | Scene | Synchronizing object | table_1_chair_2_back
Fra:1 Mem:30.26M (Peak 39.46M) | Time:495254:47:10.72 | Mem:0.00M, Peak:0.00M | Scene | Initializing
Fra:1 Mem:30.26M (Peak 39.46M) | Time:495254:47:10.72 | Mem:0.00M, Peak:0.00M | Scene | Updating Images | Loading table_1_chair_2_back_ROUGHNESS
Fra:1 Mem:30.27M (Peak 39.46M) | Time:495254:47:10.73 | Mem:0.00M, Peak:0.00M | Scene | Synchronizing object | table_1_chair_2_back
Fra:1 Mem:30.28M (Peak 39.46M) | Time:495254:47:10.73 | Mem:0.00M, Peak:0.00M | Scene | Initializing
Fra:1 Mem:30.28M (Peak 39.46M) | Time:495254:47:10.73 | Mem:0.00M, Peak:0.00M | Scene | Updating Images | Loading table_1_chair_2_back_NORMAL
Fra:1 Mem:30.27M (Peak 39.50M) | Time:495254:47:10.75 | Mem:0.00M, Peak:0.00M | Scene | Synchronizing object | table_1_chair_2_leg_-0.19_-0.17
Fra:1 Mem:30.28M (Peak 39.50M) | Time:495254:47:10.75 | Mem:0.00M, Peak:0.00M | Scene | Initializing
Fra:1 Mem:30.27M (Peak 39.50M) | Time:495254:47:10.75 | Mem:0.00M, Peak:0.00M | Scene | Updating Images | Loading table_1_chair_2_leg_-0.19_-0.17_METAL
Fra:1 Mem:30.30M (Peak 39.50M) | Time:495254:47:10.76 | Mem:0.00M, Peak:0.00M | Scene | Synchronizing object | table_1_chair_2_leg_-0.19_-0.17
Fra:1 Mem:30.31M (Peak 39.50M) | Time:495254:47:10.76 | Mem:0.00M, Peak:0.00M | Scene | Initializing
Fra:1 Mem:30.30M (Peak 39.50M) | Time:495254:47:10.76 | Mem:0.00M, Peak:0.00M | Scene | Updating Images | Loading table_1_chair_2_leg_-0.19_-0.17_DIFFUSE
Fra:1 Mem:30.33M (Peak 39.52M) | Time:495254:47:10.77 | Mem:0.00M, Peak:0.00M | Scene | Synchronizing object | table_1_chair_2_leg_-0.19_-0.17
Fra:1 Mem:30.33M (Peak 39.52M) | Time:495254:47:10.77 | Mem:0.00M, Peak:0.00M | Scene | Initializing
Fra:1 Mem:30.32M (Peak 39.52M) | Time:495254:47:10.77 | Mem:0.00M, Peak:0.00M | Scene | Updating Images | Loading table_1_chair_2_leg_-0.19_-0.17_ROUGHNESS
Fra:1 Mem:30.35M (Peak 39.52M) | Time:495254:47:10.78 | Mem:0.00M, Peak:0.00M | Scene | Synchronizing object | table_1_chair_2_leg_-0.19_-0.17
Fra:1 Mem:30.35M (Peak 39.52M) | Time:495254:47:10.78 | Mem:0.00M, Peak:0.00M | Scene | Initializing
Fra:1 Mem:30.35M (Peak 39.52M) | Time:495254:47:10.78 | Mem:0.00M, Peak:0.00M | Scene | Updating Images | Loading table_1_chair_2_leg_-0.19_-0.17_NORMAL
Fra:1 Mem:30.35M (Peak 39.56M) | Time:495254:47:10.79 | Mem:0.00M, Peak:0.00M | Scene | Synchronizing object | table_1_chair_2_leg_-0.19_0.17
Fra:1 Mem:30.35M (Peak 39.56M) | Time:495254:47:10.79 | Mem:0.00M, Peak:0.00M | Scene | Initializing
Fra:1 Mem:30.34M (Peak 39.56M) | Time:495254:47:10.79 | Mem:0.00M, Peak:0.00M | Scene | Updating Images | Loading table_1_chair_2_leg_-0.19_0.17_METAL
Fra:1 Mem:30.38M (Peak 39.56M) | Time:495254:47:10.80 | Mem:0.00M, Peak:0.00M | Scene | Synchronizing object | table_1_chair_2_leg_-0.19_0.17
Fra:1 Mem:30.38M (Peak 39.56M) | Time:495254:47:10.80 | Mem:0.00M, Peak:0.00M | Scene | Initializing
Fra:1 Mem:30.38M (Peak 39.56M) | Time:495254:47:10.81 | Mem:0.00M, Peak:0.00M | Scene | Updating Images | Loading table_1_chair_2_leg_-0.19_0.17_DIFFUSE
Fra:1 Mem:30.40M (Peak 39.59M) | Time:495254:47:10.82 | Mem:0.00M, Peak:0.00M | Scene | Synchronizing object | table_1_chair_2_leg_-0.19_0.17
Fra:1 Mem:30.40M (Peak 39.59M) | Time:495254:47:10.82 | Mem:0.00M, Peak:0.00M | Scene | Initializing
Fra:1 Mem:30.40M (Peak 39.59M) | Time:495254:47:10.82 | Mem:0.00M, Peak:0.00M | Scene | Updating Images | Loading table_1_chair_2_leg_-0.19_0.17_ROUGHNESS
Fra:1 Mem:30.42M (Peak 39.59M) | Time:495254:47:10.83 | Mem:0.00M, Peak:0.00M | Scene | Synchronizing object | table_1_chair_2_leg_-0.19_0.17
Fra:1 Mem:30.42M (Peak 39.59M) | Time:495254:47:10.83 | Mem:0.00M, Peak:0.00M | Scene | Initializing
Fra:1 Mem:30.42M (Peak 39.59M) | Time:495254:47:10.83 | Mem:0.00M, Peak:0.00M | Scene | Updating Images | Loading table_1_chair_2_leg_-0.19_0.17_NORMAL
Fra:1 Mem:30.42M (Peak 39.63M) | Time:495254:47:10.84 | Mem:0.00M, Peak:0.00M | Scene | Synchronizing object | table_1_chair_2_leg_0.19_-0.17
Fra:1 Mem:30.42M (Peak 39.63M) | Time:495254:47:10.84 | Mem:0.00M, Peak:0.00M | Scene | Initializing
Fra:1 Mem:30.42M (Peak 39.63M) | Time:495254:47:10.84 | Mem:0.00M, Peak:0.00M | Scene | Updating Images | Loading table_1_chair_2_leg_0.19_-0.17_METAL
Fra:1 Mem:30.45M (Peak 39.63M) | Time:495254:47:10.85 | Mem:0.00M, Peak:0.00M | Scene | Synchronizing object | table_1_chair_2_leg_0.19_-0.17
Fra:1 Mem:30.45M (Peak 39.63M) | Time:495254:47:10.85 | Mem:0.00M, Peak:0.00M | Scene | Initializing
Fra:1 Mem:30.45M (Peak 39.63M) | Time:495254:47:10.85 | Mem:0.00M, Peak:0.00M | Scene | Updating Images | Loading table_1_chair_2_leg_0.19_-0.17_DIFFUSE
Fra:1 Mem:30.47M (Peak 39.66M) | Time:495254:47:10.86 | Mem:0.00M, Peak:0.00M | Scene | Synchronizing object | table_1_chair_2_leg_0.19_-0.17
Fra:1 Mem:30.47M (Peak 39.66M) | Time:495254:47:10.86 | Mem:0.00M, Peak:0.00M | Scene | Initializing
Fra:1 Mem:30.47M (Peak 39.66M) | Time:495254:47:10.86 | Mem:0.00M, Peak:0.00M | Scene | Updating Images | Loading table_1_chair_2_leg_0.19_-0.17_ROUGHNESS
Fra:1 Mem:30.49M (Peak 39.66M) | Time:495254:47:10.88 | Mem:0.00M, Peak:0.00M | Scene | Synchronizing object | table_1_chair_2_leg_0.19_-0.17
Fra:1 Mem:30.50M (Peak 39.66M) | Time:495254:47:10.88 | Mem:0.00M, Peak:0.00M | Scene | Initializing
Fra:1 Mem:30.49M (Peak 39.66M) | Time:495254:47:10.88 | Mem:0.00M, Peak:0.00M | Scene | Updating Images | Loading table_1_chair_2_leg_0.19_-0.17_NORMAL
Fra:1 Mem:30.49M (Peak 39.71M) | Time:495254:47:10.89 | Mem:0.00M, Peak:0.00M | Scene | Synchronizing object | table_1_chair_2_leg_0.19_0.17
Fra:1 Mem:30.49M (Peak 39.71M) | Time:495254:47:10.89 | Mem:0.00M, Peak:0.00M | Scene | Initializing
Fra:1 Mem:30.49M (Peak 39.71M) | Time:495254:47:10.89 | Mem:0.00M, Peak:0.00M | Scene | Updating Images | Loading table_1_chair_2_leg_0.19_0.17_METAL
Fra:1 Mem:30.52M (Peak 39.71M) | Time:495254:47:10.90 | Mem:0.00M, Peak:0.00M | Scene | Synchronizing object | table_1_chair_2_leg_0.19_0.17
Fra:1 Mem:30.53M (Peak 39.71M) | Time:495254:47:10.90 | Mem:0.00M, Peak:0.00M | Scene | Initializing
Fra:1 Mem:30.52M (Peak 39.71M) | Time:495254:47:10.90 | Mem:0.00M, Peak:0.00M | Scene | Updating Images | Loading table_1_chair_2_leg_0.19_0.17_DIFFUSE
Fra:1 Mem:30.55M (Peak 39.74M) | Time:495254:47:10.91 | Mem:0.00M, Peak:0.00M | Scene | Synchronizing object | table_1_chair_2_leg_0.19_0.17
Fra:1 Mem:30.55M (Peak 39.74M) | Time:495254:47:10.91 | Mem:0.00M, Peak:0.00M | Scene | Initializing
Fra:1 Mem:30.54M (Peak 39.74M) | Time:495254:47:10.91 | Mem:0.00M, Peak:0.00M | Scene | Updating Images | Loading table_1_chair_2_leg_0.19_0.17_ROUGHNESS
Fra:1 Mem:30.57M (Peak 39.74M) | Time:495254:47:10.92 | Mem:0.00M, Peak:0.00M | Scene | Synchronizing object | table_1_chair_2_leg_0.19_0.17
Fra:1 Mem:30.57M (Peak 39.74M) | Time:495254:47:10.92 | Mem:0.00M, Peak:0.00M | Scene | Initializing
Fra:1 Mem:30.57M (Peak 39.74M) | Time:495254:47:10.92 | Mem:0.00M, Peak:0.00M | Scene | Updating Images | Loading table_1_chair_2_leg_0.19_0.17_NORMAL
Fra:1 Mem:30.58M (Peak 39.78M) | Time:495254:47:10.94 | Mem:0.00M, Peak:0.00M | Scene | Synchronizing object | table_1_chair_2_seat
Fra:1 Mem:30.59M (Peak 39.78M) | Time:495254:47:10.94 | Mem:0.00M, Peak:0.00M | Scene | Initializing
Fra:1 Mem:30.59M (Peak 39.78M) | Time:495254:47:10.94 | Mem:0.00M, Peak:0.00M | Scene | Updating Images | Loading table_1_chair_2_seat_DIFFUSE
Fra:1 Mem:30.61M (Peak 39.82M) | Time:495254:47:10.95 | Mem:0.00M, Peak:0.00M | Scene | Synchronizing object | table_1_chair_2_seat
Fra:1 Mem:30.62M (Peak 39.82M) | Time:495254:47:10.95 | Mem:0.00M, Peak:0.00M | Scene | Initializing
Fra:1 Mem:30.61M (Peak 39.82M) | Time:495254:47:10.95 | Mem:0.00M, Peak:0.00M | Scene | Updating Images | Loading table_1_chair_2_seat_ROUGHNESS
Fra:1 Mem:30.63M (Peak 39.82M) | Time:495254:47:10.97 | Mem:0.00M, Peak:0.00M | Scene | Synchronizing object | table_1_chair_2_seat
Fra:1 Mem:30.64M (Peak 39.82M) | Time:495254:47:10.97 | Mem:0.00M, Peak:0.00M | Scene | Initializing
Fra:1 Mem:30.64M (Peak 39.82M) | Time:495254:47:10.97 | Mem:0.00M, Peak:0.00M | Scene | Updating Images | Loading table_1_chair_2_seat_NORMAL
Fra:1 Mem:30.65M (Peak 39.86M) | Time:495254:47:10.98 | Mem:0.00M, Peak:0.00M | Scene | Synchronizing object | table_1_chair_3_back
Fra:1 Mem:30.66M (Peak 39.86M) | Time:495254:47:10.98 | Mem:0.00M, Peak:0.00M | Scene | Initializing
Fra:1 Mem:30.66M (Peak 39.86M) | Time:495254:47:10.98 | Mem:0.00M, Peak:0.00M | Scene | Updating Images | Loading table_1_chair_3_back_DIFFUSE
Fra:1 Mem:30.67M (Peak 39.88M) | Time:495254:47:10.99 | Mem:0.00M, Peak:0.00M | Scene | Synchronizing object | table_1_chair_3_back
Fra:1 Mem:30.68M (Peak 39.88M) | Time:495254:47:10.99 | Mem:0.00M, Peak:0.00M | Scene | Initializing
Fra:1 Mem:30.68M (Peak 39.88M) | Time:495254:47:10.99 | Mem:0.00M, Peak:0.00M | Scene | Updating Images | Loading table_1_chair_3_back_ROUGHNESS
Fra:1 Mem:30.69M (Peak 39.88M) | Time:495254:47:11.01 | Mem:0.00M, Peak:0.00M | Scene | Synchronizing object | table_1_chair_3_back
Fra:1 Mem:30.70M (Peak 39.88M) | Time:495254:47:11.01 | Mem:0.00M, Peak:0.00M | Scene | Initializing
Fra:1 Mem:30.70M (Peak 39.88M) | Time:495254:47:11.01 | Mem:0.00M, Peak:0.00M | Scene | Updating Images | Loading table_1_chair_3_back_NORMAL
Fra:1 Mem:30.95M (Peak 39.92M) | Time:495254:47:11.02 | Mem:0.00M, Peak:0.00M | Scene | Synchronizing object | table_1_chair_3_leg_-0.19_-0.17
Fra:1 Mem:30.96M (Peak 39.92M) | Time:495254:47:11.02 | Mem:0.00M, Peak:0.00M | Scene | Initializing
Fra:1 Mem:30.95M (Peak 39.92M) | Time:495254:47:11.02 | Mem:0.00M, Peak:0.00M | Scene | Updating Images | Loading table_1_chair_3_leg_-0.19_-0.17_METAL
Fra:1 Mem:30.99M (Peak 40.17M) | Time:495254:47:11.03 | Mem:0.00M, Peak:0.00M | Scene | Synchronizing object | table_1_chair_3_leg_-0.19_-0.17
Fra:1 Mem:30.99M (Peak 40.17M) | Time:495254:47:11.03 | Mem:0.00M, Peak:0.00M | Scene | Initializing
Fra:1 Mem:30.98M (Peak 40.17M) | Time:495254:47:11.03 | Mem:0.00M, Peak:0.00M | Scene | Updating Images | Loading table_1_chair_3_leg_-0.19_-0.17_DIFFUSE
Fra:1 Mem:31.01M (Peak 40.20M) | Time:495254:47:11.05 | Mem:0.00M, Peak:0.00M | Scene | Synchronizing object | table_1_chair_3_leg_-0.19_-0.17
Fra:1 Mem:31.01M (Peak 40.20M) | Time:495254:47:11.05 | Mem:0.00M, Peak:0.00M | Scene | Initializing
Fra:1 Mem:31.01M (Peak 40.20M) | Time:495254:47:11.05 | Mem:0.00M, Peak:0.00M | Scene | Updating Images | Loading table_1_chair_3_leg_-0.19_-0.17_ROUGHNESS
Fra:1 Mem:31.03M (Peak 40.20M) | Time:495254:47:11.06 | Mem:0.00M, Peak:0.00M | Scene | Synchronizing object | table_1_chair_3_leg_-0.19_-0.17
Fra:1 Mem:31.03M (Peak 40.20M) | Time:495254:47:11.06 | Mem:0.00M, Peak:0.00M | Scene | Initializing
Fra:1 Mem:31.03M (Peak 40.20M) | Time:495254:47:11.06 | Mem:0.00M, Peak:0.00M | Scene | Updating Images | Loading table_1_chair_3_leg_-0.19_-0.17_NORMAL
Fra:1 Mem:31.03M (Peak 40.24M) | Time:495254:47:11.07 | Mem:0.00M, Peak:0.00M | Scene | Synchronizing object | table_1_chair_3_leg_-0.19_0.17
Fra:1 Mem:31.03M (Peak 40.24M) | Time:495254:47:11.07 | Mem:0.00M, Peak:0.00M | Scene | Initializing
Fra:1 Mem:31.03M (Peak 40.24M) | Time:495254:47:11.07 | Mem:0.00M, Peak:0.00M | Scene | Updating Images | Loading table_1_chair_3_leg_-0.19_0.17_METAL
Fra:1 Mem:31.06M (Peak 40.24M) | Time:495254:47:11.08 | Mem:0.00M, Peak:0.00M | Scene | Synchronizing object | table_1_chair_3_leg_-0.19_0.17
Fra:1 Mem:31.06M (Peak 40.24M) | Time:495254:47:11.08 | Mem:0.00M, Peak:0.00M | Scene | Initializing
Fra:1 Mem:31.06M (Peak 40.24M) | Time:495254:47:11.08 | Mem:0.00M, Peak:0.00M | Scene | Updating Images | Loading table_1_chair_3_leg_-0.19_0.17_DIFFUSE
Fra:1 Mem:31.08M (Peak 40.27M) | Time:495254:47:11.09 | Mem:0.00M, Peak:0.00M | Scene | Synchronizing object | table_1_chair_3_leg_-0.19_0.17
Fra:1 Mem:31.08M (Peak 40.27M) | Time:495254:47:11.09 | Mem:0.00M, Peak:0.00M | Scene | Initializing
Fra:1 Mem:31.08M (Peak 40.27M) | Time:495254:47:11.09 | Mem:0.00M, Peak:0.00M | Scene | Updating Images | Loading table_1_chair_3_leg_-0.19_0.17_ROUGHNESS
Fra:1 Mem:31.10M (Peak 40.27M) | Time:495254:47:11.11 | Mem:0.00M, Peak:0.00M | Scene | Synchronizing object | table_1_chair_3_leg_-0.19_0.17
Fra:1 Mem:31.10M (Peak 40.27M) | Time:495254:47:11.11 | Mem:0.00M, Peak:0.00M | Scene | Initializing
Fra:1 Mem:31.10M (Peak 40.27M) | Time:495254:47:11.11 | Mem:0.00M, Peak:0.00M | Scene | Updating Images | Loading table_1_chair_3_leg_-0.19_0.17_NORMAL
Fra:1 Mem:31.10M (Peak 40.31M) | Time:495254:47:11.12 | Mem:0.00M, Peak:0.00M | Scene | Synchronizing object | table_1_chair_3_leg_0.19_-0.17
Fra:1 Mem:31.10M (Peak 40.31M) | Time:495254:47:11.12 | Mem:0.00M, Peak:0.00M | Scene | Initializing
Fra:1 Mem:31.10M (Peak 40.31M) | Time:495254:47:11.12 | Mem:0.00M, Peak:0.00M | Scene | Updating Images | Loading table_1_chair_3_leg_0.19_-0.17_METAL
Fra:1 Mem:31.13M (Peak 40.31M) | Time:495254:47:11.13 | Mem:0.00M, Peak:0.00M | Scene | Synchronizing object | table_1_chair_3_leg_0.19_-0.17
Fra:1 Mem:31.13M (Peak 40.31M) | Time:495254:47:11.13 | Mem:0.00M, Peak:0.00M | Scene | Initializing
Fra:1 Mem:31.13M (Peak 40.31M) | Time:495254:47:11.13 | Mem:0.00M, Peak:0.00M | Scene | Updating Images | Loading table_1_chair_3_leg_0.19_-0.17_DIFFUSE
Fra:1 Mem:31.15M (Peak 40.34M) | Time:495254:47:11.14 | Mem:0.00M, Peak:0.00M | Scene | Synchronizing object | table_1_chair_3_leg_0.19_-0.17
Fra:1 Mem:31.16M (Peak 40.34M) | Time:495254:47:11.14 | Mem:0.00M, Peak:0.00M | Scene | Initializing
Fra:1 Mem:31.15M (Peak 40.34M) | Time:495254:47:11.14 | Mem:0.00M, Peak:0.00M | Scene | Updating Images | Loading table_1_chair_3_leg_0.19_-0.17_ROUGHNESS
Fra:1 Mem:31.18M (Peak 40.34M) | Time:495254:47:11.15 | Mem:0.00M, Peak:0.00M | Scene | Synchronizing object | table_1_chair_3_leg_0.19_-0.17
Fra:1 Mem:31.18M (Peak 40.34M) | Time:495254:47:11.15 | Mem:0.00M, Peak:0.00M | Scene | Initializing
Fra:1 Mem:31.17M (Peak 40.34M) | Time:495254:47:11.15 | Mem:0.00M, Peak:0.00M | Scene | Updating Images | Loading table_1_chair_3_leg_0.19_-0.17_NORMAL
Fra:1 Mem:31.17M (Peak 40.39M) | Time:495254:47:11.17 | Mem:0.00M, Peak:0.00M | Scene | Synchronizing object | table_1_chair_3_leg_0.19_0.17
Fra:1 Mem:31.18M (Peak 40.39M) | Time:495254:47:11.17 | Mem:0.00M, Peak:0.00M | Scene | Initializing
Fra:1 Mem:31.17M (Peak 40.39M) | Time:495254:47:11.17 | Mem:0.00M, Peak:0.00M | Scene | Updating Images | Loading table_1_chair_3_leg_0.19_0.17_METAL
Fra:1 Mem:31.21M (Peak 40.39M) | Time:495254:47:11.18 | Mem:0.00M, Peak:0.00M | Scene | Synchronizing object | table_1_chair_3_leg_0.19_0.17
Fra:1 Mem:31.21M (Peak 40.39M) | Time:495254:47:11.18 | Mem:0.00M, Peak:0.00M | Scene | Initializing
Fra:1 Mem:31.20M (Peak 40.39M) | Time:495254:47:11.18 | Mem:0.00M, Peak:0.00M | Scene | Updating Images | Loading table_1_chair_3_leg_0.19_0.17_DIFFUSE
Fra:1 Mem:31.23M (Peak 40.42M) | Time:495254:47:11.19 | Mem:0.00M, Peak:0.00M | Scene | Synchronizing object | table_1_chair_3_leg_0.19_0.17
Fra:1 Mem:31.23M (Peak 40.42M) | Time:495254:47:11.19 | Mem:0.00M, Peak:0.00M | Scene | Initializing
Fra:1 Mem:31.23M (Peak 40.42M) | Time:495254:47:11.19 | Mem:0.00M, Peak:0.00M | Scene | Updating Images | Loading table_1_chair_3_leg_0.19_0.17_ROUGHNESS
Fra:1 Mem:31.25M (Peak 40.42M) | Time:495254:47:11.20 | Mem:0.00M, Peak:0.00M | Scene | Synchronizing object | table_1_chair_3_leg_0.19_0.17
Fra:1 Mem:31.25M (Peak 40.42M) | Time:495254:47:11.20 | Mem:0.00M, Peak:0.00M | Scene | Initializing
Fra:1 Mem:31.25M (Peak 40.42M) | Time:495254:47:11.20 | Mem:0.00M, Peak:0.00M | Scene | Updating Images | Loading table_1_chair_3_leg_0.19_0.17_NORMAL
Fra:1 Mem:31.26M (Peak 40.46M) | Time:495254:47:11.22 | Mem:0.00M, Peak:0.00M | Scene | Synchronizing object | table_1_chair_3_seat
Fra:1 Mem:31.28M (Peak 40.46M) | Time:495254:47:11.22 | Mem:0.00M, Peak:0.00M | Scene | Initializing
Fra:1 Mem:31.27M (Peak 40.46M) | Time:495254:47:11.22 | Mem:0.00M, Peak:0.00M | Scene | Updating Images | Loading table_1_chair_3_seat_DIFFUSE
Fra:1 Mem:31.29M (Peak 40.50M) | Time:495254:47:11.23 | Mem:0.00M, Peak:0.00M | Scene | Synchronizing object | table_1_chair_3_seat
Fra:1 Mem:31.30M (Peak 40.50M) | Time:495254:47:11.23 | Mem:0.00M, Peak:0.00M | Scene | Initializing
Fra:1 Mem:31.30M (Peak 40.50M) | Time:495254:47:11.23 | Mem:0.00M, Peak:0.00M | Scene | Updating Images | Loading table_1_chair_3_seat_ROUGHNESS
Fra:1 Mem:31.31M (Peak 40.50M) | Time:495254:47:11.24 | Mem:0.00M, Peak:0.00M | Scene | Synchronizing object | table_1_chair_3_seat
Fra:1 Mem:31.32M (Peak 40.50M) | Time:495254:47:11.24 | Mem:0.00M, Peak:0.00M | Scene | Initializing
Fra:1 Mem:31.32M (Peak 40.50M) | Time:495254:47:11.24 | Mem:0.00M, Peak:0.00M | Scene | Updating Images | Loading table_1_chair_3_seat_NORMAL
Fra:1 Mem:31.32M (Peak 40.54M) | Time:495254:47:11.26 | Mem:0.00M, Peak:0.00M | Scene | Synchronizing object | table_1_green_tray
Fra:1 Mem:31.32M (Peak 40.54M) | Time:495254:47:11.26 | Mem:0.00M, Peak:0.00M | Scene | Initializing
Fra:1 Mem:31.32M (Peak 40.54M) | Time:495254:47:11.26 | Mem:0.00M, Peak:0.00M | Scene | Updating Images | Loading table_1_green_tray_DIFFUSE
Fra:1 Mem:31.34M (Peak 40.54M) | Time:495254:47:11.27 | Mem:0.00M, Peak:0.00M | Scene | Synchronizing object | table_1_green_tray
Fra:1 Mem:31.34M (Peak 40.54M) | Time:495254:47:11.27 | Mem:0.00M, Peak:0.00M | Scene | Initializing
Fra:1 Mem:31.34M (Peak 40.54M) | Time:495254:47:11.27 | Mem:0.00M, Peak:0.00M | Scene | Updating Images | Loading table_1_green_tray_ROUGHNESS
Fra:1 Mem:31.36M (Peak 40.54M) | Time:495254:47:11.28 | Mem:0.00M, Peak:0.00M | Scene | Synchronizing object | table_1_green_tray
Fra:1 Mem:31.36M (Peak 40.54M) | Time:495254:47:11.28 | Mem:0.00M, Peak:0.00M | Scene | Initializing
Fra:1 Mem:31.36M (Peak 40.54M) | Time:495254:47:11.28 | Mem:0.00M, Peak:0.00M | Scene | Updating Images | Loading table_1_green_tray_NORMAL
Fra:1 Mem:31.38M (Peak 40.57M) | Time:495254:47:11.30 | Mem:0.00M, Peak:0.00M | Scene | Synchronizing object | table_1_paper_cup
Fra:1 Mem:31.39M (Peak 40.57M) | Time:495254:47:11.30 | Mem:0.00M, Peak:0.00M | Scene | Initializing
Fra:1 Mem:31.39M (Peak 40.57M) | Time:495254:47:11.30 | Mem:0.00M, Peak:0.00M | Scene | Updating Images | Loading table_1_paper_cup_DIFFUSE
Fra:1 Mem:31.41M (Peak 40.60M) | Time:495254:47:11.31 | Mem:0.00M, Peak:0.00M | Scene | Synchronizing object | table_1_paper_cup
Fra:1 Mem:31.41M (Peak 40.60M) | Time:495254:47:11.31 | Mem:0.00M, Peak:0.00M | Scene | Initializing
Fra:1 Mem:31.41M (Peak 40.60M) | Time:495254:47:11.31 | Mem:0.00M, Peak:0.00M | Scene | Updating Images | Loading table_1_paper_cup_ROUGHNESS
Fra:1 Mem:31.43M (Peak 40.60M) | Time:495254:47:11.33 | Mem:0.00M, Peak:0.00M | Scene | Synchronizing object | table_1_paper_cup
Fra:1 Mem:31.43M (Peak 40.60M) | Time:495254:47:11.33 | Mem:0.00M, Peak:0.00M | Scene | Initializing
Fra:1 Mem:31.43M (Peak 40.60M) | Time:495254:47:11.33 | Mem:0.00M, Peak:0.00M | Scene | Updating Images | Loading table_1_paper_cup_NORMAL
Fra:1 Mem:31.45M (Peak 40.65M) | Time:495254:47:11.34 | Mem:0.00M, Peak:0.00M | Scene | Synchronizing object | table_1_round_table_base
Fra:1 Mem:31.45M (Peak 40.65M) | Time:495254:47:11.34 | Mem:0.00M, Peak:0.00M | Scene | Initializing
Fra:1 Mem:31.45M (Peak 40.65M) | Time:495254:47:11.34 | Mem:0.00M, Peak:0.00M | Scene | Updating Images | Loading table_1_round_table_base_METAL
Fra:1 Mem:31.48M (Peak 40.67M) | Time:495254:47:11.35 | Mem:0.00M, Peak:0.00M | Scene | Synchronizing object | table_1_round_table_base
Fra:1 Mem:31.49M (Peak 40.67M) | Time:495254:47:11.35 | Mem:0.00M, Peak:0.00M | Scene | Initializing
Fra:1 Mem:31.48M (Peak 40.67M) | Time:495254:47:11.35 | Mem:0.00M, Peak:0.00M | Scene | Updating Images | Loading table_1_round_table_base_DIFFUSE
Fra:1 Mem:31.50M (Peak 40.70M) | Time:495254:47:11.37 | Mem:0.00M, Peak:0.00M | Scene | Synchronizing object | table_1_round_table_base
Fra:1 Mem:31.51M (Peak 40.70M) | Time:495254:47:11.37 | Mem:0.00M, Peak:0.00M | Scene | Initializing
Fra:1 Mem:31.50M (Peak 40.70M) | Time:495254:47:11.37 | Mem:0.00M, Peak:0.00M | Scene | Updating Images | Loading table_1_round_table_base_ROUGHNESS
Fra:1 Mem:31.52M (Peak 40.70M) | Time:495254:47:11.38 | Mem:0.00M, Peak:0.00M | Scene | Synchronizing object | table_1_round_table_base
Fra:1 Mem:31.53M (Peak 40.70M) | Time:495254:47:11.38 | Mem:0.00M, Peak:0.00M | Scene | Initializing
Fra:1 Mem:31.53M (Peak 40.70M) | Time:495254:47:11.38 | Mem:0.00M, Peak:0.00M | Scene | Updating Images | Loading table_1_round_table_base_NORMAL
Fra:1 Mem:31.54M (Peak 40.74M) | Time:495254:47:11.39 | Mem:0.00M, Peak:0.00M | Scene | Synchronizing object | table_1_square_tabletop
Fra:1 Mem:31.55M (Peak 40.74M) | Time:495254:47:11.39 | Mem:0.00M, Peak:0.00M | Scene | Initializing
Fra:1 Mem:31.55M (Peak 40.74M) | Time:495254:47:11.39 | Mem:0.00M, Peak:0.00M | Scene | Updating Images | Loading table_1_square_tabletop_DIFFUSE
Fra:1 Mem:31.56M (Peak 40.77M) | Time:495254:47:11.41 | Mem:0.00M, Peak:0.00M | Scene | Synchronizing object | table_1_square_tabletop
Fra:1 Mem:31.58M (Peak 40.77M) | Time:495254:47:11.41 | Mem:0.00M, Peak:0.00M | Scene | Initializing
Fra:1 Mem:31.57M (Peak 40.77M) | Time:495254:47:11.41 | Mem:0.00M, Peak:0.00M | Scene | Updating Images | Loading table_1_square_tabletop_ROUGHNESS
Fra:1 Mem:31.59M (Peak 40.77M) | Time:495254:47:11.42 | Mem:0.00M, Peak:0.00M | Scene | Synchronizing object | table_1_square_tabletop
Fra:1 Mem:31.60M (Peak 40.77M) | Time:495254:47:11.42 | Mem:0.00M, Peak:0.00M | Scene | Initializing
Fra:1 Mem:31.59M (Peak 40.77M) | Time:495254:47:11.42 | Mem:0.00M, Peak:0.00M | Scene | Updating Images | Loading table_1_square_tabletop_NORMAL
Fra:1 Mem:31.59M (Peak 40.82M) | Time:495254:47:11.43 | Mem:0.00M, Peak:0.00M | Scene | Synchronizing object | table_2_central_pedestal
Fra:1 Mem:31.59M (Peak 40.82M) | Time:495254:47:11.43 | Mem:0.00M, Peak:0.00M | Scene | Initializing
Fra:1 Mem:31.59M (Peak 40.82M) | Time:495254:47:11.43 | Mem:0.00M, Peak:0.00M | Scene | Updating Images | Loading table_2_central_pedestal_METAL
Fra:1 Mem:31.62M (Peak 40.82M) | Time:495254:47:11.45 | Mem:0.00M, Peak:0.00M | Scene | Synchronizing object | table_2_central_pedestal
Fra:1 Mem:31.63M (Peak 40.82M) | Time:495254:47:11.45 | Mem:0.00M, Peak:0.00M | Scene | Initializing
Fra:1 Mem:31.62M (Peak 40.82M) | Time:495254:47:11.45 | Mem:0.00M, Peak:0.00M | Scene | Updating Images | Loading table_2_central_pedestal_DIFFUSE
Fra:1 Mem:31.64M (Peak 40.84M) | Time:495254:47:11.46 | Mem:0.00M, Peak:0.00M | Scene | Synchronizing object | table_2_central_pedestal
Fra:1 Mem:31.65M (Peak 40.84M) | Time:495254:47:11.46 | Mem:0.00M, Peak:0.00M | Scene | Initializing
Fra:1 Mem:31.64M (Peak 40.84M) | Time:495254:47:11.46 | Mem:0.00M, Peak:0.00M | Scene | Updating Images | Loading table_2_central_pedestal_ROUGHNESS
Fra:1 Mem:31.67M (Peak 40.84M) | Time:495254:47:11.47 | Mem:0.00M, Peak:0.00M | Scene | Synchronizing object | table_2_central_pedestal
Fra:1 Mem:31.67M (Peak 40.84M) | Time:495254:47:11.47 | Mem:0.00M, Peak:0.00M | Scene | Initializing
Fra:1 Mem:31.67M (Peak 40.84M) | Time:495254:47:11.47 | Mem:0.00M, Peak:0.00M | Scene | Updating Images | Loading table_2_central_pedestal_NORMAL
Fra:1 Mem:31.68M (Peak 40.88M) | Time:495254:47:11.49 | Mem:0.00M, Peak:0.00M | Scene | Synchronizing object | table_2_chair_0_back
Fra:1 Mem:31.69M (Peak 40.88M) | Time:495254:47:11.49 | Mem:0.00M, Peak:0.00M | Scene | Initializing
Fra:1 Mem:31.69M (Peak 40.88M) | Time:495254:47:11.49 | Mem:0.00M, Peak:0.00M | Scene | Updating Images | Loading table_2_chair_0_back_DIFFUSE
Fra:1 Mem:31.70M (Peak 40.91M) | Time:495254:47:11.50 | Mem:0.00M, Peak:0.00M | Scene | Synchronizing object | table_2_chair_0_back
Fra:1 Mem:31.72M (Peak 40.91M) | Time:495254:47:11.50 | Mem:0.00M, Peak:0.00M | Scene | Initializing
Fra:1 Mem:31.71M (Peak 40.91M) | Time:495254:47:11.50 | Mem:0.00M, Peak:0.00M | Scene | Updating Images | Loading table_2_chair_0_back_ROUGHNESS
Fra:1 Mem:31.73M (Peak 40.91M) | Time:495254:47:11.51 | Mem:0.00M, Peak:0.00M | Scene | Synchronizing object | table_2_chair_0_back
Fra:1 Mem:31.74M (Peak 40.91M) | Time:495254:47:11.51 | Mem:0.00M, Peak:0.00M | Scene | Initializing
Fra:1 Mem:31.73M (Peak 40.91M) | Time:495254:47:11.51 | Mem:0.00M, Peak:0.00M | Scene | Updating Images | Loading table_2_chair_0_back_NORMAL
Fra:1 Mem:31.73M (Peak 40.96M) | Time:495254:47:11.53 | Mem:0.00M, Peak:0.00M | Scene | Synchronizing object | table_2_chair_0_leg_-0.19_-0.17
Fra:1 Mem:31.73M (Peak 40.96M) | Time:495254:47:11.53 | Mem:0.00M, Peak:0.00M | Scene | Initializing
Fra:1 Mem:31.73M (Peak 40.96M) | Time:495254:47:11.53 | Mem:0.00M, Peak:0.00M | Scene | Updating Images | Loading table_2_chair_0_leg_-0.19_-0.17_METAL
Fra:1 Mem:31.76M (Peak 40.96M) | Time:495254:47:11.54 | Mem:0.00M, Peak:0.00M | Scene | Synchronizing object | table_2_chair_0_leg_-0.19_-0.17
Fra:1 Mem:31.76M (Peak 40.96M) | Time:495254:47:11.54 | Mem:0.00M, Peak:0.00M | Scene | Initializing
Fra:1 Mem:31.76M (Peak 40.96M) | Time:495254:47:11.54 | Mem:0.00M, Peak:0.00M | Scene | Updating Images | Loading table_2_chair_0_leg_-0.19_-0.17_DIFFUSE
Fra:1 Mem:31.78M (Peak 40.97M) | Time:495254:47:11.55 | Mem:0.00M, Peak:0.00M | Scene | Synchronizing object | table_2_chair_0_leg_-0.19_-0.17
Fra:1 Mem:31.78M (Peak 40.97M) | Time:495254:47:11.55 | Mem:0.00M, Peak:0.00M | Scene | Initializing
Fra:1 Mem:31.78M (Peak 40.97M) | Time:495254:47:11.55 | Mem:0.00M, Peak:0.00M | Scene | Updating Images | Loading table_2_chair_0_leg_-0.19_-0.17_ROUGHNESS
Fra:1 Mem:31.80M (Peak 40.97M) | Time:495254:47:11.56 | Mem:0.00M, Peak:0.00M | Scene | Synchronizing object | table_2_chair_0_leg_-0.19_-0.17
Fra:1 Mem:31.81M (Peak 40.97M) | Time:495254:47:11.56 | Mem:0.00M, Peak:0.00M | Scene | Initializing
Fra:1 Mem:31.80M (Peak 40.97M) | Time:495254:47:11.56 | Mem:0.00M, Peak:0.00M | Scene | Updating Images | Loading table_2_chair_0_leg_-0.19_-0.17_NORMAL
Fra:1 Mem:31.80M (Peak 41.02M) | Time:495254:47:11.58 | Mem:0.00M, Peak:0.00M | Scene | Synchronizing object | table_2_chair_0_leg_-0.19_0.17
Fra:1 Mem:31.80M (Peak 41.02M) | Time:495254:47:11.58 | Mem:0.00M, Peak:0.00M | Scene | Initializing
Fra:1 Mem:31.80M (Peak 41.02M) | Time:495254:47:11.58 | Mem:0.00M, Peak:0.00M | Scene | Updating Images | Loading table_2_chair_0_leg_-0.19_0.17_METAL
Fra:1 Mem:31.83M (Peak 41.02M) | Time:495254:47:11.59 | Mem:0.00M, Peak:0.00M | Scene | Synchronizing object | table_2_chair_0_leg_-0.19_0.17
Fra:1 Mem:31.84M (Peak 41.02M) | Time:495254:47:11.59 | Mem:0.00M, Peak:0.00M | Scene | Initializing
Fra:1 Mem:31.83M (Peak 41.02M) | Time:495254:47:11.59 | Mem:0.00M, Peak:0.00M | Scene | Updating Images | Loading table_2_chair_0_leg_-0.19_0.17_DIFFUSE
Fra:1 Mem:31.86M (Peak 41.05M) | Time:495254:47:11.60 | Mem:0.00M, Peak:0.00M | Scene | Synchronizing object | table_2_chair_0_leg_-0.19_0.17
Fra:1 Mem:31.86M (Peak 41.05M) | Time:495254:47:11.60 | Mem:0.00M, Peak:0.00M | Scene | Initializing
Fra:1 Mem:31.85M (Peak 41.05M) | Time:495254:47:11.60 | Mem:0.00M, Peak:0.00M | Scene | Updating Images | Loading table_2_chair_0_leg_-0.19_0.17_ROUGHNESS
Fra:1 Mem:31.88M (Peak 41.05M) | Time:495254:47:11.61 | Mem:0.00M, Peak:0.00M | Scene | Synchronizing object | table_2_chair_0_leg_-0.19_0.17
Fra:1 Mem:31.88M (Peak 41.05M) | Time:495254:47:11.61 | Mem:0.00M, Peak:0.00M | Scene | Initializing
Fra:1 Mem:31.88M (Peak 41.05M) | Time:495254:47:11.61 | Mem:0.00M, Peak:0.00M | Scene | Updating Images | Loading table_2_chair_0_leg_-0.19_0.17_NORMAL
Fra:1 Mem:31.88M (Peak 41.09M) | Time:495254:47:11.62 | Mem:0.00M, Peak:0.00M | Scene | Synchronizing object | table_2_chair_0_leg_0.19_-0.17
Fra:1 Mem:31.88M (Peak 41.09M) | Time:495254:47:11.62 | Mem:0.00M, Peak:0.00M | Scene | Initializing
Fra:1 Mem:31.87M (Peak 41.09M) | Time:495254:47:11.62 | Mem:0.00M, Peak:0.00M | Scene | Updating Images | Loading table_2_chair_0_leg_0.19_-0.17_METAL
Fra:1 Mem:31.91M (Peak 41.09M) | Time:495254:47:11.63 | Mem:0.00M, Peak:0.00M | Scene | Synchronizing object | table_2_chair_0_leg_0.19_-0.17
Fra:1 Mem:31.91M (Peak 41.09M) | Time:495254:47:11.63 | Mem:0.00M, Peak:0.00M | Scene | Initializing
Fra:1 Mem:31.91M (Peak 41.09M) | Time:495254:47:11.63 | Mem:0.00M, Peak:0.00M | Scene | Updating Images | Loading table_2_chair_0_leg_0.19_-0.17_DIFFUSE
Fra:1 Mem:31.93M (Peak 41.12M) | Time:495254:47:11.65 | Mem:0.00M, Peak:0.00M | Scene | Synchronizing object | table_2_chair_0_leg_0.19_-0.17
Fra:1 Mem:31.93M (Peak 41.12M) | Time:495254:47:11.65 | Mem:0.00M, Peak:0.00M | Scene | Initializing
Fra:1 Mem:31.93M (Peak 41.12M) | Time:495254:47:11.65 | Mem:0.00M, Peak:0.00M | Scene | Updating Images | Loading table_2_chair_0_leg_0.19_-0.17_ROUGHNESS
Fra:1 Mem:31.95M (Peak 41.12M) | Time:495254:47:11.66 | Mem:0.00M, Peak:0.00M | Scene | Synchronizing object | table_2_chair_0_leg_0.19_-0.17
Fra:1 Mem:31.95M (Peak 41.12M) | Time:495254:47:11.66 | Mem:0.00M, Peak:0.00M | Scene | Initializing
Fra:1 Mem:31.95M (Peak 41.12M) | Time:495254:47:11.66 | Mem:0.00M, Peak:0.00M | Scene | Updating Images | Loading table_2_chair_0_leg_0.19_-0.17_NORMAL
Fra:1 Mem:31.95M (Peak 41.16M) | Time:495254:47:11.67 | Mem:0.00M, Peak:0.00M | Scene | Synchronizing object | table_2_chair_0_leg_0.19_0.17
Fra:1 Mem:31.95M (Peak 41.16M) | Time:495254:47:11.67 | Mem:0.00M, Peak:0.00M | Scene | Initializing
Fra:1 Mem:31.95M (Peak 41.16M) | Time:495254:47:11.67 | Mem:0.00M, Peak:0.00M | Scene | Updating Images | Loading table_2_chair_0_leg_0.19_0.17_METAL
Fra:1 Mem:31.98M (Peak 41.16M) | Time:495254:47:11.68 | Mem:0.00M, Peak:0.00M | Scene | Synchronizing object | table_2_chair_0_leg_0.19_0.17
Fra:1 Mem:31.98M (Peak 41.16M) | Time:495254:47:11.68 | Mem:0.00M, Peak:0.00M | Scene | Initializing
Fra:1 Mem:31.98M (Peak 41.16M) | Time:495254:47:11.68 | Mem:0.00M, Peak:0.00M | Scene | Updating Images | Loading table_2_chair_0_leg_0.19_0.17_DIFFUSE
Fra:1 Mem:32.00M (Peak 41.19M) | Time:495254:47:11.69 | Mem:0.00M, Peak:0.00M | Scene | Synchronizing object | table_2_chair_0_leg_0.19_0.17
Fra:1 Mem:32.00M (Peak 41.19M) | Time:495254:47:11.69 | Mem:0.00M, Peak:0.00M | Scene | Initializing
Fra:1 Mem:32.00M (Peak 41.19M) | Time:495254:47:11.69 | Mem:0.00M, Peak:0.00M | Scene | Updating Images | Loading table_2_chair_0_leg_0.19_0.17_ROUGHNESS
Fra:1 Mem:32.02M (Peak 41.19M) | Time:495254:47:11.71 | Mem:0.00M, Peak:0.00M | Scene | Synchronizing object | table_2_chair_0_leg_0.19_0.17
Fra:1 Mem:32.03M (Peak 41.19M) | Time:495254:47:11.71 | Mem:0.00M, Peak:0.00M | Scene | Initializing
Fra:1 Mem:32.02M (Peak 41.19M) | Time:495254:47:11.71 | Mem:0.00M, Peak:0.00M | Scene | Updating Images | Loading table_2_chair_0_leg_0.19_0.17_NORMAL
Fra:1 Mem:32.04M (Peak 41.24M) | Time:495254:47:11.72 | Mem:0.00M, Peak:0.00M | Scene | Synchronizing object | table_2_chair_0_seat
Fra:1 Mem:32.05M (Peak 41.24M) | Time:495254:47:11.72 | Mem:0.00M, Peak:0.00M | Scene | Initializing
Fra:1 Mem:32.05M (Peak 41.24M) | Time:495254:47:11.72 | Mem:0.00M, Peak:0.00M | Scene | Updating Images | Loading table_2_chair_0_seat_DIFFUSE
Fra:1 Mem:32.06M (Peak 41.27M) | Time:495254:47:11.73 | Mem:0.00M, Peak:0.00M | Scene | Synchronizing object | table_2_chair_0_seat
Fra:1 Mem:32.07M (Peak 41.27M) | Time:495254:47:11.73 | Mem:0.00M, Peak:0.00M | Scene | Initializing
Fra:1 Mem:32.07M (Peak 41.27M) | Time:495254:47:11.73 | Mem:0.00M, Peak:0.00M | Scene | Updating Images | Loading table_2_chair_0_seat_ROUGHNESS
Fra:1 Mem:32.08M (Peak 41.27M) | Time:495254:47:11.75 | Mem:0.00M, Peak:0.00M | Scene | Synchronizing object | table_2_chair_0_seat
Fra:1 Mem:32.10M (Peak 41.27M) | Time:495254:47:11.75 | Mem:0.00M, Peak:0.00M | Scene | Initializing
Fra:1 Mem:32.09M (Peak 41.27M) | Time:495254:47:11.75 | Mem:0.00M, Peak:0.00M | Scene | Updating Images | Loading table_2_chair_0_seat_NORMAL
Fra:1 Mem:32.10M (Peak 41.32M) | Time:495254:47:11.76 | Mem:0.00M, Peak:0.00M | Scene | Synchronizing object | table_2_chair_1_back
Fra:1 Mem:32.12M (Peak 41.32M) | Time:495254:47:11.76 | Mem:0.00M, Peak:0.00M | Scene | Initializing
Fra:1 Mem:32.11M (Peak 41.32M) | Time:495254:47:11.76 | Mem:0.00M, Peak:0.00M | Scene | Updating Images | Loading table_2_chair_1_back_DIFFUSE
Info: Baking map saved to internal image, save it externally or pack it
Info: Baking map saved to internal image, save it externally or pack it
Info: Baking map saved to internal image, save it externally or pack it
Info: Baking map saved to internal image, save it externally or pack it
Info: Baking map saved to internal image, save it externally or pack it
Info: Baking map saved to internal image, save it externally or pack it
Info: Baking map saved to internal image, save it externally or pack it
Info: Baking map saved to internal image, save it externally or pack it
Info: Baking map saved to internal image, save it externally or pack it
Info: Baking map saved to internal image, save it externally or pack it
Info: Baking map saved to internal image, save it externally or pack it
Info: Baking map saved to internal image, save it externally or pack it
Info: Baking map saved to internal image, save it externally or pack it
Info: Baking map saved to internal image, save it externally or pack it
Info: Baking map saved to internal image, save it externally or pack it
Info: Baking map saved to internal image, save it externally or pack it
Info: Baking map saved to internal image, save it externally or pack it
Info: Baking map saved to internal image, save it externally or pack it
Info: Baking map saved to internal image, save it externally or pack it
Info: Baking map saved to internal image, save it externally or pack it
Info: Baking map saved to internal image, save it externally or pack it
Info: Baking map saved to internal image, save it externally or pack it
Info: Baking map saved to internal image, save it externally or pack it
Info: Baking map saved to internal image, save it externally or pack it
Info: Baking map saved to internal image, save it externally or pack it
Info: Baking map saved to internal image, save it externally or pack it
Info: Baking map saved to internal image, save it externally or pack it
Info: Baking map saved to internal image, save it externally or pack it
Info: Baking map saved to internal image, save it externally or pack it
Info: Baking map saved to internal image, save it externally or pack it
Info: Baking map saved to internal image, save it externally or pack it
Info: Baking map saved to internal image, save it externally or pack it
Info: Baking map saved to internal image, save it externally or pack it
Info: Baking map saved to internal image, save it externally or pack it
Info: Baking map saved to internal image, save it externally or pack it
Info: Baking map saved to internal image, save it externally or pack it
Info: Baking map saved to internal image, save it externally or pack it
Info: Baking map saved to internal image, save it externally or pack it
Info: Baking map saved to internal image, save it externally or pack it
Info: Baking map saved to internal image, save it externally or pack it
Info: Baking map saved to internal image, save it externally or pack it
Info: Baking map saved to internal image, save it externally or pack it
Info: Baking map saved to internal image, save it externally or pack it
Info: Baking map saved to internal image, save it externally or pack it
Info: Baking map saved to internal image, save it externally or pack it
Info: Baking map saved to internal image, save it externally or pack it
Info: Baking map saved to internal image, save it externally or pack it
Info: Baking map saved to internal image, save it externally or pack it
Info: Baking map saved to internal image, save it externally or pack it
Info: Baking map saved to internal image, save it externally or pack it
Info: Baking map saved to internal image, save it externally or pack it
Info: Baking map saved to internal image, save it externally or pack it
Info: Baking map saved to internal image, save it externally or pack it
Info: Baking map saved to internal image, save it externally or pack it
Info: Baking map saved to internal image, save it externally or pack it
Info: Baking map saved to internal image, save it externally or pack it
Info: Baking map saved to internal image, save it externally or pack it
Info: Baking map saved to internal image, save it externally or pack it
Info: Baking map saved to internal image, save it externally or pack it
Info: Baking map saved to internal image, save it externally or pack it
Info: Baking map saved to internal image, save it externally or pack it
Info: Baking map saved to internal image, save it externally or pack it
Info: Baking map saved to internal image, save it externally or pack it
Info: Baking map saved to internal image, save it externally or pack it
Info: Baking map saved to internal image, save it externally or pack it
Info: Baking map saved to internal image, save it externally or pack it
Info: Baking map saved to internal image, save it externally or pack it
Info: Baking map saved to internal image, save it externally or pack it
Info: Baking map saved to internal image, save it externally or pack it
Info: Baking map saved to internal image, save it externally or pack it
Info: Baking map saved to internal image, save it externally or pack it
Info: Baking map saved to internal image, save it externally or pack it
Info: Baking map saved to internal image, save it externally or pack it
Info: Baking map saved to internal image, save it externally or pack it
Info: Baking map saved to internal image, save it externally or pack it
Info: Baking map saved to internal image, save it externally or pack it
Info: Baking map saved to internal image, save it externally or pack it
Info: Baking map saved to internal image, save it externally or pack it
Info: Baking map saved to internal image, save it externally or pack it
Info: Baking map saved to internal image, save it externally or pack it
Info: Baking map saved to internal image, save it externally or pack it
Info: Baking map saved to internal image, save it externally or pack it
Info: Baking map saved to internal image, save it externally or pack it
Info: Baking map saved to internal image, save it externally or pack it
Info: Baking map saved to internal image, save it externally or pack it
Info: Baking map saved to internal image, save it externally or pack it
Info: Baking map saved to internal image, save it externally or pack it
Info: Baking map saved to internal image, save it externally or pack it
Info: Baking map saved to internal image, save it externally or pack it
Info: Baking map saved to internal image, save it externally or pack it
Info: Baking map saved to internal image, save it externally or pack it
Info: Baking map saved to internal image, save it externally or pack it
Info: Baking map saved to internal image, save it externally or pack it
Info: Baking map saved to internal image, save it externally or pack it
Info: Baking map saved to internal image, save it externally or pack it
Info: Baking map saved to internal image, save it externally or pack it
Info: Baking map saved to internal image, save it externally or pack it
Info: Baking map saved to internal image, save it externally or pack it
Info: Baking map saved to internal image, save it externally or pack it
Info: Baking map saved to internal image, save it externally or pack it
Info: Baking map saved to internal image, save it externally or pack it
Info: Baking map saved to internal image, save it externally or pack it
Info: Baking map saved to internal image, save it externally or pack it
Info: Baking map saved to internal image, save it externally or pack it
Info: Baking map saved to internal image, save it externally or pack it
Info: Baking map saved to internal image, save it externally or pack it
Info: Baking map saved to internal image, save it externally or pack it
Info: Baking map saved to internal image, save it externally or pack it
Info: Baking map saved to internal image, save it externally or pack it
Info: Baking map saved to internal image, save it externally or pack it
Info: Baking map saved to internal image, save it externally or pack it
Info: Baking map saved to internal image, save it externally or pack it
Info: Baking map saved to internal image, save it externally or pack it
Info: Baking map saved to internal image, save it externally or pack it
Fra:1 Mem:32.13M (Peak 41.34M) | Time:495254:47:11.78 | Mem:0.00M, Peak:0.00M | Scene | Synchronizing object | table_2_chair_1_back
Fra:1 Mem:32.14M (Peak 41.34M) | Time:495254:47:11.78 | Mem:0.00M, Peak:0.00M | Scene | Initializing
Fra:1 Mem:32.13M (Peak 41.34M) | Time:495254:47:11.78 | Mem:0.00M, Peak:0.00M | Scene | Updating Images | Loading table_2_chair_1_back_ROUGHNESS
Fra:1 Mem:32.15M (Peak 41.34M) | Time:495254:47:11.79 | Mem:0.00M, Peak:0.00M | Scene | Synchronizing object | table_2_chair_1_back
Fra:1 Mem:32.16M (Peak 41.34M) | Time:495254:47:11.79 | Mem:0.00M, Peak:0.00M | Scene | Initializing
Fra:1 Mem:32.16M (Peak 41.34M) | Time:495254:47:11.79 | Mem:0.00M, Peak:0.00M | Scene | Updating Images | Loading table_2_chair_1_back_NORMAL
Fra:1 Mem:32.15M (Peak 41.38M) | Time:495254:47:11.80 | Mem:0.00M, Peak:0.00M | Scene | Synchronizing object | table_2_chair_1_leg_-0.19_-0.17
Fra:1 Mem:32.15M (Peak 41.38M) | Time:495254:47:11.80 | Mem:0.00M, Peak:0.00M | Scene | Initializing
Fra:1 Mem:32.15M (Peak 41.38M) | Time:495254:47:11.80 | Mem:0.00M, Peak:0.00M | Scene | Updating Images | Loading table_2_chair_1_leg_-0.19_-0.17_METAL
Fra:1 Mem:32.18M (Peak 41.38M) | Time:495254:47:11.81 | Mem:0.00M, Peak:0.00M | Scene | Synchronizing object | table_2_chair_1_leg_-0.19_-0.17
Fra:1 Mem:32.18M (Peak 41.38M) | Time:495254:47:11.81 | Mem:0.00M, Peak:0.00M | Scene | Initializing
Fra:1 Mem:32.18M (Peak 41.38M) | Time:495254:47:11.81 | Mem:0.00M, Peak:0.00M | Scene | Updating Images | Loading table_2_chair_1_leg_-0.19_-0.17_DIFFUSE
Fra:1 Mem:32.21M (Peak 41.39M) | Time:495254:47:11.83 | Mem:0.00M, Peak:0.00M | Scene | Synchronizing object | table_2_chair_1_leg_-0.19_-0.17
Fra:1 Mem:32.21M (Peak 41.39M) | Time:495254:47:11.83 | Mem:0.00M, Peak:0.00M | Scene | Initializing
Fra:1 Mem:32.20M (Peak 41.39M) | Time:495254:47:11.83 | Mem:0.00M, Peak:0.00M | Scene | Updating Images | Loading table_2_chair_1_leg_-0.19_-0.17_ROUGHNESS
Fra:1 Mem:32.23M (Peak 41.39M) | Time:495254:47:11.84 | Mem:0.00M, Peak:0.00M | Scene | Synchronizing object | table_2_chair_1_leg_-0.19_-0.17
Fra:1 Mem:32.23M (Peak 41.39M) | Time:495254:47:11.84 | Mem:0.00M, Peak:0.00M | Scene | Initializing
Fra:1 Mem:32.22M (Peak 41.39M) | Time:495254:47:11.84 | Mem:0.00M, Peak:0.00M | Scene | Updating Images | Loading table_2_chair_1_leg_-0.19_-0.17_NORMAL
Fra:1 Mem:32.23M (Peak 41.44M) | Time:495254:47:11.85 | Mem:0.00M, Peak:0.00M | Scene | Synchronizing object | table_2_chair_1_leg_-0.19_0.17
Fra:1 Mem:32.23M (Peak 41.44M) | Time:495254:47:11.85 | Mem:0.00M, Peak:0.00M | Scene | Initializing
Fra:1 Mem:32.22M (Peak 41.44M) | Time:495254:47:11.85 | Mem:0.00M, Peak:0.00M | Scene | Updating Images | Loading table_2_chair_1_leg_-0.19_0.17_METAL
Fra:1 Mem:32.26M (Peak 41.44M) | Time:495254:47:11.86 | Mem:0.00M, Peak:0.00M | Scene | Synchronizing object | table_2_chair_1_leg_-0.19_0.17
Fra:1 Mem:32.26M (Peak 41.44M) | Time:495254:47:11.86 | Mem:0.00M, Peak:0.00M | Scene | Initializing
Fra:1 Mem:32.26M (Peak 41.44M) | Time:495254:47:11.86 | Mem:0.00M, Peak:0.00M | Scene | Updating Images | Loading table_2_chair_1_leg_-0.19_0.17_DIFFUSE
Fra:1 Mem:32.28M (Peak 41.47M) | Time:495254:47:11.88 | Mem:0.00M, Peak:0.00M | Scene | Synchronizing object | table_2_chair_1_leg_-0.19_0.17
Fra:1 Mem:32.28M (Peak 41.47M) | Time:495254:47:11.88 | Mem:0.00M, Peak:0.00M | Scene | Initializing
Fra:1 Mem:32.28M (Peak 41.47M) | Time:495254:47:11.88 | Mem:0.00M, Peak:0.00M | Scene | Updating Images | Loading table_2_chair_1_leg_-0.19_0.17_ROUGHNESS
Fra:1 Mem:32.30M (Peak 41.47M) | Time:495254:47:11.89 | Mem:0.00M, Peak:0.00M | Scene | Synchronizing object | table_2_chair_1_leg_-0.19_0.17
Fra:1 Mem:32.30M (Peak 41.47M) | Time:495254:47:11.89 | Mem:0.00M, Peak:0.00M | Scene | Initializing
Fra:1 Mem:32.30M (Peak 41.47M) | Time:495254:47:11.89 | Mem:0.00M, Peak:0.00M | Scene | Updating Images | Loading table_2_chair_1_leg_-0.19_0.17_NORMAL
Fra:1 Mem:32.30M (Peak 41.51M) | Time:495254:47:11.90 | Mem:0.00M, Peak:0.00M | Scene | Synchronizing object | table_2_chair_1_leg_0.19_-0.17
Fra:1 Mem:32.30M (Peak 41.51M) | Time:495254:47:11.90 | Mem:0.00M, Peak:0.00M | Scene | Initializing
Fra:1 Mem:32.30M (Peak 41.51M) | Time:495254:47:11.90 | Mem:0.00M, Peak:0.00M | Scene | Updating Images | Loading table_2_chair_1_leg_0.19_-0.17_METAL
Fra:1 Mem:32.33M (Peak 41.51M) | Time:495254:47:11.91 | Mem:0.00M, Peak:0.00M | Scene | Synchronizing object | table_2_chair_1_leg_0.19_-0.17
Fra:1 Mem:32.33M (Peak 41.51M) | Time:495254:47:11.91 | Mem:0.00M, Peak:0.00M | Scene | Initializing
Fra:1 Mem:32.33M (Peak 41.51M) | Time:495254:47:11.91 | Mem:0.00M, Peak:0.00M | Scene | Updating Images | Loading table_2_chair_1_leg_0.19_-0.17_DIFFUSE
Fra:1 Mem:32.35M (Peak 41.54M) | Time:495254:47:11.92 | Mem:0.00M, Peak:0.00M | Scene | Synchronizing object | table_2_chair_1_leg_0.19_-0.17
Fra:1 Mem:32.35M (Peak 41.54M) | Time:495254:47:11.92 | Mem:0.00M, Peak:0.00M | Scene | Initializing
Fra:1 Mem:32.35M (Peak 41.54M) | Time:495254:47:11.92 | Mem:0.00M, Peak:0.00M | Scene | Updating Images | Loading table_2_chair_1_leg_0.19_-0.17_ROUGHNESS
Fra:1 Mem:32.37M (Peak 41.54M) | Time:495254:47:11.94 | Mem:0.00M, Peak:0.00M | Scene | Synchronizing object | table_2_chair_1_leg_0.19_-0.17
Fra:1 Mem:32.38M (Peak 41.54M) | Time:495254:47:11.94 | Mem:0.00M, Peak:0.00M | Scene | Initializing
Fra:1 Mem:32.37M (Peak 41.54M) | Time:495254:47:11.94 | Mem:0.00M, Peak:0.00M | Scene | Updating Images | Loading table_2_chair_1_leg_0.19_-0.17_NORMAL
Fra:1 Mem:32.37M (Peak 41.59M) | Time:495254:47:11.95 | Mem:0.00M, Peak:0.00M | Scene | Synchronizing object | table_2_chair_1_leg_0.19_0.17
Fra:1 Mem:32.37M (Peak 41.59M) | Time:495254:47:11.95 | Mem:0.00M, Peak:0.00M | Scene | Initializing
Fra:1 Mem:32.37M (Peak 41.59M) | Time:495254:47:11.95 | Mem:0.00M, Peak:0.00M | Scene | Updating Images | Loading table_2_chair_1_leg_0.19_0.17_METAL
Fra:1 Mem:32.40M (Peak 41.59M) | Time:495254:47:11.96 | Mem:0.00M, Peak:0.00M | Scene | Synchronizing object | table_2_chair_1_leg_0.19_0.17
Fra:1 Mem:32.41M (Peak 41.59M) | Time:495254:47:11.96 | Mem:0.00M, Peak:0.00M | Scene | Initializing
Fra:1 Mem:32.40M (Peak 41.59M) | Time:495254:47:11.96 | Mem:0.00M, Peak:0.00M | Scene | Updating Images | Loading table_2_chair_1_leg_0.19_0.17_DIFFUSE
Fra:1 Mem:32.43M (Peak 41.62M) | Time:495254:47:11.97 | Mem:0.00M, Peak:0.00M | Scene | Synchronizing object | table_2_chair_1_leg_0.19_0.17
Fra:1 Mem:32.43M (Peak 41.62M) | Time:495254:47:11.97 | Mem:0.00M, Peak:0.00M | Scene | Initializing
Fra:1 Mem:32.42M (Peak 41.62M) | Time:495254:47:11.97 | Mem:0.00M, Peak:0.00M | Scene | Updating Images | Loading table_2_chair_1_leg_0.19_0.17_ROUGHNESS
Fra:1 Mem:32.45M (Peak 41.62M) | Time:495254:47:11.98 | Mem:0.00M, Peak:0.00M | Scene | Synchronizing object | table_2_chair_1_leg_0.19_0.17
Fra:1 Mem:32.45M (Peak 41.62M) | Time:495254:47:11.98 | Mem:0.00M, Peak:0.00M | Scene | Initializing
Fra:1 Mem:32.45M (Peak 41.62M) | Time:495254:47:11.98 | Mem:0.00M, Peak:0.00M | Scene | Updating Images | Loading table_2_chair_1_leg_0.19_0.17_NORMAL
Fra:1 Mem:32.46M (Peak 41.66M) | Time:495254:47:12.00 | Mem:0.00M, Peak:0.00M | Scene | Synchronizing object | table_2_chair_1_seat
Fra:1 Mem:32.47M (Peak 41.66M) | Time:495254:47:12.00 | Mem:0.00M, Peak:0.00M | Scene | Initializing
Fra:1 Mem:32.47M (Peak 41.66M) | Time:495254:47:12.00 | Mem:0.00M, Peak:0.00M | Scene | Updating Images | Loading table_2_chair_1_seat_DIFFUSE
Fra:1 Mem:32.48M (Peak 41.69M) | Time:495254:47:12.01 | Mem:0.00M, Peak:0.00M | Scene | Synchronizing object | table_2_chair_1_seat
Fra:1 Mem:32.50M (Peak 41.69M) | Time:495254:47:12.01 | Mem:0.00M, Peak:0.00M | Scene | Initializing
Fra:1 Mem:32.49M (Peak 41.69M) | Time:495254:47:12.01 | Mem:0.00M, Peak:0.00M | Scene | Updating Images | Loading table_2_chair_1_seat_ROUGHNESS
Fra:1 Mem:32.51M (Peak 41.69M) | Time:495254:47:12.03 | Mem:0.00M, Peak:0.00M | Scene | Synchronizing object | table_2_chair_1_seat
Fra:1 Mem:32.52M (Peak 41.69M) | Time:495254:47:12.03 | Mem:0.00M, Peak:0.00M | Scene | Initializing
Fra:1 Mem:32.51M (Peak 41.69M) | Time:495254:47:12.03 | Mem:0.00M, Peak:0.00M | Scene | Updating Images | Loading table_2_chair_1_seat_NORMAL
Fra:1 Mem:32.53M (Peak 41.74M) | Time:495254:47:12.04 | Mem:0.00M, Peak:0.00M | Scene | Synchronizing object | table_2_chair_2_back
Fra:1 Mem:32.54M (Peak 41.74M) | Time:495254:47:12.04 | Mem:0.00M, Peak:0.00M | Scene | Initializing
Fra:1 Mem:32.53M (Peak 41.74M) | Time:495254:47:12.04 | Mem:0.00M, Peak:0.00M | Scene | Updating Images | Loading table_2_chair_2_back_DIFFUSE
Fra:1 Mem:32.55M (Peak 41.76M) | Time:495254:47:12.05 | Mem:0.00M, Peak:0.00M | Scene | Synchronizing object | table_2_chair_2_back
Fra:1 Mem:32.56M (Peak 41.76M) | Time:495254:47:12.05 | Mem:0.00M, Peak:0.00M | Scene | Initializing
Fra:1 Mem:32.56M (Peak 41.76M) | Time:495254:47:12.05 | Mem:0.00M, Peak:0.00M | Scene | Updating Images | Loading table_2_chair_2_back_ROUGHNESS
Fra:1 Mem:32.57M (Peak 41.76M) | Time:495254:47:12.07 | Mem:0.00M, Peak:0.00M | Scene | Synchronizing object | table_2_chair_2_back
Fra:1 Mem:32.58M (Peak 41.76M) | Time:495254:47:12.07 | Mem:0.00M, Peak:0.00M | Scene | Initializing
Fra:1 Mem:32.58M (Peak 41.76M) | Time:495254:47:12.07 | Mem:0.00M, Peak:0.00M | Scene | Updating Images | Loading table_2_chair_2_back_NORMAL
Fra:1 Mem:32.57M (Peak 41.80M) | Time:495254:47:12.08 | Mem:0.00M, Peak:0.00M | Scene | Synchronizing object | table_2_chair_2_leg_-0.19_-0.17
Fra:1 Mem:32.58M (Peak 41.80M) | Time:495254:47:12.08 | Mem:0.00M, Peak:0.00M | Scene | Initializing
Fra:1 Mem:32.57M (Peak 41.80M) | Time:495254:47:12.08 | Mem:0.00M, Peak:0.00M | Scene | Updating Images | Loading table_2_chair_2_leg_-0.19_-0.17_METAL
Fra:1 Mem:32.61M (Peak 41.80M) | Time:495254:47:12.09 | Mem:0.00M, Peak:0.00M | Scene | Synchronizing object | table_2_chair_2_leg_-0.19_-0.17
Fra:1 Mem:32.61M (Peak 41.80M) | Time:495254:47:12.09 | Mem:0.00M, Peak:0.00M | Scene | Initializing
Fra:1 Mem:32.60M (Peak 41.80M) | Time:495254:47:12.09 | Mem:0.00M, Peak:0.00M | Scene | Updating Images | Loading table_2_chair_2_leg_-0.19_-0.17_DIFFUSE
Fra:1 Mem:32.63M (Peak 41.82M) | Time:495254:47:12.11 | Mem:0.00M, Peak:0.00M | Scene | Synchronizing object | table_2_chair_2_leg_-0.19_-0.17
Fra:1 Mem:32.63M (Peak 41.82M) | Time:495254:47:12.11 | Mem:0.00M, Peak:0.00M | Scene | Initializing
Fra:1 Mem:32.63M (Peak 41.82M) | Time:495254:47:12.11 | Mem:0.00M, Peak:0.00M | Scene | Updating Images | Loading table_2_chair_2_leg_-0.19_-0.17_ROUGHNESS
Fra:1 Mem:32.65M (Peak 41.82M) | Time:495254:47:12.12 | Mem:0.00M, Peak:0.00M | Scene | Synchronizing object | table_2_chair_2_leg_-0.19_-0.17
Fra:1 Mem:32.65M (Peak 41.82M) | Time:495254:47:12.12 | Mem:0.00M, Peak:0.00M | Scene | Initializing
Fra:1 Mem:32.65M (Peak 41.82M) | Time:495254:47:12.12 | Mem:0.00M, Peak:0.00M | Scene | Updating Images | Loading table_2_chair_2_leg_-0.19_-0.17_NORMAL
Fra:1 Mem:32.65M (Peak 41.86M) | Time:495254:47:12.13 | Mem:0.00M, Peak:0.00M | Scene | Synchronizing object | table_2_chair_2_leg_-0.19_0.17
Fra:1 Mem:32.65M (Peak 41.86M) | Time:495254:47:12.13 | Mem:0.00M, Peak:0.00M | Scene | Initializing
Fra:1 Mem:32.65M (Peak 41.86M) | Time:495254:47:12.13 | Mem:0.00M, Peak:0.00M | Scene | Updating Images | Loading table_2_chair_2_leg_-0.19_0.17_METAL
Fra:1 Mem:32.68M (Peak 41.86M) | Time:495254:47:12.14 | Mem:0.00M, Peak:0.00M | Scene | Synchronizing object | table_2_chair_2_leg_-0.19_0.17
Fra:1 Mem:32.68M (Peak 41.86M) | Time:495254:47:12.14 | Mem:0.00M, Peak:0.00M | Scene | Initializing
Fra:1 Mem:32.68M (Peak 41.86M) | Time:495254:47:12.14 | Mem:0.00M, Peak:0.00M | Scene | Updating Images | Loading table_2_chair_2_leg_-0.19_0.17_DIFFUSE
Fra:1 Mem:32.70M (Peak 41.89M) | Time:495254:47:12.15 | Mem:0.00M, Peak:0.00M | Scene | Synchronizing object | table_2_chair_2_leg_-0.19_0.17
Fra:1 Mem:32.70M (Peak 41.89M) | Time:495254:47:12.15 | Mem:0.00M, Peak:0.00M | Scene | Initializing
Fra:1 Mem:32.70M (Peak 41.89M) | Time:495254:47:12.15 | Mem:0.00M, Peak:0.00M | Scene | Updating Images | Loading table_2_chair_2_leg_-0.19_0.17_ROUGHNESS
Fra:1 Mem:32.72M (Peak 41.89M) | Time:495254:47:12.17 | Mem:0.00M, Peak:0.00M | Scene | Synchronizing object | table_2_chair_2_leg_-0.19_0.17
Fra:1 Mem:32.73M (Peak 41.89M) | Time:495254:47:12.17 | Mem:0.00M, Peak:0.00M | Scene | Initializing
Fra:1 Mem:32.72M (Peak 41.89M) | Time:495254:47:12.17 | Mem:0.00M, Peak:0.00M | Scene | Updating Images | Loading table_2_chair_2_leg_-0.19_0.17_NORMAL
Fra:1 Mem:32.72M (Peak 41.94M) | Time:495254:47:12.18 | Mem:0.00M, Peak:0.00M | Scene | Synchronizing object | table_2_chair_2_leg_0.19_-0.17
Fra:1 Mem:32.72M (Peak 41.94M) | Time:495254:47:12.18 | Mem:0.00M, Peak:0.00M | Scene | Initializing
Fra:1 Mem:32.72M (Peak 41.94M) | Time:495254:47:12.18 | Mem:0.00M, Peak:0.00M | Scene | Updating Images | Loading table_2_chair_2_leg_0.19_-0.17_METAL
Fra:1 Mem:32.75M (Peak 41.94M) | Time:495254:47:12.19 | Mem:0.00M, Peak:0.00M | Scene | Synchronizing object | table_2_chair_2_leg_0.19_-0.17
Fra:1 Mem:32.75M (Peak 41.94M) | Time:495254:47:12.19 | Mem:0.00M, Peak:0.00M | Scene | Initializing
Fra:1 Mem:32.75M (Peak 41.94M) | Time:495254:47:12.19 | Mem:0.00M, Peak:0.00M | Scene | Updating Images | Loading table_2_chair_2_leg_0.19_-0.17_DIFFUSE
Fra:1 Mem:32.77M (Peak 41.96M) | Time:495254:47:12.20 | Mem:0.00M, Peak:0.00M | Scene | Synchronizing object | table_2_chair_2_leg_0.19_-0.17
Fra:1 Mem:32.78M (Peak 41.96M) | Time:495254:47:12.20 | Mem:0.00M, Peak:0.00M | Scene | Initializing
Fra:1 Mem:32.77M (Peak 41.96M) | Time:495254:47:12.20 | Mem:0.00M, Peak:0.00M | Scene | Updating Images | Loading table_2_chair_2_leg_0.19_-0.17_ROUGHNESS
Fra:1 Mem:32.80M (Peak 41.96M) | Time:495254:47:12.21 | Mem:0.00M, Peak:0.00M | Scene | Synchronizing object | table_2_chair_2_leg_0.19_-0.17
Fra:1 Mem:32.80M (Peak 41.96M) | Time:495254:47:12.21 | Mem:0.00M, Peak:0.00M | Scene | Initializing
Fra:1 Mem:32.79M (Peak 41.96M) | Time:495254:47:12.21 | Mem:0.00M, Peak:0.00M | Scene | Updating Images | Loading table_2_chair_2_leg_0.19_-0.17_NORMAL
Fra:1 Mem:32.79M (Peak 42.01M) | Time:495254:47:12.23 | Mem:0.00M, Peak:0.00M | Scene | Synchronizing object | table_2_chair_2_leg_0.19_0.17
Fra:1 Mem:32.80M (Peak 42.01M) | Time:495254:47:12.23 | Mem:0.00M, Peak:0.00M | Scene | Initializing
Fra:1 Mem:32.79M (Peak 42.01M) | Time:495254:47:12.23 | Mem:0.00M, Peak:0.00M | Scene | Updating Images | Loading table_2_chair_2_leg_0.19_0.17_METAL
Fra:1 Mem:32.83M (Peak 42.01M) | Time:495254:47:12.24 | Mem:0.00M, Peak:0.00M | Scene | Synchronizing object | table_2_chair_2_leg_0.19_0.17
Fra:1 Mem:32.83M (Peak 42.01M) | Time:495254:47:12.24 | Mem:0.00M, Peak:0.00M | Scene | Initializing
Fra:1 Mem:32.82M (Peak 42.01M) | Time:495254:47:12.24 | Mem:0.00M, Peak:0.00M | Scene | Updating Images | Loading table_2_chair_2_leg_0.19_0.17_DIFFUSE
Fra:1 Mem:32.85M (Peak 42.04M) | Time:495254:47:12.25 | Mem:0.00M, Peak:0.00M | Scene | Synchronizing object | table_2_chair_2_leg_0.19_0.17
Fra:1 Mem:32.85M (Peak 42.04M) | Time:495254:47:12.25 | Mem:0.00M, Peak:0.00M | Scene | Initializing
Fra:1 Mem:32.85M (Peak 42.04M) | Time:495254:47:12.25 | Mem:0.00M, Peak:0.00M | Scene | Updating Images | Loading table_2_chair_2_leg_0.19_0.17_ROUGHNESS
Fra:1 Mem:32.87M (Peak 42.04M) | Time:495254:47:12.26 | Mem:0.00M, Peak:0.00M | Scene | Synchronizing object | table_2_chair_2_leg_0.19_0.17
Fra:1 Mem:32.87M (Peak 42.04M) | Time:495254:47:12.26 | Mem:0.00M, Peak:0.00M | Scene | Initializing
Fra:1 Mem:32.87M (Peak 42.04M) | Time:495254:47:12.26 | Mem:0.00M, Peak:0.00M | Scene | Updating Images | Loading table_2_chair_2_leg_0.19_0.17_NORMAL
Fra:1 Mem:32.88M (Peak 42.08M) | Time:495254:47:12.28 | Mem:0.00M, Peak:0.00M | Scene | Synchronizing object | table_2_chair_2_seat
Fra:1 Mem:32.90M (Peak 42.08M) | Time:495254:47:12.28 | Mem:0.00M, Peak:0.00M | Scene | Initializing
Fra:1 Mem:32.89M (Peak 42.08M) | Time:495254:47:12.28 | Mem:0.00M, Peak:0.00M | Scene | Updating Images | Loading table_2_chair_2_seat_DIFFUSE
Fra:1 Mem:32.91M (Peak 42.12M) | Time:495254:47:12.29 | Mem:0.00M, Peak:0.00M | Scene | Synchronizing object | table_2_chair_2_seat
Fra:1 Mem:32.92M (Peak 42.12M) | Time:495254:47:12.29 | Mem:0.00M, Peak:0.00M | Scene | Initializing
Fra:1 Mem:32.92M (Peak 42.12M) | Time:495254:47:12.29 | Mem:0.00M, Peak:0.00M | Scene | Updating Images | Loading table_2_chair_2_seat_ROUGHNESS
Fra:1 Mem:32.93M (Peak 42.12M) | Time:495254:47:12.30 | Mem:0.00M, Peak:0.00M | Scene | Synchronizing object | table_2_chair_2_seat
Fra:1 Mem:32.94M (Peak 42.12M) | Time:495254:47:12.30 | Mem:0.00M, Peak:0.00M | Scene | Initializing
Fra:1 Mem:32.94M (Peak 42.12M) | Time:495254:47:12.30 | Mem:0.00M, Peak:0.00M | Scene | Updating Images | Loading table_2_chair_2_seat_NORMAL
Fra:1 Mem:32.95M (Peak 42.16M) | Time:495254:47:12.32 | Mem:0.00M, Peak:0.00M | Scene | Synchronizing object | table_2_chair_3_back
Fra:1 Mem:32.96M (Peak 42.16M) | Time:495254:47:12.32 | Mem:0.00M, Peak:0.00M | Scene | Initializing
Fra:1 Mem:32.96M (Peak 42.16M) | Time:495254:47:12.32 | Mem:0.00M, Peak:0.00M | Scene | Updating Images | Loading table_2_chair_3_back_DIFFUSE
Fra:1 Mem:32.97M (Peak 42.18M) | Time:495254:47:12.33 | Mem:0.00M, Peak:0.00M | Scene | Synchronizing object | table_2_chair_3_back
Fra:1 Mem:32.98M (Peak 42.18M) | Time:495254:47:12.33 | Mem:0.00M, Peak:0.00M | Scene | Initializing
Fra:1 Mem:32.98M (Peak 42.18M) | Time:495254:47:12.33 | Mem:0.00M, Peak:0.00M | Scene | Updating Images | Loading table_2_chair_3_back_ROUGHNESS
Fra:1 Mem:32.99M (Peak 42.18M) | Time:495254:47:12.35 | Mem:0.00M, Peak:0.00M | Scene | Synchronizing object | table_2_chair_3_back
Fra:1 Mem:33.01M (Peak 42.18M) | Time:495254:47:12.35 | Mem:0.00M, Peak:0.00M | Scene | Initializing
Fra:1 Mem:33.00M (Peak 42.18M) | Time:495254:47:12.35 | Mem:0.00M, Peak:0.00M | Scene | Updating Images | Loading table_2_chair_3_back_NORMAL
Fra:1 Mem:33.00M (Peak 42.23M) | Time:495254:47:12.36 | Mem:0.00M, Peak:0.00M | Scene | Synchronizing object | table_2_chair_3_leg_-0.19_-0.17
Fra:1 Mem:33.00M (Peak 42.23M) | Time:495254:47:12.36 | Mem:0.00M, Peak:0.00M | Scene | Initializing
Fra:1 Mem:33.00M (Peak 42.23M) | Time:495254:47:12.36 | Mem:0.00M, Peak:0.00M | Scene | Updating Images | Loading table_2_chair_3_leg_-0.19_-0.17_METAL
Fra:1 Mem:33.03M (Peak 42.23M) | Time:495254:47:12.37 | Mem:0.00M, Peak:0.00M | Scene | Synchronizing object | table_2_chair_3_leg_-0.19_-0.17
Fra:1 Mem:33.03M (Peak 42.23M) | Time:495254:47:12.37 | Mem:0.00M, Peak:0.00M | Scene | Initializing
Fra:1 Mem:33.03M (Peak 42.23M) | Time:495254:47:12.37 | Mem:0.00M, Peak:0.00M | Scene | Updating Images | Loading table_2_chair_3_leg_-0.19_-0.17_DIFFUSE
Fra:1 Mem:33.05M (Peak 42.24M) | Time:495254:47:12.38 | Mem:0.00M, Peak:0.00M | Scene | Synchronizing object | table_2_chair_3_leg_-0.19_-0.17
Fra:1 Mem:33.05M (Peak 42.24M) | Time:495254:47:12.38 | Mem:0.00M, Peak:0.00M | Scene | Initializing
Fra:1 Mem:33.05M (Peak 42.24M) | Time:495254:47:12.38 | Mem:0.00M, Peak:0.00M | Scene | Updating Images | Loading table_2_chair_3_leg_-0.19_-0.17_ROUGHNESS
Fra:1 Mem:33.07M (Peak 42.24M) | Time:495254:47:12.39 | Mem:0.00M, Peak:0.00M | Scene | Synchronizing object | table_2_chair_3_leg_-0.19_-0.17
Fra:1 Mem:33.07M (Peak 42.24M) | Time:495254:47:12.39 | Mem:0.00M, Peak:0.00M | Scene | Initializing
Fra:1 Mem:33.07M (Peak 42.24M) | Time:495254:47:12.39 | Mem:0.00M, Peak:0.00M | Scene | Updating Images | Loading table_2_chair_3_leg_-0.19_-0.17_NORMAL
Fra:1 Mem:33.07M (Peak 42.28M) | Time:495254:47:12.41 | Mem:0.00M, Peak:0.00M | Scene | Synchronizing object | table_2_chair_3_leg_-0.19_0.17
Fra:1 Mem:33.07M (Peak 42.28M) | Time:495254:47:12.41 | Mem:0.00M, Peak:0.00M | Scene | Initializing
Fra:1 Mem:33.07M (Peak 42.28M) | Time:495254:47:12.41 | Mem:0.00M, Peak:0.00M | Scene | Updating Images | Loading table_2_chair_3_leg_-0.19_0.17_METAL
Fra:1 Mem:33.10M (Peak 42.28M) | Time:495254:47:12.42 | Mem:0.00M, Peak:0.00M | Scene | Synchronizing object | table_2_chair_3_leg_-0.19_0.17
Fra:1 Mem:33.10M (Peak 42.28M) | Time:495254:47:12.42 | Mem:0.00M, Peak:0.00M | Scene | Initializing
Fra:1 Mem:33.10M (Peak 42.28M) | Time:495254:47:12.42 | Mem:0.00M, Peak:0.00M | Scene | Updating Images | Loading table_2_chair_3_leg_-0.19_0.17_DIFFUSE
Fra:1 Mem:33.12M (Peak 42.31M) | Time:495254:47:12.43 | Mem:0.00M, Peak:0.00M | Scene | Synchronizing object | table_2_chair_3_leg_-0.19_0.17
Fra:1 Mem:33.13M (Peak 42.31M) | Time:495254:47:12.43 | Mem:0.00M, Peak:0.00M | Scene | Initializing
Fra:1 Mem:33.12M (Peak 42.31M) | Time:495254:47:12.43 | Mem:0.00M, Peak:0.00M | Scene | Updating Images | Loading table_2_chair_3_leg_-0.19_0.17_ROUGHNESS
Fra:1 Mem:33.15M (Peak 42.31M) | Time:495254:47:12.44 | Mem:0.00M, Peak:0.00M | Scene | Synchronizing object | table_2_chair_3_leg_-0.19_0.17
Fra:1 Mem:33.15M (Peak 42.31M) | Time:495254:47:12.44 | Mem:0.00M, Peak:0.00M | Scene | Initializing
Fra:1 Mem:33.14M (Peak 42.31M) | Time:495254:47:12.44 | Mem:0.00M, Peak:0.00M | Scene | Updating Images | Loading table_2_chair_3_leg_-0.19_0.17_NORMAL
Fra:1 Mem:33.14M (Peak 42.36M) | Time:495254:47:12.46 | Mem:0.00M, Peak:0.00M | Scene | Synchronizing object | table_2_chair_3_leg_0.19_-0.17
Fra:1 Mem:33.15M (Peak 42.36M) | Time:495254:47:12.46 | Mem:0.00M, Peak:0.00M | Scene | Initializing
Fra:1 Mem:33.14M (Peak 42.36M) | Time:495254:47:12.46 | Mem:0.00M, Peak:0.00M | Scene | Updating Images | Loading table_2_chair_3_leg_0.19_-0.17_METAL
Fra:1 Mem:33.18M (Peak 42.36M) | Time:495254:47:12.47 | Mem:0.00M, Peak:0.00M | Scene | Synchronizing object | table_2_chair_3_leg_0.19_-0.17
Fra:1 Mem:33.18M (Peak 42.36M) | Time:495254:47:12.47 | Mem:0.00M, Peak:0.00M | Scene | Initializing
Fra:1 Mem:33.17M (Peak 42.36M) | Time:495254:47:12.47 | Mem:0.00M, Peak:0.00M | Scene | Updating Images | Loading table_2_chair_3_leg_0.19_-0.17_DIFFUSE
Fra:1 Mem:33.20M (Peak 42.39M) | Time:495254:47:12.48 | Mem:0.00M, Peak:0.00M | Scene | Synchronizing object | table_2_chair_3_leg_0.19_-0.17
Fra:1 Mem:33.20M (Peak 42.39M) | Time:495254:47:12.48 | Mem:0.00M, Peak:0.00M | Scene | Initializing
Fra:1 Mem:33.20M (Peak 42.39M) | Time:495254:47:12.48 | Mem:0.00M, Peak:0.00M | Scene | Updating Images | Loading table_2_chair_3_leg_0.19_-0.17_ROUGHNESS
Fra:1 Mem:33.22M (Peak 42.39M) | Time:495254:47:12.49 | Mem:0.00M, Peak:0.00M | Scene | Synchronizing object | table_2_chair_3_leg_0.19_-0.17
Fra:1 Mem:33.22M (Peak 42.39M) | Time:495254:47:12.49 | Mem:0.00M, Peak:0.00M | Scene | Initializing
Fra:1 Mem:33.22M (Peak 42.39M) | Time:495254:47:12.49 | Mem:0.00M, Peak:0.00M | Scene | Updating Images | Loading table_2_chair_3_leg_0.19_-0.17_NORMAL
Fra:1 Mem:33.22M (Peak 42.43M) | Time:495254:47:12.50 | Mem:0.00M, Peak:0.00M | Scene | Synchronizing object | table_2_chair_3_leg_0.19_0.17
Fra:1 Mem:33.22M (Peak 42.43M) | Time:495254:47:12.50 | Mem:0.00M, Peak:0.00M | Scene | Initializing
Fra:1 Mem:33.22M (Peak 42.43M) | Time:495254:47:12.50 | Mem:0.00M, Peak:0.00M | Scene | Updating Images | Loading table_2_chair_3_leg_0.19_0.17_METAL
Fra:1 Mem:33.25M (Peak 42.43M) | Time:495254:47:12.52 | Mem:0.00M, Peak:0.00M | Scene | Synchronizing object | table_2_chair_3_leg_0.19_0.17
Fra:1 Mem:33.25M (Peak 42.43M) | Time:495254:47:12.52 | Mem:0.00M, Peak:0.00M | Scene | Initializing
Fra:1 Mem:33.25M (Peak 42.43M) | Time:495254:47:12.52 | Mem:0.00M, Peak:0.00M | Scene | Updating Images | Loading table_2_chair_3_leg_0.19_0.17_DIFFUSE
Fra:1 Mem:33.27M (Peak 42.46M) | Time:495254:47:12.53 | Mem:0.00M, Peak:0.00M | Scene | Synchronizing object | table_2_chair_3_leg_0.19_0.17
Fra:1 Mem:33.27M (Peak 42.46M) | Time:495254:47:12.53 | Mem:0.00M, Peak:0.00M | Scene | Initializing
Fra:1 Mem:33.27M (Peak 42.46M) | Time:495254:47:12.53 | Mem:0.00M, Peak:0.00M | Scene | Updating Images | Loading table_2_chair_3_leg_0.19_0.17_ROUGHNESS
Fra:1 Mem:33.29M (Peak 42.46M) | Time:495254:47:12.54 | Mem:0.00M, Peak:0.00M | Scene | Synchronizing object | table_2_chair_3_leg_0.19_0.17
Fra:1 Mem:33.29M (Peak 42.46M) | Time:495254:47:12.54 | Mem:0.00M, Peak:0.00M | Scene | Initializing
Fra:1 Mem:33.29M (Peak 42.46M) | Time:495254:47:12.54 | Mem:0.00M, Peak:0.00M | Scene | Updating Images | Loading table_2_chair_3_leg_0.19_0.17_NORMAL
Fra:1 Mem:33.31M (Peak 42.50M) | Time:495254:47:12.55 | Mem:0.00M, Peak:0.00M | Scene | Synchronizing object | table_2_chair_3_seat
Fra:1 Mem:33.32M (Peak 42.50M) | Time:495254:47:12.55 | Mem:0.00M, Peak:0.00M | Scene | Initializing
Fra:1 Mem:33.32M (Peak 42.50M) | Time:495254:47:12.55 | Mem:0.00M, Peak:0.00M | Scene | Updating Images | Loading table_2_chair_3_seat_DIFFUSE
Fra:1 Mem:33.33M (Peak 42.54M) | Time:495254:47:12.57 | Mem:0.00M, Peak:0.00M | Scene | Synchronizing object | table_2_chair_3_seat
Fra:1 Mem:33.34M (Peak 42.54M) | Time:495254:47:12.57 | Mem:0.00M, Peak:0.00M | Scene | Initializing
Fra:1 Mem:33.34M (Peak 42.54M) | Time:495254:47:12.57 | Mem:0.00M, Peak:0.00M | Scene | Updating Images | Loading table_2_chair_3_seat_ROUGHNESS
Fra:1 Mem:33.35M (Peak 42.54M) | Time:495254:47:12.58 | Mem:0.00M, Peak:0.00M | Scene | Synchronizing object | table_2_chair_3_seat
Fra:1 Mem:33.36M (Peak 42.54M) | Time:495254:47:12.58 | Mem:0.00M, Peak:0.00M | Scene | Initializing
Fra:1 Mem:33.36M (Peak 42.54M) | Time:495254:47:12.58 | Mem:0.00M, Peak:0.00M | Scene | Updating Images | Loading table_2_chair_3_seat_NORMAL
Fra:1 Mem:33.36M (Peak 42.59M) | Time:495254:47:12.59 | Mem:0.00M, Peak:0.00M | Scene | Synchronizing object | table_2_green_tray
Fra:1 Mem:33.36M (Peak 42.59M) | Time:495254:47:12.59 | Mem:0.00M, Peak:0.00M | Scene | Initializing
Fra:1 Mem:33.36M (Peak 42.59M) | Time:495254:47:12.59 | Mem:0.00M, Peak:0.00M | Scene | Updating Images | Loading table_2_green_tray_DIFFUSE
Fra:1 Mem:33.39M (Peak 42.59M) | Time:495254:47:12.61 | Mem:0.00M, Peak:0.00M | Scene | Synchronizing object | table_2_green_tray
Fra:1 Mem:33.39M (Peak 42.59M) | Time:495254:47:12.61 | Mem:0.00M, Peak:0.00M | Scene | Initializing
Fra:1 Mem:33.38M (Peak 42.59M) | Time:495254:47:12.61 | Mem:0.00M, Peak:0.00M | Scene | Updating Images | Loading table_2_green_tray_ROUGHNESS
Fra:1 Mem:33.41M (Peak 42.59M) | Time:495254:47:12.62 | Mem:0.00M, Peak:0.00M | Scene | Synchronizing object | table_2_green_tray
Fra:1 Mem:33.41M (Peak 42.59M) | Time:495254:47:12.62 | Mem:0.00M, Peak:0.00M | Scene | Initializing
Fra:1 Mem:33.40M (Peak 42.59M) | Time:495254:47:12.62 | Mem:0.00M, Peak:0.00M | Scene | Updating Images | Loading table_2_green_tray_NORMAL
Fra:1 Mem:33.43M (Peak 42.62M) | Time:495254:47:12.63 | Mem:0.00M, Peak:0.00M | Scene | Synchronizing object | table_2_paper_cup
Fra:1 Mem:33.43M (Peak 42.62M) | Time:495254:47:12.63 | Mem:0.00M, Peak:0.00M | Scene | Initializing
Fra:1 Mem:33.43M (Peak 42.62M) | Time:495254:47:12.63 | Mem:0.00M, Peak:0.00M | Scene | Updating Images | Loading table_2_paper_cup_DIFFUSE
Fra:1 Mem:33.45M (Peak 42.64M) | Time:495254:47:12.65 | Mem:0.00M, Peak:0.00M | Scene | Synchronizing object | table_2_paper_cup
Fra:1 Mem:33.46M (Peak 42.64M) | Time:495254:47:12.65 | Mem:0.00M, Peak:0.00M | Scene | Initializing
Fra:1 Mem:33.45M (Peak 42.64M) | Time:495254:47:12.65 | Mem:0.00M, Peak:0.00M | Scene | Updating Images | Loading table_2_paper_cup_ROUGHNESS
Fra:1 Mem:33.48M (Peak 42.64M) | Time:495254:47:12.66 | Mem:0.00M, Peak:0.00M | Scene | Synchronizing object | table_2_paper_cup
Fra:1 Mem:33.48M (Peak 42.64M) | Time:495254:47:12.66 | Mem:0.00M, Peak:0.00M | Scene | Initializing
Fra:1 Mem:33.47M (Peak 42.64M) | Time:495254:47:12.66 | Mem:0.00M, Peak:0.00M | Scene | Updating Images | Loading table_2_paper_cup_NORMAL
Fra:1 Mem:33.49M (Peak 42.69M) | Time:495254:47:12.67 | Mem:0.00M, Peak:0.00M | Scene | Synchronizing object | table_2_round_table_base
Fra:1 Mem:33.50M (Peak 42.69M) | Time:495254:47:12.67 | Mem:0.00M, Peak:0.00M | Scene | Initializing
Fra:1 Mem:33.49M (Peak 42.69M) | Time:495254:47:12.67 | Mem:0.00M, Peak:0.00M | Scene | Updating Images | Loading table_2_round_table_base_METAL
Fra:1 Mem:33.52M (Peak 42.71M) | Time:495254:47:12.69 | Mem:0.00M, Peak:0.00M | Scene | Synchronizing object | table_2_round_table_base
Fra:1 Mem:33.53M (Peak 42.71M) | Time:495254:47:12.69 | Mem:0.00M, Peak:0.00M | Scene | Initializing
Fra:1 Mem:33.53M (Peak 42.71M) | Time:495254:47:12.69 | Mem:0.00M, Peak:0.00M | Scene | Updating Images | Loading table_2_round_table_base_DIFFUSE
Fra:1 Mem:33.55M (Peak 42.74M) | Time:495254:47:12.70 | Mem:0.00M, Peak:0.00M | Scene | Synchronizing object | table_2_round_table_base
Fra:1 Mem:33.55M (Peak 42.74M) | Time:495254:47:12.70 | Mem:0.00M, Peak:0.00M | Scene | Initializing
Fra:1 Mem:33.55M (Peak 42.74M) | Time:495254:47:12.70 | Mem:0.00M, Peak:0.00M | Scene | Updating Images | Loading table_2_round_table_base_ROUGHNESS
Fra:1 Mem:33.57M (Peak 42.74M) | Time:495254:47:12.71 | Mem:0.00M, Peak:0.00M | Scene | Synchronizing object | table_2_round_table_base
Fra:1 Mem:33.57M (Peak 42.74M) | Time:495254:47:12.71 | Mem:0.00M, Peak:0.00M | Scene | Initializing
Fra:1 Mem:33.57M (Peak 42.74M) | Time:495254:47:12.71 | Mem:0.00M, Peak:0.00M | Scene | Updating Images | Loading table_2_round_table_base_NORMAL
Fra:1 Mem:33.58M (Peak 42.79M) | Time:495254:47:12.73 | Mem:0.00M, Peak:0.00M | Scene | Synchronizing object | table_2_square_tabletop
Fra:1 Mem:33.60M (Peak 42.79M) | Time:495254:47:12.73 | Mem:0.00M, Peak:0.00M | Scene | Initializing
Fra:1 Mem:33.59M (Peak 42.79M) | Time:495254:47:12.73 | Mem:0.00M, Peak:0.00M | Scene | Updating Images | Loading table_2_square_tabletop_DIFFUSE
Fra:1 Mem:33.61M (Peak 42.82M) | Time:495254:47:12.74 | Mem:0.00M, Peak:0.00M | Scene | Synchronizing object | table_2_square_tabletop
Fra:1 Mem:33.62M (Peak 42.82M) | Time:495254:47:12.74 | Mem:0.00M, Peak:0.00M | Scene | Initializing
Fra:1 Mem:33.61M (Peak 42.82M) | Time:495254:47:12.74 | Mem:0.00M, Peak:0.00M | Scene | Updating Images | Loading table_2_square_tabletop_ROUGHNESS
Fra:1 Mem:33.63M (Peak 42.82M) | Time:495254:47:12.75 | Mem:0.00M, Peak:0.00M | Scene | Synchronizing object | table_2_square_tabletop
Fra:1 Mem:33.64M (Peak 42.82M) | Time:495254:47:12.76 | Mem:0.00M, Peak:0.00M | Scene | Initializing
Fra:1 Mem:33.64M (Peak 42.82M) | Time:495254:47:12.76 | Mem:0.00M, Peak:0.00M | Scene | Updating Images | Loading table_2_square_tabletop_NORMAL
Fra:1 Mem:33.63M (Peak 42.86M) | Time:495254:47:12.77 | Mem:0.00M, Peak:0.00M | Scene | Synchronizing object | table_3_central_pedestal
Fra:1 Mem:33.64M (Peak 42.86M) | Time:495254:47:12.77 | Mem:0.00M, Peak:0.00M | Scene | Initializing
Fra:1 Mem:33.63M (Peak 42.86M) | Time:495254:47:12.77 | Mem:0.00M, Peak:0.00M | Scene | Updating Images | Loading table_3_central_pedestal_METAL
Fra:1 Mem:33.67M (Peak 42.86M) | Time:495254:47:12.78 | Mem:0.00M, Peak:0.00M | Scene | Synchronizing object | table_3_central_pedestal
Fra:1 Mem:33.67M (Peak 42.86M) | Time:495254:47:12.78 | Mem:0.00M, Peak:0.00M | Scene | Initializing
Fra:1 Mem:33.67M (Peak 42.86M) | Time:495254:47:12.78 | Mem:0.00M, Peak:0.00M | Scene | Updating Images | Loading table_3_central_pedestal_DIFFUSE
Fra:1 Mem:33.69M (Peak 42.88M) | Time:495254:47:12.79 | Mem:0.00M, Peak:0.00M | Scene | Synchronizing object | table_3_central_pedestal
Fra:1 Mem:33.69M (Peak 42.88M) | Time:495254:47:12.79 | Mem:0.00M, Peak:0.00M | Scene | Initializing
Fra:1 Mem:33.69M (Peak 42.88M) | Time:495254:47:12.79 | Mem:0.00M, Peak:0.00M | Scene | Updating Images | Loading table_3_central_pedestal_ROUGHNESS
Fra:1 Mem:33.71M (Peak 42.88M) | Time:495254:47:12.81 | Mem:0.00M, Peak:0.00M | Scene | Synchronizing object | table_3_central_pedestal
Fra:1 Mem:33.71M (Peak 42.88M) | Time:495254:47:12.81 | Mem:0.00M, Peak:0.00M | Scene | Initializing
Fra:1 Mem:33.71M (Peak 42.88M) | Time:495254:47:12.81 | Mem:0.00M, Peak:0.00M | Scene | Updating Images | Loading table_3_central_pedestal_NORMAL
Fra:1 Mem:33.72M (Peak 42.92M) | Time:495254:47:12.82 | Mem:0.00M, Peak:0.00M | Scene | Synchronizing object | table_3_chair_0_back
Fra:1 Mem:33.74M (Peak 42.92M) | Time:495254:47:12.82 | Mem:0.00M, Peak:0.00M | Scene | Initializing
Fra:1 Mem:33.73M (Peak 42.92M) | Time:495254:47:12.82 | Mem:0.00M, Peak:0.00M | Scene | Updating Images | Loading table_3_chair_0_back_DIFFUSE
Fra:1 Mem:33.75M (Peak 42.96M) | Time:495254:47:12.84 | Mem:0.00M, Peak:0.00M | Scene | Synchronizing object | table_3_chair_0_back
Fra:1 Mem:33.76M (Peak 42.96M) | Time:495254:47:12.84 | Mem:0.00M, Peak:0.00M | Scene | Initializing
Fra:1 Mem:33.76M (Peak 42.96M) | Time:495254:47:12.84 | Mem:0.00M, Peak:0.00M | Scene | Updating Images | Loading table_3_chair_0_back_ROUGHNESS
Fra:1 Mem:33.77M (Peak 42.96M) | Time:495254:47:12.85 | Mem:0.00M, Peak:0.00M | Scene | Synchronizing object | table_3_chair_0_back
Fra:1 Mem:33.78M (Peak 42.96M) | Time:495254:47:12.85 | Mem:0.00M, Peak:0.00M | Scene | Initializing
Fra:1 Mem:33.78M (Peak 42.96M) | Time:495254:47:12.85 | Mem:0.00M, Peak:0.00M | Scene | Updating Images | Loading table_3_chair_0_back_NORMAL
Fra:1 Mem:33.77M (Peak 43.00M) | Time:495254:47:12.86 | Mem:0.00M, Peak:0.00M | Scene | Synchronizing object | table_3_chair_0_leg_-0.19_-0.17
Fra:1 Mem:33.78M (Peak 43.00M) | Time:495254:47:12.86 | Mem:0.00M, Peak:0.00M | Scene | Initializing
Fra:1 Mem:33.77M (Peak 43.00M) | Time:495254:47:12.86 | Mem:0.00M, Peak:0.00M | Scene | Updating Images | Loading table_3_chair_0_leg_-0.19_-0.17_METAL
Fra:1 Mem:33.80M (Peak 43.00M) | Time:495254:47:12.88 | Mem:0.00M, Peak:0.00M | Scene | Synchronizing object | table_3_chair_0_leg_-0.19_-0.17
Fra:1 Mem:33.81M (Peak 43.00M) | Time:495254:47:12.88 | Mem:0.00M, Peak:0.00M | Scene | Initializing
Fra:1 Mem:33.80M (Peak 43.00M) | Time:495254:47:12.88 | Mem:0.00M, Peak:0.00M | Scene | Updating Images | Loading table_3_chair_0_leg_-0.19_-0.17_DIFFUSE
Fra:1 Mem:33.83M (Peak 43.02M) | Time:495254:47:12.89 | Mem:0.00M, Peak:0.00M | Scene | Synchronizing object | table_3_chair_0_leg_-0.19_-0.17
Fra:1 Mem:33.83M (Peak 43.02M) | Time:495254:47:12.89 | Mem:0.00M, Peak:0.00M | Scene | Initializing
Fra:1 Mem:33.82M (Peak 43.02M) | Time:495254:47:12.89 | Mem:0.00M, Peak:0.00M | Scene | Updating Images | Loading table_3_chair_0_leg_-0.19_-0.17_ROUGHNESS
Fra:1 Mem:33.85M (Peak 43.02M) | Time:495254:47:12.90 | Mem:0.00M, Peak:0.00M | Scene | Synchronizing object | table_3_chair_0_leg_-0.19_-0.17
Fra:1 Mem:33.85M (Peak 43.02M) | Time:495254:47:12.90 | Mem:0.00M, Peak:0.00M | Scene | Initializing
Fra:1 Mem:33.85M (Peak 43.02M) | Time:495254:47:12.90 | Mem:0.00M, Peak:0.00M | Scene | Updating Images | Loading table_3_chair_0_leg_-0.19_-0.17_NORMAL
Fra:1 Mem:33.85M (Peak 43.06M) | Time:495254:47:12.92 | Mem:0.00M, Peak:0.00M | Scene | Synchronizing object | table_3_chair_0_leg_-0.19_0.17
Fra:1 Mem:33.85M (Peak 43.06M) | Time:495254:47:12.92 | Mem:0.00M, Peak:0.00M | Scene | Initializing
Fra:1 Mem:33.84M (Peak 43.06M) | Time:495254:47:12.92 | Mem:0.00M, Peak:0.00M | Scene | Updating Images | Loading table_3_chair_0_leg_-0.19_0.17_METAL
Fra:1 Mem:33.88M (Peak 43.06M) | Time:495254:47:12.93 | Mem:0.00M, Peak:0.00M | Scene | Synchronizing object | table_3_chair_0_leg_-0.19_0.17
Fra:1 Mem:33.88M (Peak 43.06M) | Time:495254:47:12.93 | Mem:0.00M, Peak:0.00M | Scene | Initializing
Fra:1 Mem:33.88M (Peak 43.06M) | Time:495254:47:12.93 | Mem:0.00M, Peak:0.00M | Scene | Updating Images | Loading table_3_chair_0_leg_-0.19_0.17_DIFFUSE
Fra:1 Mem:33.90M (Peak 43.09M) | Time:495254:47:12.95 | Mem:0.00M, Peak:0.00M | Scene | Synchronizing object | table_3_chair_0_leg_-0.19_0.17
Fra:1 Mem:33.90M (Peak 43.09M) | Time:495254:47:12.95 | Mem:0.00M, Peak:0.00M | Scene | Initializing
Fra:1 Mem:33.90M (Peak 43.09M) | Time:495254:47:12.95 | Mem:0.00M, Peak:0.00M | Scene | Updating Images | Loading table_3_chair_0_leg_-0.19_0.17_ROUGHNESS
Fra:1 Mem:33.92M (Peak 43.09M) | Time:495254:47:12.96 | Mem:0.00M, Peak:0.00M | Scene | Synchronizing object | table_3_chair_0_leg_-0.19_0.17
Fra:1 Mem:33.92M (Peak 43.09M) | Time:495254:47:12.96 | Mem:0.00M, Peak:0.00M | Scene | Initializing
Fra:1 Mem:33.92M (Peak 43.09M) | Time:495254:47:12.96 | Mem:0.00M, Peak:0.00M | Scene | Updating Images | Loading table_3_chair_0_leg_-0.19_0.17_NORMAL
Fra:1 Mem:33.92M (Peak 43.13M) | Time:495254:47:12.97 | Mem:0.00M, Peak:0.00M | Scene | Synchronizing object | table_3_chair_0_leg_0.19_-0.17
Fra:1 Mem:33.92M (Peak 43.13M) | Time:495254:47:12.97 | Mem:0.00M, Peak:0.00M | Scene | Initializing
Fra:1 Mem:33.92M (Peak 43.13M) | Time:495254:47:12.97 | Mem:0.00M, Peak:0.00M | Scene | Updating Images | Loading table_3_chair_0_leg_0.19_-0.17_METAL
Fra:1 Mem:33.95M (Peak 43.13M) | Time:495254:47:12.98 | Mem:0.00M, Peak:0.00M | Scene | Synchronizing object | table_3_chair_0_leg_0.19_-0.17
Fra:1 Mem:33.95M (Peak 43.13M) | Time:495254:47:12.98 | Mem:0.00M, Peak:0.00M | Scene | Initializing
Fra:1 Mem:33.95M (Peak 43.13M) | Time:495254:47:12.98 | Mem:0.00M, Peak:0.00M | Scene | Updating Images | Loading table_3_chair_0_leg_0.19_-0.17_DIFFUSE
Fra:1 Mem:33.97M (Peak 43.16M) | Time:495254:47:12.99 | Mem:0.00M, Peak:0.00M | Scene | Synchronizing object | table_3_chair_0_leg_0.19_-0.17
Fra:1 Mem:33.97M (Peak 43.16M) | Time:495254:47:13.00 | Mem:0.00M, Peak:0.00M | Scene | Initializing
Fra:1 Mem:33.97M (Peak 43.16M) | Time:495254:47:13.00 | Mem:0.00M, Peak:0.00M | Scene | Updating Images | Loading table_3_chair_0_leg_0.19_-0.17_ROUGHNESS
Fra:1 Mem:33.99M (Peak 43.16M) | Time:495254:47:13.01 | Mem:0.00M, Peak:0.00M | Scene | Synchronizing object | table_3_chair_0_leg_0.19_-0.17
Fra:1 Mem:34.00M (Peak 43.16M) | Time:495254:47:13.01 | Mem:0.00M, Peak:0.00M | Scene | Initializing
Fra:1 Mem:33.99M (Peak 43.16M) | Time:495254:47:13.01 | Mem:0.00M, Peak:0.00M | Scene | Updating Images | Loading table_3_chair_0_leg_0.19_-0.17_NORMAL
Fra:1 Mem:33.99M (Peak 43.21M) | Time:495254:47:13.02 | Mem:0.00M, Peak:0.00M | Scene | Synchronizing object | table_3_chair_0_leg_0.19_0.17
Fra:1 Mem:34.00M (Peak 43.21M) | Time:495254:47:13.02 | Mem:0.00M, Peak:0.00M | Scene | Initializing
Fra:1 Mem:33.99M (Peak 43.21M) | Time:495254:47:13.02 | Mem:0.00M, Peak:0.00M | Scene | Updating Images | Loading table_3_chair_0_leg_0.19_0.17_METAL
Fra:1 Mem:34.02M (Peak 43.21M) | Time:495254:47:13.03 | Mem:0.00M, Peak:0.00M | Scene | Synchronizing object | table_3_chair_0_leg_0.19_0.17
Fra:1 Mem:34.03M (Peak 43.21M) | Time:495254:47:13.03 | Mem:0.00M, Peak:0.00M | Scene | Initializing
Fra:1 Mem:34.02M (Peak 43.21M) | Time:495254:47:13.03 | Mem:0.00M, Peak:0.00M | Scene | Updating Images | Loading table_3_chair_0_leg_0.19_0.17_DIFFUSE
Fra:1 Mem:34.05M (Peak 43.24M) | Time:495254:47:13.04 | Mem:0.00M, Peak:0.00M | Scene | Synchronizing object | table_3_chair_0_leg_0.19_0.17
Fra:1 Mem:34.05M (Peak 43.24M) | Time:495254:47:13.04 | Mem:0.00M, Peak:0.00M | Scene | Initializing
Fra:1 Mem:34.04M (Peak 43.24M) | Time:495254:47:13.04 | Mem:0.00M, Peak:0.00M | Scene | Updating Images | Loading table_3_chair_0_leg_0.19_0.17_ROUGHNESS
Fra:1 Mem:34.07M (Peak 43.24M) | Time:495254:47:13.06 | Mem:0.00M, Peak:0.00M | Scene | Synchronizing object | table_3_chair_0_leg_0.19_0.17
Fra:1 Mem:34.07M (Peak 43.24M) | Time:495254:47:13.06 | Mem:0.00M, Peak:0.00M | Scene | Initializing
Fra:1 Mem:34.07M (Peak 43.24M) | Time:495254:47:13.06 | Mem:0.00M, Peak:0.00M | Scene | Updating Images | Loading table_3_chair_0_leg_0.19_0.17_NORMAL
Fra:1 Mem:34.08M (Peak 43.28M) | Time:495254:47:13.07 | Mem:0.00M, Peak:0.00M | Scene | Synchronizing object | table_3_chair_0_seat
Fra:1 Mem:34.09M (Peak 43.28M) | Time:495254:47:13.07 | Mem:0.00M, Peak:0.00M | Scene | Initializing
Fra:1 Mem:34.09M (Peak 43.28M) | Time:495254:47:13.07 | Mem:0.00M, Peak:0.00M | Scene | Updating Images | Loading table_3_chair_0_seat_DIFFUSE
Fra:1 Mem:34.11M (Peak 43.32M) | Time:495254:47:13.08 | Mem:0.00M, Peak:0.00M | Scene | Synchronizing object | table_3_chair_0_seat
Fra:1 Mem:34.12M (Peak 43.32M) | Time:495254:47:13.08 | Mem:0.00M, Peak:0.00M | Scene | Initializing
Fra:1 Mem:34.11M (Peak 43.32M) | Time:495254:47:13.08 | Mem:0.00M, Peak:0.00M | Scene | Updating Images | Loading table_3_chair_0_seat_ROUGHNESS
Fra:1 Mem:34.13M (Peak 43.32M) | Time:495254:47:13.10 | Mem:0.00M, Peak:0.00M | Scene | Synchronizing object | table_3_chair_0_seat
Fra:1 Mem:34.14M (Peak 43.32M) | Time:495254:47:13.10 | Mem:0.00M, Peak:0.00M | Scene | Initializing
Fra:1 Mem:34.14M (Peak 43.32M) | Time:495254:47:13.10 | Mem:0.00M, Peak:0.00M | Scene | Updating Images | Loading table_3_chair_0_seat_NORMAL
Fra:1 Mem:34.15M (Peak 43.36M) | Time:495254:47:13.11 | Mem:0.00M, Peak:0.00M | Scene | Synchronizing object | table_3_chair_1_back
Fra:1 Mem:34.16M (Peak 43.36M) | Time:495254:47:13.11 | Mem:0.00M, Peak:0.00M | Scene | Initializing
Fra:1 Mem:34.16M (Peak 43.36M) | Time:495254:47:13.11 | Mem:0.00M, Peak:0.00M | Scene | Updating Images | Loading table_3_chair_1_back_DIFFUSE
Fra:1 Mem:34.17M (Peak 43.38M) | Time:495254:47:13.13 | Mem:0.00M, Peak:0.00M | Scene | Synchronizing object | table_3_chair_1_back
Fra:1 Mem:34.18M (Peak 43.38M) | Time:495254:47:13.13 | Mem:0.00M, Peak:0.00M | Scene | Initializing
Fra:1 Mem:34.18M (Peak 43.38M) | Time:495254:47:13.13 | Mem:0.00M, Peak:0.00M | Scene | Updating Images | Loading table_3_chair_1_back_ROUGHNESS
Fra:1 Mem:34.19M (Peak 43.38M) | Time:495254:47:13.14 | Mem:0.00M, Peak:0.00M | Scene | Synchronizing object | table_3_chair_1_back
Fra:1 Mem:34.20M (Peak 43.38M) | Time:495254:47:13.14 | Mem:0.00M, Peak:0.00M | Scene | Initializing
Fra:1 Mem:34.20M (Peak 43.38M) | Time:495254:47:13.14 | Mem:0.00M, Peak:0.00M | Scene | Updating Images | Loading table_3_chair_1_back_NORMAL
Fra:1 Mem:34.20M (Peak 43.43M) | Time:495254:47:13.15 | Mem:0.00M, Peak:0.00M | Scene | Synchronizing object | table_3_chair_1_leg_-0.19_-0.17
Fra:1 Mem:34.20M (Peak 43.43M) | Time:495254:47:13.15 | Mem:0.00M, Peak:0.00M | Scene | Initializing
Fra:1 Mem:34.19M (Peak 43.43M) | Time:495254:47:13.15 | Mem:0.00M, Peak:0.00M | Scene | Updating Images | Loading table_3_chair_1_leg_-0.19_-0.17_METAL
Fra:1 Mem:34.23M (Peak 43.43M) | Time:495254:47:13.17 | Mem:0.00M, Peak:0.00M | Scene | Synchronizing object | table_3_chair_1_leg_-0.19_-0.17
Fra:1 Mem:34.23M (Peak 43.43M) | Time:495254:47:13.17 | Mem:0.00M, Peak:0.00M | Scene | Initializing
Fra:1 Mem:34.23M (Peak 43.43M) | Time:495254:47:13.17 | Mem:0.00M, Peak:0.00M | Scene | Updating Images | Loading table_3_chair_1_leg_-0.19_-0.17_DIFFUSE
Fra:1 Mem:34.25M (Peak 43.44M) | Time:495254:47:13.18 | Mem:0.00M, Peak:0.00M | Scene | Synchronizing object | table_3_chair_1_leg_-0.19_-0.17
Fra:1 Mem:34.25M (Peak 43.44M) | Time:495254:47:13.18 | Mem:0.00M, Peak:0.00M | Scene | Initializing
Fra:1 Mem:34.25M (Peak 43.44M) | Time:495254:47:13.18 | Mem:0.00M, Peak:0.00M | Scene | Updating Images | Loading table_3_chair_1_leg_-0.19_-0.17_ROUGHNESS
Fra:1 Mem:34.27M (Peak 43.44M) | Time:495254:47:13.19 | Mem:0.00M, Peak:0.00M | Scene | Synchronizing object | table_3_chair_1_leg_-0.19_-0.17
Fra:1 Mem:34.27M (Peak 43.44M) | Time:495254:47:13.19 | Mem:0.00M, Peak:0.00M | Scene | Initializing
Fra:1 Mem:34.27M (Peak 43.44M) | Time:495254:47:13.19 | Mem:0.00M, Peak:0.00M | Scene | Updating Images | Loading table_3_chair_1_leg_-0.19_-0.17_NORMAL
Fra:1 Mem:34.27M (Peak 43.48M) | Time:495254:47:13.20 | Mem:0.00M, Peak:0.00M | Scene | Synchronizing object | table_3_chair_1_leg_-0.19_0.17
Fra:1 Mem:34.27M (Peak 43.48M) | Time:495254:47:13.20 | Mem:0.00M, Peak:0.00M | Scene | Initializing
Fra:1 Mem:34.27M (Peak 43.48M) | Time:495254:47:13.20 | Mem:0.00M, Peak:0.00M | Scene | Updating Images | Loading table_3_chair_1_leg_-0.19_0.17_METAL
Fra:1 Mem:34.30M (Peak 43.48M) | Time:495254:47:13.21 | Mem:0.00M, Peak:0.00M | Scene | Synchronizing object | table_3_chair_1_leg_-0.19_0.17
Fra:1 Mem:34.30M (Peak 43.48M) | Time:495254:47:13.21 | Mem:0.00M, Peak:0.00M | Scene | Initializing
Fra:1 Mem:34.30M (Peak 43.48M) | Time:495254:47:13.21 | Mem:0.00M, Peak:0.00M | Scene | Updating Images | Loading table_3_chair_1_leg_-0.19_0.17_DIFFUSE
Fra:1 Mem:34.32M (Peak 43.51M) | Time:495254:47:13.23 | Mem:0.00M, Peak:0.00M | Scene | Synchronizing object | table_3_chair_1_leg_-0.19_0.17
Fra:1 Mem:34.32M (Peak 43.51M) | Time:495254:47:13.23 | Mem:0.00M, Peak:0.00M | Scene | Initializing
Fra:1 Mem:34.32M (Peak 43.51M) | Time:495254:47:13.23 | Mem:0.00M, Peak:0.00M | Scene | Updating Images | Loading table_3_chair_1_leg_-0.19_0.17_ROUGHNESS
Info: Baking map saved to internal image, save it externally or pack it
Info: Baking map saved to internal image, save it externally or pack it
Info: Baking map saved to internal image, save it externally or pack it
Info: Baking map saved to internal image, save it externally or pack it
Info: Baking map saved to internal image, save it externally or pack it
Info: Baking map saved to internal image, save it externally or pack it
Info: Baking map saved to internal image, save it externally or pack it
Info: Baking map saved to internal image, save it externally or pack it
Info: Baking map saved to internal image, save it externally or pack it
Info: Baking map saved to internal image, save it externally or pack it
Info: Baking map saved to internal image, save it externally or pack it
Info: Baking map saved to internal image, save it externally or pack it
Info: Baking map saved to internal image, save it externally or pack it
Info: Baking map saved to internal image, save it externally or pack it
Info: Baking map saved to internal image, save it externally or pack it
Info: Baking map saved to internal image, save it externally or pack it
Info: Baking map saved to internal image, save it externally or pack it
Info: Baking map saved to internal image, save it externally or pack it
Info: Baking map saved to internal image, save it externally or pack it
Info: Baking map saved to internal image, save it externally or pack it
Info: Baking map saved to internal image, save it externally or pack it
Info: Baking map saved to internal image, save it externally or pack it
Info: Baking map saved to internal image, save it externally or pack it
Info: Baking map saved to internal image, save it externally or pack it
Info: Baking map saved to internal image, save it externally or pack it
Info: Baking map saved to internal image, save it externally or pack it
Info: Baking map saved to internal image, save it externally or pack it
Info: Baking map saved to internal image, save it externally or pack it
Info: Baking map saved to internal image, save it externally or pack it
Info: Baking map saved to internal image, save it externally or pack it
Info: Baking map saved to internal image, save it externally or pack it
Info: Baking map saved to internal image, save it externally or pack it
Info: Baking map saved to internal image, save it externally or pack it
Info: Baking map saved to internal image, save it externally or pack it
Info: Baking map saved to internal image, save it externally or pack it
Info: Baking map saved to internal image, save it externally or pack it
Info: Baking map saved to internal image, save it externally or pack it
Info: Baking map saved to internal image, save it externally or pack it
Info: Baking map saved to internal image, save it externally or pack it
Info: Baking map saved to internal image, save it externally or pack it
Info: Baking map saved to internal image, save it externally or pack it
Info: Baking map saved to internal image, save it externally or pack it
Info: Baking map saved to internal image, save it externally or pack it
Info: Baking map saved to internal image, save it externally or pack it
Info: Baking map saved to internal image, save it externally or pack it
Info: Baking map saved to internal image, save it externally or pack it
Info: Baking map saved to internal image, save it externally or pack it
Info: Baking map saved to internal image, save it externally or pack it
Info: Baking map saved to internal image, save it externally or pack it
Info: Baking map saved to internal image, save it externally or pack it
Info: Baking map saved to internal image, save it externally or pack it
Info: Baking map saved to internal image, save it externally or pack it
Info: Baking map saved to internal image, save it externally or pack it
Info: Baking map saved to internal image, save it externally or pack it
Info: Baking map saved to internal image, save it externally or pack it
Info: Baking map saved to internal image, save it externally or pack it
Info: Baking map saved to internal image, save it externally or pack it
Info: Baking map saved to internal image, save it externally or pack it
Info: Baking map saved to internal image, save it externally or pack it
Info: Baking map saved to internal image, save it externally or pack it
Info: Baking map saved to internal image, save it externally or pack it
Info: Baking map saved to internal image, save it externally or pack it
Info: Baking map saved to internal image, save it externally or pack it
Info: Baking map saved to internal image, save it externally or pack it
Info: Baking map saved to internal image, save it externally or pack it
Info: Baking map saved to internal image, save it externally or pack it
Info: Baking map saved to internal image, save it externally or pack it
Info: Baking map saved to internal image, save it externally or pack it
Info: Baking map saved to internal image, save it externally or pack it
Info: Baking map saved to internal image, save it externally or pack it
Info: Baking map saved to internal image, save it externally or pack it
Info: Baking map saved to internal image, save it externally or pack it
Info: Baking map saved to internal image, save it externally or pack it
Info: Baking map saved to internal image, save it externally or pack it
Info: Baking map saved to internal image, save it externally or pack it
Info: Baking map saved to internal image, save it externally or pack it
Info: Baking map saved to internal image, save it externally or pack it
Info: Baking map saved to internal image, save it externally or pack it
Info: Baking map saved to internal image, save it externally or pack it
Info: Baking map saved to internal image, save it externally or pack it
Info: Baking map saved to internal image, save it externally or pack it
Info: Baking map saved to internal image, save it externally or pack it
Info: Baking map saved to internal image, save it externally or pack it
Info: Baking map saved to internal image, save it externally or pack it
Info: Baking map saved to internal image, save it externally or pack it
Info: Baking map saved to internal image, save it externally or pack it
Info: Baking map saved to internal image, save it externally or pack it
Info: Baking map saved to internal image, save it externally or pack it
Info: Baking map saved to internal image, save it externally or pack it
Info: Baking map saved to internal image, save it externally or pack it
Info: Baking map saved to internal image, save it externally or pack it
Info: Baking map saved to internal image, save it externally or pack it
Info: Baking map saved to internal image, save it externally or pack it
Info: Baking map saved to internal image, save it externally or pack it
Info: Baking map saved to internal image, save it externally or pack it
Info: Baking map saved to internal image, save it externally or pack it
Info: Baking map saved to internal image, save it externally or pack it
Info: Baking map saved to internal image, save it externally or pack it
Info: Baking map saved to internal image, save it externally or pack it
Info: Baking map saved to internal image, save it externally or pack it
Info: Baking map saved to internal image, save it externally or pack it
Info: Baking map saved to internal image, save it externally or pack it
Info: Baking map saved to internal image, save it externally or pack it
Info: Baking map saved to internal image, save it externally or pack it
Info: Baking map saved to internal image, save it externally or pack it
Info: Baking map saved to internal image, save it externally or pack it
Info: Baking map saved to internal image, save it externally or pack it
Info: Baking map saved to internal image, save it externally or pack it
Info: Baking map saved to internal image, save it externally or pack it
Info: Baking map saved to internal image, save it externally or pack it
Info: Baking map saved to internal image, save it externally or pack it
Info: Baking map saved to internal image, save it externally or pack it
Info: Baking map saved to internal image, save it externally or pack it
Info: Baking map saved to internal image, save it externally or pack it
Fra:1 Mem:34.34M (Peak 43.51M) | Time:495254:47:13.24 | Mem:0.00M, Peak:0.00M | Scene | Synchronizing object | table_3_chair_1_leg_-0.19_0.17
Fra:1 Mem:34.35M (Peak 43.51M) | Time:495254:47:13.24 | Mem:0.00M, Peak:0.00M | Scene | Initializing
Fra:1 Mem:34.34M (Peak 43.51M) | Time:495254:47:13.24 | Mem:0.00M, Peak:0.00M | Scene | Updating Images | Loading table_3_chair_1_leg_-0.19_0.17_NORMAL
Fra:1 Mem:34.34M (Peak 43.56M) | Time:495254:47:13.25 | Mem:0.00M, Peak:0.00M | Scene | Synchronizing object | table_3_chair_1_leg_0.19_-0.17
Fra:1 Mem:34.35M (Peak 43.56M) | Time:495254:47:13.25 | Mem:0.00M, Peak:0.00M | Scene | Initializing
Fra:1 Mem:34.34M (Peak 43.56M) | Time:495254:47:13.25 | Mem:0.00M, Peak:0.00M | Scene | Updating Images | Loading table_3_chair_1_leg_0.19_-0.17_METAL
Fra:1 Mem:34.37M (Peak 43.56M) | Time:495254:47:13.26 | Mem:0.00M, Peak:0.00M | Scene | Synchronizing object | table_3_chair_1_leg_0.19_-0.17
Fra:1 Mem:34.38M (Peak 43.56M) | Time:495254:47:13.26 | Mem:0.00M, Peak:0.00M | Scene | Initializing
Fra:1 Mem:34.37M (Peak 43.56M) | Time:495254:47:13.26 | Mem:0.00M, Peak:0.00M | Scene | Updating Images | Loading table_3_chair_1_leg_0.19_-0.17_DIFFUSE
Fra:1 Mem:34.40M (Peak 43.59M) | Time:495254:47:13.27 | Mem:0.00M, Peak:0.00M | Scene | Synchronizing object | table_3_chair_1_leg_0.19_-0.17
Fra:1 Mem:34.40M (Peak 43.59M) | Time:495254:47:13.27 | Mem:0.00M, Peak:0.00M | Scene | Initializing
Fra:1 Mem:34.39M (Peak 43.59M) | Time:495254:47:13.27 | Mem:0.00M, Peak:0.00M | Scene | Updating Images | Loading table_3_chair_1_leg_0.19_-0.17_ROUGHNESS
Fra:1 Mem:34.42M (Peak 43.59M) | Time:495254:47:13.29 | Mem:0.00M, Peak:0.00M | Scene | Synchronizing object | table_3_chair_1_leg_0.19_-0.17
Fra:1 Mem:34.42M (Peak 43.59M) | Time:495254:47:13.29 | Mem:0.00M, Peak:0.00M | Scene | Initializing
Fra:1 Mem:34.42M (Peak 43.59M) | Time:495254:47:13.29 | Mem:0.00M, Peak:0.00M | Scene | Updating Images | Loading table_3_chair_1_leg_0.19_-0.17_NORMAL
Fra:1 Mem:34.42M (Peak 43.63M) | Time:495254:47:13.30 | Mem:0.00M, Peak:0.00M | Scene | Synchronizing object | table_3_chair_1_leg_0.19_0.17
Fra:1 Mem:34.42M (Peak 43.63M) | Time:495254:47:13.30 | Mem:0.00M, Peak:0.00M | Scene | Initializing
Fra:1 Mem:34.41M (Peak 43.63M) | Time:495254:47:13.30 | Mem:0.00M, Peak:0.00M | Scene | Updating Images | Loading table_3_chair_1_leg_0.19_0.17_METAL
Fra:1 Mem:34.45M (Peak 43.63M) | Time:495254:47:13.31 | Mem:0.00M, Peak:0.00M | Scene | Synchronizing object | table_3_chair_1_leg_0.19_0.17
Fra:1 Mem:34.45M (Peak 43.63M) | Time:495254:47:13.31 | Mem:0.00M, Peak:0.00M | Scene | Initializing
Fra:1 Mem:34.45M (Peak 43.63M) | Time:495254:47:13.31 | Mem:0.00M, Peak:0.00M | Scene | Updating Images | Loading table_3_chair_1_leg_0.19_0.17_DIFFUSE
Fra:1 Mem:34.47M (Peak 43.66M) | Time:495254:47:13.32 | Mem:0.00M, Peak:0.00M | Scene | Synchronizing object | table_3_chair_1_leg_0.19_0.17
Fra:1 Mem:34.47M (Peak 43.66M) | Time:495254:47:13.32 | Mem:0.00M, Peak:0.00M | Scene | Initializing
Fra:1 Mem:34.47M (Peak 43.66M) | Time:495254:47:13.32 | Mem:0.00M, Peak:0.00M | Scene | Updating Images | Loading table_3_chair_1_leg_0.19_0.17_ROUGHNESS
Fra:1 Mem:34.49M (Peak 43.66M) | Time:495254:47:13.33 | Mem:0.00M, Peak:0.00M | Scene | Synchronizing object | table_3_chair_1_leg_0.19_0.17
Fra:1 Mem:34.49M (Peak 43.66M) | Time:495254:47:13.33 | Mem:0.00M, Peak:0.00M | Scene | Initializing
Fra:1 Mem:34.49M (Peak 43.66M) | Time:495254:47:13.33 | Mem:0.00M, Peak:0.00M | Scene | Updating Images | Loading table_3_chair_1_leg_0.19_0.17_NORMAL
Fra:1 Mem:34.51M (Peak 43.70M) | Time:495254:47:13.35 | Mem:0.00M, Peak:0.00M | Scene | Synchronizing object | table_3_chair_1_seat
Fra:1 Mem:34.52M (Peak 43.70M) | Time:495254:47:13.35 | Mem:0.00M, Peak:0.00M | Scene | Initializing
Fra:1 Mem:34.51M (Peak 43.70M) | Time:495254:47:13.35 | Mem:0.00M, Peak:0.00M | Scene | Updating Images | Loading table_3_chair_1_seat_DIFFUSE
Fra:1 Mem:34.53M (Peak 43.74M) | Time:495254:47:13.36 | Mem:0.00M, Peak:0.00M | Scene | Synchronizing object | table_3_chair_1_seat
Fra:1 Mem:34.54M (Peak 43.74M) | Time:495254:47:13.36 | Mem:0.00M, Peak:0.00M | Scene | Initializing
Fra:1 Mem:34.54M (Peak 43.74M) | Time:495254:47:13.36 | Mem:0.00M, Peak:0.00M | Scene | Updating Images | Loading table_3_chair_1_seat_ROUGHNESS
Fra:1 Mem:34.55M (Peak 43.74M) | Time:495254:47:13.38 | Mem:0.00M, Peak:0.00M | Scene | Synchronizing object | table_3_chair_1_seat
Fra:1 Mem:34.56M (Peak 43.74M) | Time:495254:47:13.38 | Mem:0.00M, Peak:0.00M | Scene | Initializing
Fra:1 Mem:34.56M (Peak 43.74M) | Time:495254:47:13.38 | Mem:0.00M, Peak:0.00M | Scene | Updating Images | Loading table_3_chair_1_seat_NORMAL
Fra:1 Mem:34.57M (Peak 43.78M) | Time:495254:47:13.39 | Mem:0.00M, Peak:0.00M | Scene | Synchronizing object | table_3_chair_2_back
Fra:1 Mem:34.58M (Peak 43.78M) | Time:495254:47:13.39 | Mem:0.00M, Peak:0.00M | Scene | Initializing
Fra:1 Mem:34.58M (Peak 43.78M) | Time:495254:47:13.39 | Mem:0.00M, Peak:0.00M | Scene | Updating Images | Loading table_3_chair_2_back_DIFFUSE
Fra:1 Mem:34.59M (Peak 43.80M) | Time:495254:47:13.40 | Mem:0.00M, Peak:0.00M | Scene | Synchronizing object | table_3_chair_2_back
Fra:1 Mem:34.60M (Peak 43.80M) | Time:495254:47:13.40 | Mem:0.00M, Peak:0.00M | Scene | Initializing
Fra:1 Mem:34.60M (Peak 43.80M) | Time:495254:47:13.40 | Mem:0.00M, Peak:0.00M | Scene | Updating Images | Loading table_3_chair_2_back_ROUGHNESS
Fra:1 Mem:34.61M (Peak 43.80M) | Time:495254:47:13.42 | Mem:0.00M, Peak:0.00M | Scene | Synchronizing object | table_3_chair_2_back
Fra:1 Mem:34.63M (Peak 43.80M) | Time:495254:47:13.42 | Mem:0.00M, Peak:0.00M | Scene | Initializing
Fra:1 Mem:34.62M (Peak 43.80M) | Time:495254:47:13.42 | Mem:0.00M, Peak:0.00M | Scene | Updating Images | Loading table_3_chair_2_back_NORMAL
Fra:1 Mem:34.62M (Peak 43.85M) | Time:495254:47:13.43 | Mem:0.00M, Peak:0.00M | Scene | Synchronizing object | table_3_chair_2_leg_-0.19_-0.17
Fra:1 Mem:34.62M (Peak 43.85M) | Time:495254:47:13.43 | Mem:0.00M, Peak:0.00M | Scene | Initializing
Fra:1 Mem:34.62M (Peak 43.85M) | Time:495254:47:13.43 | Mem:0.00M, Peak:0.00M | Scene | Updating Images | Loading table_3_chair_2_leg_-0.19_-0.17_METAL
Fra:1 Mem:34.65M (Peak 43.85M) | Time:495254:47:13.44 | Mem:0.00M, Peak:0.00M | Scene | Synchronizing object | table_3_chair_2_leg_-0.19_-0.17
Fra:1 Mem:34.65M (Peak 43.85M) | Time:495254:47:13.44 | Mem:0.00M, Peak:0.00M | Scene | Initializing
Fra:1 Mem:34.65M (Peak 43.85M) | Time:495254:47:13.44 | Mem:0.00M, Peak:0.00M | Scene | Updating Images | Loading table_3_chair_2_leg_-0.19_-0.17_DIFFUSE
Fra:1 Mem:34.67M (Peak 43.86M) | Time:495254:47:13.46 | Mem:0.00M, Peak:0.00M | Scene | Synchronizing object | table_3_chair_2_leg_-0.19_-0.17
Fra:1 Mem:34.67M (Peak 43.86M) | Time:495254:47:13.46 | Mem:0.00M, Peak:0.00M | Scene | Initializing
Fra:1 Mem:34.67M (Peak 43.86M) | Time:495254:47:13.46 | Mem:0.00M, Peak:0.00M | Scene | Updating Images | Loading table_3_chair_2_leg_-0.19_-0.17_ROUGHNESS
Fra:1 Mem:34.69M (Peak 43.86M) | Time:495254:47:13.47 | Mem:0.00M, Peak:0.00M | Scene | Synchronizing object | table_3_chair_2_leg_-0.19_-0.17
Fra:1 Mem:34.69M (Peak 43.86M) | Time:495254:47:13.47 | Mem:0.00M, Peak:0.00M | Scene | Initializing
Fra:1 Mem:34.69M (Peak 43.86M) | Time:495254:47:13.47 | Mem:0.00M, Peak:0.00M | Scene | Updating Images | Loading table_3_chair_2_leg_-0.19_-0.17_NORMAL
Fra:1 Mem:34.69M (Peak 43.90M) | Time:495254:47:13.48 | Mem:0.00M, Peak:0.00M | Scene | Synchronizing object | table_3_chair_2_leg_-0.19_0.17
Fra:1 Mem:34.69M (Peak 43.90M) | Time:495254:47:13.48 | Mem:0.00M, Peak:0.00M | Scene | Initializing
Fra:1 Mem:34.69M (Peak 43.90M) | Time:495254:47:13.48 | Mem:0.00M, Peak:0.00M | Scene | Updating Images | Loading table_3_chair_2_leg_-0.19_0.17_METAL
Fra:1 Mem:34.72M (Peak 43.90M) | Time:495254:47:13.49 | Mem:0.00M, Peak:0.00M | Scene | Synchronizing object | table_3_chair_2_leg_-0.19_0.17
Fra:1 Mem:34.73M (Peak 43.90M) | Time:495254:47:13.49 | Mem:0.00M, Peak:0.00M | Scene | Initializing
Fra:1 Mem:34.72M (Peak 43.90M) | Time:495254:47:13.49 | Mem:0.00M, Peak:0.00M | Scene | Updating Images | Loading table_3_chair_2_leg_-0.19_0.17_DIFFUSE
Fra:1 Mem:34.75M (Peak 43.94M) | Time:495254:47:13.50 | Mem:0.00M, Peak:0.00M | Scene | Synchronizing object | table_3_chair_2_leg_-0.19_0.17
Fra:1 Mem:34.75M (Peak 43.94M) | Time:495254:47:13.50 | Mem:0.00M, Peak:0.00M | Scene | Initializing
Fra:1 Mem:34.74M (Peak 43.94M) | Time:495254:47:13.50 | Mem:0.00M, Peak:0.00M | Scene | Updating Images | Loading table_3_chair_2_leg_-0.19_0.17_ROUGHNESS
Fra:1 Mem:34.77M (Peak 43.94M) | Time:495254:47:13.52 | Mem:0.00M, Peak:0.00M | Scene | Synchronizing object | table_3_chair_2_leg_-0.19_0.17
Fra:1 Mem:34.77M (Peak 43.94M) | Time:495254:47:13.52 | Mem:0.00M, Peak:0.00M | Scene | Initializing
Fra:1 Mem:34.77M (Peak 43.94M) | Time:495254:47:13.52 | Mem:0.00M, Peak:0.00M | Scene | Updating Images | Loading table_3_chair_2_leg_-0.19_0.17_NORMAL
Fra:1 Mem:34.76M (Peak 43.98M) | Time:495254:47:13.53 | Mem:0.00M, Peak:0.00M | Scene | Synchronizing object | table_3_chair_2_leg_0.19_-0.17
Fra:1 Mem:34.77M (Peak 43.98M) | Time:495254:47:13.53 | Mem:0.00M, Peak:0.00M | Scene | Initializing
Fra:1 Mem:34.76M (Peak 43.98M) | Time:495254:47:13.53 | Mem:0.00M, Peak:0.00M | Scene | Updating Images | Loading table_3_chair_2_leg_0.19_-0.17_METAL
Fra:1 Mem:34.80M (Peak 43.98M) | Time:495254:47:13.54 | Mem:0.00M, Peak:0.00M | Scene | Synchronizing object | table_3_chair_2_leg_0.19_-0.17
Fra:1 Mem:34.80M (Peak 43.98M) | Time:495254:47:13.54 | Mem:0.00M, Peak:0.00M | Scene | Initializing
Fra:1 Mem:34.79M (Peak 43.98M) | Time:495254:47:13.54 | Mem:0.00M, Peak:0.00M | Scene | Updating Images | Loading table_3_chair_2_leg_0.19_-0.17_DIFFUSE
Fra:1 Mem:34.82M (Peak 44.01M) | Time:495254:47:13.55 | Mem:0.00M, Peak:0.00M | Scene | Synchronizing object | table_3_chair_2_leg_0.19_-0.17
Fra:1 Mem:34.82M (Peak 44.01M) | Time:495254:47:13.55 | Mem:0.00M, Peak:0.00M | Scene | Initializing
Fra:1 Mem:34.82M (Peak 44.01M) | Time:495254:47:13.55 | Mem:0.00M, Peak:0.00M | Scene | Updating Images | Loading table_3_chair_2_leg_0.19_-0.17_ROUGHNESS
Fra:1 Mem:34.84M (Peak 44.01M) | Time:495254:47:13.56 | Mem:0.00M, Peak:0.00M | Scene | Synchronizing object | table_3_chair_2_leg_0.19_-0.17
Fra:1 Mem:34.84M (Peak 44.01M) | Time:495254:47:13.56 | Mem:0.00M, Peak:0.00M | Scene | Initializing
Fra:1 Mem:34.84M (Peak 44.01M) | Time:495254:47:13.56 | Mem:0.00M, Peak:0.00M | Scene | Updating Images | Loading table_3_chair_2_leg_0.19_-0.17_NORMAL
Fra:1 Mem:34.84M (Peak 44.05M) | Time:495254:47:13.58 | Mem:0.00M, Peak:0.00M | Scene | Synchronizing object | table_3_chair_2_leg_0.19_0.17
Fra:1 Mem:34.84M (Peak 44.05M) | Time:495254:47:13.58 | Mem:0.00M, Peak:0.00M | Scene | Initializing
Fra:1 Mem:34.84M (Peak 44.05M) | Time:495254:47:13.58 | Mem:0.00M, Peak:0.00M | Scene | Updating Images | Loading table_3_chair_2_leg_0.19_0.17_METAL
Fra:1 Mem:34.87M (Peak 44.05M) | Time:495254:47:13.59 | Mem:0.00M, Peak:0.00M | Scene | Synchronizing object | table_3_chair_2_leg_0.19_0.17
Fra:1 Mem:34.87M (Peak 44.05M) | Time:495254:47:13.59 | Mem:0.00M, Peak:0.00M | Scene | Initializing
Fra:1 Mem:34.87M (Peak 44.05M) | Time:495254:47:13.59 | Mem:0.00M, Peak:0.00M | Scene | Updating Images | Loading table_3_chair_2_leg_0.19_0.17_DIFFUSE
Fra:1 Mem:34.89M (Peak 44.08M) | Time:495254:47:13.60 | Mem:0.00M, Peak:0.00M | Scene | Synchronizing object | table_3_chair_2_leg_0.19_0.17
Fra:1 Mem:34.89M (Peak 44.08M) | Time:495254:47:13.60 | Mem:0.00M, Peak:0.00M | Scene | Initializing
Fra:1 Mem:34.89M (Peak 44.08M) | Time:495254:47:13.60 | Mem:0.00M, Peak:0.00M | Scene | Updating Images | Loading table_3_chair_2_leg_0.19_0.17_ROUGHNESS
Fra:1 Mem:34.91M (Peak 44.08M) | Time:495254:47:13.61 | Mem:0.00M, Peak:0.00M | Scene | Synchronizing object | table_3_chair_2_leg_0.19_0.17
Fra:1 Mem:34.92M (Peak 44.08M) | Time:495254:47:13.61 | Mem:0.00M, Peak:0.00M | Scene | Initializing
Fra:1 Mem:34.91M (Peak 44.08M) | Time:495254:47:13.61 | Mem:0.00M, Peak:0.00M | Scene | Updating Images | Loading table_3_chair_2_leg_0.19_0.17_NORMAL
Fra:1 Mem:34.93M (Peak 44.13M) | Time:495254:47:13.63 | Mem:0.00M, Peak:0.00M | Scene | Synchronizing object | table_3_chair_2_seat
Fra:1 Mem:34.94M (Peak 44.13M) | Time:495254:47:13.63 | Mem:0.00M, Peak:0.00M | Scene | Initializing
Fra:1 Mem:34.94M (Peak 44.13M) | Time:495254:47:13.63 | Mem:0.00M, Peak:0.00M | Scene | Updating Images | Loading table_3_chair_2_seat_DIFFUSE
Fra:1 Mem:34.95M (Peak 44.16M) | Time:495254:47:13.64 | Mem:0.00M, Peak:0.00M | Scene | Synchronizing object | table_3_chair_2_seat
Fra:1 Mem:34.96M (Peak 44.16M) | Time:495254:47:13.64 | Mem:0.00M, Peak:0.00M | Scene | Initializing
Fra:1 Mem:34.96M (Peak 44.16M) | Time:495254:47:13.64 | Mem:0.00M, Peak:0.00M | Scene | Updating Images | Loading table_3_chair_2_seat_ROUGHNESS
Fra:1 Mem:34.97M (Peak 44.16M) | Time:495254:47:13.65 | Mem:0.00M, Peak:0.00M | Scene | Synchronizing object | table_3_chair_2_seat
Fra:1 Mem:34.98M (Peak 44.16M) | Time:495254:47:13.65 | Mem:0.00M, Peak:0.00M | Scene | Initializing
Fra:1 Mem:34.98M (Peak 44.16M) | Time:495254:47:13.65 | Mem:0.00M, Peak:0.00M | Scene | Updating Images | Loading table_3_chair_2_seat_NORMAL
Fra:1 Mem:34.99M (Peak 44.21M) | Time:495254:47:13.67 | Mem:0.00M, Peak:0.00M | Scene | Synchronizing object | table_3_chair_3_back
Fra:1 Mem:35.00M (Peak 44.21M) | Time:495254:47:13.67 | Mem:0.00M, Peak:0.00M | Scene | Initializing
Fra:1 Mem:35.00M (Peak 44.21M) | Time:495254:47:13.67 | Mem:0.00M, Peak:0.00M | Scene | Updating Images | Loading table_3_chair_3_back_DIFFUSE
Fra:1 Mem:35.02M (Peak 44.23M) | Time:495254:47:13.68 | Mem:0.00M, Peak:0.00M | Scene | Synchronizing object | table_3_chair_3_back
Fra:1 Mem:35.03M (Peak 44.23M) | Time:495254:47:13.68 | Mem:0.00M, Peak:0.00M | Scene | Initializing
Fra:1 Mem:35.02M (Peak 44.23M) | Time:495254:47:13.68 | Mem:0.00M, Peak:0.00M | Scene | Updating Images | Loading table_3_chair_3_back_ROUGHNESS
Fra:1 Mem:35.04M (Peak 44.23M) | Time:495254:47:13.70 | Mem:0.00M, Peak:0.00M | Scene | Synchronizing object | table_3_chair_3_back
Fra:1 Mem:35.05M (Peak 44.23M) | Time:495254:47:13.70 | Mem:0.00M, Peak:0.00M | Scene | Initializing
Fra:1 Mem:35.05M (Peak 44.23M) | Time:495254:47:13.70 | Mem:0.00M, Peak:0.00M | Scene | Updating Images | Loading table_3_chair_3_back_NORMAL
Fra:1 Mem:35.04M (Peak 44.27M) | Time:495254:47:13.71 | Mem:0.00M, Peak:0.00M | Scene | Synchronizing object | table_3_chair_3_leg_-0.19_-0.17
Fra:1 Mem:35.04M (Peak 44.27M) | Time:495254:47:13.71 | Mem:0.00M, Peak:0.00M | Scene | Initializing
Fra:1 Mem:35.04M (Peak 44.27M) | Time:495254:47:13.71 | Mem:0.00M, Peak:0.00M | Scene | Updating Images | Loading table_3_chair_3_leg_-0.19_-0.17_METAL
Fra:1 Mem:35.07M (Peak 44.27M) | Time:495254:47:13.72 | Mem:0.00M, Peak:0.00M | Scene | Synchronizing object | table_3_chair_3_leg_-0.19_-0.17
Fra:1 Mem:35.07M (Peak 44.27M) | Time:495254:47:13.72 | Mem:0.00M, Peak:0.00M | Scene | Initializing
Fra:1 Mem:35.07M (Peak 44.27M) | Time:495254:47:13.72 | Mem:0.00M, Peak:0.00M | Scene | Updating Images | Loading table_3_chair_3_leg_-0.19_-0.17_DIFFUSE
Fra:1 Mem:35.10M (Peak 44.28M) | Time:495254:47:13.73 | Mem:0.00M, Peak:0.00M | Scene | Synchronizing object | table_3_chair_3_leg_-0.19_-0.17
Fra:1 Mem:35.10M (Peak 44.28M) | Time:495254:47:13.73 | Mem:0.00M, Peak:0.00M | Scene | Initializing
Fra:1 Mem:35.09M (Peak 44.28M) | Time:495254:47:13.73 | Mem:0.00M, Peak:0.00M | Scene | Updating Images | Loading table_3_chair_3_leg_-0.19_-0.17_ROUGHNESS
Fra:1 Mem:35.12M (Peak 44.28M) | Time:495254:47:13.75 | Mem:0.00M, Peak:0.00M | Scene | Synchronizing object | table_3_chair_3_leg_-0.19_-0.17
Fra:1 Mem:35.12M (Peak 44.28M) | Time:495254:47:13.75 | Mem:0.00M, Peak:0.00M | Scene | Initializing
Fra:1 Mem:35.11M (Peak 44.28M) | Time:495254:47:13.75 | Mem:0.00M, Peak:0.00M | Scene | Updating Images | Loading table_3_chair_3_leg_-0.19_-0.17_NORMAL
Fra:1 Mem:35.11M (Peak 44.33M) | Time:495254:47:13.76 | Mem:0.00M, Peak:0.00M | Scene | Synchronizing object | table_3_chair_3_leg_-0.19_0.17
Fra:1 Mem:35.12M (Peak 44.33M) | Time:495254:47:13.76 | Mem:0.00M, Peak:0.00M | Scene | Initializing
Fra:1 Mem:35.11M (Peak 44.33M) | Time:495254:47:13.76 | Mem:0.00M, Peak:0.00M | Scene | Updating Images | Loading table_3_chair_3_leg_-0.19_0.17_METAL
Fra:1 Mem:35.15M (Peak 44.33M) | Time:495254:47:13.77 | Mem:0.00M, Peak:0.00M | Scene | Synchronizing object | table_3_chair_3_leg_-0.19_0.17
Fra:1 Mem:35.15M (Peak 44.33M) | Time:495254:47:13.77 | Mem:0.00M, Peak:0.00M | Scene | Initializing
Fra:1 Mem:35.14M (Peak 44.33M) | Time:495254:47:13.77 | Mem:0.00M, Peak:0.00M | Scene | Updating Images | Loading table_3_chair_3_leg_-0.19_0.17_DIFFUSE
Fra:1 Mem:35.17M (Peak 44.36M) | Time:495254:47:13.78 | Mem:0.00M, Peak:0.00M | Scene | Synchronizing object | table_3_chair_3_leg_-0.19_0.17
Fra:1 Mem:35.17M (Peak 44.36M) | Time:495254:47:13.78 | Mem:0.00M, Peak:0.00M | Scene | Initializing
Fra:1 Mem:35.17M (Peak 44.36M) | Time:495254:47:13.78 | Mem:0.00M, Peak:0.00M | Scene | Updating Images | Loading table_3_chair_3_leg_-0.19_0.17_ROUGHNESS
Fra:1 Mem:35.19M (Peak 44.36M) | Time:495254:47:13.79 | Mem:0.00M, Peak:0.00M | Scene | Synchronizing object | table_3_chair_3_leg_-0.19_0.17
Fra:1 Mem:35.19M (Peak 44.36M) | Time:495254:47:13.79 | Mem:0.00M, Peak:0.00M | Scene | Initializing
Fra:1 Mem:35.19M (Peak 44.36M) | Time:495254:47:13.79 | Mem:0.00M, Peak:0.00M | Scene | Updating Images | Loading table_3_chair_3_leg_-0.19_0.17_NORMAL
Fra:1 Mem:35.19M (Peak 44.40M) | Time:495254:47:13.81 | Mem:0.00M, Peak:0.00M | Scene | Synchronizing object | table_3_chair_3_leg_0.19_-0.17
Fra:1 Mem:35.19M (Peak 44.40M) | Time:495254:47:13.81 | Mem:0.00M, Peak:0.00M | Scene | Initializing
Fra:1 Mem:35.19M (Peak 44.40M) | Time:495254:47:13.81 | Mem:0.00M, Peak:0.00M | Scene | Updating Images | Loading table_3_chair_3_leg_0.19_-0.17_METAL
Fra:1 Mem:35.22M (Peak 44.40M) | Time:495254:47:13.82 | Mem:0.00M, Peak:0.00M | Scene | Synchronizing object | table_3_chair_3_leg_0.19_-0.17
Fra:1 Mem:35.22M (Peak 44.40M) | Time:495254:47:13.82 | Mem:0.00M, Peak:0.00M | Scene | Initializing
Fra:1 Mem:35.22M (Peak 44.40M) | Time:495254:47:13.82 | Mem:0.00M, Peak:0.00M | Scene | Updating Images | Loading table_3_chair_3_leg_0.19_-0.17_DIFFUSE
Fra:1 Mem:35.24M (Peak 44.43M) | Time:495254:47:13.83 | Mem:0.00M, Peak:0.00M | Scene | Synchronizing object | table_3_chair_3_leg_0.19_-0.17
Fra:1 Mem:35.24M (Peak 44.43M) | Time:495254:47:13.83 | Mem:0.00M, Peak:0.00M | Scene | Initializing
Fra:1 Mem:35.24M (Peak 44.43M) | Time:495254:47:13.83 | Mem:0.00M, Peak:0.00M | Scene | Updating Images | Loading table_3_chair_3_leg_0.19_-0.17_ROUGHNESS
Fra:1 Mem:35.26M (Peak 44.43M) | Time:495254:47:13.84 | Mem:0.00M, Peak:0.00M | Scene | Synchronizing object | table_3_chair_3_leg_0.19_-0.17
Fra:1 Mem:35.26M (Peak 44.43M) | Time:495254:47:13.84 | Mem:0.00M, Peak:0.00M | Scene | Initializing
Fra:1 Mem:35.26M (Peak 44.43M) | Time:495254:47:13.84 | Mem:0.00M, Peak:0.00M | Scene | Updating Images | Loading table_3_chair_3_leg_0.19_-0.17_NORMAL
Fra:1 Mem:35.26M (Peak 44.47M) | Time:495254:47:13.86 | Mem:0.00M, Peak:0.00M | Scene | Synchronizing object | table_3_chair_3_leg_0.19_0.17
Fra:1 Mem:35.26M (Peak 44.47M) | Time:495254:47:13.86 | Mem:0.00M, Peak:0.00M | Scene | Initializing
Fra:1 Mem:35.26M (Peak 44.47M) | Time:495254:47:13.86 | Mem:0.00M, Peak:0.00M | Scene | Updating Images | Loading table_3_chair_3_leg_0.19_0.17_METAL
Fra:1 Mem:35.29M (Peak 44.47M) | Time:495254:47:13.87 | Mem:0.00M, Peak:0.00M | Scene | Synchronizing object | table_3_chair_3_leg_0.19_0.17
Fra:1 Mem:35.29M (Peak 44.47M) | Time:495254:47:13.87 | Mem:0.00M, Peak:0.00M | Scene | Initializing
Fra:1 Mem:35.29M (Peak 44.47M) | Time:495254:47:13.87 | Mem:0.00M, Peak:0.00M | Scene | Updating Images | Loading table_3_chair_3_leg_0.19_0.17_DIFFUSE
Fra:1 Mem:35.31M (Peak 44.50M) | Time:495254:47:13.88 | Mem:0.00M, Peak:0.00M | Scene | Synchronizing object | table_3_chair_3_leg_0.19_0.17
Fra:1 Mem:35.32M (Peak 44.50M) | Time:495254:47:13.88 | Mem:0.00M, Peak:0.00M | Scene | Initializing
Fra:1 Mem:35.31M (Peak 44.50M) | Time:495254:47:13.88 | Mem:0.00M, Peak:0.00M | Scene | Updating Images | Loading table_3_chair_3_leg_0.19_0.17_ROUGHNESS
Fra:1 Mem:35.34M (Peak 44.50M) | Time:495254:47:13.89 | Mem:0.00M, Peak:0.00M | Scene | Synchronizing object | table_3_chair_3_leg_0.19_0.17
Fra:1 Mem:35.34M (Peak 44.50M) | Time:495254:47:13.89 | Mem:0.00M, Peak:0.00M | Scene | Initializing
Fra:1 Mem:35.33M (Peak 44.50M) | Time:495254:47:13.89 | Mem:0.00M, Peak:0.00M | Scene | Updating Images | Loading table_3_chair_3_leg_0.19_0.17_NORMAL
Fra:1 Mem:35.35M (Peak 44.55M) | Time:495254:47:13.91 | Mem:0.00M, Peak:0.00M | Scene | Synchronizing object | table_3_chair_3_seat
Fra:1 Mem:35.36M (Peak 44.55M) | Time:495254:47:13.91 | Mem:0.00M, Peak:0.00M | Scene | Initializing
Fra:1 Mem:35.36M (Peak 44.55M) | Time:495254:47:13.91 | Mem:0.00M, Peak:0.00M | Scene | Updating Images | Loading table_3_chair_3_seat_DIFFUSE
Fra:1 Mem:35.37M (Peak 44.58M) | Time:495254:47:13.92 | Mem:0.00M, Peak:0.00M | Scene | Synchronizing object | table_3_chair_3_seat
Fra:1 Mem:35.39M (Peak 44.58M) | Time:495254:47:13.92 | Mem:0.00M, Peak:0.00M | Scene | Initializing
Fra:1 Mem:35.38M (Peak 44.58M) | Time:495254:47:13.92 | Mem:0.00M, Peak:0.00M | Scene | Updating Images | Loading table_3_chair_3_seat_ROUGHNESS
Fra:1 Mem:35.40M (Peak 44.58M) | Time:495254:47:13.93 | Mem:0.00M, Peak:0.00M | Scene | Synchronizing object | table_3_chair_3_seat
Fra:1 Mem:35.41M (Peak 44.58M) | Time:495254:47:13.93 | Mem:0.00M, Peak:0.00M | Scene | Initializing
Fra:1 Mem:35.40M (Peak 44.58M) | Time:495254:47:13.93 | Mem:0.00M, Peak:0.00M | Scene | Updating Images | Loading table_3_chair_3_seat_NORMAL
Fra:1 Mem:35.41M (Peak 44.63M) | Time:495254:47:13.95 | Mem:0.00M, Peak:0.00M | Scene | Synchronizing object | table_3_green_tray
Fra:1 Mem:35.41M (Peak 44.63M) | Time:495254:47:13.95 | Mem:0.00M, Peak:0.00M | Scene | Initializing
Fra:1 Mem:35.40M (Peak 44.63M) | Time:495254:47:13.95 | Mem:0.00M, Peak:0.00M | Scene | Updating Images | Loading table_3_green_tray_DIFFUSE
Fra:1 Mem:35.43M (Peak 44.63M) | Time:495254:47:13.96 | Mem:0.00M, Peak:0.00M | Scene | Synchronizing object | table_3_green_tray
Fra:1 Mem:35.43M (Peak 44.63M) | Time:495254:47:13.96 | Mem:0.00M, Peak:0.00M | Scene | Initializing
Fra:1 Mem:35.43M (Peak 44.63M) | Time:495254:47:13.96 | Mem:0.00M, Peak:0.00M | Scene | Updating Images | Loading table_3_green_tray_ROUGHNESS
Fra:1 Mem:35.45M (Peak 44.63M) | Time:495254:47:13.97 | Mem:0.00M, Peak:0.00M | Scene | Synchronizing object | table_3_green_tray
Fra:1 Mem:35.45M (Peak 44.63M) | Time:495254:47:13.97 | Mem:0.00M, Peak:0.00M | Scene | Initializing
Fra:1 Mem:35.45M (Peak 44.63M) | Time:495254:47:13.97 | Mem:0.00M, Peak:0.00M | Scene | Updating Images | Loading table_3_green_tray_NORMAL
Fra:1 Mem:35.47M (Peak 44.66M) | Time:495254:47:13.98 | Mem:0.00M, Peak:0.00M | Scene | Synchronizing object | table_3_paper_cup
Fra:1 Mem:35.48M (Peak 44.66M) | Time:495254:47:13.98 | Mem:0.00M, Peak:0.00M | Scene | Initializing
Fra:1 Mem:35.47M (Peak 44.66M) | Time:495254:47:13.98 | Mem:0.00M, Peak:0.00M | Scene | Updating Images | Loading table_3_paper_cup_DIFFUSE
Fra:1 Mem:35.50M (Peak 44.69M) | Time:495254:47:14.00 | Mem:0.00M, Peak:0.00M | Scene | Synchronizing object | table_3_paper_cup
Fra:1 Mem:35.50M (Peak 44.69M) | Time:495254:47:14.00 | Mem:0.00M, Peak:0.00M | Scene | Initializing
Fra:1 Mem:35.50M (Peak 44.69M) | Time:495254:47:14.00 | Mem:0.00M, Peak:0.00M | Scene | Updating Images | Loading table_3_paper_cup_ROUGHNESS
Fra:1 Mem:35.52M (Peak 44.69M) | Time:495254:47:14.01 | Mem:0.00M, Peak:0.00M | Scene | Synchronizing object | table_3_paper_cup
Fra:1 Mem:35.52M (Peak 44.69M) | Time:495254:47:14.01 | Mem:0.00M, Peak:0.00M | Scene | Initializing
Fra:1 Mem:35.52M (Peak 44.69M) | Time:495254:47:14.01 | Mem:0.00M, Peak:0.00M | Scene | Updating Images | Loading table_3_paper_cup_NORMAL
Fra:1 Mem:35.53M (Peak 44.73M) | Time:495254:47:14.03 | Mem:0.00M, Peak:0.00M | Scene | Synchronizing object | table_3_round_table_base
Fra:1 Mem:35.54M (Peak 44.73M) | Time:495254:47:14.03 | Mem:0.00M, Peak:0.00M | Scene | Initializing
Fra:1 Mem:35.54M (Peak 44.73M) | Time:495254:47:14.03 | Mem:0.00M, Peak:0.00M | Scene | Updating Images | Loading table_3_round_table_base_METAL
Fra:1 Mem:35.57M (Peak 44.75M) | Time:495254:47:14.04 | Mem:0.00M, Peak:0.00M | Scene | Synchronizing object | table_3_round_table_base
Fra:1 Mem:35.57M (Peak 44.75M) | Time:495254:47:14.04 | Mem:0.00M, Peak:0.00M | Scene | Initializing
Fra:1 Mem:35.57M (Peak 44.75M) | Time:495254:47:14.04 | Mem:0.00M, Peak:0.00M | Scene | Updating Images | Loading table_3_round_table_base_DIFFUSE
Fra:1 Mem:35.59M (Peak 44.79M) | Time:495254:47:14.05 | Mem:0.00M, Peak:0.00M | Scene | Synchronizing object | table_3_round_table_base
Fra:1 Mem:35.59M (Peak 44.79M) | Time:495254:47:14.05 | Mem:0.00M, Peak:0.00M | Scene | Initializing
Fra:1 Mem:35.59M (Peak 44.79M) | Time:495254:47:14.05 | Mem:0.00M, Peak:0.00M | Scene | Updating Images | Loading table_3_round_table_base_ROUGHNESS
Fra:1 Mem:35.61M (Peak 44.79M) | Time:495254:47:14.07 | Mem:0.00M, Peak:0.00M | Scene | Synchronizing object | table_3_round_table_base
Fra:1 Mem:35.62M (Peak 44.79M) | Time:495254:47:14.07 | Mem:0.00M, Peak:0.00M | Scene | Initializing
Fra:1 Mem:35.61M (Peak 44.79M) | Time:495254:47:14.07 | Mem:0.00M, Peak:0.00M | Scene | Updating Images | Loading table_3_round_table_base_NORMAL
Fra:1 Mem:35.62M (Peak 44.83M) | Time:495254:47:14.08 | Mem:0.00M, Peak:0.00M | Scene | Synchronizing object | table_3_sandwich_half_a
Fra:1 Mem:35.62M (Peak 44.83M) | Time:495254:47:14.08 | Mem:0.00M, Peak:0.00M | Scene | Initializing
Fra:1 Mem:35.62M (Peak 44.83M) | Time:495254:47:14.08 | Mem:0.00M, Peak:0.00M | Scene | Updating Images | Loading table_3_sandwich_half_a_DIFFUSE
Fra:1 Mem:35.64M (Peak 44.83M) | Time:495254:47:14.09 | Mem:0.00M, Peak:0.00M | Scene | Synchronizing object | table_3_sandwich_half_a
Fra:1 Mem:35.64M (Peak 44.83M) | Time:495254:47:14.09 | Mem:0.00M, Peak:0.00M | Scene | Initializing
Fra:1 Mem:35.64M (Peak 44.83M) | Time:495254:47:14.09 | Mem:0.00M, Peak:0.00M | Scene | Updating Images | Loading table_3_sandwich_half_a_ROUGHNESS
Fra:1 Mem:35.66M (Peak 44.83M) | Time:495254:47:14.11 | Mem:0.00M, Peak:0.00M | Scene | Synchronizing object | table_3_sandwich_half_a
Fra:1 Mem:35.66M (Peak 44.83M) | Time:495254:47:14.11 | Mem:0.00M, Peak:0.00M | Scene | Initializing
Fra:1 Mem:35.66M (Peak 44.83M) | Time:495254:47:14.11 | Mem:0.00M, Peak:0.00M | Scene | Updating Images | Loading table_3_sandwich_half_a_NORMAL
Fra:1 Mem:35.68M (Peak 44.87M) | Time:495254:47:14.12 | Mem:0.00M, Peak:0.00M | Scene | Synchronizing object | table_3_sandwich_half_b
Fra:1 Mem:35.68M (Peak 44.87M) | Time:495254:47:14.12 | Mem:0.00M, Peak:0.00M | Scene | Initializing
Fra:1 Mem:35.68M (Peak 44.87M) | Time:495254:47:14.12 | Mem:0.00M, Peak:0.00M | Scene | Updating Images | Loading table_3_sandwich_half_b_DIFFUSE
Fra:1 Mem:35.71M (Peak 44.89M) | Time:495254:47:14.14 | Mem:0.00M, Peak:0.00M | Scene | Synchronizing object | table_3_sandwich_half_b
Fra:1 Mem:35.71M (Peak 44.89M) | Time:495254:47:14.14 | Mem:0.00M, Peak:0.00M | Scene | Initializing
Fra:1 Mem:35.70M (Peak 44.89M) | Time:495254:47:14.14 | Mem:0.00M, Peak:0.00M | Scene | Updating Images | Loading table_3_sandwich_half_b_ROUGHNESS
Fra:1 Mem:35.73M (Peak 44.89M) | Time:495254:47:14.15 | Mem:0.00M, Peak:0.00M | Scene | Synchronizing object | table_3_sandwich_half_b
Fra:1 Mem:35.73M (Peak 44.89M) | Time:495254:47:14.15 | Mem:0.00M, Peak:0.00M | Scene | Initializing
Fra:1 Mem:35.72M (Peak 44.89M) | Time:495254:47:14.15 | Mem:0.00M, Peak:0.00M | Scene | Updating Images | Loading table_3_sandwich_half_b_NORMAL
Fra:1 Mem:35.75M (Peak 44.94M) | Time:495254:47:14.16 | Mem:0.00M, Peak:0.00M | Scene | Synchronizing object | table_3_sandwich_plate
Fra:1 Mem:35.75M (Peak 44.94M) | Time:495254:47:14.16 | Mem:0.00M, Peak:0.00M | Scene | Initializing
Fra:1 Mem:35.74M (Peak 44.94M) | Time:495254:47:14.16 | Mem:0.00M, Peak:0.00M | Scene | Updating Images | Loading table_3_sandwich_plate_DIFFUSE
Fra:1 Mem:35.77M (Peak 44.96M) | Time:495254:47:14.18 | Mem:0.00M, Peak:0.00M | Scene | Synchronizing object | table_3_sandwich_plate
Fra:1 Mem:35.77M (Peak 44.96M) | Time:495254:47:14.18 | Mem:0.00M, Peak:0.00M | Scene | Initializing
Fra:1 Mem:35.77M (Peak 44.96M) | Time:495254:47:14.18 | Mem:0.00M, Peak:0.00M | Scene | Updating Images | Loading table_3_sandwich_plate_ROUGHNESS
Fra:1 Mem:35.79M (Peak 44.96M) | Time:495254:47:14.19 | Mem:0.00M, Peak:0.00M | Scene | Synchronizing object | table_3_sandwich_plate
Fra:1 Mem:35.79M (Peak 44.96M) | Time:495254:47:14.19 | Mem:0.00M, Peak:0.00M | Scene | Initializing
Fra:1 Mem:35.79M (Peak 44.96M) | Time:495254:47:14.19 | Mem:0.00M, Peak:0.00M | Scene | Updating Images | Loading table_3_sandwich_plate_NORMAL
Fra:1 Mem:35.82M (Peak 45.00M) | Time:495254:47:14.20 | Mem:0.00M, Peak:0.00M | Scene | Synchronizing object | table_3_square_tabletop
Fra:1 Mem:35.83M (Peak 45.00M) | Time:495254:47:14.20 | Mem:0.00M, Peak:0.00M | Scene | Initializing
Fra:1 Mem:35.83M (Peak 45.00M) | Time:495254:47:14.20 | Mem:0.00M, Peak:0.00M | Scene | Updating Images | Loading table_3_square_tabletop_DIFFUSE
Fra:1 Mem:35.84M (Peak 45.05M) | Time:495254:47:14.22 | Mem:0.00M, Peak:0.00M | Scene | Synchronizing object | table_3_square_tabletop
Fra:1 Mem:35.86M (Peak 45.05M) | Time:495254:47:14.22 | Mem:0.00M, Peak:0.00M | Scene | Initializing
Fra:1 Mem:35.85M (Peak 45.05M) | Time:495254:47:14.22 | Mem:0.00M, Peak:0.00M | Scene | Updating Images | Loading table_3_square_tabletop_ROUGHNESS
Fra:1 Mem:35.87M (Peak 45.05M) | Time:495254:47:14.23 | Mem:0.00M, Peak:0.00M | Scene | Synchronizing object | table_3_square_tabletop
Fra:1 Mem:35.88M (Peak 45.05M) | Time:495254:47:14.23 | Mem:0.00M, Peak:0.00M | Scene | Initializing
Fra:1 Mem:35.87M (Peak 45.05M) | Time:495254:47:14.23 | Mem:0.00M, Peak:0.00M | Scene | Updating Images | Loading table_3_square_tabletop_NORMAL
Fra:1 Mem:35.87M (Peak 45.10M) | Time:495254:47:14.24 | Mem:0.00M, Peak:0.00M | Scene | Synchronizing object | trash_can_metal_lid
Fra:1 Mem:35.88M (Peak 45.10M) | Time:495254:47:14.24 | Mem:0.00M, Peak:0.00M | Scene | Initializing
Fra:1 Mem:35.87M (Peak 45.10M) | Time:495254:47:14.24 | Mem:0.00M, Peak:0.00M | Scene | Updating Images | Loading trash_can_metal_lid_METAL
Fra:1 Mem:35.90M (Peak 45.10M) | Time:495254:47:14.26 | Mem:0.00M, Peak:0.00M | Scene | Synchronizing object | trash_can_metal_lid
Fra:1 Mem:35.91M (Peak 45.10M) | Time:495254:47:14.26 | Mem:0.00M, Peak:0.00M | Scene | Initializing
Fra:1 Mem:35.90M (Peak 45.10M) | Time:495254:47:14.26 | Mem:0.00M, Peak:0.00M | Scene | Updating Images | Loading trash_can_metal_lid_DIFFUSE
Fra:1 Mem:35.93M (Peak 45.12M) | Time:495254:47:14.27 | Mem:0.00M, Peak:0.00M | Scene | Synchronizing object | trash_can_metal_lid
Fra:1 Mem:35.93M (Peak 45.12M) | Time:495254:47:14.27 | Mem:0.00M, Peak:0.00M | Scene | Initializing
Fra:1 Mem:35.93M (Peak 45.12M) | Time:495254:47:14.27 | Mem:0.00M, Peak:0.00M | Scene | Updating Images | Loading trash_can_metal_lid_ROUGHNESS
Fra:1 Mem:35.95M (Peak 45.12M) | Time:495254:47:14.28 | Mem:0.00M, Peak:0.00M | Scene | Synchronizing object | trash_can_metal_lid
Fra:1 Mem:35.95M (Peak 45.12M) | Time:495254:47:14.28 | Mem:0.00M, Peak:0.00M | Scene | Initializing
Fra:1 Mem:35.95M (Peak 45.12M) | Time:495254:47:14.28 | Mem:0.00M, Peak:0.00M | Scene | Updating Images | Loading trash_can_metal_lid_NORMAL
  adding: home/yashturkar/Workspace/infinigen/outputs/cafeteria_500sqft/spear_export_r256/export_scene.blend/ (stored 0%)
  adding: home/yashturkar/Workspace/infinigen/outputs/cafeteria_500sqft/spear_export_r256/export_scene.blend/textures/ (stored 0%)
  adding: home/yashturkar/Workspace/infinigen/outputs/cafeteria_500sqft/spear_export_r256/export_scene.blend/textures/right_window_frame_3_bottom_ROUGHNESS.png (deflated 54%)
  adding: home/yashturkar/Workspace/infinigen/outputs/cafeteria_500sqft/spear_export_r256/export_scene.blend/textures/table_2_chair_1_leg_-0_19_-0_17_ROUGHNESS.png (deflated 18%)
  adding: home/yashturkar/Workspace/infinigen/outputs/cafeteria_500sqft/spear_export_r256/export_scene.blend/textures/condiment_station_countertop_DIFFUSE.png (deflated 65%)
  adding: home/yashturkar/Workspace/infinigen/outputs/cafeteria_500sqft/spear_export_r256/export_scene.blend/textures/floor_dark_tile_20_DIFFUSE.png (deflated 83%)
  adding: home/yashturkar/Workspace/infinigen/outputs/cafeteria_500sqft/spear_export_r256/export_scene.blend/textures/fridge_wire_shelf_1_METAL.png (deflated 67%)
  adding: home/yashturkar/Workspace/infinigen/outputs/cafeteria_500sqft/spear_export_r256/export_scene.blend/textures/table_3_chair_1_seat_ROUGHNESS.png (deflated 44%)
  adding: home/yashturkar/Workspace/infinigen/outputs/cafeteria_500sqft/spear_export_r256/export_scene.blend/textures/table_0_chair_1_leg_-0_19_-0_17_METAL.png (deflated 18%)
  adding: home/yashturkar/Workspace/infinigen/outputs/cafeteria_500sqft/spear_export_r256/export_scene.blend/textures/table_3_chair_0_leg_0_19_-0_17_METAL.png (deflated 18%)
  adding: home/yashturkar/Workspace/infinigen/outputs/cafeteria_500sqft/spear_export_r256/export_scene.blend/textures/floor_dark_tile_18_ROUGHNESS.png (deflated 83%)
  adding: home/yashturkar/Workspace/infinigen/outputs/cafeteria_500sqft/spear_export_r256/export_scene.blend/textures/rectangular_led_panel_3_DIFFUSE.png (deflated 68%)
  adding: home/yashturkar/Workspace/infinigen/outputs/cafeteria_500sqft/spear_export_r256/export_scene.blend/textures/table_3_chair_2_leg_-0_19_0_17_ROUGHNESS.png (deflated 18%)
  adding: home/yashturkar/Workspace/infinigen/outputs/cafeteria_500sqft/spear_export_r256/export_scene.blend/textures/table_0_chair_3_back_NORMAL.png (deflated 1%)
  adding: home/yashturkar/Workspace/infinigen/outputs/cafeteria_500sqft/spear_export_r256/export_scene.blend/textures/entry_door_pull_handle_ROUGHNESS.png (deflated 30%)
  adding: home/yashturkar/Workspace/infinigen/outputs/cafeteria_500sqft/spear_export_r256/export_scene.blend/textures/table_1_chair_1_leg_0_19_0_17_METAL.png (deflated 18%)
  adding: home/yashturkar/Workspace/infinigen/outputs/cafeteria_500sqft/spear_export_r256/export_scene.blend/textures/table_0_chair_0_leg_-0_19_-0_17_DIFFUSE.png (deflated 16%)
  adding: home/yashturkar/Workspace/infinigen/outputs/cafeteria_500sqft/spear_export_r256/export_scene.blend/textures/table_0_chair_0_leg_-0_19_0_17_DIFFUSE.png (deflated 16%)
  adding: home/yashturkar/Workspace/infinigen/outputs/cafeteria_500sqft/spear_export_r256/export_scene.blend/textures/floor_dark_tile_4_NORMAL.png (deflated 82%)
  adding: home/yashturkar/Workspace/infinigen/outputs/cafeteria_500sqft/spear_export_r256/export_scene.blend/textures/table_3_chair_3_leg_0_19_0_17_ROUGHNESS.png (deflated 18%)
  adding: home/yashturkar/Workspace/infinigen/outputs/cafeteria_500sqft/spear_export_r256/export_scene.blend/textures/right_window_frame_3_center_DIFFUSE.png (deflated 58%)
  adding: home/yashturkar/Workspace/infinigen/outputs/cafeteria_500sqft/spear_export_r256/export_scene.blend/textures/table_2_round_table_base_DIFFUSE.png (deflated 8%)
  adding: home/yashturkar/Workspace/infinigen/outputs/cafeteria_500sqft/spear_export_r256/export_scene.blend/textures/table_1_chair_3_seat_ROUGHNESS.png (deflated 49%)
  adding: home/yashturkar/Workspace/infinigen/outputs/cafeteria_500sqft/spear_export_r256/export_scene.blend/textures/table_2_chair_2_leg_-0_19_0_17_ROUGHNESS.png (deflated 18%)
  adding: home/yashturkar/Workspace/infinigen/outputs/cafeteria_500sqft/spear_export_r256/export_scene.blend/textures/table_3_chair_1_leg_0_19_-0_17_DIFFUSE.png (deflated 16%)
  adding: home/yashturkar/Workspace/infinigen/outputs/cafeteria_500sqft/spear_export_r256/export_scene.blend/textures/table_0_chair_0_leg_-0_19_-0_17_ROUGHNESS.png (deflated 18%)
  adding: home/yashturkar/Workspace/infinigen/outputs/cafeteria_500sqft/spear_export_r256/export_scene.blend/textures/table_2_chair_3_back_NORMAL.png (deflated 1%)
  adding: home/yashturkar/Workspace/infinigen/outputs/cafeteria_500sqft/spear_export_r256/export_scene.blend/textures/fridge_can_r0_c2_METAL.png (deflated 26%)
  adding: home/yashturkar/Workspace/infinigen/outputs/cafeteria_500sqft/spear_export_r256/export_scene.blend/textures/right_wall_window_glass_3_NORMAL.png (deflated 82%)
  adding: home/yashturkar/Workspace/infinigen/outputs/cafeteria_500sqft/spear_export_r256/export_scene.blend/textures/coffee_pot_glass_ROUGHNESS.png (deflated 16%)
  adding: home/yashturkar/Workspace/infinigen/outputs/cafeteria_500sqft/spear_export_r256/export_scene.blend/textures/table_2_chair_1_leg_0_19_-0_17_METAL.png (deflated 18%)
  adding: home/yashturkar/Workspace/infinigen/outputs/cafeteria_500sqft/spear_export_r256/export_scene.blend/textures/coffee_station_base_ROUGHNESS.png (deflated 57%)
  adding: home/yashturkar/Workspace/infinigen/outputs/cafeteria_500sqft/spear_export_r256/export_scene.blend/textures/table_3_green_tray_DIFFUSE.png (deflated 57%)
  adding: home/yashturkar/Workspace/infinigen/outputs/cafeteria_500sqft/spear_export_r256/export_scene.blend/textures/floor_dark_tile_18_NORMAL.png (deflated 82%)
  adding: home/yashturkar/Workspace/infinigen/outputs/cafeteria_500sqft/spear_export_r256/export_scene.blend/textures/menu_chalk_line_4_ROUGHNESS.png (deflated 57%)
  adding: home/yashturkar/Workspace/infinigen/outputs/cafeteria_500sqft/spear_export_r256/export_scene.blend/textures/table_2_chair_3_seat_DIFFUSE.png (deflated 45%)
  adding: home/yashturkar/Workspace/infinigen/outputs/cafeteria_500sqft/spear_export_r256/export_scene.blend/textures/table_2_chair_2_back_NORMAL.png (deflated 1%)
  adding: home/yashturkar/Workspace/infinigen/outputs/cafeteria_500sqft/spear_export_r256/export_scene.blend/textures/table_0_chair_0_back_NORMAL.png (deflated 1%)
  adding: home/yashturkar/Workspace/infinigen/outputs/cafeteria_500sqft/spear_export_r256/export_scene.blend/textures/table_1_chair_3_leg_-0_19_0_17_NORMAL.png (deflated 82%)
  adding: home/yashturkar/Workspace/infinigen/outputs/cafeteria_500sqft/spear_export_r256/export_scene.blend/textures/menu_chalk_line_5_ROUGHNESS.png (deflated 57%)
  adding: home/yashturkar/Workspace/infinigen/outputs/cafeteria_500sqft/spear_export_r256/export_scene.blend/textures/right_window_frame_2_bottom_METAL.png (deflated 54%)
  adding: home/yashturkar/Workspace/infinigen/outputs/cafeteria_500sqft/spear_export_r256/export_scene.blend/textures/table_3_chair_2_seat_ROUGHNESS.png (deflated 44%)
  adding: home/yashturkar/Workspace/infinigen/outputs/cafeteria_500sqft/spear_export_r256/export_scene.blend/textures/table_2_chair_1_leg_0_19_-0_17_NORMAL.png (deflated 82%)
  adding: home/yashturkar/Workspace/infinigen/outputs/cafeteria_500sqft/spear_export_r256/export_scene.blend/textures/table_1_chair_0_leg_-0_19_-0_17_DIFFUSE.png (deflated 16%)
  adding: home/yashturkar/Workspace/infinigen/outputs/cafeteria_500sqft/spear_export_r256/export_scene.blend/textures/table_0_chair_0_leg_0_19_0_17_METAL.png (deflated 18%)
  adding: home/yashturkar/Workspace/infinigen/outputs/cafeteria_500sqft/spear_export_r256/export_scene.blend/textures/table_1_chair_0_leg_-0_19_-0_17_NORMAL.png (deflated 82%)
  adding: home/yashturkar/Workspace/infinigen/outputs/cafeteria_500sqft/spear_export_r256/export_scene.blend/textures/rear_glass_entry_door_DIFFUSE.png (deflated 85%)
  adding: home/yashturkar/Workspace/infinigen/outputs/cafeteria_500sqft/spear_export_r256/export_scene.blend/textures/table_3_sandwich_half_a_ROUGHNESS.png (deflated 51%)
  adding: home/yashturkar/Workspace/infinigen/outputs/cafeteria_500sqft/spear_export_r256/export_scene.blend/textures/table_0_sandwich_half_a_ROUGHNESS.png (deflated 51%)
  adding: home/yashturkar/Workspace/infinigen/outputs/cafeteria_500sqft/spear_export_r256/export_scene.blend/textures/right_window_frame_3_top_METAL.png (deflated 54%)
  adding: home/yashturkar/Workspace/infinigen/outputs/cafeteria_500sqft/spear_export_r256/export_scene.blend/textures/table_2_square_tabletop_NORMAL.png (deflated 1%)
  adding: home/yashturkar/Workspace/infinigen/outputs/cafeteria_500sqft/spear_export_r256/export_scene.blend/textures/table_2_chair_2_leg_-0_19_-0_17_DIFFUSE.png (deflated 16%)
  adding: home/yashturkar/Workspace/infinigen/outputs/cafeteria_500sqft/spear_export_r256/export_scene.blend/textures/fruit_bowl_piece_2_NORMAL.png (deflated 82%)
  adding: home/yashturkar/Workspace/infinigen/outputs/cafeteria_500sqft/spear_export_r256/export_scene.blend/textures/table_1_chair_3_leg_-0_19_-0_17_ROUGHNESS.png (deflated 18%)
  adding: home/yashturkar/Workspace/infinigen/outputs/cafeteria_500sqft/spear_export_r256/export_scene.blend/textures/table_3_chair_2_leg_-0_19_-0_17_ROUGHNESS.png (deflated 18%)
  adding: home/yashturkar/Workspace/infinigen/outputs/cafeteria_500sqft/spear_export_r256/export_scene.blend/textures/fridge_wire_shelf_3_DIFFUSE.png (deflated 61%)
  adding: home/yashturkar/Workspace/infinigen/outputs/cafeteria_500sqft/spear_export_r256/export_scene.blend/textures/table_2_paper_cup_DIFFUSE.png (deflated 16%)
  adding: home/yashturkar/Workspace/infinigen/outputs/cafeteria_500sqft/spear_export_r256/export_scene.blend/textures/fridge_wire_shelf_1_ROUGHNESS.png (deflated 64%)
  adding: home/yashturkar/Workspace/infinigen/outputs/cafeteria_500sqft/spear_export_r256/export_scene.blend/textures/table_0_round_table_base_METAL.png (deflated 10%)
  adding: home/yashturkar/Workspace/infinigen/outputs/cafeteria_500sqft/spear_export_r256/export_scene.blend/textures/table_0_chair_1_leg_-0_19_0_17_METAL.png (deflated 18%)
  adding: home/yashturkar/Workspace/infinigen/outputs/cafeteria_500sqft/spear_export_r256/export_scene.blend/textures/right_wall_window_glass_2_ROUGHNESS.png (deflated 85%)
  adding: home/yashturkar/Workspace/infinigen/outputs/cafeteria_500sqft/spear_export_r256/export_scene.blend/textures/floor_dark_tile_22_ROUGHNESS.png (deflated 83%)
  adding: home/yashturkar/Workspace/infinigen/outputs/cafeteria_500sqft/spear_export_r256/export_scene.blend/textures/table_2_chair_3_leg_0_19_-0_17_METAL.png (deflated 18%)
  adding: home/yashturkar/Workspace/infinigen/outputs/cafeteria_500sqft/spear_export_r256/export_scene.blend/textures/fridge_can_r1_c0_NORMAL.png (deflated 82%)
  adding: home/yashturkar/Workspace/infinigen/outputs/cafeteria_500sqft/spear_export_r256/export_scene.blend/textures/fridge_can_r3_c0_DIFFUSE.png (deflated 26%)
  adding: home/yashturkar/Workspace/infinigen/outputs/cafeteria_500sqft/spear_export_r256/export_scene.blend/textures/table_0_chair_0_seat_ROUGHNESS.png (deflated 44%)
  adding: home/yashturkar/Workspace/infinigen/outputs/cafeteria_500sqft/spear_export_r256/export_scene.blend/textures/table_1_chair_2_leg_0_19_-0_17_ROUGHNESS.png (deflated 18%)
  adding: home/yashturkar/Workspace/infinigen/outputs/cafeteria_500sqft/spear_export_r256/export_scene.blend/textures/fridge_wire_shelf_1_NORMAL.png (deflated 82%)
  adding: home/yashturkar/Workspace/infinigen/outputs/cafeteria_500sqft/spear_export_r256/export_scene.blend/textures/counter_tray_stack_-3_15_NORMAL.png (deflated 82%)
  adding: home/yashturkar/Workspace/infinigen/outputs/cafeteria_500sqft/spear_export_r256/export_scene.blend/textures/table_3_chair_3_seat_DIFFUSE.png (deflated 44%)
  adding: home/yashturkar/Workspace/infinigen/outputs/cafeteria_500sqft/spear_export_r256/export_scene.blend/textures/table_0_chair_3_leg_0_19_-0_17_DIFFUSE.png (deflated 16%)
  adding: home/yashturkar/Workspace/infinigen/outputs/cafeteria_500sqft/spear_export_r256/export_scene.blend/textures/round_black_trash_can_NORMAL.png (deflated 82%)
  adding: home/yashturkar/Workspace/infinigen/outputs/cafeteria_500sqft/spear_export_r256/export_scene.blend/textures/rectangular_led_panel_2_NORMAL.png (deflated 82%)
  adding: home/yashturkar/Workspace/infinigen/outputs/cafeteria_500sqft/spear_export_r256/export_scene.blend/textures/counter_tray_stack_-3_15_DIFFUSE.png (deflated 55%)
  adding: home/yashturkar/Workspace/infinigen/outputs/cafeteria_500sqft/spear_export_r256/export_scene.blend/textures/condiment_station_countertop_ROUGHNESS.png (deflated 60%)
  adding: home/yashturkar/Workspace/infinigen/outputs/cafeteria_500sqft/spear_export_r256/export_scene.blend/textures/table_0_chair_0_leg_-0_19_0_17_NORMAL.png (deflated 82%)
  adding: home/yashturkar/Workspace/infinigen/outputs/cafeteria_500sqft/spear_export_r256/export_scene.blend/textures/right_window_frame_2_bottom_DIFFUSE.png (deflated 60%)
  adding: home/yashturkar/Workspace/infinigen/outputs/cafeteria_500sqft/spear_export_r256/export_scene.blend/textures/table_0_chair_1_leg_-0_19_0_17_NORMAL.png (deflated 82%)
  adding: home/yashturkar/Workspace/infinigen/outputs/cafeteria_500sqft/spear_export_r256/export_scene.blend/textures/table_0_chair_3_leg_0_19_-0_17_ROUGHNESS.png (deflated 18%)
  adding: home/yashturkar/Workspace/infinigen/outputs/cafeteria_500sqft/spear_export_r256/export_scene.blend/textures/table_3_chair_1_leg_0_19_0_17_DIFFUSE.png (deflated 16%)
  adding: home/yashturkar/Workspace/infinigen/outputs/cafeteria_500sqft/spear_export_r256/export_scene.blend/textures/table_1_chair_2_leg_0_19_0_17_METAL.png (deflated 18%)
  adding: home/yashturkar/Workspace/infinigen/outputs/cafeteria_500sqft/spear_export_r256/export_scene.blend/textures/coffee_machine_black_body_ROUGHNESS.png (deflated 50%)
  adding: home/yashturkar/Workspace/infinigen/outputs/cafeteria_500sqft/spear_export_r256/export_scene.blend/textures/table_3_chair_2_leg_-0_19_0_17_DIFFUSE.png (deflated 16%)
  adding: home/yashturkar/Workspace/infinigen/outputs/cafeteria_500sqft/spear_export_r256/export_scene.blend/textures/right_window_frame_3_top_ROUGHNESS.png (deflated 54%)
  adding: home/yashturkar/Workspace/infinigen/outputs/cafeteria_500sqft/spear_export_r256/export_scene.blend/textures/floor_quarry_tile_slab_DIFFUSE.png (deflated 70%)
  adding: home/yashturkar/Workspace/infinigen/outputs/cafeteria_500sqft/spear_export_r256/export_scene.blend/textures/table_0_chair_3_leg_-0_19_-0_17_ROUGHNESS.png (deflated 18%)
  adding: home/yashturkar/Workspace/infinigen/outputs/cafeteria_500sqft/spear_export_r256/export_scene.blend/textures/right_window_frame_2_top_DIFFUSE.png (deflated 60%)
  adding: home/yashturkar/Workspace/infinigen/outputs/cafeteria_500sqft/spear_export_r256/export_scene.blend/textures/table_2_chair_1_leg_0_19_-0_17_ROUGHNESS.png (deflated 18%)
  adding: home/yashturkar/Workspace/infinigen/outputs/cafeteria_500sqft/spear_export_r256/export_scene.blend/textures/table_0_chair_2_leg_-0_19_0_17_NORMAL.png (deflated 82%)
  adding: home/yashturkar/Workspace/infinigen/outputs/cafeteria_500sqft/spear_export_r256/export_scene.blend/textures/fridge_can_r3_c2_ROUGHNESS.png (deflated 24%)
  adding: home/yashturkar/Workspace/infinigen/outputs/cafeteria_500sqft/spear_export_r256/export_scene.blend/textures/drink_refrigerator_glass_door_ROUGHNESS.png (deflated 85%)
  adding: home/yashturkar/Workspace/infinigen/outputs/cafeteria_500sqft/spear_export_r256/export_scene.blend/textures/table_2_chair_3_leg_-0_19_0_17_ROUGHNESS.png (deflated 18%)
  adding: home/yashturkar/Workspace/infinigen/outputs/cafeteria_500sqft/spear_export_r256/export_scene.blend/textures/table_3_chair_0_seat_DIFFUSE.png (deflated 44%)
  adding: home/yashturkar/Workspace/infinigen/outputs/cafeteria_500sqft/spear_export_r256/export_scene.blend/textures/menu_chalk_line_1_DIFFUSE.png (deflated 43%)
  adding: home/yashturkar/Workspace/infinigen/outputs/cafeteria_500sqft/spear_export_r256/export_scene.blend/textures/stacked_paper_cup_0_ROUGHNESS.png (deflated 26%)
  adding: home/yashturkar/Workspace/infinigen/outputs/cafeteria_500sqft/spear_export_r256/export_scene.blend/textures/floor_dark_tile_28_ROUGHNESS.png (deflated 83%)
  adding: home/yashturkar/Workspace/infinigen/outputs/cafeteria_500sqft/spear_export_r256/export_scene.blend/textures/fridge_can_r1_c1_METAL.png (deflated 26%)
  adding: home/yashturkar/Workspace/infinigen/outputs/cafeteria_500sqft/spear_export_r256/export_scene.blend/textures/fridge_wire_shelf_2_NORMAL.png (deflated 82%)
  adding: home/yashturkar/Workspace/infinigen/outputs/cafeteria_500sqft/spear_export_r256/export_scene.blend/textures/table_0_chair_2_leg_0_19_-0_17_NORMAL.png (deflated 82%)
  adding: home/yashturkar/Workspace/infinigen/outputs/cafeteria_500sqft/spear_export_r256/export_scene.blend/textures/table_3_chair_1_back_NORMAL.png (deflated 1%)
  adding: home/yashturkar/Workspace/infinigen/outputs/cafeteria_500sqft/spear_export_r256/export_scene.blend/textures/right_wall_window_glass_2_DIFFUSE.png (deflated 85%)
  adding: home/yashturkar/Workspace/infinigen/outputs/cafeteria_500sqft/spear_export_r256/export_scene.blend/textures/table_1_chair_0_leg_0_19_-0_17_ROUGHNESS.png (deflated 18%)
  adding: home/yashturkar/Workspace/infinigen/outputs/cafeteria_500sqft/spear_export_r256/export_scene.blend/textures/counter_tray_stack_-2_0_ROUGHNESS.png (deflated 61%)
  adding: home/yashturkar/Workspace/infinigen/outputs/cafeteria_500sqft/spear_export_r256/export_scene.blend/textures/fridge_can_r3_c1_METAL.png (deflated 26%)
  adding: home/yashturkar/Workspace/infinigen/outputs/cafeteria_500sqft/spear_export_r256/export_scene.blend/textures/table_3_chair_1_leg_0_19_-0_17_METAL.png (deflated 18%)
  adding: home/yashturkar/Workspace/infinigen/outputs/cafeteria_500sqft/spear_export_r256/export_scene.blend/textures/napkin_dispenser_metal_ROUGHNESS.png (deflated 22%)
  adding: home/yashturkar/Workspace/infinigen/outputs/cafeteria_500sqft/spear_export_r256/export_scene.blend/textures/table_2_green_tray_DIFFUSE.png (deflated 57%)
  adding: home/yashturkar/Workspace/infinigen/outputs/cafeteria_500sqft/spear_export_r256/export_scene.blend/textures/table_0_chair_3_leg_0_19_0_17_NORMAL.png (deflated 82%)
  adding: home/yashturkar/Workspace/infinigen/outputs/cafeteria_500sqft/spear_export_r256/export_scene.blend/textures/long_pale_countertop_DIFFUSE.png (deflated 61%)
  adding: home/yashturkar/Workspace/infinigen/outputs/cafeteria_500sqft/spear_export_r256/export_scene.blend/textures/floor_dark_tile_28_NORMAL.png (deflated 82%)
  adding: home/yashturkar/Workspace/infinigen/outputs/cafeteria_500sqft/spear_export_r256/export_scene.blend/textures/table_1_chair_0_leg_0_19_0_17_ROUGHNESS.png (deflated 18%)
  adding: home/yashturkar/Workspace/infinigen/outputs/cafeteria_500sqft/spear_export_r256/export_scene.blend/textures/table_3_chair_0_leg_-0_19_-0_17_ROUGHNESS.png (deflated 18%)
  adding: home/yashturkar/Workspace/infinigen/outputs/cafeteria_500sqft/spear_export_r256/export_scene.blend/textures/menu_chalk_line_2_ROUGHNESS.png (deflated 57%)
  adding: home/yashturkar/Workspace/infinigen/outputs/cafeteria_500sqft/spear_export_r256/export_scene.blend/textures/right_window_frame_1_top_METAL.png (deflated 54%)
  adding: home/yashturkar/Workspace/infinigen/outputs/cafeteria_500sqft/spear_export_r256/export_scene.blend/textures/table_1_chair_0_leg_-0_19_-0_17_ROUGHNESS.png (deflated 18%)
  adding: home/yashturkar/Workspace/infinigen/outputs/cafeteria_500sqft/spear_export_r256/export_scene.blend/textures/front_service_wall_teal_ROUGHNESS.png (deflated 58%)
  adding: home/yashturkar/Workspace/infinigen/outputs/cafeteria_500sqft/spear_export_r256/export_scene.blend/textures/table_3_chair_2_leg_0_19_-0_17_DIFFUSE.png (deflated 16%)
  adding: home/yashturkar/Workspace/infinigen/outputs/cafeteria_500sqft/spear_export_r256/export_scene.blend/textures/table_3_round_table_base_DIFFUSE.png (deflated 8%)
  adding: home/yashturkar/Workspace/infinigen/outputs/cafeteria_500sqft/spear_export_r256/export_scene.blend/textures/table_1_chair_3_leg_0_19_0_17_NORMAL.png (deflated 82%)
  adding: home/yashturkar/Workspace/infinigen/outputs/cafeteria_500sqft/spear_export_r256/export_scene.blend/textures/stacked_paper_cup_2_NORMAL.png (deflated 82%)
  adding: home/yashturkar/Workspace/infinigen/outputs/cafeteria_500sqft/spear_export_r256/export_scene.blend/textures/menu_chalk_line_2_NORMAL.png (deflated 82%)
  adding: home/yashturkar/Workspace/infinigen/outputs/cafeteria_500sqft/spear_export_r256/export_scene.blend/textures/floor_dark_tile_26_DIFFUSE.png (deflated 83%)
  adding: home/yashturkar/Workspace/infinigen/outputs/cafeteria_500sqft/spear_export_r256/export_scene.blend/textures/table_3_central_pedestal_NORMAL.png (deflated 82%)
  adding: home/yashturkar/Workspace/infinigen/outputs/cafeteria_500sqft/spear_export_r256/export_scene.blend/textures/table_3_chair_1_leg_-0_19_0_17_ROUGHNESS.png (deflated 18%)
  adding: home/yashturkar/Workspace/infinigen/outputs/cafeteria_500sqft/spear_export_r256/export_scene.blend/textures/trash_can_metal_lid_NORMAL.png (deflated 82%)
  adding: home/yashturkar/Workspace/infinigen/outputs/cafeteria_500sqft/spear_export_r256/export_scene.blend/textures/drink_refrigerator_body_DIFFUSE.png (deflated 57%)
  adding: home/yashturkar/Workspace/infinigen/outputs/cafeteria_500sqft/spear_export_r256/export_scene.blend/textures/table_1_chair_1_leg_-0_19_0_17_NORMAL.png (deflated 82%)
  adding: home/yashturkar/Workspace/infinigen/outputs/cafeteria_500sqft/spear_export_r256/export_scene.blend/textures/table_2_chair_1_back_NORMAL.png (deflated 1%)
  adding: home/yashturkar/Workspace/infinigen/outputs/cafeteria_500sqft/spear_export_r256/export_scene.blend/textures/entry_door_pull_handle_NORMAL.png (deflated 82%)
  adding: home/yashturkar/Workspace/infinigen/outputs/cafeteria_500sqft/spear_export_r256/export_scene.blend/textures/table_2_chair_3_back_DIFFUSE.png (deflated 55%)
  adding: home/yashturkar/Workspace/infinigen/outputs/cafeteria_500sqft/spear_export_r256/export_scene.blend/textures/table_3_chair_2_leg_-0_19_0_17_METAL.png (deflated 18%)
  adding: home/yashturkar/Workspace/infinigen/outputs/cafeteria_500sqft/spear_export_r256/export_scene.blend/textures/table_0_central_pedestal_ROUGHNESS.png (deflated 14%)
  adding: home/yashturkar/Workspace/infinigen/outputs/cafeteria_500sqft/spear_export_r256/export_scene.blend/textures/table_3_chair_0_seat_NORMAL.png (deflated 2%)
  adding: home/yashturkar/Workspace/infinigen/outputs/cafeteria_500sqft/spear_export_r256/export_scene.blend/textures/table_2_chair_2_leg_-0_19_-0_17_ROUGHNESS.png (deflated 18%)
  adding: home/yashturkar/Workspace/infinigen/outputs/cafeteria_500sqft/spear_export_r256/export_scene.blend/textures/table_2_chair_1_leg_-0_19_0_17_METAL.png (deflated 18%)
  adding: home/yashturkar/Workspace/infinigen/outputs/cafeteria_500sqft/spear_export_r256/export_scene.blend/textures/table_1_chair_2_leg_-0_19_0_17_METAL.png (deflated 18%)
  adding: home/yashturkar/Workspace/infinigen/outputs/cafeteria_500sqft/spear_export_r256/export_scene.blend/textures/table_2_chair_1_seat_NORMAL.png (deflated 2%)
  adding: home/yashturkar/Workspace/infinigen/outputs/cafeteria_500sqft/spear_export_r256/export_scene.blend/textures/entry_door_pull_handle_DIFFUSE.png (deflated 22%)
  adding: home/yashturkar/Workspace/infinigen/outputs/cafeteria_500sqft/spear_export_r256/export_scene.blend/textures/table_3_chair_2_seat_NORMAL.png (deflated 2%)
  adding: home/yashturkar/Workspace/infinigen/outputs/cafeteria_500sqft/spear_export_r256/export_scene.blend/textures/floor_dark_tile_0_ROUGHNESS.png (deflated 83%)
  adding: home/yashturkar/Workspace/infinigen/outputs/cafeteria_500sqft/spear_export_r256/export_scene.blend/textures/table_1_chair_1_seat_DIFFUSE.png (deflated 44%)
  adding: home/yashturkar/Workspace/infinigen/outputs/cafeteria_500sqft/spear_export_r256/export_scene.blend/textures/table_1_chair_2_leg_-0_19_-0_17_NORMAL.png (deflated 82%)
  adding: home/yashturkar/Workspace/infinigen/outputs/cafeteria_500sqft/spear_export_r256/export_scene.blend/textures/table_0_chair_0_leg_-0_19_0_17_METAL.png (deflated 18%)
  adding: home/yashturkar/Workspace/infinigen/outputs/cafeteria_500sqft/spear_export_r256/export_scene.blend/textures/table_1_chair_3_leg_-0_19_0_17_ROUGHNESS.png (deflated 18%)
  adding: home/yashturkar/Workspace/infinigen/outputs/cafeteria_500sqft/spear_export_r256/export_scene.blend/textures/fridge_can_r1_c2_METAL.png (deflated 26%)
  adding: home/yashturkar/Workspace/infinigen/outputs/cafeteria_500sqft/spear_export_r256/export_scene.blend/textures/fridge_can_r1_c1_ROUGHNESS.png (deflated 24%)
  adding: home/yashturkar/Workspace/infinigen/outputs/cafeteria_500sqft/spear_export_r256/export_scene.blend/textures/right_wall_window_glass_2_TRANSMISSION.png (deflated 56%)
  adding: home/yashturkar/Workspace/infinigen/outputs/cafeteria_500sqft/spear_export_r256/export_scene.blend/textures/table_2_chair_1_leg_-0_19_-0_17_DIFFUSE.png (deflated 16%)
  adding: home/yashturkar/Workspace/infinigen/outputs/cafeteria_500sqft/spear_export_r256/export_scene.blend/textures/table_1_green_tray_ROUGHNESS.png (deflated 52%)
  adding: home/yashturkar/Workspace/infinigen/outputs/cafeteria_500sqft/spear_export_r256/export_scene.blend/textures/table_1_chair_3_leg_0_19_0_17_METAL.png (deflated 18%)
  adding: home/yashturkar/Workspace/infinigen/outputs/cafeteria_500sqft/spear_export_r256/export_scene.blend/textures/table_2_chair_0_leg_0_19_0_17_NORMAL.png (deflated 82%)
  adding: home/yashturkar/Workspace/infinigen/outputs/cafeteria_500sqft/spear_export_r256/export_scene.blend/textures/right_window_frame_0_center_ROUGHNESS.png (deflated 60%)
  adding: home/yashturkar/Workspace/infinigen/outputs/cafeteria_500sqft/spear_export_r256/export_scene.blend/textures/table_0_chair_1_leg_0_19_-0_17_DIFFUSE.png (deflated 16%)
  adding: home/yashturkar/Workspace/infinigen/outputs/cafeteria_500sqft/spear_export_r256/export_scene.blend/textures/table_3_chair_0_back_ROUGHNESS.png (deflated 54%)
  adding: home/yashturkar/Workspace/infinigen/outputs/cafeteria_500sqft/spear_export_r256/export_scene.blend/textures/table_2_chair_0_leg_0_19_-0_17_METAL.png (deflated 18%)
  adding: home/yashturkar/Workspace/infinigen/outputs/cafeteria_500sqft/spear_export_r256/export_scene.blend/textures/table_3_chair_3_leg_0_19_-0_17_ROUGHNESS.png (deflated 18%)
  adding: home/yashturkar/Workspace/infinigen/outputs/cafeteria_500sqft/spear_export_r256/export_scene.blend/textures/table_2_chair_2_leg_-0_19_0_17_NORMAL.png (deflated 82%)
  adding: home/yashturkar/Workspace/infinigen/outputs/cafeteria_500sqft/spear_export_r256/export_scene.blend/textures/right_window_frame_1_center_NORMAL.png (deflated 82%)
  adding: home/yashturkar/Workspace/infinigen/outputs/cafeteria_500sqft/spear_export_r256/export_scene.blend/textures/fridge_wire_shelf_3_NORMAL.png (deflated 82%)
  adding: home/yashturkar/Workspace/infinigen/outputs/cafeteria_500sqft/spear_export_r256/export_scene.blend/textures/low_condiment_station_DIFFUSE.png (deflated 82%)
  adding: home/yashturkar/Workspace/infinigen/outputs/cafeteria_500sqft/spear_export_r256/export_scene.blend/textures/table_3_chair_0_leg_0_19_0_17_METAL.png (deflated 18%)
  adding: home/yashturkar/Workspace/infinigen/outputs/cafeteria_500sqft/spear_export_r256/export_scene.blend/textures/ceiling_acoustic_panel_plane_NORMAL.png (deflated 14%)
  adding: home/yashturkar/Workspace/infinigen/outputs/cafeteria_500sqft/spear_export_r256/export_scene.blend/textures/table_1_chair_2_back_DIFFUSE.png (deflated 54%)
  adding: home/yashturkar/Workspace/infinigen/outputs/cafeteria_500sqft/spear_export_r256/export_scene.blend/textures/floor_dark_tile_20_ROUGHNESS.png (deflated 83%)
  adding: home/yashturkar/Workspace/infinigen/outputs/cafeteria_500sqft/spear_export_r256/export_scene.blend/textures/table_3_chair_1_leg_-0_19_0_17_NORMAL.png (deflated 82%)
  adding: home/yashturkar/Workspace/infinigen/outputs/cafeteria_500sqft/spear_export_r256/export_scene.blend/textures/fridge_can_r0_c0_METAL.png (deflated 26%)
  adding: home/yashturkar/Workspace/infinigen/outputs/cafeteria_500sqft/spear_export_r256/export_scene.blend/textures/table_3_chair_3_leg_0_19_0_17_METAL.png (deflated 18%)
  adding: home/yashturkar/Workspace/infinigen/outputs/cafeteria_500sqft/spear_export_r256/export_scene.blend/textures/menu_chalk_line_0_ROUGHNESS.png (deflated 57%)
  adding: home/yashturkar/Workspace/infinigen/outputs/cafeteria_500sqft/spear_export_r256/export_scene.blend/textures/right_window_frame_1_top_ROUGHNESS.png (deflated 54%)
  adding: home/yashturkar/Workspace/infinigen/outputs/cafeteria_500sqft/spear_export_r256/export_scene.blend/textures/trash_can_metal_lid_DIFFUSE.png (deflated 14%)
  adding: home/yashturkar/Workspace/infinigen/outputs/cafeteria_500sqft/spear_export_r256/export_scene.blend/textures/table_0_round_table_base_DIFFUSE.png (deflated 8%)
  adding: home/yashturkar/Workspace/infinigen/outputs/cafeteria_500sqft/spear_export_r256/export_scene.blend/textures/table_0_chair_0_leg_0_19_0_17_ROUGHNESS.png (deflated 18%)
  adding: home/yashturkar/Workspace/infinigen/outputs/cafeteria_500sqft/spear_export_r256/export_scene.blend/textures/table_3_chair_1_back_ROUGHNESS.png (deflated 54%)
  adding: home/yashturkar/Workspace/infinigen/outputs/cafeteria_500sqft/spear_export_r256/export_scene.blend/textures/table_2_chair_0_leg_-0_19_0_17_NORMAL.png (deflated 82%)
  adding: home/yashturkar/Workspace/infinigen/outputs/cafeteria_500sqft/spear_export_r256/export_scene.blend/textures/floor_dark_tile_4_ROUGHNESS.png (deflated 83%)
  adding: home/yashturkar/Workspace/infinigen/outputs/cafeteria_500sqft/spear_export_r256/export_scene.blend/textures/table_1_chair_3_leg_0_19_0_17_DIFFUSE.png (deflated 16%)
  adding: home/yashturkar/Workspace/infinigen/outputs/cafeteria_500sqft/spear_export_r256/export_scene.blend/textures/table_0_chair_2_leg_-0_19_-0_17_DIFFUSE.png (deflated 16%)
  adding: home/yashturkar/Workspace/infinigen/outputs/cafeteria_500sqft/spear_export_r256/export_scene.blend/textures/table_2_chair_0_back_DIFFUSE.png (deflated 55%)
  adding: home/yashturkar/Workspace/infinigen/outputs/cafeteria_500sqft/spear_export_r256/export_scene.blend/textures/back_entry_wall_NORMAL.png (deflated 7%)
  adding: home/yashturkar/Workspace/infinigen/outputs/cafeteria_500sqft/spear_export_r256/export_scene.blend/textures/table_0_chair_0_seat_DIFFUSE.png (deflated 45%)
  adding: home/yashturkar/Workspace/infinigen/outputs/cafeteria_500sqft/spear_export_r256/export_scene.blend/textures/table_1_chair_3_leg_-0_19_-0_17_DIFFUSE.png (deflated 16%)
  adding: home/yashturkar/Workspace/infinigen/outputs/cafeteria_500sqft/spear_export_r256/export_scene.blend/textures/table_2_chair_2_seat_NORMAL.png (deflated 2%)
  adding: home/yashturkar/Workspace/infinigen/outputs/cafeteria_500sqft/spear_export_r256/export_scene.blend/textures/table_0_round_table_base_ROUGHNESS.png (deflated 8%)
  adding: home/yashturkar/Workspace/infinigen/outputs/cafeteria_500sqft/spear_export_r256/export_scene.blend/textures/table_0_central_pedestal_NORMAL.png (deflated 82%)
  adding: home/yashturkar/Workspace/infinigen/outputs/cafeteria_500sqft/spear_export_r256/export_scene.blend/textures/table_3_green_tray_ROUGHNESS.png (deflated 52%)
  adding: home/yashturkar/Workspace/infinigen/outputs/cafeteria_500sqft/spear_export_r256/export_scene.blend/textures/table_0_chair_2_seat_ROUGHNESS.png (deflated 44%)
  adding: home/yashturkar/Workspace/infinigen/outputs/cafeteria_500sqft/spear_export_r256/export_scene.blend/textures/table_2_chair_2_leg_-0_19_0_17_DIFFUSE.png (deflated 16%)
  adding: home/yashturkar/Workspace/infinigen/outputs/cafeteria_500sqft/spear_export_r256/export_scene.blend/textures/notice_board_flyer_2_NORMAL.png (deflated 82%)
  adding: home/yashturkar/Workspace/infinigen/outputs/cafeteria_500sqft/spear_export_r256/export_scene.blend/textures/floor_dark_tile_16_NORMAL.png (deflated 82%)
  adding: home/yashturkar/Workspace/infinigen/outputs/cafeteria_500sqft/spear_export_r256/export_scene.blend/textures/stacked_paper_cup_2_DIFFUSE.png (deflated 25%)
  adding: home/yashturkar/Workspace/infinigen/outputs/cafeteria_500sqft/spear_export_r256/export_scene.blend/textures/table_2_chair_0_leg_0_19_0_17_DIFFUSE.png (deflated 16%)
  adding: home/yashturkar/Workspace/infinigen/outputs/cafeteria_500sqft/spear_export_r256/export_scene.blend/textures/right_window_frame_1_bottom_NORMAL.png (deflated 82%)
  adding: home/yashturkar/Workspace/infinigen/outputs/cafeteria_500sqft/spear_export_r256/export_scene.blend/textures/table_3_round_table_base_NORMAL.png (deflated 82%)
  adding: home/yashturkar/Workspace/infinigen/outputs/cafeteria_500sqft/spear_export_r256/export_scene.blend/textures/table_1_chair_3_leg_-0_19_-0_17_METAL.png (deflated 18%)
  adding: home/yashturkar/Workspace/infinigen/outputs/cafeteria_500sqft/spear_export_r256/export_scene.blend/textures/table_1_green_tray_DIFFUSE.png (deflated 57%)
  adding: home/yashturkar/Workspace/infinigen/outputs/cafeteria_500sqft/spear_export_r256/export_scene.blend/textures/table_1_central_pedestal_NORMAL.png (deflated 82%)
  adding: home/yashturkar/Workspace/infinigen/outputs/cafeteria_500sqft/spear_export_r256/export_scene.blend/textures/table_3_chair_2_leg_0_19_-0_17_ROUGHNESS.png (deflated 18%)
  adding: home/yashturkar/Workspace/infinigen/outputs/cafeteria_500sqft/spear_export_r256/export_scene.blend/textures/table_2_chair_3_leg_-0_19_-0_17_METAL.png (deflated 18%)
  adding: home/yashturkar/Workspace/infinigen/outputs/cafeteria_500sqft/spear_export_r256/export_scene.blend/textures/right_window_frame_2_top_METAL.png (deflated 54%)
  adding: home/yashturkar/Workspace/infinigen/outputs/cafeteria_500sqft/spear_export_r256/export_scene.blend/textures/table_2_chair_1_leg_-0_19_-0_17_NORMAL.png (deflated 82%)
  adding: home/yashturkar/Workspace/infinigen/outputs/cafeteria_500sqft/spear_export_r256/export_scene.blend/textures/floor_dark_tile_10_DIFFUSE.png (deflated 83%)
  adding: home/yashturkar/Workspace/infinigen/outputs/cafeteria_500sqft/spear_export_r256/export_scene.blend/textures/back_entry_wall_DIFFUSE.png (deflated 63%)
  adding: home/yashturkar/Workspace/infinigen/outputs/cafeteria_500sqft/spear_export_r256/export_scene.blend/textures/long_walnut_service_counter_front_NORMAL.png (deflated 10%)
  adding: home/yashturkar/Workspace/infinigen/outputs/cafeteria_500sqft/spear_export_r256/export_scene.blend/textures/table_1_chair_3_back_DIFFUSE.png (deflated 55%)
  adding: home/yashturkar/Workspace/infinigen/outputs/cafeteria_500sqft/spear_export_r256/export_scene.blend/textures/table_0_chair_0_leg_0_19_0_17_NORMAL.png (deflated 82%)
  adding: home/yashturkar/Workspace/infinigen/outputs/cafeteria_500sqft/spear_export_r256/export_scene.blend/textures/right_window_wall_ROUGHNESS.png (deflated 67%)
  adding: home/yashturkar/Workspace/infinigen/outputs/cafeteria_500sqft/spear_export_r256/export_scene.blend/textures/table_3_central_pedestal_ROUGHNESS.png (deflated 14%)
  adding: home/yashturkar/Workspace/infinigen/outputs/cafeteria_500sqft/spear_export_r256/export_scene.blend/textures/table_1_chair_0_leg_0_19_-0_17_DIFFUSE.png (deflated 16%)
  adding: home/yashturkar/Workspace/infinigen/outputs/cafeteria_500sqft/spear_export_r256/export_scene.blend/textures/coffee_pot_glass_DIFFUSE.png (deflated 17%)
  adding: home/yashturkar/Workspace/infinigen/outputs/cafeteria_500sqft/spear_export_r256/export_scene.blend/textures/right_window_frame_0_bottom_NORMAL.png (deflated 82%)
  adding: home/yashturkar/Workspace/infinigen/outputs/cafeteria_500sqft/spear_export_r256/export_scene.blend/textures/table_2_chair_2_seat_ROUGHNESS.png (deflated 49%)
  adding: home/yashturkar/Workspace/infinigen/outputs/cafeteria_500sqft/spear_export_r256/export_scene.blend/textures/table_3_chair_3_leg_-0_19_0_17_DIFFUSE.png (deflated 16%)
  adding: home/yashturkar/Workspace/infinigen/outputs/cafeteria_500sqft/spear_export_r256/export_scene.blend/textures/table_0_chair_2_leg_-0_19_0_17_ROUGHNESS.png (deflated 18%)
  adding: home/yashturkar/Workspace/infinigen/outputs/cafeteria_500sqft/spear_export_r256/export_scene.blend/textures/table_2_chair_3_leg_-0_19_0_17_NORMAL.png (deflated 82%)
  adding: home/yashturkar/Workspace/infinigen/outputs/cafeteria_500sqft/spear_export_r256/export_scene.blend/textures/counter_tray_stack_0_3_DIFFUSE.png (deflated 55%)
  adding: home/yashturkar/Workspace/infinigen/outputs/cafeteria_500sqft/spear_export_r256/export_scene.blend/textures/table_3_chair_2_leg_-0_19_-0_17_METAL.png (deflated 18%)
  adding: home/yashturkar/Workspace/infinigen/outputs/cafeteria_500sqft/spear_export_r256/export_scene.blend/textures/table_1_chair_1_leg_-0_19_0_17_METAL.png (deflated 18%)
  adding: home/yashturkar/Workspace/infinigen/outputs/cafeteria_500sqft/spear_export_r256/export_scene.blend/textures/fridge_can_r0_c1_ROUGHNESS.png (deflated 24%)
  adding: home/yashturkar/Workspace/infinigen/outputs/cafeteria_500sqft/spear_export_r256/export_scene.blend/textures/floor_dark_tile_14_NORMAL.png (deflated 82%)
  adding: home/yashturkar/Workspace/infinigen/outputs/cafeteria_500sqft/spear_export_r256/export_scene.blend/textures/table_0_chair_0_leg_0_19_0_17_DIFFUSE.png (deflated 16%)
  adding: home/yashturkar/Workspace/infinigen/outputs/cafeteria_500sqft/spear_export_r256/export_scene.blend/textures/fridge_wire_shelf_2_METAL.png (deflated 67%)
  adding: home/yashturkar/Workspace/infinigen/outputs/cafeteria_500sqft/spear_export_r256/export_scene.blend/textures/ceiling_acoustic_panel_plane_ROUGHNESS.png (deflated 70%)
  adding: home/yashturkar/Workspace/infinigen/outputs/cafeteria_500sqft/spear_export_r256/export_scene.blend/textures/table_3_chair_2_leg_-0_19_-0_17_NORMAL.png (deflated 82%)
  adding: home/yashturkar/Workspace/infinigen/outputs/cafeteria_500sqft/spear_export_r256/export_scene.blend/textures/table_1_chair_0_seat_ROUGHNESS.png (deflated 49%)
  adding: home/yashturkar/Workspace/infinigen/outputs/cafeteria_500sqft/spear_export_r256/export_scene.blend/textures/left_painted_wall_DIFFUSE.png (deflated 66%)
  adding: home/yashturkar/Workspace/infinigen/outputs/cafeteria_500sqft/spear_export_r256/export_scene.blend/textures/table_2_chair_3_leg_0_19_-0_17_NORMAL.png (deflated 82%)
  adding: home/yashturkar/Workspace/infinigen/outputs/cafeteria_500sqft/spear_export_r256/export_scene.blend/textures/table_0_chair_1_leg_0_19_0_17_DIFFUSE.png (deflated 16%)
  adding: home/yashturkar/Workspace/infinigen/outputs/cafeteria_500sqft/spear_export_r256/export_scene.blend/textures/menu_chalk_line_3_NORMAL.png (deflated 82%)
  adding: home/yashturkar/Workspace/infinigen/outputs/cafeteria_500sqft/spear_export_r256/export_scene.blend/textures/floor_dark_tile_12_DIFFUSE.png (deflated 83%)
  adding: home/yashturkar/Workspace/infinigen/outputs/cafeteria_500sqft/spear_export_r256/export_scene.blend/textures/table_2_round_table_base_ROUGHNESS.png (deflated 8%)
  adding: home/yashturkar/Workspace/infinigen/outputs/cafeteria_500sqft/spear_export_r256/export_scene.blend/textures/table_0_sandwich_half_b_NORMAL.png (deflated 82%)
  adding: home/yashturkar/Workspace/infinigen/outputs/cafeteria_500sqft/spear_export_r256/export_scene.blend/textures/rectangular_led_panel_2_ROUGHNESS.png (deflated 62%)
  adding: home/yashturkar/Workspace/infinigen/outputs/cafeteria_500sqft/spear_export_r256/export_scene.blend/textures/table_3_chair_0_leg_0_19_0_17_NORMAL.png (deflated 82%)
  adding: home/yashturkar/Workspace/infinigen/outputs/cafeteria_500sqft/spear_export_r256/export_scene.blend/textures/table_3_chair_2_leg_0_19_-0_17_NORMAL.png (deflated 82%)
  adding: home/yashturkar/Workspace/infinigen/outputs/cafeteria_500sqft/spear_export_r256/export_scene.blend/textures/table_2_chair_1_leg_-0_19_0_17_DIFFUSE.png (deflated 16%)
  adding: home/yashturkar/Workspace/infinigen/outputs/cafeteria_500sqft/spear_export_r256/export_scene.blend/textures/fridge_can_r3_c0_METAL.png (deflated 26%)
  adding: home/yashturkar/Workspace/infinigen/outputs/cafeteria_500sqft/spear_export_r256/export_scene.blend/textures/table_2_chair_1_back_DIFFUSE.png (deflated 55%)
  adding: home/yashturkar/Workspace/infinigen/outputs/cafeteria_500sqft/spear_export_r256/export_scene.blend/textures/table_0_chair_2_back_ROUGHNESS.png (deflated 54%)
  adding: home/yashturkar/Workspace/infinigen/outputs/cafeteria_500sqft/spear_export_r256/export_scene.blend/textures/table_0_chair_1_leg_0_19_0_17_METAL.png (deflated 18%)
  adding: home/yashturkar/Workspace/infinigen/outputs/cafeteria_500sqft/spear_export_r256/export_scene.blend/textures/table_0_sandwich_half_a_NORMAL.png (deflated 82%)
  adding: home/yashturkar/Workspace/infinigen/outputs/cafeteria_500sqft/spear_export_r256/export_scene.blend/textures/rear_glass_entry_door_ROUGHNESS.png (deflated 85%)
  adding: home/yashturkar/Workspace/infinigen/outputs/cafeteria_500sqft/spear_export_r256/export_scene.blend/textures/fruit_bowl_piece_1_ROUGHNESS.png (deflated 5%)
  adding: home/yashturkar/Workspace/infinigen/outputs/cafeteria_500sqft/spear_export_r256/export_scene.blend/textures/table_1_chair_1_leg_-0_19_-0_17_ROUGHNESS.png (deflated 18%)
  adding: home/yashturkar/Workspace/infinigen/outputs/cafeteria_500sqft/spear_export_r256/export_scene.blend/textures/table_3_chair_3_leg_-0_19_0_17_NORMAL.png (deflated 82%)
  adding: home/yashturkar/Workspace/infinigen/outputs/cafeteria_500sqft/spear_export_r256/export_scene.blend/textures/table_3_chair_3_seat_NORMAL.png (deflated 2%)
  adding: home/yashturkar/Workspace/infinigen/outputs/cafeteria_500sqft/spear_export_r256/export_scene.blend/textures/right_window_frame_3_center_ROUGHNESS.png (deflated 60%)
  adding: home/yashturkar/Workspace/infinigen/outputs/cafeteria_500sqft/spear_export_r256/export_scene.blend/textures/counter_tray_stack_-0_85_NORMAL.png (deflated 82%)
  adding: home/yashturkar/Workspace/infinigen/outputs/cafeteria_500sqft/spear_export_r256/export_scene.blend/textures/table_2_chair_2_back_ROUGHNESS.png (deflated 54%)
  adding: home/yashturkar/Workspace/infinigen/outputs/cafeteria_500sqft/spear_export_r256/export_scene.blend/textures/right_wall_window_glass_3_TRANSMISSION.png (deflated 56%)
  adding: home/yashturkar/Workspace/infinigen/outputs/cafeteria_500sqft/spear_export_r256/export_scene.blend/textures/table_1_chair_0_leg_0_19_0_17_NORMAL.png (deflated 82%)
  adding: home/yashturkar/Workspace/infinigen/outputs/cafeteria_500sqft/spear_export_r256/export_scene.blend/textures/table_1_chair_3_leg_0_19_-0_17_NORMAL.png (deflated 82%)
  adding: home/yashturkar/Workspace/infinigen/outputs/cafeteria_500sqft/spear_export_r256/export_scene.blend/textures/table_0_chair_0_leg_0_19_-0_17_DIFFUSE.png (deflated 16%)
  adding: home/yashturkar/Workspace/infinigen/outputs/cafeteria_500sqft/spear_export_r256/export_scene.blend/textures/fridge_can_r1_c0_ROUGHNESS.png (deflated 24%)
  adding: home/yashturkar/Workspace/infinigen/outputs/cafeteria_500sqft/spear_export_r256/export_scene.blend/textures/table_3_chair_3_back_NORMAL.png (deflated 1%)
  adding: home/yashturkar/Workspace/infinigen/outputs/cafeteria_500sqft/spear_export_r256/export_scene.blend/textures/fridge_wire_shelf_1_DIFFUSE.png (deflated 61%)
  adding: home/yashturkar/Workspace/infinigen/outputs/cafeteria_500sqft/spear_export_r256/export_scene.blend/textures/table_1_chair_1_leg_0_19_0_17_ROUGHNESS.png (deflated 18%)
  adding: home/yashturkar/Workspace/infinigen/outputs/cafeteria_500sqft/spear_export_r256/export_scene.blend/textures/table_3_chair_1_leg_-0_19_-0_17_METAL.png (deflated 18%)
  adding: home/yashturkar/Workspace/infinigen/outputs/cafeteria_500sqft/spear_export_r256/export_scene.blend/textures/table_1_chair_1_leg_0_19_-0_17_ROUGHNESS.png (deflated 18%)
  adding: home/yashturkar/Workspace/infinigen/outputs/cafeteria_500sqft/spear_export_r256/export_scene.blend/textures/table_2_chair_0_leg_-0_19_0_17_ROUGHNESS.png (deflated 18%)
  adding: home/yashturkar/Workspace/infinigen/outputs/cafeteria_500sqft/spear_export_r256/export_scene.blend/textures/table_0_chair_2_back_DIFFUSE.png (deflated 54%)
  adding: home/yashturkar/Workspace/infinigen/outputs/cafeteria_500sqft/spear_export_r256/export_scene.blend/textures/table_1_chair_0_leg_-0_19_0_17_ROUGHNESS.png (deflated 18%)
  adding: home/yashturkar/Workspace/infinigen/outputs/cafeteria_500sqft/spear_export_r256/export_scene.blend/textures/table_2_chair_3_leg_-0_19_0_17_METAL.png (deflated 18%)
  adding: home/yashturkar/Workspace/infinigen/outputs/cafeteria_500sqft/spear_export_r256/export_scene.blend/textures/fridge_can_r2_c2_METAL.png (deflated 26%)
  adding: home/yashturkar/Workspace/infinigen/outputs/cafeteria_500sqft/spear_export_r256/export_scene.blend/textures/drink_refrigerator_glass_door_NORMAL.png (deflated 82%)
  adding: home/yashturkar/Workspace/infinigen/outputs/cafeteria_500sqft/spear_export_r256/export_scene.blend/textures/table_3_chair_3_leg_0_19_-0_17_METAL.png (deflated 18%)
  adding: home/yashturkar/Workspace/infinigen/outputs/cafeteria_500sqft/spear_export_r256/export_scene.blend/textures/fruit_bowl_piece_0_DIFFUSE.png (deflated 4%)
  adding: home/yashturkar/Workspace/infinigen/outputs/cafeteria_500sqft/spear_export_r256/export_scene.blend/textures/table_0_chair_3_back_DIFFUSE.png (deflated 55%)
  adding: home/yashturkar/Workspace/infinigen/outputs/cafeteria_500sqft/spear_export_r256/export_scene.blend/textures/notice_board_flyer_2_ROUGHNESS.png (deflated 54%)
  adding: home/yashturkar/Workspace/infinigen/outputs/cafeteria_500sqft/spear_export_r256/export_scene.blend/textures/drink_refrigerator_body_NORMAL.png (deflated 3%)
  adding: home/yashturkar/Workspace/infinigen/outputs/cafeteria_500sqft/spear_export_r256/export_scene.blend/textures/menu_chalk_line_1_NORMAL.png (deflated 82%)
  adding: home/yashturkar/Workspace/infinigen/outputs/cafeteria_500sqft/spear_export_r256/export_scene.blend/textures/fridge_can_r3_c2_DIFFUSE.png (deflated 26%)
  adding: home/yashturkar/Workspace/infinigen/outputs/cafeteria_500sqft/spear_export_r256/export_scene.blend/textures/right_window_frame_3_bottom_DIFFUSE.png (deflated 60%)
  adding: home/yashturkar/Workspace/infinigen/outputs/cafeteria_500sqft/spear_export_r256/export_scene.blend/textures/table_0_chair_3_leg_-0_19_0_17_NORMAL.png (deflated 82%)
  adding: home/yashturkar/Workspace/infinigen/outputs/cafeteria_500sqft/spear_export_r256/export_scene.blend/textures/menu_chalk_line_1_ROUGHNESS.png (deflated 57%)
  adding: home/yashturkar/Workspace/infinigen/outputs/cafeteria_500sqft/spear_export_r256/export_scene.blend/textures/rectangular_led_panel_1_ROUGHNESS.png (deflated 62%)
  adding: home/yashturkar/Workspace/infinigen/outputs/cafeteria_500sqft/spear_export_r256/export_scene.blend/textures/table_2_round_table_base_METAL.png (deflated 10%)
  adding: home/yashturkar/Workspace/infinigen/outputs/cafeteria_500sqft/spear_export_r256/export_scene.blend/textures/table_0_round_table_base_NORMAL.png (deflated 82%)
  adding: home/yashturkar/Workspace/infinigen/outputs/cafeteria_500sqft/spear_export_r256/export_scene.blend/textures/table_1_chair_3_leg_-0_19_0_17_DIFFUSE.png (deflated 16%)
  adding: home/yashturkar/Workspace/infinigen/outputs/cafeteria_500sqft/spear_export_r256/export_scene.blend/textures/table_2_chair_1_leg_0_19_0_17_ROUGHNESS.png (deflated 18%)
  adding: home/yashturkar/Workspace/infinigen/outputs/cafeteria_500sqft/spear_export_r256/export_scene.blend/textures/floor_dark_tile_22_DIFFUSE.png (deflated 83%)
  adding: home/yashturkar/Workspace/infinigen/outputs/cafeteria_500sqft/spear_export_r256/export_scene.blend/textures/floor_dark_tile_26_NORMAL.png (deflated 82%)
  adding: home/yashturkar/Workspace/infinigen/outputs/cafeteria_500sqft/spear_export_r256/export_scene.blend/textures/right_wall_window_glass_1_TRANSMISSION.png (deflated 56%)
  adding: home/yashturkar/Workspace/infinigen/outputs/cafeteria_500sqft/spear_export_r256/export_scene.blend/textures/table_3_chair_2_leg_0_19_0_17_METAL.png (deflated 18%)
  adding: home/yashturkar/Workspace/infinigen/outputs/cafeteria_500sqft/spear_export_r256/export_scene.blend/textures/table_3_chair_1_leg_-0_19_0_17_METAL.png (deflated 18%)
  adding: home/yashturkar/Workspace/infinigen/outputs/cafeteria_500sqft/spear_export_r256/export_scene.blend/textures/table_1_chair_2_back_NORMAL.png (deflated 1%)
  adding: home/yashturkar/Workspace/infinigen/outputs/cafeteria_500sqft/spear_export_r256/export_scene.blend/textures/rectangular_led_panel_3_ROUGHNESS.png (deflated 62%)
  adding: home/yashturkar/Workspace/infinigen/outputs/cafeteria_500sqft/spear_export_r256/export_scene.blend/textures/table_1_central_pedestal_METAL.png (deflated 12%)
  adding: home/yashturkar/Workspace/infinigen/outputs/cafeteria_500sqft/spear_export_r256/export_scene.blend/textures/floor_dark_tile_2_NORMAL.png (deflated 82%)
  adding: home/yashturkar/Workspace/infinigen/outputs/cafeteria_500sqft/spear_export_r256/export_scene.blend/textures/table_3_chair_2_back_NORMAL.png (deflated 1%)
  adding: home/yashturkar/Workspace/infinigen/outputs/cafeteria_500sqft/spear_export_r256/export_scene.blend/textures/stacked_paper_cup_3_NORMAL.png (deflated 82%)
  adding: home/yashturkar/Workspace/infinigen/outputs/cafeteria_500sqft/spear_export_r256/export_scene.blend/textures/table_3_chair_1_leg_-0_19_0_17_DIFFUSE.png (deflated 16%)
  adding: home/yashturkar/Workspace/infinigen/outputs/cafeteria_500sqft/spear_export_r256/export_scene.blend/textures/stacked_paper_cup_3_ROUGHNESS.png (deflated 26%)
  adding: home/yashturkar/Workspace/infinigen/outputs/cafeteria_500sqft/spear_export_r256/export_scene.blend/textures/right_window_frame_2_top_ROUGHNESS.png (deflated 54%)
  adding: home/yashturkar/Workspace/infinigen/outputs/cafeteria_500sqft/spear_export_r256/export_scene.blend/textures/table_1_paper_cup_ROUGHNESS.png (deflated 21%)
  adding: home/yashturkar/Workspace/infinigen/outputs/cafeteria_500sqft/spear_export_r256/export_scene.blend/textures/table_1_square_tabletop_ROUGHNESS.png (deflated 41%)
  adding: home/yashturkar/Workspace/infinigen/outputs/cafeteria_500sqft/spear_export_r256/export_scene.blend/textures/right_wall_window_glass_1_NORMAL.png (deflated 82%)
  adding: home/yashturkar/Workspace/infinigen/outputs/cafeteria_500sqft/spear_export_r256/export_scene.blend/textures/table_0_paper_cup_ROUGHNESS.png (deflated 21%)
  adding: home/yashturkar/Workspace/infinigen/outputs/cafeteria_500sqft/spear_export_r256/export_scene.blend/textures/table_3_chair_1_leg_0_19_0_17_METAL.png (deflated 18%)
  adding: home/yashturkar/Workspace/infinigen/outputs/cafeteria_500sqft/spear_export_r256/export_scene.blend/textures/table_2_chair_0_leg_-0_19_-0_17_ROUGHNESS.png (deflated 18%)
  adding: home/yashturkar/Workspace/infinigen/outputs/cafeteria_500sqft/spear_export_r256/export_scene.blend/textures/table_3_chair_2_leg_0_19_-0_17_METAL.png (deflated 18%)
  adding: home/yashturkar/Workspace/infinigen/outputs/cafeteria_500sqft/spear_export_r256/export_scene.blend/textures/table_3_chair_3_leg_-0_19_-0_17_NORMAL.png (deflated 82%)
  adding: home/yashturkar/Workspace/infinigen/outputs/cafeteria_500sqft/spear_export_r256/export_scene.blend/textures/table_1_chair_2_leg_0_19_-0_17_DIFFUSE.png (deflated 16%)
  adding: home/yashturkar/Workspace/infinigen/outputs/cafeteria_500sqft/spear_export_r256/export_scene.blend/textures/table_2_round_table_base_NORMAL.png (deflated 82%)
  adding: home/yashturkar/Workspace/infinigen/outputs/cafeteria_500sqft/spear_export_r256/export_scene.blend/textures/table_3_chair_0_leg_0_19_-0_17_NORMAL.png (deflated 82%)
  adding: home/yashturkar/Workspace/infinigen/outputs/cafeteria_500sqft/spear_export_r256/export_scene.blend/textures/front_service_wall_teal_DIFFUSE.png (deflated 61%)
  adding: home/yashturkar/Workspace/infinigen/outputs/cafeteria_500sqft/spear_export_r256/export_scene.blend/textures/floor_quarry_tile_slab_NORMAL.png (deflated 14%)
  adding: home/yashturkar/Workspace/infinigen/outputs/cafeteria_500sqft/spear_export_r256/export_scene.blend/textures/fridge_can_r2_c2_ROUGHNESS.png (deflated 24%)
  adding: home/yashturkar/Workspace/infinigen/outputs/cafeteria_500sqft/spear_export_r256/export_scene.blend/textures/floor_dark_tile_24_NORMAL.png (deflated 82%)
  adding: home/yashturkar/Workspace/infinigen/outputs/cafeteria_500sqft/spear_export_r256/export_scene.blend/textures/trash_can_metal_lid_ROUGHNESS.png (deflated 21%)
  adding: home/yashturkar/Workspace/infinigen/outputs/cafeteria_500sqft/spear_export_r256/export_scene.blend/textures/table_0_chair_0_leg_0_19_-0_17_METAL.png (deflated 18%)
  adding: home/yashturkar/Workspace/infinigen/outputs/cafeteria_500sqft/spear_export_r256/export_scene.blend/textures/menu_board_left_DIFFUSE.png (deflated 71%)
  adding: home/yashturkar/Workspace/infinigen/outputs/cafeteria_500sqft/spear_export_r256/export_scene.blend/textures/table_3_chair_0_leg_0_19_0_17_ROUGHNESS.png (deflated 18%)
  adding: home/yashturkar/Workspace/infinigen/outputs/cafeteria_500sqft/spear_export_r256/export_scene.blend/textures/counter_tray_stack_-0_85_ROUGHNESS.png (deflated 61%)
  adding: home/yashturkar/Workspace/infinigen/outputs/cafeteria_500sqft/spear_export_r256/export_scene.blend/textures/left_painted_wall_ROUGHNESS.png (deflated 67%)
  adding: home/yashturkar/Workspace/infinigen/outputs/cafeteria_500sqft/spear_export_r256/export_scene.blend/textures/table_2_central_pedestal_NORMAL.png (deflated 82%)
  adding: home/yashturkar/Workspace/infinigen/outputs/cafeteria_500sqft/spear_export_r256/export_scene.blend/textures/table_0_square_tabletop_DIFFUSE.png (deflated 42%)
  adding: home/yashturkar/Workspace/infinigen/outputs/cafeteria_500sqft/spear_export_r256/export_scene.blend/textures/table_1_chair_0_leg_0_19_-0_17_METAL.png (deflated 18%)
  adding: home/yashturkar/Workspace/infinigen/outputs/cafeteria_500sqft/spear_export_r256/export_scene.blend/textures/floor_dark_tile_6_ROUGHNESS.png (deflated 83%)
  adding: home/yashturkar/Workspace/infinigen/outputs/cafeteria_500sqft/spear_export_r256/export_scene.blend/textures/table_3_chair_1_seat_NORMAL.png (deflated 2%)
  adding: home/yashturkar/Workspace/infinigen/outputs/cafeteria_500sqft/spear_export_r256/export_scene.blend/textures/table_3_chair_0_leg_-0_19_0_17_METAL.png (deflated 18%)
  adding: home/yashturkar/Workspace/infinigen/outputs/cafeteria_500sqft/spear_export_r256/export_scene.blend/textures/coffee_machine_black_body_NORMAL.png (deflated 3%)
  adding: home/yashturkar/Workspace/infinigen/outputs/cafeteria_500sqft/spear_export_r256/export_scene.blend/textures/right_wall_window_glass_3_ROUGHNESS.png (deflated 85%)
  adding: home/yashturkar/Workspace/infinigen/outputs/cafeteria_500sqft/spear_export_r256/export_scene.blend/textures/table_2_central_pedestal_ROUGHNESS.png (deflated 14%)
  adding: home/yashturkar/Workspace/infinigen/outputs/cafeteria_500sqft/spear_export_r256/export_scene.blend/textures/table_0_sandwich_plate_ROUGHNESS.png (deflated 57%)
  adding: home/yashturkar/Workspace/infinigen/outputs/cafeteria_500sqft/spear_export_r256/export_scene.blend/textures/right_window_frame_1_top_NORMAL.png (deflated 82%)
  adding: home/yashturkar/Workspace/infinigen/outputs/cafeteria_500sqft/spear_export_r256/export_scene.blend/textures/right_wall_window_glass_3_DIFFUSE.png (deflated 85%)
  adding: home/yashturkar/Workspace/infinigen/outputs/cafeteria_500sqft/spear_export_r256/export_scene.blend/textures/right_window_wall_DIFFUSE.png (deflated 66%)
  adding: home/yashturkar/Workspace/infinigen/outputs/cafeteria_500sqft/spear_export_r256/export_scene.blend/textures/table_3_chair_1_leg_0_19_-0_17_NORMAL.png (deflated 82%)
  adding: home/yashturkar/Workspace/infinigen/outputs/cafeteria_500sqft/spear_export_r256/export_scene.blend/textures/floor_dark_tile_6_DIFFUSE.png (deflated 83%)
  adding: home/yashturkar/Workspace/infinigen/outputs/cafeteria_500sqft/spear_export_r256/export_scene.blend/textures/table_2_chair_1_leg_0_19_0_17_DIFFUSE.png (deflated 16%)
  adding: home/yashturkar/Workspace/infinigen/outputs/cafeteria_500sqft/spear_export_r256/export_scene.blend/textures/table_3_sandwich_half_a_DIFFUSE.png (deflated 50%)
  adding: home/yashturkar/Workspace/infinigen/outputs/cafeteria_500sqft/spear_export_r256/export_scene.blend/textures/table_0_chair_2_leg_0_19_-0_17_METAL.png (deflated 18%)
  adding: home/yashturkar/Workspace/infinigen/outputs/cafeteria_500sqft/spear_export_r256/export_scene.blend/textures/table_2_chair_2_leg_0_19_-0_17_METAL.png (deflated 18%)
  adding: home/yashturkar/Workspace/infinigen/outputs/cafeteria_500sqft/spear_export_r256/export_scene.blend/textures/right_wall_window_glass_0_DIFFUSE.png (deflated 85%)
  adding: home/yashturkar/Workspace/infinigen/outputs/cafeteria_500sqft/spear_export_r256/export_scene.blend/textures/table_2_chair_1_leg_0_19_-0_17_DIFFUSE.png (deflated 16%)
  adding: home/yashturkar/Workspace/infinigen/outputs/cafeteria_500sqft/spear_export_r256/export_scene.blend/textures/right_wall_window_glass_2_NORMAL.png (deflated 82%)
  adding: home/yashturkar/Workspace/infinigen/outputs/cafeteria_500sqft/spear_export_r256/export_scene.blend/textures/fridge_can_r0_c1_METAL.png (deflated 26%)
  adding: home/yashturkar/Workspace/infinigen/outputs/cafeteria_500sqft/spear_export_r256/export_scene.blend/textures/table_2_chair_2_leg_-0_19_0_17_METAL.png (deflated 18%)
  adding: home/yashturkar/Workspace/infinigen/outputs/cafeteria_500sqft/spear_export_r256/export_scene.blend/textures/table_1_chair_2_leg_0_19_-0_17_METAL.png (deflated 18%)
  adding: home/yashturkar/Workspace/infinigen/outputs/cafeteria_500sqft/spear_export_r256/export_scene.blend/textures/table_1_chair_0_back_NORMAL.png (deflated 1%)
  adding: home/yashturkar/Workspace/infinigen/outputs/cafeteria_500sqft/spear_export_r256/export_scene.blend/textures/table_3_chair_2_leg_0_19_0_17_NORMAL.png (deflated 82%)
  adding: home/yashturkar/Workspace/infinigen/outputs/cafeteria_500sqft/spear_export_r256/export_scene.blend/textures/table_2_chair_3_leg_0_19_-0_17_DIFFUSE.png (deflated 16%)
  adding: home/yashturkar/Workspace/infinigen/outputs/cafeteria_500sqft/spear_export_r256/export_scene.blend/textures/table_0_chair_1_leg_0_19_0_17_ROUGHNESS.png (deflated 18%)
  adding: home/yashturkar/Workspace/infinigen/outputs/cafeteria_500sqft/spear_export_r256/export_scene.blend/textures/right_wall_window_glass_1_DIFFUSE.png (deflated 85%)
  adding: home/yashturkar/Workspace/infinigen/outputs/cafeteria_500sqft/spear_export_r256/export_scene.blend/textures/table_1_paper_cup_NORMAL.png (deflated 82%)
  adding: home/yashturkar/Workspace/infinigen/outputs/cafeteria_500sqft/spear_export_r256/export_scene.blend/textures/floor_dark_tile_2_DIFFUSE.png (deflated 83%)
  adding: home/yashturkar/Workspace/infinigen/outputs/cafeteria_500sqft/spear_export_r256/export_scene.blend/textures/table_1_chair_1_leg_0_19_-0_17_METAL.png (deflated 18%)
  adding: home/yashturkar/Workspace/infinigen/outputs/cafeteria_500sqft/spear_export_r256/export_scene.blend/textures/table_0_chair_1_seat_ROUGHNESS.png (deflated 44%)
  adding: home/yashturkar/Workspace/infinigen/outputs/cafeteria_500sqft/spear_export_r256/export_scene.blend/textures/fridge_can_r3_c0_NORMAL.png (deflated 82%)
  adding: home/yashturkar/Workspace/infinigen/outputs/cafeteria_500sqft/spear_export_r256/export_scene.blend/textures/notice_board_flyer_1_DIFFUSE.png (deflated 54%)
  adding: home/yashturkar/Workspace/infinigen/outputs/cafeteria_500sqft/spear_export_r256/export_scene.blend/textures/table_1_square_tabletop_DIFFUSE.png (deflated 42%)
  adding: home/yashturkar/Workspace/infinigen/outputs/cafeteria_500sqft/spear_export_r256/export_scene.blend/textures/table_2_chair_0_leg_0_19_0_17_METAL.png (deflated 18%)
  adding: home/yashturkar/Workspace/infinigen/outputs/cafeteria_500sqft/spear_export_r256/export_scene.blend/textures/fridge_can_r0_c0_DIFFUSE.png (deflated 21%)
  adding: home/yashturkar/Workspace/infinigen/outputs/cafeteria_500sqft/spear_export_r256/export_scene.blend/textures/table_0_chair_0_leg_-0_19_-0_17_METAL.png (deflated 18%)
  adding: home/yashturkar/Workspace/infinigen/outputs/cafeteria_500sqft/spear_export_r256/export_scene.blend/textures/floor_dark_tile_0_NORMAL.png (deflated 82%)
  adding: home/yashturkar/Workspace/infinigen/outputs/cafeteria_500sqft/spear_export_r256/export_scene.blend/textures/table_1_chair_2_leg_0_19_0_17_NORMAL.png (deflated 82%)
  adding: home/yashturkar/Workspace/infinigen/outputs/cafeteria_500sqft/spear_export_r256/export_scene.blend/textures/table_3_chair_2_leg_-0_19_-0_17_DIFFUSE.png (deflated 16%)
  adding: home/yashturkar/Workspace/infinigen/outputs/cafeteria_500sqft/spear_export_r256/export_scene.blend/textures/floor_dark_tile_16_DIFFUSE.png (deflated 83%)
  adding: home/yashturkar/Workspace/infinigen/outputs/cafeteria_500sqft/spear_export_r256/export_scene.blend/textures/fruit_bowl_piece_1_DIFFUSE.png (deflated 3%)
  adding: home/yashturkar/Workspace/infinigen/outputs/cafeteria_500sqft/spear_export_r256/export_scene.blend/textures/fridge_can_r3_c2_METAL.png (deflated 26%)
  adding: home/yashturkar/Workspace/infinigen/outputs/cafeteria_500sqft/spear_export_r256/export_scene.blend/textures/fridge_can_r3_c0_ROUGHNESS.png (deflated 24%)
  adding: home/yashturkar/Workspace/infinigen/outputs/cafeteria_500sqft/spear_export_r256/export_scene.blend/textures/table_0_sandwich_half_b_DIFFUSE.png (deflated 50%)
  adding: home/yashturkar/Workspace/infinigen/outputs/cafeteria_500sqft/spear_export_r256/export_scene.blend/textures/table_0_chair_2_seat_DIFFUSE.png (deflated 44%)
  adding: home/yashturkar/Workspace/infinigen/outputs/cafeteria_500sqft/spear_export_r256/export_scene.blend/textures/right_window_wall_NORMAL.png (deflated 3%)
  adding: home/yashturkar/Workspace/infinigen/outputs/cafeteria_500sqft/spear_export_r256/export_scene.blend/textures/coffee_machine_metal_face_METAL.png (deflated 64%)
  adding: home/yashturkar/Workspace/infinigen/outputs/cafeteria_500sqft/spear_export_r256/export_scene.blend/textures/table_1_chair_1_seat_ROUGHNESS.png (deflated 44%)
  adding: home/yashturkar/Workspace/infinigen/outputs/cafeteria_500sqft/spear_export_r256/export_scene.blend/textures/fruit_bowl_piece_2_DIFFUSE.png (deflated 4%)
  adding: home/yashturkar/Workspace/infinigen/outputs/cafeteria_500sqft/spear_export_r256/export_scene.blend/textures/table_2_chair_0_leg_-0_19_-0_17_METAL.png (deflated 18%)
  adding: home/yashturkar/Workspace/infinigen/outputs/cafeteria_500sqft/spear_export_r256/export_scene.blend/textures/table_2_chair_0_seat_NORMAL.png (deflated 2%)
  adding: home/yashturkar/Workspace/infinigen/outputs/cafeteria_500sqft/spear_export_r256/export_scene.blend/textures/stainless_sneeze_guard_glass_DIFFUSE.png (deflated 85%)
  adding: home/yashturkar/Workspace/infinigen/outputs/cafeteria_500sqft/spear_export_r256/export_scene.blend/textures/fruit_bowl_piece_2_ROUGHNESS.png (deflated 4%)
  adding: home/yashturkar/Workspace/infinigen/outputs/cafeteria_500sqft/spear_export_r256/export_scene.blend/textures/drink_refrigerator_body_ROUGHNESS.png (deflated 57%)
  adding: home/yashturkar/Workspace/infinigen/outputs/cafeteria_500sqft/spear_export_r256/export_scene.blend/textures/fridge_can_r0_c1_NORMAL.png (deflated 82%)
  adding: home/yashturkar/Workspace/infinigen/outputs/cafeteria_500sqft/spear_export_r256/export_scene.blend/textures/table_3_chair_0_leg_-0_19_-0_17_DIFFUSE.png (deflated 16%)
  adding: home/yashturkar/Workspace/infinigen/outputs/cafeteria_500sqft/spear_export_r256/export_scene.blend/textures/table_3_sandwich_plate_DIFFUSE.png (deflated 58%)
  adding: home/yashturkar/Workspace/infinigen/outputs/cafeteria_500sqft/spear_export_r256/export_scene.blend/textures/table_3_square_tabletop_ROUGHNESS.png (deflated 41%)
  adding: home/yashturkar/Workspace/infinigen/outputs/cafeteria_500sqft/spear_export_r256/export_scene.blend/textures/table_2_chair_2_leg_-0_19_-0_17_METAL.png (deflated 18%)
  adding: home/yashturkar/Workspace/infinigen/outputs/cafeteria_500sqft/spear_export_r256/export_scene.blend/textures/table_1_chair_3_leg_-0_19_-0_17_NORMAL.png (deflated 82%)
  adding: home/yashturkar/Workspace/infinigen/outputs/cafeteria_500sqft/spear_export_r256/export_scene.blend/textures/round_black_trash_can_ROUGHNESS.png (deflated 18%)
  adding: home/yashturkar/Workspace/infinigen/outputs/cafeteria_500sqft/spear_export_r256/export_scene.blend/textures/table_1_chair_2_seat_ROUGHNESS.png (deflated 44%)
  adding: home/yashturkar/Workspace/infinigen/outputs/cafeteria_500sqft/spear_export_r256/export_scene.blend/textures/table_3_paper_cup_NORMAL.png (deflated 82%)
  adding: home/yashturkar/Workspace/infinigen/outputs/cafeteria_500sqft/spear_export_r256/export_scene.blend/textures/long_walnut_service_counter_front_DIFFUSE.png (deflated 59%)
  adding: home/yashturkar/Workspace/infinigen/outputs/cafeteria_500sqft/spear_export_r256/export_scene.blend/textures/table_3_chair_1_seat_DIFFUSE.png (deflated 45%)
  adding: home/yashturkar/Workspace/infinigen/outputs/cafeteria_500sqft/spear_export_r256/export_scene.blend/textures/floor_quarry_tile_slab_ROUGHNESS.png (deflated 70%)
  adding: home/yashturkar/Workspace/infinigen/outputs/cafeteria_500sqft/spear_export_r256/export_scene.blend/textures/menu_board_right_ROUGHNESS.png (deflated 72%)
  adding: home/yashturkar/Workspace/infinigen/outputs/cafeteria_500sqft/spear_export_r256/export_scene.blend/textures/right_window_frame_1_center_ROUGHNESS.png (deflated 60%)
  adding: home/yashturkar/Workspace/infinigen/outputs/cafeteria_500sqft/spear_export_r256/export_scene.blend/textures/fridge_can_r1_c1_DIFFUSE.png (deflated 21%)
  adding: home/yashturkar/Workspace/infinigen/outputs/cafeteria_500sqft/spear_export_r256/export_scene.blend/textures/table_2_chair_2_leg_-0_19_-0_17_NORMAL.png (deflated 82%)
  adding: home/yashturkar/Workspace/infinigen/outputs/cafeteria_500sqft/spear_export_r256/export_scene.blend/textures/floor_dark_tile_20_NORMAL.png (deflated 82%)
  adding: home/yashturkar/Workspace/infinigen/outputs/cafeteria_500sqft/spear_export_r256/export_scene.blend/textures/fridge_wire_shelf_3_ROUGHNESS.png (deflated 64%)
  adding: home/yashturkar/Workspace/infinigen/outputs/cafeteria_500sqft/spear_export_r256/export_scene.blend/textures/table_0_chair_3_leg_0_19_-0_17_NORMAL.png (deflated 82%)
  adding: home/yashturkar/Workspace/infinigen/outputs/cafeteria_500sqft/spear_export_r256/export_scene.blend/textures/floor_dark_tile_18_DIFFUSE.png (deflated 83%)
  adding: home/yashturkar/Workspace/infinigen/outputs/cafeteria_500sqft/spear_export_r256/export_scene.blend/textures/table_2_chair_3_leg_0_19_0_17_DIFFUSE.png (deflated 16%)
  adding: home/yashturkar/Workspace/infinigen/outputs/cafeteria_500sqft/spear_export_r256/export_scene.blend/textures/menu_chalk_line_4_NORMAL.png (deflated 82%)
  adding: home/yashturkar/Workspace/infinigen/outputs/cafeteria_500sqft/spear_export_r256/export_scene.blend/textures/table_1_chair_1_leg_0_19_0_17_NORMAL.png (deflated 82%)
  adding: home/yashturkar/Workspace/infinigen/outputs/cafeteria_500sqft/spear_export_r256/export_scene.blend/textures/rectangular_led_panel_1_DIFFUSE.png (deflated 68%)
  adding: home/yashturkar/Workspace/infinigen/outputs/cafeteria_500sqft/spear_export_r256/export_scene.blend/textures/table_2_chair_3_seat_ROUGHNESS.png (deflated 44%)
  adding: home/yashturkar/Workspace/infinigen/outputs/cafeteria_500sqft/spear_export_r256/export_scene.blend/textures/floor_dark_tile_14_ROUGHNESS.png (deflated 83%)
  adding: home/yashturkar/Workspace/infinigen/outputs/cafeteria_500sqft/spear_export_r256/export_scene.blend/textures/table_1_chair_2_leg_-0_19_-0_17_ROUGHNESS.png (deflated 18%)
  adding: home/yashturkar/Workspace/infinigen/outputs/cafeteria_500sqft/spear_export_r256/export_scene.blend/textures/table_1_chair_1_leg_0_19_-0_17_DIFFUSE.png (deflated 16%)
  adding: home/yashturkar/Workspace/infinigen/outputs/cafeteria_500sqft/spear_export_r256/export_scene.blend/textures/counter_tray_stack_-2_0_NORMAL.png (deflated 82%)
  adding: home/yashturkar/Workspace/infinigen/outputs/cafeteria_500sqft/spear_export_r256/export_scene.blend/textures/floor_dark_tile_16_ROUGHNESS.png (deflated 83%)
  adding: home/yashturkar/Workspace/infinigen/outputs/cafeteria_500sqft/spear_export_r256/export_scene.blend/textures/rear_glass_entry_door_TRANSMISSION.png (deflated 83%)
  adding: home/yashturkar/Workspace/infinigen/outputs/cafeteria_500sqft/spear_export_r256/export_scene.blend/textures/table_1_chair_3_leg_0_19_0_17_ROUGHNESS.png (deflated 18%)
  adding: home/yashturkar/Workspace/infinigen/outputs/cafeteria_500sqft/spear_export_r256/export_scene.blend/textures/table_2_chair_0_seat_DIFFUSE.png (deflated 45%)
  adding: home/yashturkar/Workspace/infinigen/outputs/cafeteria_500sqft/spear_export_r256/export_scene.blend/textures/drink_refrigerator_glass_door_DIFFUSE.png (deflated 85%)
  adding: home/yashturkar/Workspace/infinigen/outputs/cafeteria_500sqft/spear_export_r256/export_scene.blend/textures/table_2_chair_1_leg_-0_19_0_17_ROUGHNESS.png (deflated 18%)
  adding: home/yashturkar/Workspace/infinigen/outputs/cafeteria_500sqft/spear_export_r256/export_scene.blend/textures/fridge_can_r2_c2_DIFFUSE.png (deflated 21%)
  adding: home/yashturkar/Workspace/infinigen/outputs/cafeteria_500sqft/spear_export_r256/export_scene.blend/textures/stacked_paper_cup_1_DIFFUSE.png (deflated 25%)
  adding: home/yashturkar/Workspace/infinigen/outputs/cafeteria_500sqft/spear_export_r256/export_scene.blend/textures/menu_chalk_line_3_ROUGHNESS.png (deflated 57%)
  adding: home/yashturkar/Workspace/infinigen/outputs/cafeteria_500sqft/spear_export_r256/export_scene.blend/textures/table_0_green_tray_NORMAL.png (deflated 82%)
  adding: home/yashturkar/Workspace/infinigen/outputs/cafeteria_500sqft/spear_export_r256/export_scene.blend/textures/table_2_chair_2_leg_0_19_0_17_ROUGHNESS.png (deflated 18%)
  adding: home/yashturkar/Workspace/infinigen/outputs/cafeteria_500sqft/spear_export_r256/export_scene.blend/textures/table_0_sandwich_plate_DIFFUSE.png (deflated 58%)
  adding: home/yashturkar/Workspace/infinigen/outputs/cafeteria_500sqft/spear_export_r256/export_scene.blend/textures/table_0_chair_3_leg_0_19_0_17_METAL.png (deflated 18%)
  adding: home/yashturkar/Workspace/infinigen/outputs/cafeteria_500sqft/spear_export_r256/export_scene.blend/textures/table_0_chair_2_leg_-0_19_-0_17_NORMAL.png (deflated 82%)
  adding: home/yashturkar/Workspace/infinigen/outputs/cafeteria_500sqft/spear_export_r256/export_scene.blend/textures/table_1_chair_2_leg_-0_19_0_17_DIFFUSE.png (deflated 16%)
  adding: home/yashturkar/Workspace/infinigen/outputs/cafeteria_500sqft/spear_export_r256/export_scene.blend/textures/table_1_chair_0_back_ROUGHNESS.png (deflated 54%)
  adding: home/yashturkar/Workspace/infinigen/outputs/cafeteria_500sqft/spear_export_r256/export_scene.blend/textures/table_1_chair_1_leg_-0_19_-0_17_METAL.png (deflated 18%)
  adding: home/yashturkar/Workspace/infinigen/outputs/cafeteria_500sqft/spear_export_r256/export_scene.blend/textures/napkin_dispenser_metal_METAL.png (deflated 29%)
  adding: home/yashturkar/Workspace/infinigen/outputs/cafeteria_500sqft/spear_export_r256/export_scene.blend/textures/fridge_can_r1_c2_DIFFUSE.png (deflated 26%)
  adding: home/yashturkar/Workspace/infinigen/outputs/cafeteria_500sqft/spear_export_r256/export_scene.blend/textures/table_3_chair_1_leg_0_19_0_17_NORMAL.png (deflated 82%)
  adding: home/yashturkar/Workspace/infinigen/outputs/cafeteria_500sqft/spear_export_r256/export_scene.blend/textures/table_0_chair_3_leg_-0_19_0_17_DIFFUSE.png (deflated 16%)
  adding: home/yashturkar/Workspace/infinigen/outputs/cafeteria_500sqft/spear_export_r256/export_scene.blend/textures/fridge_can_r0_c2_NORMAL.png (deflated 82%)
  adding: home/yashturkar/Workspace/infinigen/outputs/cafeteria_500sqft/spear_export_r256/export_scene.blend/textures/table_0_paper_cup_DIFFUSE.png (deflated 16%)
  adding: home/yashturkar/Workspace/infinigen/outputs/cafeteria_500sqft/spear_export_r256/export_scene.blend/textures/menu_chalk_line_5_NORMAL.png (deflated 82%)
  adding: home/yashturkar/Workspace/infinigen/outputs/cafeteria_500sqft/spear_export_r256/export_scene.blend/textures/table_1_chair_3_back_NORMAL.png (deflated 1%)
  adding: home/yashturkar/Workspace/infinigen/outputs/cafeteria_500sqft/spear_export_r256/export_scene.blend/textures/table_2_chair_2_seat_DIFFUSE.png (deflated 49%)
  adding: home/yashturkar/Workspace/infinigen/outputs/cafeteria_500sqft/spear_export_r256/export_scene.blend/textures/table_3_paper_cup_DIFFUSE.png (deflated 16%)
  adding: home/yashturkar/Workspace/infinigen/outputs/cafeteria_500sqft/spear_export_r256/export_scene.blend/textures/table_0_chair_1_leg_-0_19_-0_17_DIFFUSE.png (deflated 16%)
  adding: home/yashturkar/Workspace/infinigen/outputs/cafeteria_500sqft/spear_export_r256/export_scene.blend/textures/table_0_chair_2_leg_0_19_-0_17_DIFFUSE.png (deflated 16%)
  adding: home/yashturkar/Workspace/infinigen/outputs/cafeteria_500sqft/spear_export_r256/export_scene.blend/textures/right_window_frame_1_bottom_DIFFUSE.png (deflated 60%)
  adding: home/yashturkar/Workspace/infinigen/outputs/cafeteria_500sqft/spear_export_r256/export_scene.blend/textures/table_3_chair_1_leg_-0_19_-0_17_DIFFUSE.png (deflated 16%)
  adding: home/yashturkar/Workspace/infinigen/outputs/cafeteria_500sqft/spear_export_r256/export_scene.blend/textures/table_2_chair_3_leg_0_19_0_17_METAL.png (deflated 18%)
  adding: home/yashturkar/Workspace/infinigen/outputs/cafeteria_500sqft/spear_export_r256/export_scene.blend/textures/fridge_can_r3_c1_ROUGHNESS.png (deflated 24%)
  adding: home/yashturkar/Workspace/infinigen/outputs/cafeteria_500sqft/spear_export_r256/export_scene.blend/textures/coffee_machine_metal_face_DIFFUSE.png (deflated 61%)
  adding: home/yashturkar/Workspace/infinigen/outputs/cafeteria_500sqft/spear_export_r256/export_scene.blend/textures/coffee_station_base_DIFFUSE.png (deflated 58%)
  adding: home/yashturkar/Workspace/infinigen/outputs/cafeteria_500sqft/spear_export_r256/export_scene.blend/textures/table_0_chair_3_leg_0_19_-0_17_METAL.png (deflated 18%)
  adding: home/yashturkar/Workspace/infinigen/outputs/cafeteria_500sqft/spear_export_r256/export_scene.blend/textures/table_3_chair_0_leg_-0_19_0_17_NORMAL.png (deflated 82%)
  adding: home/yashturkar/Workspace/infinigen/outputs/cafeteria_500sqft/spear_export_r256/export_scene.blend/textures/fridge_wire_shelf_0_NORMAL.png (deflated 82%)
  adding: home/yashturkar/Workspace/infinigen/outputs/cafeteria_500sqft/spear_export_r256/export_scene.blend/textures/table_1_chair_0_back_DIFFUSE.png (deflated 55%)
  adding: home/yashturkar/Workspace/infinigen/outputs/cafeteria_500sqft/spear_export_r256/export_scene.blend/textures/fridge_can_r3_c1_DIFFUSE.png (deflated 21%)
  adding: home/yashturkar/Workspace/infinigen/outputs/cafeteria_500sqft/spear_export_r256/export_scene.blend/textures/notice_board_flyer_0_ROUGHNESS.png (deflated 61%)
  adding: home/yashturkar/Workspace/infinigen/outputs/cafeteria_500sqft/spear_export_r256/export_scene.blend/textures/right_window_frame_0_top_METAL.png (deflated 54%)
  adding: home/yashturkar/Workspace/infinigen/outputs/cafeteria_500sqft/spear_export_r256/export_scene.blend/textures/floor_dark_tile_26_ROUGHNESS.png (deflated 83%)
  adding: home/yashturkar/Workspace/infinigen/outputs/cafeteria_500sqft/spear_export_r256/export_scene.blend/textures/fridge_can_r2_c1_NORMAL.png (deflated 82%)
  adding: home/yashturkar/Workspace/infinigen/outputs/cafeteria_500sqft/spear_export_r256/export_scene.blend/textures/table_0_chair_2_leg_-0_19_-0_17_METAL.png (deflated 18%)
  adding: home/yashturkar/Workspace/infinigen/outputs/cafeteria_500sqft/spear_export_r256/export_scene.blend/textures/counter_tray_stack_-3_15_ROUGHNESS.png (deflated 61%)
  adding: home/yashturkar/Workspace/infinigen/outputs/cafeteria_500sqft/spear_export_r256/export_scene.blend/textures/table_1_chair_2_leg_-0_19_0_17_ROUGHNESS.png (deflated 18%)
  adding: home/yashturkar/Workspace/infinigen/outputs/cafeteria_500sqft/spear_export_r256/export_scene.blend/textures/table_1_chair_0_leg_0_19_0_17_DIFFUSE.png (deflated 16%)
  adding: home/yashturkar/Workspace/infinigen/outputs/cafeteria_500sqft/spear_export_r256/export_scene.blend/textures/table_3_square_tabletop_DIFFUSE.png (deflated 42%)
  adding: home/yashturkar/Workspace/infinigen/outputs/cafeteria_500sqft/spear_export_r256/export_scene.blend/textures/table_3_chair_2_leg_0_19_0_17_DIFFUSE.png (deflated 16%)
  adding: home/yashturkar/Workspace/infinigen/outputs/cafeteria_500sqft/spear_export_r256/export_scene.blend/textures/table_3_chair_3_leg_0_19_0_17_DIFFUSE.png (deflated 16%)
  adding: home/yashturkar/Workspace/infinigen/outputs/cafeteria_500sqft/spear_export_r256/export_scene.blend/textures/trash_can_metal_lid_METAL.png (deflated 13%)
  adding: home/yashturkar/Workspace/infinigen/outputs/cafeteria_500sqft/spear_export_r256/export_scene.blend/textures/table_1_chair_2_seat_NORMAL.png (deflated 2%)
  adding: home/yashturkar/Workspace/infinigen/outputs/cafeteria_500sqft/spear_export_r256/export_scene.blend/textures/table_2_chair_0_leg_0_19_-0_17_ROUGHNESS.png (deflated 18%)
  adding: home/yashturkar/Workspace/infinigen/outputs/cafeteria_500sqft/spear_export_r256/export_scene.blend/textures/table_2_chair_1_seat_DIFFUSE.png (deflated 49%)
  adding: home/yashturkar/Workspace/infinigen/outputs/cafeteria_500sqft/spear_export_r256/export_scene.blend/textures/table_1_chair_3_back_ROUGHNESS.png (deflated 54%)
  adding: home/yashturkar/Workspace/infinigen/outputs/cafeteria_500sqft/spear_export_r256/export_scene.blend/textures/table_1_chair_2_leg_-0_19_0_17_NORMAL.png (deflated 82%)
  adding: home/yashturkar/Workspace/infinigen/outputs/cafeteria_500sqft/spear_export_r256/export_scene.blend/textures/table_2_chair_3_seat_NORMAL.png (deflated 2%)
  adding: home/yashturkar/Workspace/infinigen/outputs/cafeteria_500sqft/spear_export_r256/export_scene.blend/textures/table_3_chair_0_leg_0_19_-0_17_ROUGHNESS.png (deflated 18%)
  adding: home/yashturkar/Workspace/infinigen/outputs/cafeteria_500sqft/spear_export_r256/export_scene.blend/textures/table_2_chair_1_leg_-0_19_0_17_NORMAL.png (deflated 82%)
  adding: home/yashturkar/Workspace/infinigen/outputs/cafeteria_500sqft/spear_export_r256/export_scene.blend/textures/table_2_green_tray_NORMAL.png (deflated 82%)
  adding: home/yashturkar/Workspace/infinigen/outputs/cafeteria_500sqft/spear_export_r256/export_scene.blend/textures/right_window_frame_1_center_METAL.png (deflated 56%)
  adding: home/yashturkar/Workspace/infinigen/outputs/cafeteria_500sqft/spear_export_r256/export_scene.blend/textures/floor_dark_tile_22_NORMAL.png (deflated 82%)
  adding: home/yashturkar/Workspace/infinigen/outputs/cafeteria_500sqft/spear_export_r256/export_scene.blend/textures/table_3_chair_0_leg_0_19_-0_17_DIFFUSE.png (deflated 16%)
  adding: home/yashturkar/Workspace/infinigen/outputs/cafeteria_500sqft/spear_export_r256/export_scene.blend/textures/table_2_central_pedestal_METAL.png (deflated 12%)
  adding: home/yashturkar/Workspace/infinigen/outputs/cafeteria_500sqft/spear_export_r256/export_scene.blend/textures/table_0_chair_1_leg_0_19_0_17_NORMAL.png (deflated 82%)
  adding: home/yashturkar/Workspace/infinigen/outputs/cafeteria_500sqft/spear_export_r256/export_scene.blend/textures/table_3_chair_3_seat_ROUGHNESS.png (deflated 44%)
  adding: home/yashturkar/Workspace/infinigen/outputs/cafeteria_500sqft/spear_export_r256/export_scene.blend/textures/table_3_sandwich_half_a_NORMAL.png (deflated 82%)
  adding: home/yashturkar/Workspace/infinigen/outputs/cafeteria_500sqft/spear_export_r256/export_scene.blend/textures/table_2_chair_2_leg_0_19_0_17_METAL.png (deflated 18%)
  adding: home/yashturkar/Workspace/infinigen/outputs/cafeteria_500sqft/spear_export_r256/export_scene.blend/textures/stacked_paper_cup_2_ROUGHNESS.png (deflated 26%)
  adding: home/yashturkar/Workspace/infinigen/outputs/cafeteria_500sqft/spear_export_r256/export_scene.blend/textures/right_window_frame_1_top_DIFFUSE.png (deflated 60%)
  adding: home/yashturkar/Workspace/infinigen/outputs/cafeteria_500sqft/spear_export_r256/export_scene.blend/textures/table_1_chair_2_leg_0_19_0_17_ROUGHNESS.png (deflated 18%)
  adding: home/yashturkar/Workspace/infinigen/outputs/cafeteria_500sqft/spear_export_r256/export_scene.blend/textures/community_notice_board_NORMAL.png (deflated 6%)
  adding: home/yashturkar/Workspace/infinigen/outputs/cafeteria_500sqft/spear_export_r256/export_scene.blend/textures/table_1_chair_1_leg_-0_19_-0_17_NORMAL.png (deflated 82%)
  adding: home/yashturkar/Workspace/infinigen/outputs/cafeteria_500sqft/spear_export_r256/export_scene.blend/textures/right_window_frame_3_top_NORMAL.png (deflated 82%)
  adding: home/yashturkar/Workspace/infinigen/outputs/cafeteria_500sqft/spear_export_r256/export_scene.blend/textures/floor_dark_tile_10_ROUGHNESS.png (deflated 83%)
  adding: home/yashturkar/Workspace/infinigen/outputs/cafeteria_500sqft/spear_export_r256/export_scene.blend/textures/long_pale_countertop_NORMAL.png (deflated 4%)
  adding: home/yashturkar/Workspace/infinigen/outputs/cafeteria_500sqft/spear_export_r256/export_scene.blend/textures/table_3_chair_1_leg_-0_19_-0_17_NORMAL.png (deflated 82%)
  adding: home/yashturkar/Workspace/infinigen/outputs/cafeteria_500sqft/spear_export_r256/export_scene.blend/textures/table_1_chair_1_seat_NORMAL.png (deflated 2%)
  adding: home/yashturkar/Workspace/infinigen/outputs/cafeteria_500sqft/spear_export_r256/export_scene.blend/textures/notice_board_flyer_1_ROUGHNESS.png (deflated 59%)
  adding: home/yashturkar/Workspace/infinigen/outputs/cafeteria_500sqft/spear_export_r256/export_scene.blend/textures/fridge_can_r1_c0_DIFFUSE.png (deflated 26%)
  adding: home/yashturkar/Workspace/infinigen/outputs/cafeteria_500sqft/spear_export_r256/export_scene.blend/textures/right_window_frame_3_center_NORMAL.png (deflated 82%)
  adding: home/yashturkar/Workspace/infinigen/outputs/cafeteria_500sqft/spear_export_r256/export_scene.blend/textures/table_0_chair_0_leg_-0_19_-0_17_NORMAL.png (deflated 82%)
  adding: home/yashturkar/Workspace/infinigen/outputs/cafeteria_500sqft/spear_export_r256/export_scene.blend/textures/table_2_chair_0_leg_-0_19_0_17_METAL.png (deflated 18%)
  adding: home/yashturkar/Workspace/infinigen/outputs/cafeteria_500sqft/spear_export_r256/export_scene.blend/textures/coffee_machine_metal_face_NORMAL.png (deflated 82%)
  adding: home/yashturkar/Workspace/infinigen/outputs/cafeteria_500sqft/spear_export_r256/export_scene.blend/textures/table_0_chair_1_leg_0_19_-0_17_ROUGHNESS.png (deflated 18%)
  adding: home/yashturkar/Workspace/infinigen/outputs/cafeteria_500sqft/spear_export_r256/export_scene.blend/textures/floor_dark_tile_8_ROUGHNESS.png (deflated 83%)
  adding: home/yashturkar/Workspace/infinigen/outputs/cafeteria_500sqft/spear_export_r256/export_scene.blend/textures/rectangular_led_panel_3_NORMAL.png (deflated 82%)
  adding: home/yashturkar/Workspace/infinigen/outputs/cafeteria_500sqft/spear_export_r256/export_scene.blend/textures/fridge_can_r0_c0_NORMAL.png (deflated 82%)
  adding: home/yashturkar/Workspace/infinigen/outputs/cafeteria_500sqft/spear_export_r256/export_scene.blend/textures/table_1_chair_1_leg_0_19_-0_17_NORMAL.png (deflated 82%)
  adding: home/yashturkar/Workspace/infinigen/outputs/cafeteria_500sqft/spear_export_r256/export_scene.blend/textures/table_0_chair_3_leg_0_19_0_17_ROUGHNESS.png (deflated 18%)
  adding: home/yashturkar/Workspace/infinigen/outputs/cafeteria_500sqft/spear_export_r256/export_scene.blend/textures/table_3_sandwich_half_b_DIFFUSE.png (deflated 50%)
  adding: home/yashturkar/Workspace/infinigen/outputs/cafeteria_500sqft/spear_export_r256/export_scene.blend/textures/stacked_paper_cup_3_DIFFUSE.png (deflated 25%)
  adding: home/yashturkar/Workspace/infinigen/outputs/cafeteria_500sqft/spear_export_r256/export_scene.blend/textures/table_3_chair_3_leg_-0_19_-0_17_DIFFUSE.png (deflated 16%)
  adding: home/yashturkar/Workspace/infinigen/outputs/cafeteria_500sqft/spear_export_r256/export_scene.blend/textures/table_0_chair_1_leg_-0_19_-0_17_NORMAL.png (deflated 82%)
  adding: home/yashturkar/Workspace/infinigen/outputs/cafeteria_500sqft/spear_export_r256/export_scene.blend/textures/table_3_chair_0_back_NORMAL.png (deflated 1%)
  adding: home/yashturkar/Workspace/infinigen/outputs/cafeteria_500sqft/spear_export_r256/export_scene.blend/textures/table_1_chair_2_leg_0_19_0_17_DIFFUSE.png (deflated 16%)
  adding: home/yashturkar/Workspace/infinigen/outputs/cafeteria_500sqft/spear_export_r256/export_scene.blend/textures/rectangular_led_panel_1_NORMAL.png (deflated 82%)
  adding: home/yashturkar/Workspace/infinigen/outputs/cafeteria_500sqft/spear_export_r256/export_scene.blend/textures/menu_board_left_ROUGHNESS.png (deflated 72%)
  adding: home/yashturkar/Workspace/infinigen/outputs/cafeteria_500sqft/spear_export_r256/export_scene.blend/textures/fridge_can_r1_c2_NORMAL.png (deflated 82%)
  adding: home/yashturkar/Workspace/infinigen/outputs/cafeteria_500sqft/spear_export_r256/export_scene.blend/textures/table_2_chair_3_leg_-0_19_0_17_DIFFUSE.png (deflated 16%)
  adding: home/yashturkar/Workspace/infinigen/outputs/cafeteria_500sqft/spear_export_r256/export_scene.blend/textures/community_notice_board_ROUGHNESS.png (deflated 61%)
  adding: home/yashturkar/Workspace/infinigen/outputs/cafeteria_500sqft/spear_export_r256/export_scene.blend/textures/counter_tray_stack_0_3_ROUGHNESS.png (deflated 61%)
  adding: home/yashturkar/Workspace/infinigen/outputs/cafeteria_500sqft/spear_export_r256/export_scene.blend/textures/drink_refrigerator_glass_door_TRANSMISSION.png (deflated 78%)
  adding: home/yashturkar/Workspace/infinigen/outputs/cafeteria_500sqft/spear_export_r256/export_scene.blend/textures/table_0_chair_2_leg_-0_19_0_17_METAL.png (deflated 18%)
  adding: home/yashturkar/Workspace/infinigen/outputs/cafeteria_500sqft/spear_export_r256/export_scene.blend/textures/table_3_chair_1_leg_0_19_-0_17_ROUGHNESS.png (deflated 18%)
  adding: home/yashturkar/Workspace/infinigen/outputs/cafeteria_500sqft/spear_export_r256/export_scene.blend/textures/table_1_chair_1_leg_-0_19_-0_17_DIFFUSE.png (deflated 16%)
  adding: home/yashturkar/Workspace/infinigen/outputs/cafeteria_500sqft/spear_export_r256/export_scene.blend/textures/fridge_can_r1_c2_ROUGHNESS.png (deflated 24%)
  adding: home/yashturkar/Workspace/infinigen/outputs/cafeteria_500sqft/spear_export_r256/export_scene.blend/textures/notice_board_flyer_2_DIFFUSE.png (deflated 57%)
  adding: home/yashturkar/Workspace/infinigen/outputs/cafeteria_500sqft/spear_export_r256/export_scene.blend/textures/stacked_paper_cup_1_NORMAL.png (deflated 82%)
  adding: home/yashturkar/Workspace/infinigen/outputs/cafeteria_500sqft/spear_export_r256/export_scene.blend/textures/table_0_chair_0_seat_NORMAL.png (deflated 2%)
  adding: home/yashturkar/Workspace/infinigen/outputs/cafeteria_500sqft/spear_export_r256/export_scene.blend/textures/left_painted_wall_NORMAL.png (deflated 3%)
  adding: home/yashturkar/Workspace/infinigen/outputs/cafeteria_500sqft/spear_export_r256/export_scene.blend/textures/notice_board_flyer_0_NORMAL.png (deflated 82%)
  adding: home/yashturkar/Workspace/infinigen/outputs/cafeteria_500sqft/spear_export_r256/export_scene.blend/textures/table_0_chair_3_leg_-0_19_0_17_METAL.png (deflated 18%)
  adding: home/yashturkar/Workspace/infinigen/outputs/cafeteria_500sqft/spear_export_r256/export_scene.blend/textures/table_1_chair_2_back_ROUGHNESS.png (deflated 54%)
  adding: home/yashturkar/Workspace/infinigen/outputs/cafeteria_500sqft/spear_export_r256/export_scene.blend/textures/table_3_paper_cup_ROUGHNESS.png (deflated 21%)
  adding: home/yashturkar/Workspace/infinigen/outputs/cafeteria_500sqft/spear_export_r256/export_scene.blend/textures/table_2_chair_3_leg_-0_19_-0_17_ROUGHNESS.png (deflated 18%)
  adding: home/yashturkar/Workspace/infinigen/outputs/cafeteria_500sqft/spear_export_r256/export_scene.blend/textures/table_1_chair_1_back_ROUGHNESS.png (deflated 54%)
  adding: home/yashturkar/Workspace/infinigen/outputs/cafeteria_500sqft/spear_export_r256/export_scene.blend/textures/table_1_chair_1_back_DIFFUSE.png (deflated 54%)
  adding: home/yashturkar/Workspace/infinigen/outputs/cafeteria_500sqft/spear_export_r256/export_scene.blend/textures/table_2_chair_0_leg_0_19_-0_17_NORMAL.png (deflated 82%)
  adding: home/yashturkar/Workspace/infinigen/outputs/cafeteria_500sqft/spear_export_r256/export_scene.blend/textures/table_2_square_tabletop_ROUGHNESS.png (deflated 41%)
  adding: home/yashturkar/Workspace/infinigen/outputs/cafeteria_500sqft/spear_export_r256/export_scene.blend/textures/table_1_round_table_base_NORMAL.png (deflated 82%)
  adding: home/yashturkar/Workspace/infinigen/outputs/cafeteria_500sqft/spear_export_r256/export_scene.blend/textures/table_0_central_pedestal_METAL.png (deflated 12%)
  adding: home/yashturkar/Workspace/infinigen/outputs/cafeteria_500sqft/spear_export_r256/export_scene.blend/textures/table_0_chair_1_back_ROUGHNESS.png (deflated 54%)
  adding: home/yashturkar/Workspace/infinigen/outputs/cafeteria_500sqft/spear_export_r256/export_scene.blend/textures/community_notice_board_DIFFUSE.png (deflated 60%)
  adding: home/yashturkar/Workspace/infinigen/outputs/cafeteria_500sqft/spear_export_r256/export_scene.blend/textures/table_1_central_pedestal_DIFFUSE.png (deflated 12%)
  adding: home/yashturkar/Workspace/infinigen/outputs/cafeteria_500sqft/spear_export_r256/export_scene.blend/textures/table_1_chair_0_leg_-0_19_0_17_METAL.png (deflated 18%)
  adding: home/yashturkar/Workspace/infinigen/outputs/cafeteria_500sqft/spear_export_r256/export_scene.blend/textures/table_0_chair_2_leg_0_19_0_17_NORMAL.png (deflated 82%)
  adding: home/yashturkar/Workspace/infinigen/outputs/cafeteria_500sqft/spear_export_r256/export_scene.blend/textures/table_1_chair_3_leg_0_19_-0_17_DIFFUSE.png (deflated 16%)
  adding: home/yashturkar/Workspace/infinigen/outputs/cafeteria_500sqft/spear_export_r256/export_scene.blend/textures/table_1_chair_3_seat_NORMAL.png (deflated 2%)
  adding: home/yashturkar/Workspace/infinigen/outputs/cafeteria_500sqft/spear_export_r256/export_scene.blend/textures/table_1_chair_2_leg_0_19_-0_17_NORMAL.png (deflated 82%)
  adding: home/yashturkar/Workspace/infinigen/outputs/cafeteria_500sqft/spear_export_r256/export_scene.blend/textures/fridge_wire_shelf_0_DIFFUSE.png (deflated 61%)
  adding: home/yashturkar/Workspace/infinigen/outputs/cafeteria_500sqft/spear_export_r256/export_scene.blend/textures/fruit_bowl_piece_0_NORMAL.png (deflated 82%)
  adding: home/yashturkar/Workspace/infinigen/outputs/cafeteria_500sqft/spear_export_r256/export_scene.blend/textures/fridge_can_r2_c2_NORMAL.png (deflated 82%)
  adding: home/yashturkar/Workspace/infinigen/outputs/cafeteria_500sqft/spear_export_r256/export_scene.blend/textures/table_3_sandwich_half_b_NORMAL.png (deflated 82%)
  adding: home/yashturkar/Workspace/infinigen/outputs/cafeteria_500sqft/spear_export_r256/export_scene.blend/textures/rectangular_led_panel_0_NORMAL.png (deflated 82%)
  adding: home/yashturkar/Workspace/infinigen/outputs/cafeteria_500sqft/spear_export_r256/export_scene.blend/textures/table_0_green_tray_DIFFUSE.png (deflated 57%)
  adding: home/yashturkar/Workspace/infinigen/outputs/cafeteria_500sqft/spear_export_r256/export_scene.blend/textures/right_window_frame_0_center_NORMAL.png (deflated 82%)
  adding: home/yashturkar/Workspace/infinigen/outputs/cafeteria_500sqft/spear_export_r256/export_scene.blend/textures/rectangular_led_panel_0_ROUGHNESS.png (deflated 62%)
  adding: home/yashturkar/Workspace/infinigen/outputs/cafeteria_500sqft/spear_export_r256/export_scene.blend/textures/menu_board_right_NORMAL.png (deflated 3%)
  adding: home/yashturkar/Workspace/infinigen/outputs/cafeteria_500sqft/spear_export_r256/export_scene.blend/textures/right_window_frame_3_bottom_NORMAL.png (deflated 82%)
  adding: home/yashturkar/Workspace/infinigen/outputs/cafeteria_500sqft/spear_export_r256/export_scene.blend/textures/fridge_can_r0_c2_ROUGHNESS.png (deflated 24%)
  adding: home/yashturkar/Workspace/infinigen/outputs/cafeteria_500sqft/spear_export_r256/export_scene.blend/textures/right_window_frame_0_bottom_METAL.png (deflated 54%)
  adding: home/yashturkar/Workspace/infinigen/outputs/cafeteria_500sqft/spear_export_r256/export_scene.blend/textures/table_0_chair_0_leg_0_19_-0_17_NORMAL.png (deflated 82%)
  adding: home/yashturkar/Workspace/infinigen/outputs/cafeteria_500sqft/spear_export_r256/export_scene.blend/textures/fridge_can_r3_c1_NORMAL.png (deflated 82%)
  adding: home/yashturkar/Workspace/infinigen/outputs/cafeteria_500sqft/spear_export_r256/export_scene.blend/textures/table_1_chair_0_leg_0_19_-0_17_NORMAL.png (deflated 82%)
  adding: home/yashturkar/Workspace/infinigen/outputs/cafeteria_500sqft/spear_export_r256/export_scene.blend/textures/right_window_frame_0_top_NORMAL.png (deflated 82%)
  adding: home/yashturkar/Workspace/infinigen/outputs/cafeteria_500sqft/spear_export_r256/export_scene.blend/textures/table_2_chair_1_seat_ROUGHNESS.png (deflated 49%)
  adding: home/yashturkar/Workspace/infinigen/outputs/cafeteria_500sqft/spear_export_r256/export_scene.blend/textures/fridge_can_r3_c2_NORMAL.png (deflated 82%)
  adding: home/yashturkar/Workspace/infinigen/outputs/cafeteria_500sqft/spear_export_r256/export_scene.blend/textures/right_window_frame_0_top_ROUGHNESS.png (deflated 54%)
  adding: home/yashturkar/Workspace/infinigen/outputs/cafeteria_500sqft/spear_export_r256/export_scene.blend/textures/table_3_round_table_base_ROUGHNESS.png (deflated 8%)
  adding: home/yashturkar/Workspace/infinigen/outputs/cafeteria_500sqft/spear_export_r256/export_scene.blend/textures/table_3_chair_2_leg_0_19_0_17_ROUGHNESS.png (deflated 18%)
  adding: home/yashturkar/Workspace/infinigen/outputs/cafeteria_500sqft/spear_export_r256/export_scene.blend/textures/table_2_central_pedestal_DIFFUSE.png (deflated 12%)
  adding: home/yashturkar/Workspace/infinigen/outputs/cafeteria_500sqft/spear_export_r256/export_scene.blend/textures/table_3_chair_0_back_DIFFUSE.png (deflated 54%)
  adding: home/yashturkar/Workspace/infinigen/outputs/cafeteria_500sqft/spear_export_r256/export_scene.blend/textures/stacked_paper_cup_1_ROUGHNESS.png (deflated 26%)
  adding: home/yashturkar/Workspace/infinigen/outputs/cafeteria_500sqft/spear_export_r256/export_scene.blend/textures/counter_tray_stack_-2_0_DIFFUSE.png (deflated 55%)
  adding: home/yashturkar/Workspace/infinigen/outputs/cafeteria_500sqft/spear_export_r256/export_scene.blend/textures/table_1_chair_0_leg_-0_19_0_17_NORMAL.png (deflated 82%)
  adding: home/yashturkar/Workspace/infinigen/outputs/cafeteria_500sqft/spear_export_r256/export_scene.blend/textures/table_1_chair_1_leg_-0_19_0_17_DIFFUSE.png (deflated 16%)
  adding: home/yashturkar/Workspace/infinigen/outputs/cafeteria_500sqft/spear_export_r256/export_scene.blend/textures/table_1_chair_1_leg_0_19_0_17_DIFFUSE.png (deflated 16%)
  adding: home/yashturkar/Workspace/infinigen/outputs/cafeteria_500sqft/spear_export_r256/export_scene.blend/textures/table_3_chair_1_leg_-0_19_-0_17_ROUGHNESS.png (deflated 18%)
  adding: home/yashturkar/Workspace/infinigen/outputs/cafeteria_500sqft/spear_export_r256/export_scene.blend/textures/table_1_chair_3_leg_-0_19_0_17_METAL.png (deflated 18%)
  adding: home/yashturkar/Workspace/infinigen/outputs/cafeteria_500sqft/spear_export_r256/export_scene.blend/textures/table_2_chair_3_leg_0_19_0_17_ROUGHNESS.png (deflated 18%)
  adding: home/yashturkar/Workspace/infinigen/outputs/cafeteria_500sqft/spear_export_r256/export_scene.blend/textures/menu_chalk_line_4_DIFFUSE.png (deflated 43%)
  adding: home/yashturkar/Workspace/infinigen/outputs/cafeteria_500sqft/spear_export_r256/export_scene.blend/textures/floor_dark_tile_4_DIFFUSE.png (deflated 83%)
  adding: home/yashturkar/Workspace/infinigen/outputs/cafeteria_500sqft/spear_export_r256/export_scene.blend/textures/right_wall_window_glass_1_ROUGHNESS.png (deflated 85%)
  adding: home/yashturkar/Workspace/infinigen/outputs/cafeteria_500sqft/spear_export_r256/export_scene.blend/textures/table_0_paper_cup_NORMAL.png (deflated 82%)
  adding: home/yashturkar/Workspace/infinigen/outputs/cafeteria_500sqft/spear_export_r256/export_scene.blend/textures/table_1_central_pedestal_ROUGHNESS.png (deflated 14%)
  adding: home/yashturkar/Workspace/infinigen/outputs/cafeteria_500sqft/spear_export_r256/export_scene.blend/textures/right_wall_window_glass_0_TRANSMISSION.png (deflated 56%)
  adding: home/yashturkar/Workspace/infinigen/outputs/cafeteria_500sqft/spear_export_r256/export_scene.blend/textures/menu_chalk_line_3_DIFFUSE.png (deflated 43%)
  adding: home/yashturkar/Workspace/infinigen/outputs/cafeteria_500sqft/spear_export_r256/export_scene.blend/textures/coffee_machine_metal_face_ROUGHNESS.png (deflated 62%)
  adding: home/yashturkar/Workspace/infinigen/outputs/cafeteria_500sqft/spear_export_r256/export_scene.blend/textures/table_2_chair_0_seat_ROUGHNESS.png (deflated 44%)
  adding: home/yashturkar/Workspace/infinigen/outputs/cafeteria_500sqft/spear_export_r256/export_scene.blend/textures/table_2_chair_0_back_ROUGHNESS.png (deflated 54%)
  adding: home/yashturkar/Workspace/infinigen/outputs/cafeteria_500sqft/spear_export_r256/export_scene.blend/textures/stainless_sneeze_guard_glass_NORMAL.png (deflated 82%)
  adding: home/yashturkar/Workspace/infinigen/outputs/cafeteria_500sqft/spear_export_r256/export_scene.blend/textures/table_1_chair_0_seat_NORMAL.png (deflated 2%)
  adding: home/yashturkar/Workspace/infinigen/outputs/cafeteria_500sqft/spear_export_r256/export_scene.blend/textures/table_1_green_tray_NORMAL.png (deflated 82%)
  adding: home/yashturkar/Workspace/infinigen/outputs/cafeteria_500sqft/spear_export_r256/export_scene.blend/textures/table_0_chair_1_leg_-0_19_-0_17_ROUGHNESS.png (deflated 18%)
  adding: home/yashturkar/Workspace/infinigen/outputs/cafeteria_500sqft/spear_export_r256/export_scene.blend/textures/table_3_square_tabletop_NORMAL.png (deflated 1%)
  adding: home/yashturkar/Workspace/infinigen/outputs/cafeteria_500sqft/spear_export_r256/export_scene.blend/textures/table_3_chair_3_back_DIFFUSE.png (deflated 54%)
  adding: home/yashturkar/Workspace/infinigen/outputs/cafeteria_500sqft/spear_export_r256/export_scene.blend/textures/right_window_frame_1_bottom_ROUGHNESS.png (deflated 54%)
  adding: home/yashturkar/Workspace/infinigen/outputs/cafeteria_500sqft/spear_export_r256/export_scene.blend/textures/table_1_chair_1_back_NORMAL.png (deflated 1%)
  adding: home/yashturkar/Workspace/infinigen/outputs/cafeteria_500sqft/spear_export_r256/export_scene.blend/textures/fridge_can_r0_c1_DIFFUSE.png (deflated 26%)
  adding: home/yashturkar/Workspace/infinigen/outputs/cafeteria_500sqft/spear_export_r256/export_scene.blend/textures/stainless_sneeze_guard_glass_ROUGHNESS.png (deflated 85%)
  adding: home/yashturkar/Workspace/infinigen/outputs/cafeteria_500sqft/spear_export_r256/export_scene.blend/textures/fridge_can_r2_c0_DIFFUSE.png (deflated 21%)
  adding: home/yashturkar/Workspace/infinigen/outputs/cafeteria_500sqft/spear_export_r256/export_scene.blend/textures/low_condiment_station_NORMAL.png (deflated 2%)
  adding: home/yashturkar/Workspace/infinigen/outputs/cafeteria_500sqft/spear_export_r256/export_scene.blend/textures/table_2_chair_1_leg_0_19_0_17_METAL.png (deflated 18%)
  adding: home/yashturkar/Workspace/infinigen/outputs/cafeteria_500sqft/spear_export_r256/export_scene.blend/textures/fridge_can_r2_c1_METAL.png (deflated 26%)
  adding: home/yashturkar/Workspace/infinigen/outputs/cafeteria_500sqft/spear_export_r256/export_scene.blend/textures/floor_dark_tile_12_NORMAL.png (deflated 82%)
  adding: home/yashturkar/Workspace/infinigen/outputs/cafeteria_500sqft/spear_export_r256/export_scene.blend/textures/rear_glass_entry_door_NORMAL.png (deflated 2%)
  adding: home/yashturkar/Workspace/infinigen/outputs/cafeteria_500sqft/spear_export_r256/export_scene.blend/textures/table_3_chair_3_leg_-0_19_0_17_METAL.png (deflated 18%)
  adding: home/yashturkar/Workspace/infinigen/outputs/cafeteria_500sqft/spear_export_r256/export_scene.blend/textures/table_2_chair_0_leg_0_19_-0_17_DIFFUSE.png (deflated 16%)
  adding: home/yashturkar/Workspace/infinigen/outputs/cafeteria_500sqft/spear_export_r256/export_scene.blend/textures/fruit_bowl_piece_0_ROUGHNESS.png (deflated 4%)
  adding: home/yashturkar/Workspace/infinigen/outputs/cafeteria_500sqft/spear_export_r256/export_scene.blend/textures/long_pale_countertop_ROUGHNESS.png (deflated 61%)
  adding: home/yashturkar/Workspace/infinigen/outputs/cafeteria_500sqft/spear_export_r256/export_scene.blend/textures/table_0_chair_3_leg_-0_19_-0_17_METAL.png (deflated 18%)
  adding: home/yashturkar/Workspace/infinigen/outputs/cafeteria_500sqft/spear_export_r256/export_scene.blend/textures/table_2_chair_1_back_ROUGHNESS.png (deflated 54%)
  adding: home/yashturkar/Workspace/infinigen/outputs/cafeteria_500sqft/spear_export_r256/export_scene.blend/textures/right_window_frame_0_top_DIFFUSE.png (deflated 60%)
  adding: home/yashturkar/Workspace/infinigen/outputs/cafeteria_500sqft/spear_export_r256/export_scene.blend/textures/table_1_chair_3_leg_0_19_-0_17_METAL.png (deflated 18%)
  adding: home/yashturkar/Workspace/infinigen/outputs/cafeteria_500sqft/spear_export_r256/export_scene.blend/textures/table_3_chair_1_leg_0_19_0_17_ROUGHNESS.png (deflated 18%)
  adding: home/yashturkar/Workspace/infinigen/outputs/cafeteria_500sqft/spear_export_r256/export_scene.blend/textures/notice_board_flyer_0_DIFFUSE.png (deflated 59%)
  adding: home/yashturkar/Workspace/infinigen/outputs/cafeteria_500sqft/spear_export_r256/export_scene.blend/textures/right_window_frame_3_bottom_METAL.png (deflated 54%)
  adding: home/yashturkar/Workspace/infinigen/outputs/cafeteria_500sqft/spear_export_r256/export_scene.blend/textures/menu_chalk_line_2_DIFFUSE.png (deflated 43%)
  adding: home/yashturkar/Workspace/infinigen/outputs/cafeteria_500sqft/spear_export_r256/export_scene.blend/textures/table_2_chair_2_leg_0_19_-0_17_DIFFUSE.png (deflated 16%)
  adding: home/yashturkar/Workspace/infinigen/outputs/cafeteria_500sqft/spear_export_r256/export_scene.blend/textures/table_0_chair_1_leg_0_19_-0_17_NORMAL.png (deflated 82%)
  adding: home/yashturkar/Workspace/infinigen/outputs/cafeteria_500sqft/spear_export_r256/export_scene.blend/textures/table_0_chair_2_back_NORMAL.png (deflated 1%)
  adding: home/yashturkar/Workspace/infinigen/outputs/cafeteria_500sqft/spear_export_r256/export_scene.blend/textures/table_0_chair_3_leg_0_19_0_17_DIFFUSE.png (deflated 16%)
  adding: home/yashturkar/Workspace/infinigen/outputs/cafeteria_500sqft/spear_export_r256/export_scene.blend/textures/table_0_square_tabletop_ROUGHNESS.png (deflated 41%)
  adding: home/yashturkar/Workspace/infinigen/outputs/cafeteria_500sqft/spear_export_r256/export_scene.blend/textures/table_0_chair_0_back_ROUGHNESS.png (deflated 54%)
  adding: home/yashturkar/Workspace/infinigen/outputs/cafeteria_500sqft/spear_export_r256/export_scene.blend/textures/front_service_wall_teal_NORMAL.png (deflated 7%)
  adding: home/yashturkar/Workspace/infinigen/outputs/cafeteria_500sqft/spear_export_r256/export_scene.blend/textures/table_3_chair_2_back_ROUGHNESS.png (deflated 54%)
  adding: home/yashturkar/Workspace/infinigen/outputs/cafeteria_500sqft/spear_export_r256/export_scene.blend/textures/table_1_chair_2_seat_DIFFUSE.png (deflated 44%)
  adding: home/yashturkar/Workspace/infinigen/outputs/cafeteria_500sqft/spear_export_r256/export_scene.blend/textures/table_2_chair_2_leg_0_19_-0_17_NORMAL.png (deflated 82%)
  adding: home/yashturkar/Workspace/infinigen/outputs/cafeteria_500sqft/spear_export_r256/export_scene.blend/textures/right_window_frame_2_bottom_NORMAL.png (deflated 82%)
  adding: home/yashturkar/Workspace/infinigen/outputs/cafeteria_500sqft/spear_export_r256/export_scene.blend/textures/fridge_can_r2_c0_METAL.png (deflated 26%)
  adding: home/yashturkar/Workspace/infinigen/outputs/cafeteria_500sqft/spear_export_r256/export_scene.blend/textures/table_0_chair_2_seat_NORMAL.png (deflated 2%)
  adding: home/yashturkar/Workspace/infinigen/outputs/cafeteria_500sqft/spear_export_r256/export_scene.blend/textures/table_0_chair_3_seat_NORMAL.png (deflated 2%)
  adding: home/yashturkar/Workspace/infinigen/outputs/cafeteria_500sqft/spear_export_r256/export_scene.blend/textures/table_0_chair_0_leg_0_19_-0_17_ROUGHNESS.png (deflated 18%)
  adding: home/yashturkar/Workspace/infinigen/outputs/cafeteria_500sqft/spear_export_r256/export_scene.blend/textures/table_2_chair_1_leg_-0_19_-0_17_METAL.png (deflated 18%)
  adding: home/yashturkar/Workspace/infinigen/outputs/cafeteria_500sqft/spear_export_r256/export_scene.blend/textures/right_window_frame_2_top_NORMAL.png (deflated 82%)
  adding: home/yashturkar/Workspace/infinigen/outputs/cafeteria_500sqft/spear_export_r256/export_scene.blend/textures/table_3_chair_0_leg_-0_19_0_17_DIFFUSE.png (deflated 16%)
  adding: home/yashturkar/Workspace/infinigen/outputs/cafeteria_500sqft/spear_export_r256/export_scene.blend/textures/table_3_chair_3_leg_-0_19_-0_17_METAL.png (deflated 18%)
  adding: home/yashturkar/Workspace/infinigen/outputs/cafeteria_500sqft/spear_export_r256/export_scene.blend/textures/low_condiment_station_ROUGHNESS.png (deflated 83%)
  adding: home/yashturkar/Workspace/infinigen/outputs/cafeteria_500sqft/spear_export_r256/export_scene.blend/textures/right_window_frame_0_center_METAL.png (deflated 56%)
  adding: home/yashturkar/Workspace/infinigen/outputs/cafeteria_500sqft/spear_export_r256/export_scene.blend/textures/table_2_chair_0_leg_-0_19_0_17_DIFFUSE.png (deflated 16%)
  adding: home/yashturkar/Workspace/infinigen/outputs/cafeteria_500sqft/spear_export_r256/export_scene.blend/textures/table_2_chair_3_leg_0_19_0_17_NORMAL.png (deflated 82%)
  adding: home/yashturkar/Workspace/infinigen/outputs/cafeteria_500sqft/spear_export_r256/export_scene.blend/textures/stacked_paper_cup_0_NORMAL.png (deflated 82%)
  adding: home/yashturkar/Workspace/infinigen/outputs/cafeteria_500sqft/spear_export_r256/export_scene.blend/textures/table_2_paper_cup_NORMAL.png (deflated 82%)
  adding: home/yashturkar/Workspace/infinigen/outputs/cafeteria_500sqft/spear_export_r256/export_scene.blend/textures/table_2_chair_0_leg_0_19_0_17_ROUGHNESS.png (deflated 18%)
  adding: home/yashturkar/Workspace/infinigen/outputs/cafeteria_500sqft/spear_export_r256/export_scene.blend/textures/napkin_dispenser_metal_NORMAL.png (deflated 82%)
  adding: home/yashturkar/Workspace/infinigen/outputs/cafeteria_500sqft/spear_export_r256/export_scene.blend/textures/table_1_chair_1_leg_-0_19_0_17_ROUGHNESS.png (deflated 18%)
  adding: home/yashturkar/Workspace/infinigen/outputs/cafeteria_500sqft/spear_export_r256/export_scene.blend/textures/table_0_chair_1_back_NORMAL.png (deflated 1%)
  adding: home/yashturkar/Workspace/infinigen/outputs/cafeteria_500sqft/spear_export_r256/export_scene.blend/textures/drink_refrigerator_body_METAL.png (deflated 57%)
  adding: home/yashturkar/Workspace/infinigen/outputs/cafeteria_500sqft/spear_export_r256/export_scene.blend/textures/fridge_can_r1_c0_METAL.png (deflated 26%)
  adding: home/yashturkar/Workspace/infinigen/outputs/cafeteria_500sqft/spear_export_r256/export_scene.blend/textures/table_3_chair_3_back_ROUGHNESS.png (deflated 54%)
  adding: home/yashturkar/Workspace/infinigen/outputs/cafeteria_500sqft/spear_export_r256/export_scene.blend/textures/floor_dark_tile_14_DIFFUSE.png (deflated 83%)
  adding: home/yashturkar/Workspace/infinigen/outputs/cafeteria_500sqft/spear_export_r256/export_scene.blend/textures/table_3_chair_0_leg_0_19_0_17_DIFFUSE.png (deflated 16%)
  adding: home/yashturkar/Workspace/infinigen/outputs/cafeteria_500sqft/spear_export_r256/export_scene.blend/textures/floor_dark_tile_28_DIFFUSE.png (deflated 83%)
  adding: home/yashturkar/Workspace/infinigen/outputs/cafeteria_500sqft/spear_export_r256/export_scene.blend/textures/table_1_chair_0_leg_-0_19_-0_17_METAL.png (deflated 18%)
  adding: home/yashturkar/Workspace/infinigen/outputs/cafeteria_500sqft/spear_export_r256/export_scene.blend/textures/table_0_chair_2_leg_-0_19_0_17_DIFFUSE.png (deflated 16%)
  adding: home/yashturkar/Workspace/infinigen/outputs/cafeteria_500sqft/spear_export_r256/export_scene.blend/textures/right_wall_window_glass_0_NORMAL.png (deflated 82%)
  adding: home/yashturkar/Workspace/infinigen/outputs/cafeteria_500sqft/spear_export_r256/export_scene.blend/textures/table_0_square_tabletop_NORMAL.png (deflated 1%)
  adding: home/yashturkar/Workspace/infinigen/outputs/cafeteria_500sqft/spear_export_r256/export_scene.blend/textures/table_1_chair_3_leg_0_19_-0_17_ROUGHNESS.png (deflated 18%)
  adding: home/yashturkar/Workspace/infinigen/outputs/cafeteria_500sqft/spear_export_r256/export_scene.blend/textures/stainless_sneeze_guard_glass_TRANSMISSION.png (deflated 78%)
  adding: home/yashturkar/Workspace/infinigen/outputs/cafeteria_500sqft/spear_export_r256/export_scene.blend/textures/table_0_sandwich_half_b_ROUGHNESS.png (deflated 51%)
  adding: home/yashturkar/Workspace/infinigen/outputs/cafeteria_500sqft/spear_export_r256/export_scene.blend/textures/table_2_chair_3_leg_-0_19_-0_17_NORMAL.png (deflated 82%)
  adding: home/yashturkar/Workspace/infinigen/outputs/cafeteria_500sqft/spear_export_r256/export_scene.blend/textures/table_3_chair_2_seat_DIFFUSE.png (deflated 45%)
  adding: home/yashturkar/Workspace/infinigen/outputs/cafeteria_500sqft/spear_export_r256/export_scene.blend/textures/table_0_chair_1_seat_NORMAL.png (deflated 2%)
  adding: home/yashturkar/Workspace/infinigen/outputs/cafeteria_500sqft/spear_export_r256/export_scene.blend/textures/floor_dark_tile_0_DIFFUSE.png (deflated 83%)
  adding: home/yashturkar/Workspace/infinigen/outputs/cafeteria_500sqft/spear_export_r256/export_scene.blend/textures/menu_board_left_NORMAL.png (deflated 3%)
  adding: home/yashturkar/Workspace/infinigen/outputs/cafeteria_500sqft/spear_export_r256/export_scene.blend/textures/table_2_chair_3_back_ROUGHNESS.png (deflated 54%)
  adding: home/yashturkar/Workspace/infinigen/outputs/cafeteria_500sqft/spear_export_r256/export_scene.blend/textures/rectangular_led_panel_2_DIFFUSE.png (deflated 68%)
  adding: home/yashturkar/Workspace/infinigen/outputs/cafeteria_500sqft/spear_export_r256/export_scene.blend/textures/menu_board_right_DIFFUSE.png (deflated 71%)
  adding: home/yashturkar/Workspace/infinigen/outputs/cafeteria_500sqft/spear_export_r256/export_scene.blend/textures/table_2_green_tray_ROUGHNESS.png (deflated 52%)
  adding: home/yashturkar/Workspace/infinigen/outputs/cafeteria_500sqft/spear_export_r256/export_scene.blend/textures/table_3_chair_0_leg_-0_19_0_17_ROUGHNESS.png (deflated 18%)
  adding: home/yashturkar/Workspace/infinigen/outputs/cafeteria_500sqft/spear_export_r256/export_scene.blend/textures/table_3_chair_3_leg_0_19_0_17_NORMAL.png (deflated 82%)
  adding: home/yashturkar/Workspace/infinigen/outputs/cafeteria_500sqft/spear_export_r256/export_scene.blend/textures/napkin_dispenser_metal_DIFFUSE.png (deflated 25%)
  adding: home/yashturkar/Workspace/infinigen/outputs/cafeteria_500sqft/spear_export_r256/export_scene.blend/textures/table_3_chair_0_leg_-0_19_-0_17_METAL.png (deflated 18%)
  adding: home/yashturkar/Workspace/infinigen/outputs/cafeteria_500sqft/spear_export_r256/export_scene.blend/textures/fridge_wire_shelf_3_METAL.png (deflated 67%)
  adding: home/yashturkar/Workspace/infinigen/outputs/cafeteria_500sqft/spear_export_r256/export_scene.blend/textures/table_0_chair_2_leg_0_19_0_17_ROUGHNESS.png (deflated 18%)
  adding: home/yashturkar/Workspace/infinigen/outputs/cafeteria_500sqft/spear_export_r256/export_scene.blend/textures/table_1_chair_0_leg_0_19_0_17_METAL.png (deflated 18%)
  adding: home/yashturkar/Workspace/infinigen/outputs/cafeteria_500sqft/spear_export_r256/export_scene.blend/textures/right_window_frame_0_bottom_ROUGHNESS.png (deflated 54%)
  adding: home/yashturkar/Workspace/infinigen/outputs/cafeteria_500sqft/spear_export_r256/export_scene.blend/textures/fridge_can_r0_c0_ROUGHNESS.png (deflated 24%)
  adding: home/yashturkar/Workspace/infinigen/outputs/cafeteria_500sqft/spear_export_r256/export_scene.blend/textures/fridge_can_r1_c1_NORMAL.png (deflated 82%)
  adding: home/yashturkar/Workspace/infinigen/outputs/cafeteria_500sqft/spear_export_r256/export_scene.blend/textures/right_window_frame_3_center_METAL.png (deflated 56%)
  adding: home/yashturkar/Workspace/infinigen/outputs/cafeteria_500sqft/spear_export_r256/export_scene.blend/textures/coffee_machine_black_body_DIFFUSE.png (deflated 51%)
  adding: home/yashturkar/Workspace/infinigen/outputs/cafeteria_500sqft/spear_export_r256/export_scene.blend/textures/table_3_chair_0_leg_-0_19_-0_17_NORMAL.png (deflated 82%)
  adding: home/yashturkar/Workspace/infinigen/outputs/cafeteria_500sqft/spear_export_r256/export_scene.blend/textures/right_window_frame_3_top_DIFFUSE.png (deflated 60%)
  adding: home/yashturkar/Workspace/infinigen/outputs/cafeteria_500sqft/spear_export_r256/export_scene.blend/textures/fridge_wire_shelf_0_ROUGHNESS.png (deflated 64%)
  adding: home/yashturkar/Workspace/infinigen/outputs/cafeteria_500sqft/spear_export_r256/export_scene.blend/textures/table_0_sandwich_plate_NORMAL.png (deflated 82%)
  adding: home/yashturkar/Workspace/infinigen/outputs/cafeteria_500sqft/spear_export_r256/export_scene.blend/textures/table_0_chair_2_leg_-0_19_-0_17_ROUGHNESS.png (deflated 18%)
  adding: home/yashturkar/Workspace/infinigen/outputs/cafeteria_500sqft/spear_export_r256/export_scene.blend/textures/table_2_chair_1_leg_0_19_0_17_NORMAL.png (deflated 82%)
  adding: home/yashturkar/Workspace/infinigen/outputs/cafeteria_500sqft/spear_export_r256/export_scene.blend/textures/table_3_chair_2_back_DIFFUSE.png (deflated 55%)
  adding: home/yashturkar/Workspace/infinigen/outputs/cafeteria_500sqft/spear_export_r256/export_scene.blend/textures/fridge_can_r2_c0_ROUGHNESS.png (deflated 24%)
  adding: home/yashturkar/Workspace/infinigen/outputs/cafeteria_500sqft/spear_export_r256/export_scene.blend/textures/table_3_chair_1_back_DIFFUSE.png (deflated 55%)
  adding: home/yashturkar/Workspace/infinigen/outputs/cafeteria_500sqft/spear_export_r256/export_scene.blend/textures/right_window_frame_0_center_DIFFUSE.png (deflated 58%)
  adding: home/yashturkar/Workspace/infinigen/outputs/cafeteria_500sqft/spear_export_r256/export_scene.blend/textures/table_2_chair_2_leg_0_19_-0_17_ROUGHNESS.png (deflated 18%)
  adding: home/yashturkar/Workspace/infinigen/outputs/cafeteria_500sqft/spear_export_r256/export_scene.blend/textures/table_0_central_pedestal_DIFFUSE.png (deflated 12%)
  adding: home/yashturkar/Workspace/infinigen/outputs/cafeteria_500sqft/spear_export_r256/export_scene.blend/textures/table_0_chair_3_leg_-0_19_0_17_ROUGHNESS.png (deflated 18%)
  adding: home/yashturkar/Workspace/infinigen/outputs/cafeteria_500sqft/spear_export_r256/export_scene.blend/textures/table_3_central_pedestal_METAL.png (deflated 12%)
  adding: home/yashturkar/Workspace/infinigen/outputs/cafeteria_500sqft/spear_export_r256/export_scene.blend/textures/table_2_square_tabletop_DIFFUSE.png (deflated 42%)
  adding: home/yashturkar/Workspace/infinigen/outputs/cafeteria_500sqft/spear_export_r256/export_scene.blend/textures/table_1_chair_0_leg_-0_19_0_17_DIFFUSE.png (deflated 16%)
  adding: home/yashturkar/Workspace/infinigen/outputs/cafeteria_500sqft/spear_export_r256/export_scene.blend/textures/table_2_paper_cup_ROUGHNESS.png (deflated 21%)
  adding: home/yashturkar/Workspace/infinigen/outputs/cafeteria_500sqft/spear_export_r256/export_scene.blend/textures/table_1_chair_2_leg_-0_19_-0_17_DIFFUSE.png (deflated 16%)
  adding: home/yashturkar/Workspace/infinigen/outputs/cafeteria_500sqft/spear_export_r256/export_scene.blend/textures/table_1_chair_3_seat_DIFFUSE.png (deflated 49%)
  adding: home/yashturkar/Workspace/infinigen/outputs/cafeteria_500sqft/spear_export_r256/export_scene.blend/textures/floor_dark_tile_6_NORMAL.png (deflated 82%)
  adding: home/yashturkar/Workspace/infinigen/outputs/cafeteria_500sqft/spear_export_r256/export_scene.blend/textures/fridge_wire_shelf_2_ROUGHNESS.png (deflated 64%)
  adding: home/yashturkar/Workspace/infinigen/outputs/cafeteria_500sqft/spear_export_r256/export_scene.blend/textures/entry_door_pull_handle_METAL.png (deflated 29%)
  adding: home/yashturkar/Workspace/infinigen/outputs/cafeteria_500sqft/spear_export_r256/export_scene.blend/textures/ceiling_acoustic_panel_plane_DIFFUSE.png (deflated 70%)
  adding: home/yashturkar/Workspace/infinigen/outputs/cafeteria_500sqft/spear_export_r256/export_scene.blend/textures/right_window_frame_1_center_DIFFUSE.png (deflated 58%)
  adding: home/yashturkar/Workspace/infinigen/outputs/cafeteria_500sqft/spear_export_r256/export_scene.blend/textures/floor_dark_tile_24_DIFFUSE.png (deflated 83%)
  adding: home/yashturkar/Workspace/infinigen/outputs/cafeteria_500sqft/spear_export_r256/export_scene.blend/textures/coffee_pot_glass_NORMAL.png (deflated 82%)
  adding: home/yashturkar/Workspace/infinigen/outputs/cafeteria_500sqft/spear_export_r256/export_scene.blend/textures/table_0_chair_1_leg_-0_19_0_17_ROUGHNESS.png (deflated 18%)
  adding: home/yashturkar/Workspace/infinigen/outputs/cafeteria_500sqft/spear_export_r256/export_scene.blend/textures/fridge_can_r2_c1_DIFFUSE.png (deflated 26%)
  adding: home/yashturkar/Workspace/infinigen/outputs/cafeteria_500sqft/spear_export_r256/export_scene.blend/textures/right_window_frame_1_bottom_METAL.png (deflated 54%)
  adding: home/yashturkar/Workspace/infinigen/outputs/cafeteria_500sqft/spear_export_r256/export_scene.blend/textures/table_1_round_table_base_DIFFUSE.png (deflated 8%)
  adding: home/yashturkar/Workspace/infinigen/outputs/cafeteria_500sqft/spear_export_r256/export_scene.blend/textures/table_3_chair_3_leg_-0_19_0_17_ROUGHNESS.png (deflated 18%)
  adding: home/yashturkar/Workspace/infinigen/outputs/cafeteria_500sqft/spear_export_r256/export_scene.blend/textures/fridge_can_r2_c0_NORMAL.png (deflated 82%)
  adding: home/yashturkar/Workspace/infinigen/outputs/cafeteria_500sqft/spear_export_r256/export_scene.blend/textures/table_2_chair_3_leg_0_19_-0_17_ROUGHNESS.png (deflated 18%)
  adding: home/yashturkar/Workspace/infinigen/outputs/cafeteria_500sqft/spear_export_r256/export_scene.blend/textures/table_3_green_tray_NORMAL.png (deflated 82%)
  adding: home/yashturkar/Workspace/infinigen/outputs/cafeteria_500sqft/spear_export_r256/export_scene.blend/textures/table_0_chair_3_seat_ROUGHNESS.png (deflated 44%)
  adding: home/yashturkar/Workspace/infinigen/outputs/cafeteria_500sqft/spear_export_r256/export_scene.blend/textures/floor_dark_tile_2_ROUGHNESS.png (deflated 83%)
  adding: home/yashturkar/Workspace/infinigen/outputs/cafeteria_500sqft/spear_export_r256/export_scene.blend/textures/table_2_chair_3_leg_-0_19_-0_17_DIFFUSE.png (deflated 16%)
  adding: home/yashturkar/Workspace/infinigen/outputs/cafeteria_500sqft/spear_export_r256/export_scene.blend/textures/round_black_trash_can_DIFFUSE.png (deflated 16%)
  adding: home/yashturkar/Workspace/infinigen/outputs/cafeteria_500sqft/spear_export_r256/export_scene.blend/textures/fridge_can_r0_c2_DIFFUSE.png (deflated 21%)
  adding: home/yashturkar/Workspace/infinigen/outputs/cafeteria_500sqft/spear_export_r256/export_scene.blend/textures/table_1_chair_0_seat_DIFFUSE.png (deflated 49%)
  adding: home/yashturkar/Workspace/infinigen/outputs/cafeteria_500sqft/spear_export_r256/export_scene.blend/textures/table_0_chair_2_leg_0_19_0_17_DIFFUSE.png (deflated 16%)
  adding: home/yashturkar/Workspace/infinigen/outputs/cafeteria_500sqft/spear_export_r256/export_scene.blend/textures/table_3_central_pedestal_DIFFUSE.png (deflated 12%)
  adding: home/yashturkar/Workspace/infinigen/outputs/cafeteria_500sqft/spear_export_r256/export_scene.blend/textures/table_0_sandwich_half_a_DIFFUSE.png (deflated 50%)
  adding: home/yashturkar/Workspace/infinigen/outputs/cafeteria_500sqft/spear_export_r256/export_scene.blend/textures/menu_chalk_line_0_NORMAL.png (deflated 82%)
  adding: home/yashturkar/Workspace/infinigen/outputs/cafeteria_500sqft/spear_export_r256/export_scene.blend/textures/notice_board_flyer_1_NORMAL.png (deflated 82%)
  adding: home/yashturkar/Workspace/infinigen/outputs/cafeteria_500sqft/spear_export_r256/export_scene.blend/textures/table_0_chair_1_leg_-0_19_0_17_DIFFUSE.png (deflated 16%)
  adding: home/yashturkar/Workspace/infinigen/outputs/cafeteria_500sqft/spear_export_r256/export_scene.blend/textures/table_2_chair_0_leg_-0_19_-0_17_NORMAL.png (deflated 82%)
  adding: home/yashturkar/Workspace/infinigen/outputs/cafeteria_500sqft/spear_export_r256/export_scene.blend/textures/table_3_round_table_base_METAL.png (deflated 10%)
  adding: home/yashturkar/Workspace/infinigen/outputs/cafeteria_500sqft/spear_export_r256/export_scene.blend/textures/table_3_chair_0_seat_ROUGHNESS.png (deflated 44%)
  adding: home/yashturkar/Workspace/infinigen/outputs/cafeteria_500sqft/spear_export_r256/export_scene.blend/textures/table_2_chair_2_leg_0_19_0_17_NORMAL.png (deflated 82%)
  adding: home/yashturkar/Workspace/infinigen/outputs/cafeteria_500sqft/spear_export_r256/export_scene.blend/textures/menu_chalk_line_5_DIFFUSE.png (deflated 43%)
  adding: home/yashturkar/Workspace/infinigen/outputs/cafeteria_500sqft/spear_export_r256/export_scene.blend/textures/floor_dark_tile_8_DIFFUSE.png (deflated 83%)
  adding: home/yashturkar/Workspace/infinigen/outputs/cafeteria_500sqft/spear_export_r256/export_scene.blend/textures/floor_dark_tile_24_ROUGHNESS.png (deflated 83%)
  adding: home/yashturkar/Workspace/infinigen/outputs/cafeteria_500sqft/spear_export_r256/export_scene.blend/textures/table_3_chair_3_leg_0_19_-0_17_DIFFUSE.png (deflated 16%)
  adding: home/yashturkar/Workspace/infinigen/outputs/cafeteria_500sqft/spear_export_r256/export_scene.blend/textures/table_2_chair_0_back_NORMAL.png (deflated 1%)
  adding: home/yashturkar/Workspace/infinigen/outputs/cafeteria_500sqft/spear_export_r256/export_scene.blend/textures/table_1_square_tabletop_NORMAL.png (deflated 1%)
  adding: home/yashturkar/Workspace/infinigen/outputs/cafeteria_500sqft/spear_export_r256/export_scene.blend/textures/table_1_round_table_base_METAL.png (deflated 10%)
  adding: home/yashturkar/Workspace/infinigen/outputs/cafeteria_500sqft/spear_export_r256/export_scene.blend/textures/fruit_bowl_piece_1_NORMAL.png (deflated 82%)
  adding: home/yashturkar/Workspace/infinigen/outputs/cafeteria_500sqft/spear_export_r256/export_scene.blend/textures/table_0_chair_3_leg_-0_19_-0_17_DIFFUSE.png (deflated 16%)
  adding: home/yashturkar/Workspace/infinigen/outputs/cafeteria_500sqft/spear_export_r256/export_scene.blend/textures/table_3_chair_2_leg_-0_19_0_17_NORMAL.png (deflated 82%)
  adding: home/yashturkar/Workspace/infinigen/outputs/cafeteria_500sqft/spear_export_r256/export_scene.blend/textures/table_2_chair_0_leg_-0_19_-0_17_DIFFUSE.png (deflated 16%)
  adding: home/yashturkar/Workspace/infinigen/outputs/cafeteria_500sqft/spear_export_r256/export_scene.blend/textures/table_0_chair_0_leg_-0_19_0_17_ROUGHNESS.png (deflated 18%)
  adding: home/yashturkar/Workspace/infinigen/outputs/cafeteria_500sqft/spear_export_r256/export_scene.blend/textures/table_0_chair_3_seat_DIFFUSE.png (deflated 45%)
  adding: home/yashturkar/Workspace/infinigen/outputs/cafeteria_500sqft/spear_export_r256/export_scene.blend/textures/table_0_chair_1_leg_0_19_-0_17_METAL.png (deflated 18%)
  adding: home/yashturkar/Workspace/infinigen/outputs/cafeteria_500sqft/spear_export_r256/export_scene.blend/textures/coffee_station_base_NORMAL.png (deflated 1%)
  adding: home/yashturkar/Workspace/infinigen/outputs/cafeteria_500sqft/spear_export_r256/export_scene.blend/textures/table_0_chair_0_back_DIFFUSE.png (deflated 55%)
  adding: home/yashturkar/Workspace/infinigen/outputs/cafeteria_500sqft/spear_export_r256/export_scene.blend/textures/table_1_chair_2_leg_-0_19_-0_17_METAL.png (deflated 18%)
  adding: home/yashturkar/Workspace/infinigen/outputs/cafeteria_500sqft/spear_export_r256/export_scene.blend/textures/table_0_chair_1_seat_DIFFUSE.png (deflated 44%)
  adding: home/yashturkar/Workspace/infinigen/outputs/cafeteria_500sqft/spear_export_r256/export_scene.blend/textures/table_3_sandwich_half_b_ROUGHNESS.png (deflated 51%)
  adding: home/yashturkar/Workspace/infinigen/outputs/cafeteria_500sqft/spear_export_r256/export_scene.blend/textures/table_3_chair_3_leg_-0_19_-0_17_ROUGHNESS.png (deflated 18%)
  adding: home/yashturkar/Workspace/infinigen/outputs/cafeteria_500sqft/spear_export_r256/export_scene.blend/textures/stacked_paper_cup_0_DIFFUSE.png (deflated 25%)
  adding: home/yashturkar/Workspace/infinigen/outputs/cafeteria_500sqft/spear_export_r256/export_scene.blend/textures/table_0_chair_3_leg_-0_19_-0_17_NORMAL.png (deflated 82%)
  adding: home/yashturkar/Workspace/infinigen/outputs/cafeteria_500sqft/spear_export_r256/export_scene.blend/textures/right_window_frame_2_bottom_ROUGHNESS.png (deflated 54%)
  adding: home/yashturkar/Workspace/infinigen/outputs/cafeteria_500sqft/spear_export_r256/export_scene.blend/textures/table_3_chair_3_leg_0_19_-0_17_NORMAL.png (deflated 82%)
  adding: home/yashturkar/Workspace/infinigen/outputs/cafeteria_500sqft/spear_export_r256/export_scene.blend/textures/table_1_paper_cup_DIFFUSE.png (deflated 16%)
  adding: home/yashturkar/Workspace/infinigen/outputs/cafeteria_500sqft/spear_export_r256/export_scene.blend/textures/fridge_wire_shelf_0_METAL.png (deflated 67%)
  adding: home/yashturkar/Workspace/infinigen/outputs/cafeteria_500sqft/spear_export_r256/export_scene.blend/textures/right_window_frame_2_center_DIFFUSE.png (deflated 58%)
  adding: home/yashturkar/Workspace/infinigen/outputs/cafeteria_500sqft/spear_export_r256/export_scene.blend/textures/counter_tray_stack_0_3_NORMAL.png (deflated 82%)
  adding: home/yashturkar/Workspace/infinigen/outputs/cafeteria_500sqft/spear_export_r256/export_scene.blend/textures/floor_dark_tile_8_NORMAL.png (deflated 82%)
  adding: home/yashturkar/Workspace/infinigen/outputs/cafeteria_500sqft/spear_export_r256/export_scene.blend/textures/right_window_frame_2_center_NORMAL.png (deflated 82%)
  adding: home/yashturkar/Workspace/infinigen/outputs/cafeteria_500sqft/spear_export_r256/export_scene.blend/textures/table_2_chair_2_leg_0_19_0_17_DIFFUSE.png (deflated 16%)
  adding: home/yashturkar/Workspace/infinigen/outputs/cafeteria_500sqft/spear_export_r256/export_scene.blend/textures/table_2_chair_2_back_DIFFUSE.png (deflated 55%)
  adding: home/yashturkar/Workspace/infinigen/outputs/cafeteria_500sqft/spear_export_r256/export_scene.blend/textures/table_0_chair_2_leg_0_19_-0_17_ROUGHNESS.png (deflated 18%)
  adding: home/yashturkar/Workspace/infinigen/outputs/cafeteria_500sqft/spear_export_r256/export_scene.blend/textures/table_0_chair_3_back_ROUGHNESS.png (deflated 54%)
  adding: home/yashturkar/Workspace/infinigen/outputs/cafeteria_500sqft/spear_export_r256/export_scene.blend/textures/right_window_frame_0_bottom_DIFFUSE.png (deflated 60%)
  adding: home/yashturkar/Workspace/infinigen/outputs/cafeteria_500sqft/spear_export_r256/export_scene.blend/textures/table_1_round_table_base_ROUGHNESS.png (deflated 8%)
  adding: home/yashturkar/Workspace/infinigen/outputs/cafeteria_500sqft/spear_export_r256/export_scene.blend/textures/right_wall_window_glass_0_ROUGHNESS.png (deflated 85%)
  adding: home/yashturkar/Workspace/infinigen/outputs/cafeteria_500sqft/spear_export_r256/export_scene.blend/textures/fridge_wire_shelf_2_DIFFUSE.png (deflated 61%)
  adding: home/yashturkar/Workspace/infinigen/outputs/cafeteria_500sqft/spear_export_r256/export_scene.blend/textures/table_0_chair_1_back_DIFFUSE.png (deflated 54%)
  adding: home/yashturkar/Workspace/infinigen/outputs/cafeteria_500sqft/spear_export_r256/export_scene.blend/textures/floor_dark_tile_12_ROUGHNESS.png (deflated 83%)
  adding: home/yashturkar/Workspace/infinigen/outputs/cafeteria_500sqft/spear_export_r256/export_scene.blend/textures/floor_dark_tile_10_NORMAL.png (deflated 82%)
  adding: home/yashturkar/Workspace/infinigen/outputs/cafeteria_500sqft/spear_export_r256/export_scene.blend/textures/table_3_sandwich_plate_ROUGHNESS.png (deflated 57%)
  adding: home/yashturkar/Workspace/infinigen/outputs/cafeteria_500sqft/spear_export_r256/export_scene.blend/textures/table_0_green_tray_ROUGHNESS.png (deflated 52%)
  adding: home/yashturkar/Workspace/infinigen/outputs/cafeteria_500sqft/spear_export_r256/export_scene.blend/textures/right_window_frame_2_center_METAL.png (deflated 56%)
  adding: home/yashturkar/Workspace/infinigen/outputs/cafeteria_500sqft/spear_export_r256/export_scene.blend/textures/right_window_frame_2_center_ROUGHNESS.png (deflated 60%)
  adding: home/yashturkar/Workspace/infinigen/outputs/cafeteria_500sqft/spear_export_r256/export_scene.blend/textures/back_entry_wall_ROUGHNESS.png (deflated 59%)
  adding: home/yashturkar/Workspace/infinigen/outputs/cafeteria_500sqft/spear_export_r256/export_scene.blend/textures/fridge_can_r2_c1_ROUGHNESS.png (deflated 24%)
  adding: home/yashturkar/Workspace/infinigen/outputs/cafeteria_500sqft/spear_export_r256/export_scene.blend/textures/menu_chalk_line_0_DIFFUSE.png (deflated 43%)
  adding: home/yashturkar/Workspace/infinigen/outputs/cafeteria_500sqft/spear_export_r256/export_scene.blend/textures/rectangular_led_panel_0_DIFFUSE.png (deflated 68%)
  adding: home/yashturkar/Workspace/infinigen/outputs/cafeteria_500sqft/spear_export_r256/export_scene.blend/textures/table_3_sandwich_plate_NORMAL.png (deflated 82%)
  adding: home/yashturkar/Workspace/infinigen/outputs/cafeteria_500sqft/spear_export_r256/export_scene.blend/textures/counter_tray_stack_-0_85_DIFFUSE.png (deflated 55%)
  adding: home/yashturkar/Workspace/infinigen/outputs/cafeteria_500sqft/spear_export_r256/export_scene.blend/textures/long_walnut_service_counter_front_ROUGHNESS.png (deflated 62%)
  adding: home/yashturkar/Workspace/infinigen/outputs/cafeteria_500sqft/spear_export_r256/export_scene.blend/textures/condiment_station_countertop_NORMAL.png (deflated 82%)
  adding: home/yashturkar/Workspace/infinigen/outputs/cafeteria_500sqft/spear_export_r256/export_scene.blend/textures/table_0_chair_2_leg_0_19_0_17_METAL.png (deflated 18%)
  adding: home/yashturkar/Workspace/infinigen/outputs/cafeteria_500sqft/spear_export_r256/export_scene.blend/export_scene.fbx (deflated 72%)
Info: Baking map saved to internal image, save it externally or pack it
Info: Baking map saved to internal image, save it externally or pack it
Info: Baking map saved to internal image, save it externally or pack it
Info: Baking map saved to internal image, save it externally or pack it
Info: Baking map saved to internal image, save it externally or pack it
Info: Baking map saved to internal image, save it externally or pack it
Info: Baking map saved to internal image, save it externally or pack it
Info: Baking map saved to internal image, save it externally or pack it
Info: Baking map saved to internal image, save it externally or pack it
Info: Baking map saved to internal image, save it externally or pack it
Info: Baking map saved to internal image, save it externally or pack it
Info: Baking map saved to internal image, save it externally or pack it
Info: Baking map saved to internal image, save it externally or pack it
Info: Baking map saved to internal image, save it externally or pack it
Info: Baking map saved to internal image, save it externally or pack it
Info: Baking map saved to internal image, save it externally or pack it
Info: Baking map saved to internal image, save it externally or pack it
Info: Baking map saved to internal image, save it externally or pack it
Info: Baking map saved to internal image, save it externally or pack it
Info: Baking map saved to internal image, save it externally or pack it
Info: Baking map saved to internal image, save it externally or pack it
Info: Baking map saved to internal image, save it externally or pack it
Info: Baking map saved to internal image, save it externally or pack it
Info: Baking map saved to internal image, save it externally or pack it
Info: Baking map saved to internal image, save it externally or pack it
Info: Baking map saved to internal image, save it externally or pack it
Info: Baking map saved to internal image, save it externally or pack it
Info: Baking map saved to internal image, save it externally or pack it
Info: Baking map saved to internal image, save it externally or pack it
Info: Baking map saved to internal image, save it externally or pack it
Info: Baking map saved to internal image, save it externally or pack it
Info: Baking map saved to internal image, save it externally or pack it
Info: Baking map saved to internal image, save it externally or pack it
Info: Baking map saved to internal image, save it externally or pack it
Info: Baking map saved to internal image, save it externally or pack it
Info: Baking map saved to internal image, save it externally or pack it
Info: Baking map saved to internal image, save it externally or pack it
Info: Baking map saved to internal image, save it externally or pack it
Info: Baking map saved to internal image, save it externally or pack it
Info: Baking map saved to internal image, save it externally or pack it
Info: Baking map saved to internal image, save it externally or pack it
Info: Baking map saved to internal image, save it externally or pack it
Info: Baking map saved to internal image, save it externally or pack it
Info: Baking map saved to internal image, save it externally or pack it
Info: Baking map saved to internal image, save it externally or pack it
Info: Baking map saved to internal image, save it externally or pack it
Info: Baking map saved to internal image, save it externally or pack it
Info: Baking map saved to internal image, save it externally or pack it
Info: Baking map saved to internal image, save it externally or pack it
Info: Baking map saved to internal image, save it externally or pack it
Info: Baking map saved to internal image, save it externally or pack it
Info: Baking map saved to internal image, save it externally or pack it
Info: Baking map saved to internal image, save it externally or pack it
Info: Baking map saved to internal image, save it externally or pack it
Info: Baking map saved to internal image, save it externally or pack it
Info: Baking map saved to internal image, save it externally or pack it
Info: Baking map saved to internal image, save it externally or pack it
Info: Baking map saved to internal image, save it externally or pack it
Info: Baking map saved to internal image, save it externally or pack it
Info: Baking map saved to internal image, save it externally or pack it
Info: Baking map saved to internal image, save it externally or pack it
Info: Baking map saved to internal image, save it externally or pack it
Info: Baking map saved to internal image, save it externally or pack it
Info: Baking map saved to internal image, save it externally or pack it
Info: Baking map saved to internal image, save it externally or pack it
Info: Baking map saved to internal image, save it externally or pack it
Info: Baking map saved to internal image, save it externally or pack it
Info: Baking map saved to internal image, save it externally or pack it
Info: Baking map saved to internal image, save it externally or pack it
Info: Baking map saved to internal image, save it externally or pack it
Info: Baking map saved to internal image, save it externally or pack it
Info: Baking map saved to internal image, save it externally or pack it
Info: Baking map saved to internal image, save it externally or pack it
Info: Baking map saved to internal image, save it externally or pack it
Info: Baking map saved to internal image, save it externally or pack it
Info: Baking map saved to internal image, save it externally or pack it
Info: Baking map saved to internal image, save it externally or pack it
Info: Baking map saved to internal image, save it externally or pack it
Info: Baking map saved to internal image, save it externally or pack it
Info: Baking map saved to internal image, save it externally or pack it
Info: Baking map saved to internal image, save it externally or pack it
Info: Baking map saved to internal image, save it externally or pack it

FBX export starting... '/home/yashturkar/Workspace/infinigen/outputs/cafeteria_500sqft/spear_export_r256/export_scene.blend/export_scene.fbx'
export finished in 0.3547 sec.
